date,gamePk,home,away,p_home,p_home_elo,model,h5,a5,result
20260325,823244,SF,NYY,0.5005872865219909,0.4681826227950666,v2-backfill,0.0,7.0,0.0
20260326,823325,SD,DET,0.4802541456943129,0.5007240774901898,v2-backfill,0.0,8.0,0.0
20260326,823486,PHI,TEX,0.5723648151576249,0.5327753515604339,v2-backfill,5.0,0.0,1.0
20260326,823649,NYM,PIT,0.5200807118836733,0.5375120816316779,v2-backfill,9.0,4.0,1.0
20260326,823812,MIL,CWS,0.5943404913664238,0.5754653951685977,v2-backfill,8.0,1.0,1.0
20260326,823974,LAD,AZ,0.621163814635292,0.5307864031118517,v2-backfill,4.0,2.0,1.0
20260326,824704,CHC,WSH,0.6568059923788611,0.5970153000932311,v2-backfill,3.0,7.0,0.0
20260327,822839,TOR,ATH,0.6225878084209334,0.5382056329736442,v2-backfill,2.0,1.0,1.0
20260327,823162,SEA,CLE,0.6248692664713033,0.5409970264169872,v2-backfill,3.0,1.0,1.0
20260327,823324,SD,DET,0.5217648856755073,0.4949594497787739,v2-backfill,1.0,0.0,1.0
20260327,823893,MIA,COL,0.6165034087999075,0.5672261301186734,v2-backfill,2.0,1.0,1.0
20260327,824216,HOU,LAA,0.5978627727758097,0.5578840554084626,v2-backfill,2.0,5.0,0.0
20260327,824946,ATL,KC,0.5557866548643008,0.5084670324593868,v2-backfill,4.0,0.0,1.0
20260328,822838,TOR,ATH,0.6621549645413869,0.543486705254463,v2-backfill,1.0,0.0,1.0
20260328,823082,STL,TB,0.4859312034677302,0.5032653636229353,v2-backfill,2.0,0.0,1.0
20260328,823161,SEA,CLE,0.6120726613816138,0.5462412260064697,v2-backfill,2.0,0.0,1.0
20260328,823241,SF,NYY,0.4726908572017211,0.4632439170027222,v2-backfill,1.0,3.0,0.0
20260328,823323,SD,DET,0.4569212317878712,0.5007737726074788,v2-backfill,3.0,0.0,1.0
20260328,823488,PHI,TEX,0.5912072802993522,0.5381273798041902,v2-backfill,0.0,3.0,0.0
20260328,823811,MIL,CWS,0.6421419484105294,0.5802345014015021,v2-backfill,4.0,1.0,1.0
20260328,823973,LAD,AZ,0.6316872282863273,0.5357499553826507,v2-backfill,0.0,2.0,0.0
20260328,824213,HOU,LAA,0.5679959540302685,0.5515381708067381,v2-backfill,3.0,6.0,0.0
20260328,824540,CIN,BOS,0.4986499175771477,0.5129870162291688,v2-backfill,5.0,3.0,1.0
20260328,824701,CHC,WSH,0.648952939933839,0.5903834045728571,v2-backfill,6.0,2.0,1.0
20260328,824862,BAL,MIN,0.6109306313567149,0.5336588757843266,v2-backfill,1.0,3.0,0.0
20260329,822837,TOR,ATH,0.6377122393465162,0.5486977958594915,v2-backfill,5.0,2.0,1.0
20260329,823079,STL,TB,0.5006827816046544,0.5089833121012268,v2-backfill,4.0,6.0,0.0
20260329,823160,SEA,CLE,0.5706578155702031,0.5514154472882872,v2-backfill,6.0,0.0,1.0
20260329,823487,PHI,TEX,0.610328373541406,0.5319624749748519,v2-backfill,0.0,5.0,0.0
20260329,823810,MIL,CWS,0.6252598912451885,0.5849353486473308,v2-backfill,2.0,7.0,0.0
20260329,823891,MIA,COL,0.6400283394824305,0.5712987018330825,v2-backfill,2.0,3.0,0.0
20260329,824538,CIN,BOS,0.4545583469607472,0.5185883114081159,v2-backfill,0.0,2.0,0.0
20260329,824700,CHC,WSH,0.6677293734832679,0.5949372914323975,v2-backfill,2.0,3.0,0.0
20260329,824864,BAL,MIN,0.5595992699892387,0.5275379883378086,v2-backfill,3.0,4.0,0.0
20260329,824944,ATL,KC,0.5817169534748673,0.5139605969880526,v2-backfill,0.0,3.0,0.0
20260330,822834,TOR,COL,0.6148278415857569,0.6065906184364052,v2-backfill,1.0,2.0,0.0
20260330,823080,STL,NYM,0.4777992318978832,0.4837382281803097,v2-backfill,1.0,2.0,0.0
20260330,823159,SEA,NYY,0.5201953935204277,0.4852933718638963,v2-backfill,1.0,0.0,1.0
20260330,823320,SD,SF,0.5028386125101397,0.5264591201396934,v2-backfill,0.0,3.0,0.0
20260330,823484,PHI,WSH,0.5732509305497713,0.5818575800616537,v2-backfill,2.0,7.0,0.0
20260330,823809,MIL,TB,0.5861143319490449,0.5576122691927333,v2-backfill,0.0,1.0,0.0
20260330,823890,MIA,CWS,0.506105472394703,0.5123570610371304,v2-backfill,3.0,8.0,0.0
20260330,823972,LAD,CLE,0.4908724441662733,0.5631013139080584,v2-backfill,0.0,1.0,0.0
20260330,824135,KC,MIN,0.5776238909875763,0.5281023853792284,v2-backfill,2.0,1.0,1.0
20260330,824214,HOU,BOS,0.4659204684375634,0.5074382734895915,v2-backfill,4.0,0.0,1.0
20260330,824539,CIN,PIT,0.5417337878633071,0.5219773711761407,v2-backfill,2.0,0.0,1.0
20260330,824702,CHC,LAA,0.6522796925133804,0.5834344695962848,v2-backfill,6.0,0.0,1.0
20260330,824863,BAL,TEX,0.5178734316565023,0.4956285690919342,v2-backfill,2.0,4.0,0.0
20260330,824943,ATL,ATH,0.5378107287499002,0.5311910530964342,v2-backfill,3.0,0.0,1.0
20260330,825108,AZ,DET,0.544084441995571,0.5276617878577703,v2-backfill,8.0,0.0,1.0
20260331,822836,TOR,COL,0.6771172622921068,0.5999048933137847,v2-backfill,2.0,0.0,1.0
20260331,823077,STL,NYM,0.4749773821875715,0.4781771216149001,v2-backfill,2.0,0.0,1.0
20260331,823158,SEA,NYY,0.5298717173218008,0.4912158115191801,v2-backfill,0.0,2.0,0.0
20260331,823322,SD,SF,0.3988495343088448,0.5204114253564424,v2-backfill,3.0,4.0,0.0
20260331,823485,PHI,WSH,0.6236753814256283,0.5753243056562679,v2-backfill,3.0,0.0,1.0
20260331,823807,MIL,TB,0.6224160349776634,0.5512687175073859,v2-backfill,3.0,2.0,1.0
20260331,823888,MIA,CWS,0.5864790413365902,0.5064604895859179,v2-backfill,4.0,2.0,1.0
20260331,823969,LAD,CLE,0.6054821038706961,0.556711527235805,v2-backfill,1.0,0.0,1.0
20260331,824212,HOU,BOS,0.6271654766158703,0.5131066454752173,v2-backfill,6.0,1.0,1.0
20260331,824537,CIN,PIT,0.511765732283612,0.5274672995675401,v2-backfill,1.0,6.0,0.0
20260331,824942,ATL,ATH,0.5688961867023291,0.5365635850478052,v2-backfill,2.0,5.0,0.0
20260331,825107,AZ,DET,0.5594347050619994,0.53307966487982,v2-backfill,1.0,5.0,0.0
20260401,822835,TOR,COL,0.7125407817644557,0.604319007979309,v2-backfill,1.0,0.0,1.0
20260401,823157,SEA,NYY,0.5279408461464886,0.4855635901821032,v2-backfill,0.0,1.0,0.0
20260401,823321,SD,SF,0.636039936162997,0.5144273113284437,v2-backfill,2.0,0.0,1.0
20260401,823889,MIA,CWS,0.5295986815814158,0.5121405459985623,v2-backfill,8.0,0.0,1.0
20260401,823970,LAD,CLE,0.6370439913853755,0.5617434180562884,v2-backfill,0.0,2.0,0.0
20260401,824136,KC,MIN,0.465875554939551,0.5335146266495475,v2-backfill,5.0,1.0,1.0
20260401,824211,HOU,BOS,0.4605396098380155,0.5187064802899478,v2-backfill,5.0,2.0,1.0
20260401,824536,CIN,PIT,0.4660886065070205,0.5214091899868433,v2-backfill,1.0,3.0,0.0
20260401,824698,CHC,LAA,0.6387133918674448,0.587106185748444,v2-backfill,5.0,0.0,1.0
20260401,824860,BAL,TEX,0.4658321807330226,0.4900396486188563,v2-backfill,7.0,2.0,1.0
20260401,824940,ATL,ATH,0.6653800859087023,0.5304139596008188,v2-backfill,5.0,1.0,1.0
20260401,825106,AZ,DET,0.441799798125621,0.5269645629276207,v2-backfill,1.0,0.0,1.0
20260402,823242,SF,NYM,0.4734564439119224,0.501373955982917,v2-backfill,6.0,2.0,1.0
20260402,824133,KC,MIN,0.6174991069751622,0.5388570563728271,v2-backfill,0.0,1.0,0.0
20260402,825105,AZ,ATL,0.525908160880972,0.5533140483833939,v2-backfill,1.0,10.0,0.0
20260403,822758,WSH,LAD,0.3451605534721158,0.4631551603908964,v2-backfill,4.0,11.0,0.0
20260403,823240,SF,NYM,0.4883348430958026,0.5071141237942731,v2-backfill,0.0,5.0,0.0
20260403,823406,PIT,BAL,0.504302187803432,0.5270241549083885,v2-backfill,5.0,2.0,1.0
20260403,823568,NYY,MIA,0.5824413584383036,0.6095137424476328,v2-backfill,4.0,2.0,1.0
20260403,824299,DET,STL,0.6211646327090277,0.5527684159533182,v2-backfill,3.0,0.0,1.0
20260403,824377,COL,PHI,0.3673012886232609,0.4215173190139465,v2-backfill,1.0,10.0,0.0
20260403,824621,CWS,TOR,0.4124430829785601,0.483990090620701,v2-backfill,3.0,1.0,1.0
20260403,825026,ATH,HOU,0.4795226000170043,0.496784590625738,v2-backfill,11.0,1.0,1.0
20260404,822757,WSH,LAD,0.3808544591088177,0.4578562098360424,v2-backfill,2.0,9.0,0.0
20260404,822920,TEX,CIN,0.5583824095547831,0.5472754172073943,v2-backfill,0.0,2.0,0.0
20260404,823239,SF,NYM,0.5386553184311651,0.5012762340397683,v2-backfill,0.0,8.0,0.0
20260404,823404,PIT,BAL,0.5773262372191484,0.5324501751413175,v2-backfill,1.0,2.0,0.0
20260404,823569,NYY,MIA,0.654841789390261,0.6137851851362635,v2-backfill,2.0,4.0,0.0
20260404,823730,MIN,TB,0.4524116863593078,0.5149840286757738,v2-backfill,1.0,6.0,0.0
20260404,824054,LAA,SEA,0.3991363815168437,0.4683120147262493,v2-backfill,1.0,0.0,1.0
20260404,824132,KC,MIL,0.4262074276547402,0.491928774266813,v2-backfill,0.0,5.0,0.0
20260404,824378,COL,PHI,0.3005604038928608,0.4167913361409109,v2-backfill,1.0,2.0,0.0
20260404,824622,CWS,TOR,0.5723401281216649,0.4899267625668001,v2-backfill,1.0,0.0,1.0
20260404,824782,BOS,SD,0.5724856788036047,0.5239927659542903,v2-backfill,1.0,2.0,0.0
20260404,825027,ATH,HOU,0.5055415071698663,0.5025780049554075,v2-backfill,0.0,7.0,0.0
20260404,825104,AZ,ATL,0.5982671989610215,0.5464715162816853,v2-backfill,2.0,1.0,1.0
20260405,822756,WSH,LAD,0.4707341190203293,0.4526272347820715,v2-backfill,6.0,1.0,1.0
20260405,822917,TEX,CIN,0.5434737053328061,0.541023886192399,v2-backfill,0.0,1.0,0.0
20260405,823238,SF,NYM,0.5755257783673151,0.4955052019765109,v2-backfill,0.0,1.0,0.0
20260405,823405,PIT,BAL,0.535756713965219,0.5263413814978338,v2-backfill,6.0,1.0,1.0
20260405,823566,NYY,MIA,0.6960359544422744,0.6070635110078318,v2-backfill,4.0,2.0,1.0
20260405,824053,LAA,SEA,0.42866485429268,0.474413141610501,v2-backfill,6.0,5.0,1.0
20260405,824131,KC,MIL,0.513199781135033,0.4864259656564325,v2-backfill,2.0,4.0,0.0
20260405,824296,DET,STL,0.5301868509183829,0.5578543036366351,v2-backfill,2.0,4.0,0.0
20260405,824379,COL,PHI,0.4289557480672166,0.4121333236856512,v2-backfill,4.0,1.0,1.0
20260405,824460,CLE,CHC,0.5090300733730716,0.4760884563379698,v2-backfill,0.0,1.0,0.0
20260405,824620,CWS,TOR,0.474527174115782,0.4957979334897552,v2-backfill,3.0,0.0,1.0
20260405,824781,BOS,SD,0.60825473951314,0.5179707729309805,v2-backfill,4.0,6.0,0.0
20260405,825025,ATH,HOU,0.4819192067269784,0.4967919287125132,v2-backfill,5.0,3.0,1.0
20260406,822755,WSH,STL,0.5104494177058797,0.5042890328428855,v2-backfill,2.0,1.0,1.0
20260406,822832,TOR,LAD,0.4935252034405014,0.4985293182341838,v2-backfill,1.0,6.0,0.0
20260406,823002,TB,CHC,0.5487689716046587,0.485278564628277,v2-backfill,4.0,2.0,1.0
20260406,823237,SF,PHI,0.4749402739704901,0.4876091931589433,v2-backfill,4.0,2.0,1.0
20260406,823401,PIT,SD,0.5763728257726822,0.5228509242344253,v2-backfill,0.0,3.0,0.0
20260406,823728,MIN,DET,0.5246467181236051,0.5004203384896897,v2-backfill,5.0,3.0,1.0
20260406,823886,MIA,CIN,0.5640731509551541,0.4902111699719161,v2-backfill,0.0,1.0,0.0
20260406,824052,LAA,ATL,0.4033223206740851,0.5013053975507359,v2-backfill,6.0,1.0,1.0
20260406,824376,COL,HOU,0.4429931013799885,0.4454825657080165,v2-backfill,8.0,3.0,1.0
20260406,824619,CWS,BAL,0.6500106527533982,0.5120409046146925,v2-backfill,0.0,1.0,0.0
20260407,822754,WSH,STL,0.5133685017231866,0.5099948898552535,v2-backfill,4.0,2.0,1.0
20260407,822831,TOR,LAD,0.5209416852113236,0.4927902828539828,v2-backfill,0.0,3.0,0.0
20260407,822916,TEX,SEA,0.5409390355653767,0.5231592007255191,v2-backfill,3.0,2.0,1.0
20260407,822999,TB,CHC,0.5028087768339894,0.4912011664529261,v2-backfill,0.0,4.0,0.0
20260407,823235,SF,PHI,0.4367616353749652,0.493506138043894,v2-backfill,3.0,0.0,1.0
20260407,823402,PIT,SD,0.5683042261580555,0.5168409369008616,v2-backfill,2.0,0.0,1.0
20260407,823567,NYY,ATH,0.6308048671778446,0.6023609016032033,v2-backfill,1.0,3.0,0.0
20260407,823648,NYM,AZ,0.5754265529497102,0.523503141258225,v2-backfill,2.0,3.0,0.0
20260407,823727,MIN,DET,0.426272577741934,0.5061716485355915,v2-backfill,4.0,0.0,1.0
20260407,823887,MIA,CIN,0.5194474713770708,0.4845710543814923,v2-backfill,2.0,0.0,1.0
20260407,824051,LAA,ATL,0.5165526812837233,0.5070463677671591,v2-backfill,2.0,4.0,0.0
20260407,824375,COL,HOU,0.4293565620119751,0.4517992360575673,v2-backfill,3.0,1.0,1.0
20260407,824618,CWS,BAL,0.5387086274958761,0.5061478344514758,v2-backfill,2.0,1.0,1.0
20260408,822753,WSH,STL,0.5179624436857945,0.5156325171783555,v2-backfill,1.0,3.0,0.0
20260408,822915,TEX,SEA,0.506660119427639,0.5286342510465197,v2-backfill,3.0,0.0,1.0
20260408,823000,TB,CHC,0.5480485563491748,0.4855491212783261,v2-backfill,1.0,6.0,0.0
20260408,823646,NYM,AZ,0.570180416529173,0.5174862880860436,v2-backfill,0.0,5.0,0.0
20260408,823726,MIN,DET,0.48757984745443,0.5118551486800247,v2-backfill,7.0,0.0,1.0
20260408,823885,MIA,CIN,0.5103003919229218,0.4905013923307408,v2-backfill,6.0,4.0,1.0
20260408,824050,LAA,ATL,0.5521790772034811,0.5012092449074449,v2-backfill,2.0,7.0,0.0
20260408,824374,COL,HOU,0.4920582311314413,0.4580592622714443,v2-backfill,7.0,1.0,1.0
20260408,824455,CLE,KC,0.495150051583836,0.5105872182315606,v2-backfill,5.0,2.0,1.0
20260408,824617,CWS,BAL,0.5033631680549359,0.5118316183602815,v2-backfill,3.0,2.0,1.0
20260408,824779,BOS,MIL,0.6183070833619073,0.4751746277865897,v2-backfill,3.0,0.0,1.0
20260409,823645,NYM,AZ,0.5712533648638382,0.5115335949973863,v2-backfill,1.0,0.0,1.0
20260409,823724,MIN,DET,0.4827708959785355,0.5174702316464415,v2-backfill,1.0,0.0,1.0
20260409,823884,MIA,CIN,0.5641789038272048,0.4963661328960089,v2-backfill,4.0,1.0,1.0
20260409,824130,KC,CWS,0.6124223883736214,0.5313209216447333,v2-backfill,0.0,1.0,0.0
20260410,822829,TOR,MIN,0.5370196410237724,0.5181464613122034,v2-backfill,6.0,4.0,1.0
20260410,822997,TB,NYY,0.5630696005711241,0.46458810492256,v2-backfill,3.0,2.0,1.0
20260410,823076,STL,BOS,0.4536881711849508,0.5041835294248721,v2-backfill,3.0,2.0,1.0
20260410,823156,SEA,HOU,0.555375066433052,0.5400200939301629,v2-backfill,5.0,3.0,1.0
20260410,823318,SD,COL,0.6142029745390192,0.5904055738393856,v2-backfill,2.0,0.0,1.0
20260410,823482,PHI,AZ,0.619701406443389,0.5166584515566675,v2-backfill,4.0,5.0,0.0
20260410,823643,NYM,ATH,0.5956408244724161,0.5576780963797457,v2-backfill,0.0,1.0,0.0
20260410,823808,MIL,WSH,0.6705833353354415,0.5902654071959271,v2-backfill,3.0,2.0,1.0
20260410,823968,LAD,TEX,0.626474726066791,0.5338204167016821,v2-backfill,3.0,4.0,0.0
20260410,824128,KC,CWS,0.5764824969525624,0.5252234981523054,v2-backfill,1.0,0.0,1.0
20260410,824297,DET,MIA,0.5524333946621115,0.5454345620000964,v2-backfill,2.0,0.0,1.0
20260410,824534,CIN,LAA,0.6250574726214261,0.5480964904465232,v2-backfill,1.0,4.0,0.0
20260410,824858,BAL,SF,0.4765551131487545,0.5144156787882967,v2-backfill,1.0,3.0,0.0
20260410,824941,ATL,CLE,0.5492800811165856,0.525722574838796,v2-backfill,1.0,2.0,0.0
20260411,822830,TOR,MIN,0.5061927372681393,0.523684240946486,v2-backfill,2.0,7.0,0.0
20260411,823074,STL,BOS,0.4616736841351255,0.509890634758509,v2-backfill,0.0,2.0,0.0
20260411,823316,SD,COL,0.6040651053315498,0.5949591372973783,v2-backfill,6.0,4.0,1.0
20260411,823480,PHI,AZ,0.4763817740134805,0.5107147285404047,v2-backfill,4.0,2.0,1.0
20260411,823644,NYM,ATH,0.628099714140191,0.551333979243529,v2-backfill,3.0,7.0,0.0
20260411,823805,MIL,WSH,0.6614395749575188,0.594821015214319,v2-backfill,0.0,2.0,0.0
20260411,823967,LAD,TEX,0.5510573751972083,0.5276979189382396,v2-backfill,5.0,1.0,1.0
20260411,824129,KC,CWS,0.6229136875502598,0.5306724319223818,v2-backfill,1.0,0.0,1.0
20260411,824294,DET,MIA,0.5914888162135223,0.550619606104508,v2-backfill,5.0,1.0,1.0
20260411,824535,CIN,LAA,0.6036640292762111,0.541837419027098,v2-backfill,5.0,3.0,1.0
20260411,824697,CHC,PIT,0.5614378995102918,0.5592793590528272,v2-backfill,1.0,3.0,0.0
20260411,824857,BAL,SF,0.4522327234849444,0.5084964278014048,v2-backfill,4.0,2.0,1.0
20260411,824939,ATL,CLE,0.5021279479913878,0.5196825224210186,v2-backfill,0.0,1.0,0.0
20260412,822828,TOR,MIN,0.506525036041527,0.5176654852341137,v2-backfill,1.0,8.0,0.0
20260412,822998,TB,NYY,0.4457035100002012,0.4710622741207844,v2-backfill,3.0,0.0,1.0
20260412,823075,STL,BOS,0.5144536664735299,0.5040215055316691,v2-backfill,1.0,7.0,0.0
20260412,823154,SEA,HOU,0.6581025848471114,0.5447601809284965,v2-backfill,4.0,1.0,1.0
20260412,823317,SD,COL,0.7037225930894597,0.5994460680424053,v2-backfill,4.0,2.0,1.0
20260412,823479,PHI,AZ,0.5314384940957629,0.5163436494219485,v2-backfill,0.0,1.0,0.0
20260412,823642,NYM,ATH,0.6363568968970531,0.545045560762591,v2-backfill,0.0,1.0,0.0
20260412,823804,MIL,WSH,0.7015366701092517,0.5882023947676778,v2-backfill,3.0,2.0,1.0
20260412,823966,LAD,TEX,0.4291076776347133,0.5331153340747203,v2-backfill,1.0,2.0,0.0
20260412,824126,KC,CWS,0.5193934486143518,0.5360516559812266,v2-backfill,5.0,4.0,1.0
20260412,824293,DET,MIA,0.6437967079297371,0.5557347211124829,v2-backfill,4.0,0.0,1.0
20260412,824533,CIN,LAA,0.5541288527981072,0.5470704658067964,v2-backfill,0.0,7.0,0.0
20260412,824696,CHC,PIT,0.5591143968285099,0.5529215688067162,v2-backfill,3.0,6.0,0.0
20260412,824859,BAL,SF,0.5346659878055021,0.5141521086991329,v2-backfill,4.0,1.0,1.0
20260412,824938,ATL,CLE,0.6078178088405852,0.5137061977867773,v2-backfill,9.0,0.0,1.0
20260413,823073,STL,CLE,0.4754743102176514,0.5031013861645589,v2-backfill,1.0,4.0,0.0
20260413,823153,SEA,HOU,0.6129337111478381,0.549954256827431,v2-backfill,6.0,2.0,1.0
20260413,823400,PIT,WSH,0.7491863405480094,0.5657277249135438,v2-backfill,5.0,1.0,1.0
20260413,823481,PHI,CHC,0.6392496238758344,0.5033701380211553,v2-backfill,9.0,2.0,1.0
20260413,823563,NYY,LAA,0.6092847518237251,0.5986916289694367,v2-backfill,7.0,4.0,1.0
20260413,823725,MIN,BOS,0.4379861318017607,0.527345744985861,v2-backfill,13.0,3.0,1.0
20260413,823964,LAD,NYM,0.4819755337411093,0.5395344540314507,v2-backfill,4.0,0.0,1.0
20260413,824856,BAL,AZ,0.5010796749696792,0.4867935153927908,v2-backfill,1.0,4.0,0.0
20260413,824937,ATL,MIA,0.5385228164702807,0.5449190334777132,v2-backfill,4.0,6.0,0.0
20260413,825024,ATH,TEX,0.4537344718895211,0.4916902895816845,v2-backfill,0.0,4.0,0.0
20260414,823315,SD,SEA,0.4723568060175468,0.5154225873168918,v2-backfill,3.0,1.0,1.0
20260414,823398,PIT,WSH,0.6027615689402446,0.5706344576120426,v2-backfill,4.0,5.0,0.0
20260414,823562,NYY,LAA,0.629168644342094,0.6031236475843085,v2-backfill,0.0,4.0,0.0
20260414,823723,MIN,BOS,0.4666725319508969,0.5327676600950874,v2-backfill,5.0,0.0,1.0
20260414,823802,MIL,TOR,0.5383054849617652,0.5640335071875345,v2-backfill,3.0,1.0,1.0
20260414,824210,HOU,COL,0.5750834059223288,0.5772212107286712,v2-backfill,7.0,5.0,1.0
20260414,824292,DET,KC,0.4916413551448009,0.528128461885741,v2-backfill,0.0,1.0,0.0
20260414,824531,CIN,SF,0.533053907829629,0.5183582542083097,v2-backfill,2.0,1.0,1.0
20260414,824616,CWS,TB,0.4480769075823262,0.496500264036436,v2-backfill,3.0,4.0,0.0
20260414,824853,BAL,AZ,0.5426303857154866,0.4811948998093848,v2-backfill,2.0,4.0,0.0
20260414,824935,ATL,MIA,0.5922035845682737,0.5386893595333484,v2-backfill,3.0,4.0,0.0
20260414,825022,ATH,TEX,0.4517642086692316,0.4860323657901542,v2-backfill,2.0,1.0,1.0
20260415,823314,SD,SEA,0.5307766264054098,0.5209940343425646,v2-backfill,0.0,6.0,0.0
20260415,823399,PIT,WSH,0.6600536068316886,0.5641842944794063,v2-backfill,2.0,0.0,1.0
20260415,823477,PHI,CHC,0.6006928384024939,0.50898226895154,v2-backfill,1.0,5.0,0.0
20260415,823561,NYY,LAA,0.6458740864163315,0.5964566341032823,v2-backfill,3.0,4.0,0.0
20260415,823722,MIN,BOS,0.5453081672547739,0.5381197880993487,v2-backfill,1.0,7.0,0.0
20260415,823803,MIL,TOR,0.5346602932307483,0.5689639312349928,v2-backfill,0.0,1.0,0.0
20260415,823963,LAD,NYM,0.6512269041728674,0.5442863434756366,v2-backfill,2.0,1.0,1.0
20260415,824209,HOU,COL,0.7178906241972774,0.5819652490631582,v2-backfill,3.0,1.0,1.0
20260415,824532,CIN,SF,0.4958895405343453,0.5238934035560506,v2-backfill,8.0,2.0,1.0
20260415,824615,CWS,TB,0.5826200562018415,0.4907850798707317,v2-backfill,0.0,3.0,0.0
20260415,824855,BAL,AZ,0.5894065617578513,0.4756653057787461,v2-backfill,4.0,3.0,1.0
20260415,824936,ATL,MIA,0.5881944867851595,0.5325189968945646,v2-backfill,2.0,0.0,1.0
20260416,823313,SD,SEA,0.4508416642888183,0.5150037136264148,v2-backfill,4.0,0.0,1.0
20260416,823560,NYY,LAA,0.705749058071837,0.5898280856193703,v2-backfill,3.0,2.0,1.0
20260416,824208,HOU,COL,0.6711386703790603,0.5866411938106117,v2-backfill,2.0,3.0,0.0
20260416,824289,DET,KC,0.5194021152061665,0.5218100242428524,v2-backfill,6.0,1.0,1.0
20260416,824453,CLE,BAL,0.5375332163516378,0.527810023708012,v2-backfill,3.0,0.0,1.0
20260416,825023,ATH,TEX,0.4672022382182502,0.4920393915979112,v2-backfill,3.0,2.0,1.0
20260417,822752,WSH,SF,0.4260158945797149,0.4959071334912696,v2-backfill,3.0,8.0,0.0
20260417,823152,SEA,TEX,0.5492829913124281,0.5137694707281182,v2-backfill,0.0,2.0,0.0
20260417,823397,PIT,TB,0.5045469362147634,0.5207238643051302,v2-backfill,1.0,0.0,1.0
20260417,823476,PHI,ATL,0.5303058351518742,0.5499033210509605,v2-backfill,0.0,7.0,0.0
20260417,823559,NYY,KC,0.6489749708206117,0.5681952751433639,v2-backfill,2.0,0.0,1.0
20260417,823720,MIN,CIN,0.6754625841909196,0.5313985702338828,v2-backfill,1.0,2.0,0.0
20260417,823883,MIA,MIL,0.5380733627985554,0.4570374964345978,v2-backfill,1.0,3.0,0.0
20260417,824048,LAA,SD,0.5939900592812039,0.4847162926279945,v2-backfill,8.0,0.0,1.0
20260417,824207,HOU,STL,0.5120940247621251,0.531786853039477,v2-backfill,3.0,4.0,0.0
20260417,824373,COL,LAD,0.2935812196032272,0.4122813663459381,v2-backfill,1.0,7.0,0.0
20260417,824693,CHC,NYM,0.5418220849713243,0.5506652213494987,v2-backfill,7.0,3.0,1.0
20260417,825019,ATH,CWS,0.5195063128219494,0.5424364218357686,v2-backfill,1.0,5.0,0.0
20260417,825101,AZ,TOR,0.5898679652399559,0.5559480615166976,v2-backfill,3.0,1.0,1.0
20260418,822751,WSH,SF,0.4843249617851119,0.4901989558196476,v2-backfill,5.0,3.0,1.0
20260418,823151,SEA,TEX,0.5529880198144864,0.5078573166984776,v2-backfill,3.0,0.0,1.0
20260418,823394,PIT,TB,0.6125619657718522,0.526229513680559,v2-backfill,4.0,5.0,0.0
20260418,823474,PHI,ATL,0.5604445993738929,0.5436277951410042,v2-backfill,1.0,3.0,0.0
20260418,823558,NYY,KC,0.6404465394729114,0.5730673645515394,v2-backfill,7.0,0.0,1.0
20260418,823721,MIN,CIN,0.6062999706977733,0.5253003627229968,v2-backfill,4.0,2.0,1.0
20260418,823882,MIA,MIL,0.4400794552876507,0.4518194175814697,v2-backfill,1.0,3.0,0.0
20260418,824206,HOU,STL,0.602534583879915,0.5256847298927814,v2-backfill,1.0,4.0,0.0
20260418,824372,COL,LAD,0.3507471021842347,0.4076886794324281,v2-backfill,2.0,3.0,0.0
20260418,824451,CLE,BAL,0.5549482931755317,0.5328451468144423,v2-backfill,3.0,1.0,1.0
20260418,824775,BOS,DET,0.4192137949675525,0.5106818286474792,v2-backfill,1.0,4.0,0.0
20260418,825020,ATH,CWS,0.5925356880758078,0.5362301208221032,v2-backfill,3.0,5.0,0.0
20260418,825098,AZ,TOR,0.5775693218360105,0.5609904434227008,v2-backfill,2.0,1.0,1.0
20260419,822750,WSH,SF,0.4123039454389532,0.4960670827445778,v2-backfill,3.0,0.0,1.0
20260419,823150,SEA,TEX,0.5802410073471269,0.5135206685755148,v2-backfill,5.0,0.0,1.0
20260419,823393,PIT,TB,0.5245240385422453,0.5201841982455747,v2-backfill,4.0,2.0,1.0
20260419,823475,PHI,ATL,0.5293506572265527,0.5374102338403813,v2-backfill,2.0,4.0,0.0
20260419,823556,NYY,KC,0.5814124432738168,0.5778705864542201,v2-backfill,7.0,0.0,1.0
20260419,823718,MIN,CIN,0.5514943136975512,0.5307483208923554,v2-backfill,3.0,1.0,1.0
20260419,823881,MIA,MIL,0.4464084523361332,0.4466713018377718,v2-backfill,3.0,0.0,1.0
20260419,824047,LAA,SD,0.4688246315164937,0.4907527101426686,v2-backfill,0.0,1.0,0.0
20260419,824205,HOU,STL,0.5989352029411077,0.5196450709172421,v2-backfill,1.0,4.0,0.0
20260419,824452,CLE,BAL,0.5883151637064472,0.5381962696965605,v2-backfill,6.0,4.0,1.0
20260419,824691,CHC,NYM,0.5506448238643816,0.555145431485277,v2-backfill,0.0,1.0,0.0
20260419,824777,BOS,DET,0.5863751754552383,0.5048038645255196,v2-backfill,1.0,5.0,0.0
20260419,825018,ATH,CWS,0.5845461238818838,0.5300837710301666,v2-backfill,1.0,7.0,0.0
20260419,825100,AZ,TOR,0.5319006780552051,0.5659632222551503,v2-backfill,1.0,10.0,0.0
20260420,822749,WSH,ATL,0.4451946104345399,0.4909857881914023,v2-backfill,3.0,2.0,1.0
20260420,822994,TB,CIN,0.5281244255044948,0.5362844403411116,v2-backfill,1.0,3.0,0.0
20260420,823149,SEA,ATH,0.6034041648185228,0.5492492693986225,v2-backfill,3.0,1.0,1.0
20260420,823879,MIA,STL,0.5452727219455311,0.5096254854286579,v2-backfill,2.0,1.0,1.0
20260420,824125,KC,BAL,0.4975109909549066,0.533032626130658,v2-backfill,1.0,0.0,1.0
20260420,824370,COL,LAD,0.3374552436295789,0.4042364743103064,v2-backfill,1.0,5.0,0.0
20260420,824450,CLE,HOU,0.5316707441687186,0.5523203488890418,v2-backfill,2.0,7.0,0.0
20260420,824692,CHC,PHI,0.5343105513721002,0.5483567540064067,v2-backfill,5.0,1.0,1.0
20260421,822747,WSH,ATL,0.4495616721909671,0.4968450959406125,v2-backfill,5.0,3.0,1.0
20260421,822914,TEX,PIT,0.4721963837103257,0.5256175749941012,v2-backfill,5.0,1.0,1.0
20260421,822995,TB,CIN,0.5670572658966945,0.5301375565451973,v2-backfill,0.0,5.0,0.0
20260421,823236,SF,LAD,0.4494905158215331,0.467889595578691,v2-backfill,3.0,1.0,1.0
20260421,823640,NYM,MIN,0.570293263500258,0.519019759364531,v2-backfill,3.0,0.0,1.0
20260421,823880,MIA,STL,0.5377675910173154,0.5152675722046275,v2-backfill,1.0,5.0,0.0
20260421,824045,LAA,TOR,0.4572658746283852,0.5023522068966816,v2-backfill,1.0,0.0,1.0
20260421,824290,DET,MIL,0.491428242811096,0.4963209512857962,v2-backfill,1.0,3.0,0.0
20260421,824448,CLE,HOU,0.6245247109134635,0.5460231121693041,v2-backfill,2.0,3.0,0.0
20260421,824690,CHC,PHI,0.5306591743963647,0.5535024923729238,v2-backfill,1.0,0.0,1.0
20260421,824773,BOS,NYY,0.50261984690492,0.4563503054441183,v2-backfill,0.0,1.0,0.0
20260421,825099,AZ,CWS,0.5601534309085682,0.5685100394070608,v2-backfill,2.0,8.0,0.0
20260422,822748,WSH,ATL,0.5656767073681306,0.5026378145054139,v2-backfill,4.0,8.0,0.0
20260422,822913,TEX,PIT,0.5050761860928665,0.5310615045836278,v2-backfill,2.0,4.0,0.0
20260422,822993,TB,CIN,0.616792130707991,0.5240521214645866,v2-backfill,5.0,1.0,1.0
20260422,823147,SEA,ATH,0.6882388657511794,0.5537641645549376,v2-backfill,2.0,3.0,0.0
20260422,823641,NYM,MIN,0.5776525816326513,0.5245466818633066,v2-backfill,2.0,1.0,1.0
20260422,823878,MIA,STL,0.5690356999102487,0.5093389965926182,v2-backfill,4.0,0.0,1.0
20260422,824044,LAA,TOR,0.6015843126683217,0.5080809025011988,v2-backfill,3.0,0.0,1.0
20260422,824123,KC,BAL,0.5962991534626274,0.5379420090894538,v2-backfill,3.0,2.0,1.0
20260422,824286,DET,MIL,0.5930586046069221,0.4906078836634502,v2-backfill,4.0,1.0,1.0
20260422,824367,COL,SD,0.4266372178945485,0.4287504358695997,v2-backfill,5.0,1.0,1.0
20260422,824449,CLE,HOU,0.5839534471127651,0.5397831572016726,v2-backfill,0.0,2.0,0.0
20260422,824688,CHC,PHI,0.6260873808580485,0.5585783630298096,v2-backfill,6.0,2.0,1.0
20260422,824774,BOS,NYY,0.448878410040557,0.45114138953657,v2-backfill,0.0,4.0,0.0
20260422,825097,AZ,CWS,0.599103771963788,0.5620765368402344,v2-backfill,8.0,4.0,1.0
20260423,822912,TEX,PIT,0.6259285036631783,0.5249667027729825,v2-backfill,6.0,1.0,1.0
20260423,823233,SF,LAD,0.4996248294970776,0.4742935686827739,v2-backfill,0.0,3.0,0.0
20260423,823639,NYM,MIN,0.4201322324932984,0.5300041963832496,v2-backfill,7.0,2.0,1.0
20260423,824288,DET,MIL,0.6819491262388867,0.4964714308158484,v2-backfill,2.0,1.0,1.0
20260423,824368,COL,SD,0.4463808921216305,0.4352053685806425,v2-backfill,6.0,4.0,1.0
20260423,824689,CHC,PHI,0.5171714599702218,0.563584528984616,v2-backfill,5.0,2.0,1.0
20260423,824770,BOS,NYY,0.3082698492282738,0.4460024289428129,v2-backfill,2.0,1.0,1.0
20260424,822827,TOR,CLE,0.5074310530370891,0.5146852838500214,v2-backfill,4.0,7.0,0.0
20260424,822909,TEX,ATH,0.6043284971149487,0.5531718272139218,v2-backfill,1.0,6.0,0.0
20260424,822992,TB,MIN,0.5298168841685572,0.5265326398368583,v2-backfill,3.0,1.0,1.0
20260424,823232,SF,MIA,0.4663558549250623,0.5362358466423275,v2-backfill,3.0,8.0,0.0
20260424,823800,MIL,PIT,0.5209296306122918,0.5457615918270052,v2-backfill,0.0,3.0,0.0
20260424,823962,LAD,CHC,0.5544111607220609,0.5171036351446091,v2-backfill,4.0,0.0,1.0
20260424,824124,KC,LAA,0.4856116446589855,0.5402881704361473,v2-backfill,5.0,0.0,1.0
20260424,824204,HOU,NYY,0.4207849462254016,0.4469799349688927,v2-backfill,2.0,5.0,0.0
20260424,824529,CIN,DET,0.5033142977990315,0.503514836947049,v2-backfill,2.0,5.0,0.0
20260424,824611,CWS,WSH,0.6469555723361535,0.5377256233436334,v2-backfill,1.0,3.0,0.0
20260424,824854,BAL,BOS,0.4938231934425021,0.5105641191759216,v2-backfill,9.0,2.0,1.0
20260424,824932,ATL,PHI,0.5391208937998102,0.5191431202392731,v2-backfill,2.0,3.0,0.0
20260425,822910,TEX,ATH,0.6118830599016604,0.5468670247530674,v2-backfill,2.0,3.0,0.0
20260425,822989,TB,MIN,0.5785982664836865,0.5319649267946759,v2-backfill,2.0,0.0,1.0
20260425,823070,STL,SEA,0.4141414695275746,0.4864615475063342,v2-backfill,7.0,6.0,1.0
20260425,823960,LAD,CHC,0.4609048906974916,0.5226543395799571,v2-backfill,8.0,4.0,1.0
20260425,824121,KC,LAA,0.6041063658086325,0.5455417587178343,v2-backfill,4.0,1.0,1.0
20260425,824203,HOU,NYY,0.4529602795620941,0.4418974793823801,v2-backfill,1.0,2.0,0.0
20260425,824527,CIN,DET,0.5047030366251506,0.4977179819025859,v2-backfill,6.0,2.0,1.0
20260425,824613,CWS,WSH,0.5547375215444214,0.5315646310331861,v2-backfill,0.0,2.0,0.0
20260425,824851,BAL,BOS,0.4972422276248828,0.5161948634813988,v2-backfill,0.0,7.0,0.0
20260425,824933,ATL,PHI,0.5062217692520098,0.5131725771641957,v2-backfill,2.0,3.0,0.0
20260425,825093,AZ,SD,0.5914351189668293,0.5482225656018279,v2-backfill,4.0,1.0,1.0
20260426,822911,TEX,ATH,0.5854544275218525,0.5406192588464941,v2-backfill,0.0,2.0,0.0
20260426,822991,TB,MIN,0.5751438733261804,0.537327454757092,v2-backfill,4.0,0.0,1.0
20260426,823230,SF,MIA,0.5691587186638601,0.5297442632805431,v2-backfill,1.0,3.0,0.0
20260426,823637,NYM,COL,0.6599008186092599,0.6081552887559287,v2-backfill,0.0,3.0,0.0
20260426,823797,MIL,PIT,0.5339316496511767,0.5390718390702263,v2-backfill,5.0,0.0,1.0
20260426,823959,LAD,CHC,0.5300016434529267,0.5281357522294632,v2-backfill,3.0,0.0,1.0
20260426,824122,KC,LAA,0.5518462084760288,0.5507253658038117,v2-backfill,1.0,6.0,0.0
20260426,824202,HOU,NYY,0.5323655532138418,0.4368847467213278,v2-backfill,7.0,0.0,1.0
20260426,824528,CIN,DET,0.4860577668184294,0.503500644294076,v2-backfill,3.0,2.0,1.0
20260426,824852,BAL,BOS,0.5777245427051796,0.5102561785582947,v2-backfill,1.0,3.0,0.0
20260426,824934,ATL,PHI,0.6196164836652123,0.5072669966025007,v2-backfill,6.0,0.0,1.0
20260426,825094,AZ,SD,0.5593212751410178,0.5533701148857239,v2-backfill,1.0,6.0,0.0
20260427,822825,TOR,BOS,0.5865273335461927,0.5152073449556149,v2-backfill,0.0,3.0,0.0
20260427,822906,TEX,NYY,0.4535362539442865,0.4723540805694176,v2-backfill,0.0,4.0,0.0
20260427,823311,SD,CHC,0.4759224547318377,0.4904208102788007,v2-backfill,6.0,5.0,1.0
20260427,823395,PIT,STL,0.5517010622018506,0.551235865609544,v2-backfill,2.0,0.0,1.0
20260427,823719,MIN,SEA,0.4591258511357579,0.5033948327299668,v2-backfill,7.0,2.0,1.0
20260427,823961,LAD,MIA,0.6777426461503874,0.5900182714341184,v2-backfill,2.0,4.0,0.0
20260427,824446,CLE,TB,0.522662085407578,0.5057601555272419,v2-backfill,2.0,0.0,1.0
20260427,824609,CWS,LAA,0.5385141604574295,0.5229133013471225,v2-backfill,1.0,4.0,0.0
20260428,822823,TOR,BOS,0.4807774489610132,0.5092794274057142,v2-backfill,3.0,0.0,1.0
20260428,822908,TEX,NYY,0.4876782576736482,0.4669360007070322,v2-backfill,0.0,1.0,0.0
20260428,823390,PIT,STL,0.6357185391471182,0.5563426130332383,v2-backfill,0.0,6.0,0.0
20260428,823473,PHI,SF,0.598688193609302,0.5407958576560271,v2-backfill,1.0,0.0,1.0
20260428,823636,NYM,WSH,0.5751680674440887,0.5553871086431322,v2-backfill,8.0,0.0,1.0
20260428,823716,MIN,SEA,0.5147488754823749,0.5091112544796151,v2-backfill,1.0,0.0,1.0
20260428,823798,MIL,AZ,0.5250075787408841,0.5257705403891837,v2-backfill,5.0,2.0,1.0
20260428,823956,LAD,MIA,0.6835469097965001,0.5834299030512804,v2-backfill,0.0,2.0,0.0
20260428,824447,CLE,TB,0.546881884602621,0.5114485554930273,v2-backfill,0.0,1.0,0.0
20260428,824526,CIN,COL,0.6429480947949615,0.5925700700149269,v2-backfill,4.0,2.0,1.0
20260428,824610,CWS,LAA,0.5145921009193346,0.5169026564292751,v2-backfill,3.0,1.0,1.0
20260428,824849,BAL,HOU,0.5210463487621058,0.5147346554377085,v2-backfill,4.0,1.0,1.0
20260428,824931,ATL,DET,0.4520623391941393,0.4997191991484879,v2-backfill,2.0,0.0,1.0
20260428,825017,ATH,KC,0.482191452806668,0.5178937928473601,v2-backfill,1.0,0.0,1.0
20260429,822821,TOR,BOS,0.5729265006181206,0.5149256865561687,v2-backfill,7.0,1.0,1.0
20260429,822907,TEX,NYY,0.5967939735037637,0.4615877178439135,v2-backfill,2.0,0.0,1.0
20260429,823392,PIT,STL,0.5542931901809626,0.5500100192183349,v2-backfill,1.0,3.0,0.0
20260429,823633,NYM,WSH,0.5900966421439983,0.5604371878334444,v2-backfill,2.0,9.0,0.0
20260429,823717,MIN,SEA,0.5107554839092614,0.5147595394342419,v2-backfill,2.0,1.0,1.0
20260429,823796,MIL,AZ,0.5421518286213308,0.5312125259613856,v2-backfill,2.0,4.0,0.0
20260429,823958,LAD,MIA,0.6819983620143197,0.5768856578349774,v2-backfill,1.0,2.0,0.0
20260429,824445,CLE,TB,0.5293090046017399,0.5055620583203478,v2-backfill,3.0,0.0,1.0
20260429,824525,CIN,COL,0.6003487595097485,0.5970920108360449,v2-backfill,0.0,5.0,0.0
20260429,824930,ATL,DET,0.3835565610251282,0.5054786754118795,v2-backfill,2.0,3.0,0.0
20260429,825015,ATH,KC,0.5189804848577926,0.523434708061289,v2-backfill,4.0,1.0,1.0
20260430,823391,PIT,STL,0.7245036730635468,0.5437335276172856,v2-backfill,3.0,5.0,0.0
20260430,823471,PHI,SF,0.5861193137639069,0.5460427234213415,v2-backfill,4.0,2.0,1.0
20260430,823472,PHI,SF,0.6009085008794012,0.5512196099192501,v2-backfill,1.0,2.0,0.0
20260430,823714,MIN,TOR,0.4859183954562401,0.5350681369100017,v2-backfill,2.0,1.0,1.0
20260430,823795,MIL,AZ,0.5850082605173126,0.5251161974821755,v2-backfill,8.0,1.0,1.0
20260430,824524,CIN,COL,0.6232325238703575,0.5904596574871602,v2-backfill,3.0,2.0,1.0
20260430,824848,BAL,HOU,0.4915039996815845,0.5203145577933226,v2-backfill,5.0,0.0,1.0
20260430,824850,BAL,HOU,0.5079233692273688,0.5258253271886303,v2-backfill,3.0,11.0,0.0
20260430,824929,ATL,DET,0.5554204820491997,0.49965935642928,v2-backfill,2.0,0.0,1.0
20260430,825016,ATH,KC,0.5671232130451205,0.5289062822491588,v2-backfill,5.0,2.0,1.0
20260501,822744,WSH,MIL,0.3831779318181177,0.4616223199981886,v2-backfill,0.0,4.0,0.0
20260501,822990,TB,SF,0.597573763194072,0.5540578334149184,v2-backfill,2.0,0.0,1.0
20260501,823066,STL,LAD,0.368160482118774,0.4725491166327787,v2-backfill,4.0,1.0,1.0
20260501,823146,SEA,KC,0.58754096092668,0.5311012209538976,v2-backfill,3.0,4.0,0.0
20260501,823309,SD,CWS,0.4902958212661054,0.5499363471988782,v2-backfill,0.0,7.0,0.0
20260501,823389,PIT,CIN,0.5529859930128995,0.5243381152872804,v2-backfill,8.0,0.0,1.0
20260501,823557,NYY,BAL,0.7046293402890157,0.6051778394270828,v2-backfill,5.0,1.0,1.0
20260501,823713,MIN,TOR,0.5223299617319804,0.5403903327803027,v2-backfill,2.0,6.0,0.0
20260501,823877,MIA,PHI,0.4723514837077411,0.5081844328360278,v2-backfill,1.0,2.0,0.0
20260501,824041,LAA,NYM,0.4692615106906657,0.4911597672060749,v2-backfill,3.0,0.0,1.0
20260501,824366,COL,ATL,0.3822431884074254,0.4550269746340068,v2-backfill,6.0,1.0,1.0
20260501,824686,CHC,AZ,0.5916046957379899,0.5265420496788232,v2-backfill,6.0,1.0,1.0
20260501,824772,BOS,HOU,0.5053460663351387,0.5317761524467657,v2-backfill,3.0,1.0,1.0
20260501,825012,ATH,CLE,0.426439199197792,0.5264391130164141,v2-backfill,4.0,5.0,0.0
20260502,822746,WSH,MIL,0.4119816473637161,0.4563435126526591,v2-backfill,1.0,3.0,0.0
20260502,822988,TB,SF,0.561675481739727,0.5591261151779291,v2-backfill,4.0,0.0,1.0
20260502,823067,STL,LAD,0.554071298236513,0.4786070570565549,v2-backfill,3.0,0.0,1.0
20260502,823144,SEA,KC,0.5516498306483946,0.5250060175336893,v2-backfill,2.0,1.0,1.0
20260502,823388,PIT,CIN,0.6304979217542003,0.5297982705114106,v2-backfill,15.0,4.0,1.0
20260502,823554,NYY,BAL,0.6471054928322322,0.6095138473109649,v2-backfill,6.0,1.0,1.0
20260502,823715,MIN,TOR,0.4617224531088689,0.5342035581382548,v2-backfill,4.0,2.0,1.0
20260502,823876,MIA,PHI,0.585636406707863,0.5023344574712122,v2-backfill,3.0,0.0,1.0
20260502,824042,LAA,NYM,0.486442746023958,0.4970171209460057,v2-backfill,3.0,1.0,1.0
20260502,824284,DET,TEX,0.5659240570919001,0.5234622337226348,v2-backfill,5.0,1.0,1.0
20260502,824365,COL,ATL,0.3496099016686177,0.4612571529747649,v2-backfill,1.0,8.0,0.0
20260502,824685,CHC,AZ,0.5906427854907011,0.531974216748283,v2-backfill,1.0,0.0,1.0
20260502,824771,BOS,HOU,0.5305758443029301,0.5371411227285936,v2-backfill,1.0,6.0,0.0
20260502,825014,ATH,CLE,0.51392901396292,0.5203916254518083,v2-backfill,4.0,5.0,0.0
20260503,822742,WSH,MIL,0.3995170992250064,0.4511346873974864,v2-backfill,2.0,1.0,1.0
20260503,822987,TB,SF,0.6226657560064937,0.564124713963151,v2-backfill,0.0,1.0,0.0
20260503,823065,STL,LAD,0.4946722351550463,0.4846016175104163,v2-backfill,0.0,3.0,0.0
20260503,823145,SEA,KC,0.5826271393027126,0.5304577104505458,v2-backfill,1.0,3.0,0.0
20260503,823307,SD,CWS,0.6016300071113428,0.5431616511108348,v2-backfill,3.0,1.0,1.0
20260503,823711,MIN,TOR,0.6353473782055438,0.5395370253918493,v2-backfill,4.0,0.0,1.0
20260503,823875,MIA,PHI,0.4441828872334116,0.5080633616066729,v2-backfill,0.0,7.0,0.0
20260503,824043,LAA,NYM,0.4919228664464875,0.5028078604377102,v2-backfill,1.0,2.0,0.0
20260503,824285,DET,TEX,0.4842030104007057,0.5289334604527434,v2-backfill,2.0,0.0,1.0
20260503,824364,COL,ATL,0.4897673629583085,0.4559831562924833,v2-backfill,5.0,6.0,0.0
20260503,824687,CHC,AZ,0.6317774018749035,0.5373366244860944,v2-backfill,6.0,2.0,1.0
20260503,824769,BOS,HOU,0.6420566345033226,0.5309858385738024,v2-backfill,1.0,0.0,1.0
20260503,825013,ATH,CLE,0.4757805627046211,0.5144077226597512,v2-backfill,4.0,1.0,1.0
20260504,822984,TB,TOR,0.5691724284671063,0.5516086367764146,v2-backfill,3.0,1.0,1.0
20260504,823064,STL,MIL,0.4414326800415501,0.474540673738643,v2-backfill,4.0,0.0,1.0
20260504,823143,SEA,ATL,0.6384609300854486,0.5244677966782384,v2-backfill,0.0,1.0,0.0
20260504,823228,SF,SD,0.4815305620219776,0.4913066072746979,v2-backfill,2.0,1.0,1.0
20260504,823552,NYY,BAL,0.691920748798789,0.6125423915157189,v2-backfill,3.0,0.0,1.0
20260504,823874,MIA,PHI,0.5223047699545436,0.5022147506331619,v2-backfill,0.0,1.0,0.0
20260504,824039,LAA,CWS,0.5550007184745668,0.5230874921160402,v2-backfill,0.0,5.0,0.0
20260504,824120,KC,CLE,0.4969603571211029,0.5138305755427881,v2-backfill,4.0,2.0,1.0
20260504,824201,HOU,LAD,0.3772192875852478,0.4633318080280927,v2-backfill,3.0,8.0,0.0
20260505,822743,WSH,MIN,0.47505228954336,0.490218179682941,v2-backfill,2.0,6.0,0.0
20260505,822986,TB,TOR,0.5588096036255592,0.5567103170054263,v2-backfill,2.0,3.0,0.0
20260505,823227,SF,SD,0.6055479417161885,0.4971623106934823,v2-backfill,4.0,7.0,0.0
20260505,823469,PHI,ATH,0.5738307942692862,0.5269064136183889,v2-backfill,1.0,0.0,1.0
20260505,823873,MIA,BAL,0.5440032375733418,0.5335420227726643,v2-backfill,4.0,7.0,0.0
20260505,824040,LAA,CWS,0.4680744322207198,0.5170750119236489,v2-backfill,4.0,2.0,1.0
20260505,824119,KC,CLE,0.4698043184855284,0.5194215604244272,v2-backfill,4.0,3.0,1.0
20260505,824200,HOU,LAD,0.4201007389873279,0.4580305413714677,v2-backfill,2.0,0.0,1.0
20260505,824281,DET,BOS,0.6559023781222336,0.5453980834496452,v2-backfill,3.0,10.0,0.0
20260505,824682,CHC,CIN,0.5808866813445439,0.5647187286218407,v2-backfill,0.0,1.0,0.0
20260505,825092,AZ,PIT,0.4883482039933974,0.5313948246404472,v2-backfill,2.0,0.0,1.0
20260506,822740,WSH,MIN,0.4484084852334573,0.4845779794785945,v2-backfill,3.0,2.0,1.0
20260506,822985,TB,TOR,0.6225741315109414,0.5503745396110857,v2-backfill,2.0,0.0,1.0
20260506,823063,STL,MIL,0.5178438132438226,0.4805779878360034,v2-backfill,0.0,5.0,0.0
20260506,823141,SEA,ATL,0.6322717845018155,0.5182288064315435,v2-backfill,1.0,0.0,1.0
20260506,823470,PHI,ATH,0.657206585608128,0.5323339358580067,v2-backfill,1.0,2.0,0.0
20260506,823550,NYY,TEX,0.6184527057960088,0.58505195056045,v2-backfill,0.0,6.0,0.0
20260506,823872,MIA,BAL,0.6342035767939056,0.5274223010562462,v2-backfill,3.0,5.0,0.0
20260506,824036,LAA,CWS,0.5051454754923314,0.5226260704994452,v2-backfill,7.0,1.0,1.0
20260506,824118,KC,CLE,0.5557224116192352,0.5249434774045152,v2-backfill,1.0,2.0,0.0
20260506,824198,HOU,LAD,0.4428199623700633,0.4642324068715456,v2-backfill,1.0,10.0,0.0
20260506,824282,DET,BOS,0.562158276237809,0.5391639400375071,v2-backfill,0.0,4.0,0.0
20260506,824361,COL,NYM,0.3968399763036193,0.4417279922664215,v2-backfill,0.0,4.0,0.0
20260506,824683,CHC,CIN,0.6100651150821889,0.5583156755117022,v2-backfill,4.0,2.0,1.0
20260506,825091,AZ,PIT,0.4677137835384848,0.5367647245135102,v2-backfill,0.0,1.0,0.0
20260507,822741,WSH,MIN,0.5426417538701299,0.4905082418261269,v2-backfill,5.0,3.0,1.0
20260507,823467,PHI,ATH,0.5372790856009894,0.5262263094254477,v2-backfill,1.0,10.0,0.0
20260507,823551,NYY,TEX,0.5788167297078913,0.5784965643595733,v2-backfill,1.0,2.0,0.0
20260507,823870,MIA,BAL,0.5798271560624407,0.5213646551860701,v2-backfill,3.0,2.0,1.0
20260507,824117,KC,CLE,0.5755841554636888,0.5189115396362233,v2-backfill,1.0,4.0,0.0
20260507,824362,COL,NYM,0.4379593202048839,0.436717597804556,v2-backfill,1.0,2.0,0.0
20260507,824681,CHC,CIN,0.650799802462287,0.5633254674096202,v2-backfill,8.0,0.0,1.0
20260507,825090,AZ,PIT,0.5225570494288913,0.5306131262148895,v2-backfill,2.0,3.0,0.0
20260508,822822,TOR,LAA,0.5291599630654082,0.518432809186903,v2-backfill,2.0,0.0,1.0
20260508,822904,TEX,CHC,0.4672642750861553,0.4891140616074965,v2-backfill,1.0,3.0,0.0
20260508,823225,SF,PIT,0.4499655252325321,0.4848892529940385,v2-backfill,2.0,1.0,1.0
20260508,823303,SD,STL,0.5702820138540777,0.5356402675650253,v2-backfill,0.0,6.0,0.0
20260508,823466,PHI,COL,0.6870536627344245,0.6039754947433895,v2-backfill,0.0,6.0,0.0
20260508,823794,MIL,NYY,0.5365867664218872,0.4995493093398709,v2-backfill,5.0,0.0,1.0
20260508,823871,MIA,WSH,0.5380291189854379,0.5230306940288605,v2-backfill,2.0,3.0,0.0
20260508,823957,LAD,ATL,0.5106264940916999,0.5615006002932814,v2-backfill,2.0,1.0,1.0
20260508,824443,CLE,MIN,0.5978982566061981,0.5230055444013798,v2-backfill,4.0,0.0,1.0
20260508,824522,CIN,HOU,0.5293632452577636,0.5427626736532795,v2-backfill,0.0,2.0,0.0
20260508,824607,CWS,SEA,0.4859988629651963,0.5002722450447529,v2-backfill,5.0,6.0,0.0
20260508,824768,BOS,TB,0.5376712800887914,0.5041475833164676,v2-backfill,2.0,0.0,1.0
20260508,824846,BAL,ATH,0.5788689278343406,0.4897561315984604,v2-backfill,1.0,3.0,0.0
20260509,822820,TOR,LAA,0.5922707441502625,0.5239670321992715,v2-backfill,8.0,0.0,1.0
20260509,822905,TEX,CHC,0.5073205856584132,0.483487214717423,v2-backfill,5.0,0.0,1.0
20260509,823224,SF,PIT,0.4784285513297216,0.4908161147113642,v2-backfill,1.0,2.0,0.0
20260509,823304,SD,STL,0.5624393655113981,0.5294997269441144,v2-backfill,3.0,1.0,1.0
20260509,823468,PHI,COL,0.63582768567999,0.5973038011081339,v2-backfill,7.0,3.0,1.0
20260509,823792,MIL,NYY,0.4980262530192784,0.5053107609905254,v2-backfill,0.0,2.0,0.0
20260509,823869,MIA,WSH,0.6181191880358253,0.5170188120900917,v2-backfill,2.0,4.0,0.0
20260509,823955,LAD,ATL,0.6334190153623054,0.5664662965526154,v2-backfill,0.0,6.0,0.0
20260509,824115,KC,DET,0.5346850812464893,0.5083096513548161,v2-backfill,5.0,0.0,1.0
20260509,824523,CIN,HOU,0.5971710194112579,0.5365532810347363,v2-backfill,3.0,1.0,1.0
20260509,824606,CWS,SEA,0.4208613823040862,0.4945128682980919,v2-backfill,5.0,1.0,1.0
20260509,824847,BAL,ATH,0.5424223555813603,0.4841215131980662,v2-backfill,0.0,5.0,0.0
20260509,825089,AZ,NYM,0.5454504165319828,0.526880175801985,v2-backfill,2.0,1.0,1.0
20260510,822819,TOR,LAA,0.5395317890640035,0.5294318816636713,v2-backfill,1.0,4.0,0.0
20260510,822902,TEX,CHC,0.6201825410691769,0.4894293558369544,v2-backfill,1.0,0.0,1.0
20260510,823221,SF,PIT,0.5358301333170079,0.4851687045171876,v2-backfill,2.0,3.0,0.0
20260510,823305,SD,STL,0.5388951033533145,0.5348940468832813,v2-backfill,0.0,2.0,0.0
20260510,823463,PHI,COL,0.7509240293202931,0.6017562672774117,v2-backfill,5.0,0.0,1.0
20260510,823793,MIL,NYY,0.5709675915650351,0.4994933557637415,v2-backfill,3.0,2.0,1.0
20260510,823954,LAD,ATL,0.5490946007626182,0.5600490946687858,v2-backfill,0.0,4.0,0.0
20260510,824440,CLE,MIN,0.619393436426974,0.5281556668265605,v2-backfill,2.0,5.0,0.0
20260510,824520,CIN,HOU,0.5202191790324658,0.5418560537527483,v2-backfill,4.0,0.0,1.0
20260510,824605,CWS,SEA,0.519543074110412,0.5003322836241313,v2-backfill,0.0,1.0,0.0
20260510,824765,BOS,TB,0.5063277580829774,0.5098551138546806,v2-backfill,0.0,3.0,0.0
20260510,825085,AZ,NYM,0.5248726416379531,0.5323080326822456,v2-backfill,2.0,0.0,1.0
20260511,822818,TOR,TB,0.5187963756991327,0.4898123261064227,v2-backfill,3.0,7.0,0.0
20260511,822901,TEX,AZ,0.4885617151665436,0.5129685993901103,v2-backfill,0.0,1.0,0.0
20260511,823953,LAD,SF,0.5049204935451569,0.5796461161046483,v2-backfill,2.0,1.0,1.0
20260511,824199,HOU,SEA,0.4589609935183334,0.4918265439604619,v2-backfill,1.0,3.0,0.0
20260511,824441,CLE,LAA,0.6082937411127051,0.5439895156303052,v2-backfill,7.0,0.0,1.0
20260511,824844,BAL,NYY,0.3716821055726719,0.4325393834963155,v2-backfill,0.0,2.0,0.0
20260512,822817,TOR,TB,0.4627173647975762,0.4841770283630328,v2-backfill,0.0,3.0,0.0
20260512,822903,TEX,AZ,0.5716084823267573,0.5070652691695473,v2-backfill,7.0,1.0,1.0
20260512,823385,PIT,COL,0.7499086134017282,0.6161299008445941,v2-backfill,2.0,0.0,1.0
20260512,823632,NYM,DET,0.5360244660490497,0.5207357941829973,v2-backfill,3.0,2.0,1.0
20260512,823712,MIN,MIA,0.5164455041294117,0.5516645055670304,v2-backfill,3.0,0.0,1.0
20260512,823790,MIL,SD,0.5030135741792284,0.5598356260467009,v2-backfill,6.0,2.0,1.0
20260512,823951,LAD,SF,0.6991382154322943,0.5843554136080139,v2-backfill,2.0,3.0,0.0
20260512,824197,HOU,SEA,0.3843475998287849,0.4861669843881397,v2-backfill,2.0,7.0,0.0
20260512,824442,CLE,LAA,0.6035695882393618,0.5491938946325714,v2-backfill,2.0,0.0,1.0
20260512,824521,CIN,WSH,0.5655871545803859,0.5351115370760978,v2-backfill,2.0,7.0,0.0
20260512,824604,CWS,KC,0.4888267894856765,0.497614077515306,v2-backfill,5.0,2.0,1.0
20260512,824764,BOS,PHI,0.3420928145613247,0.5134866426910522,v2-backfill,0.0,2.0,0.0
20260512,824843,BAL,NYY,0.4189685988044703,0.4276569629125915,v2-backfill,0.0,6.0,0.0
20260512,824927,ATL,CHC,0.4817092996357193,0.4827955225991847,v2-backfill,5.0,2.0,1.0
20260512,825011,ATH,STL,0.5662702093922143,0.5369294925509348,v2-backfill,3.0,4.0,0.0
20260513,822900,TEX,AZ,0.5211389122986297,0.5127381033791624,v2-backfill,3.0,0.0,1.0
20260513,823386,PIT,COL,0.7084183693717335,0.6203022879170347,v2-backfill,3.0,6.0,0.0
20260513,823631,NYM,DET,0.5002652378643114,0.5262412942286668,v2-backfill,1.0,2.0,0.0
20260513,823710,MIN,MIA,0.5167057365667082,0.5567654259850497,v2-backfill,4.0,8.0,0.0
20260513,823791,MIL,SD,0.6597902872402028,0.5648244101618949,v2-backfill,1.0,0.0,1.0
20260513,823952,LAD,SF,0.6729227873834649,0.5778047894808815,v2-backfill,4.0,0.0,1.0
20260513,824195,HOU,SEA,0.5490866389374843,0.480576029372515,v2-backfill,0.0,1.0,0.0
20260513,824438,CLE,LAA,0.6013302096403702,0.5543283226491956,v2-backfill,3.0,2.0,1.0
20260513,824603,CWS,KC,0.4663726919091565,0.5033979387741926,v2-backfill,5.0,3.0,1.0
20260513,824841,BAL,NYY,0.4382056580246918,0.4228434643538014,v2-backfill,5.0,0.0,1.0
20260513,825010,ATH,STL,0.5607354362822499,0.5307762798086118,v2-backfill,4.0,1.0,1.0
20260514,823383,PIT,COL,0.6187035427611236,0.613551478559412,v2-backfill,7.0,2.0,1.0
20260514,823630,NYM,DET,0.6224850315466142,0.5201958566480489,v2-backfill,6.0,3.0,1.0
20260514,823709,MIN,MIA,0.5990129123784005,0.5504291721647007,v2-backfill,6.0,0.0,1.0
20260514,823789,MIL,SD,0.654224860674368,0.5697437842038369,v2-backfill,7.0,0.0,1.0
20260514,824196,HOU,SEA,0.5042567537449831,0.4750541424373481,v2-backfill,1.0,5.0,0.0
20260514,824517,CIN,WSH,0.5920678113893681,0.5286437264125283,v2-backfill,9.0,0.0,1.0
20260514,824602,CWS,KC,0.4625070427599144,0.5091143238876008,v2-backfill,5.0,1.0,1.0
20260515,822739,WSH,BAL,0.4650639114436621,0.5390447390315866,v2-backfill,1.0,0.0,1.0
20260515,822983,TB,MIA,0.5743736059485866,0.5703874021357541,v2-backfill,6.0,1.0,1.0
20260515,823061,STL,KC,0.5471666253148413,0.5280846035717858,v2-backfill,3.0,2.0,1.0
20260515,823140,SEA,SD,0.5578870327331826,0.5386389321837771,v2-backfill,0.0,1.0,0.0
20260515,823384,PIT,PHI,0.5717581367451091,0.5298784345668603,v2-backfill,7.0,3.0,1.0
20260515,823629,NYM,NYY,0.3875966727518695,0.4699951491081545,v2-backfill,0.0,4.0,0.0
20260515,823707,MIN,MIL,0.6048369985862048,0.4779152891702442,v2-backfill,0.0,1.0,0.0
20260515,824037,LAA,LAD,0.4455647900780847,0.461567969219492,v2-backfill,0.0,4.0,0.0
20260515,824194,HOU,TEX,0.4581531599560275,0.4666242285992634,v2-backfill,1.0,0.0,1.0
20260515,824280,DET,TOR,0.4884144185718985,0.5474643856143434,v2-backfill,1.0,2.0,0.0
20260515,824360,COL,AZ,0.4436884049328268,0.4217962869075231,v2-backfill,1.0,7.0,0.0
20260515,824439,CLE,CIN,0.5980923064217011,0.5363986520706678,v2-backfill,0.0,3.0,0.0
20260515,824601,CWS,CHC,0.4807682947364782,0.4685842644202144,v2-backfill,3.0,4.0,0.0
20260515,824925,ATL,BOS,0.5738883397162877,0.5307294540929142,v2-backfill,2.0,0.0,1.0
20260515,825009,ATH,SF,0.5694712445652659,0.5589695700124824,v2-backfill,5.0,2.0,1.0
20260516,822737,WSH,BAL,0.5979239893287438,0.5443147551708051,v2-backfill,4.0,0.0,1.0
20260516,822981,TB,MIA,0.6187146978887312,0.5752285808346804,v2-backfill,1.0,0.0,1.0
20260516,823060,STL,KC,0.5461756189547243,0.5334970724321587,v2-backfill,3.0,1.0,1.0
20260516,823139,SEA,SD,0.6616214495956664,0.5324690585651778,v2-backfill,2.0,5.0,0.0
20260516,823382,PIT,PHI,0.4282942610454993,0.5352678850369578,v2-backfill,0.0,5.0,0.0
20260516,823627,NYM,NYY,0.4132537981573136,0.4646073252890458,v2-backfill,5.0,2.0,1.0
20260516,824038,LAA,LAD,0.4912843135194605,0.4562898775936607,v2-backfill,0.0,1.0,0.0
20260516,824193,HOU,TEX,0.4092571898091441,0.472742290508314,v2-backfill,4.0,0.0,1.0
20260516,824359,COL,AZ,0.4302556045189746,0.4170663079261406,v2-backfill,3.0,2.0,1.0
20260516,824435,CLE,CIN,0.6125309927625564,0.5302506460126347,v2-backfill,2.0,4.0,0.0
20260516,824600,CWS,CHC,0.559966954183087,0.4632146347351938,v2-backfill,7.0,0.0,1.0
20260516,824924,ATL,BOS,0.5868264552476724,0.5361079428376859,v2-backfill,2.0,1.0,1.0
20260516,825007,ATH,SF,0.5657442721050581,0.5639703323436066,v2-backfill,1.0,5.0,0.0
20260517,822738,WSH,BAL,0.5389759036716626,0.5495147883871234,v2-backfill,2.0,6.0,0.0
20260517,822982,TB,MIA,0.6156156577543392,0.5800010623879076,v2-backfill,5.0,2.0,1.0
20260517,823058,STL,KC,0.5567561524257368,0.5388397303009648,v2-backfill,0.0,2.0,0.0
20260517,823138,SEA,SD,0.6514338125209895,0.5263600753735965,v2-backfill,0.0,2.0,0.0
20260517,823381,PIT,PHI,0.5928786719024467,0.5291310216595856,v2-backfill,0.0,2.0,0.0
20260517,823708,MIN,MIL,0.5865608625933728,0.4727432047050419,v2-backfill,4.0,3.0,1.0
20260517,824034,LAA,LAD,0.5686161632929665,0.4510817681721039,v2-backfill,1.0,7.0,0.0
20260517,824192,HOU,TEX,0.4995635643202172,0.478798239352493,v2-backfill,0.0,2.0,0.0
20260517,824279,DET,TOR,0.5212624071308477,0.5407398417040306,v2-backfill,0.0,4.0,0.0
20260517,824358,COL,AZ,0.3985316117418124,0.4236071090182742,v2-backfill,2.0,7.0,0.0
20260517,824436,CLE,CIN,0.6098202683758068,0.5241640620123587,v2-backfill,6.0,2.0,1.0
20260517,824923,ATL,BOS,0.6253719773269505,0.541416547947128,v2-backfill,7.0,0.0,1.0
20260517,825006,ATH,SF,0.6131073473988224,0.5575733973576306,v2-backfill,1.0,2.0,0.0
20260518,822734,WSH,NYM,0.5014934108418686,0.4996007180124007,v2-backfill,3.0,4.0,0.0
20260518,822980,TB,BAL,0.6266854841374594,0.5839049713741198,v2-backfill,12.0,4.0,1.0
20260518,823137,SEA,CWS,0.6324995291285864,0.5412969103947864,v2-backfill,2.0,0.0,1.0
20260518,823301,SD,LAD,0.4604136602989893,0.4846779002228433,v2-backfill,1.0,0.0,1.0
20260518,823549,NYY,TOR,0.641445210325772,0.5951586471923996,v2-backfill,3.0,4.0,0.0
20260518,823705,MIN,HOU,0.5870349100706891,0.5631172880326806,v2-backfill,3.0,0.0,1.0
20260518,823867,MIA,ATL,0.5893608323409479,0.473936646558551,v2-backfill,12.0,0.0,1.0
20260518,824277,DET,CLE,0.5621678679279292,0.5105036872572495,v2-backfill,1.0,4.0,0.0
20260518,824357,COL,TEX,0.3428661189131613,0.4267543293593065,v2-backfill,6.0,2.0,1.0
20260518,824680,CHC,MIL,0.586157972461358,0.508495623814056,v2-backfill,3.0,8.0,0.0
20260518,825087,AZ,SF,0.549468394934665,0.5647070575726032,v2-backfill,12.0,2.0,1.0
20260519,822736,WSH,NYM,0.4164875182518594,0.4938491623982169,v2-backfill,9.0,5.0,1.0
20260519,823059,STL,PIT,0.4658760529950826,0.5068687557104378,v2-backfill,3.0,4.0,0.0
20260519,823136,SEA,CWS,0.5804493551111496,0.5465371329617252,v2-backfill,1.0,0.0,1.0
20260519,823302,SD,LAD,0.4295890625687089,0.4906070714665154,v2-backfill,4.0,3.0,1.0
20260519,823464,PHI,CIN,0.597387958675435,0.5328496477581707,v2-backfill,1.0,2.0,0.0
20260519,823548,NYY,TOR,0.558485546984816,0.5885379616602048,v2-backfill,5.0,3.0,1.0
20260519,823704,MIN,HOU,0.6676855848466832,0.5680604914914904,v2-backfill,0.0,2.0,0.0
20260519,823865,MIA,ATL,0.5653817792679018,0.4799802384026697,v2-backfill,4.0,3.0,1.0
20260519,824033,LAA,ATH,0.5900615349595523,0.4808684799726214,v2-backfill,4.0,6.0,0.0
20260519,824112,KC,BOS,0.4369937442414386,0.5225632555956063,v2-backfill,1.0,2.0,0.0
20260519,824356,COL,TEX,0.4225993445612209,0.4332245707792897,v2-backfill,0.0,8.0,0.0
20260519,824677,CHC,MIL,0.4610251050872491,0.502642144715494,v2-backfill,0.0,3.0,0.0
20260519,825086,AZ,SF,0.5658811678096854,0.5696280722695519,v2-backfill,1.0,3.0,0.0
20260520,822735,WSH,NYM,0.5318342406940038,0.499676129011441,v2-backfill,4.0,2.0,1.0
20260520,823057,STL,PIT,0.4870048818210223,0.5010336441706016,v2-backfill,0.0,2.0,0.0
20260520,823299,SD,LAD,0.4252598138623865,0.4964706277229768,v2-backfill,0.0,3.0,0.0
20260520,823462,PHI,CIN,0.5892028050978241,0.5267368483933846,v2-backfill,1.0,4.0,0.0
20260520,823703,MIN,HOU,0.6438596728717438,0.5616305516077941,v2-backfill,4.0,1.0,1.0
20260520,823866,MIA,ATL,0.4068056573455515,0.4859601702680298,v2-backfill,1.0,3.0,0.0
20260520,824032,LAA,ATH,0.4495796066113127,0.475342949111695,v2-backfill,5.0,3.0,1.0
20260520,824111,KC,BOS,0.547345543214619,0.516556303469331,v2-backfill,3.0,2.0,1.0
20260520,824355,COL,TEX,0.4258454004880256,0.428332527581833,v2-backfill,4.0,3.0,1.0
20260520,824678,CHC,MIL,0.4772938700420924,0.4968553292254004,v2-backfill,0.0,4.0,0.0
20260520,825084,AZ,SF,0.5837212481838222,0.5631857654274381,v2-backfill,6.0,3.0,1.0
20260521,822733,WSH,NYM,0.541630078406149,0.5054361061943414,v2-backfill,1.0,2.0,0.0
20260521,823056,STL,PIT,0.4629232989531848,0.4952654241582471,v2-backfill,1.0,2.0,0.0
20260521,823545,NYY,TOR,0.6462869872281093,0.5920834376255883,v2-backfill,0.0,1.0,0.0
20260521,823864,MIA,ATL,0.5005275877644809,0.4803717475112232,v2-backfill,2.0,5.0,0.0
20260521,824031,LAA,ATH,0.5370086545782721,0.4813718956933447,v2-backfill,2.0,0.0,1.0
20260521,824274,DET,CLE,0.5722602110322684,0.5045217749982719,v2-backfill,0.0,2.0,0.0
20260522,822816,TOR,PIT,0.6065853010358843,0.4887339476576923,v2-backfill,3.0,1.0,1.0
20260522,823223,SF,CWS,0.4457673650035401,0.5180424721167814,v2-backfill,3.0,9.0,0.0
20260522,823546,NYY,TB,0.5499019019069583,0.5462399466496554,v2-backfill,1.0,0.0,1.0
20260522,823788,MIL,LAD,0.533958412298356,0.5402371465286525,v2-backfill,5.0,0.0,1.0
20260522,823863,MIA,NYM,0.5301869160488334,0.4774952349543367,v2-backfill,2.0,1.0,1.0
20260522,824029,LAA,TEX,0.4204720205171763,0.4825240818096193,v2-backfill,6.0,3.0,1.0
20260522,824679,CHC,HOU,0.555840739013751,0.5854079089003278,v2-backfill,0.0,4.0,0.0
20260522,824761,BOS,MIN,0.481834987254455,0.5006750956218361,v2-backfill,6.0,3.0,1.0
20260522,824842,BAL,DET,0.4690097795503095,0.4935415985255532,v2-backfill,6.0,4.0,1.0
20260522,825082,AZ,COL,0.7294459123503347,0.6189804663823071,v2-backfill,2.0,1.0,1.0
20260523,822814,TOR,PIT,0.3970790124377726,0.4946184162801809,v2-backfill,1.0,0.0,1.0
20260523,823222,SF,CWS,0.5080337864429301,0.5120837716305622,v2-backfill,9.0,3.0,1.0
20260523,823300,SD,ATH,0.5215490644852655,0.5256464398647347,v2-backfill,2.0,0.0,1.0
20260523,823458,PHI,CLE,0.6403201737923697,0.5128658095653648,v2-backfill,2.0,0.0,1.0
20260523,823787,MIL,LAD,0.5561003650521547,0.5454914099583867,v2-backfill,3.0,4.0,0.0
20260523,823862,MIA,NYM,0.5361661540584115,0.4835015694247873,v2-backfill,4.0,0.0,1.0
20260523,824030,LAA,TEX,0.3914289533567559,0.4884766627455129,v2-backfill,3.0,1.0,1.0
20260523,824109,KC,SEA,0.4638668146399408,0.5004183871296193,v2-backfill,4.0,0.0,1.0
20260523,824516,CIN,STL,0.4462859830273956,0.5379962281003596,v2-backfill,5.0,1.0,1.0
20260523,824518,CIN,STL,0.5596105631093127,0.5432800557417231,v2-backfill,1.0,3.0,0.0
20260523,824674,CHC,HOU,0.5722955768293786,0.5788501019491643,v2-backfill,0.0,3.0,0.0
20260523,824760,BOS,MIN,0.4716766163354292,0.5064234330253107,v2-backfill,1.0,4.0,0.0
20260523,824920,ATL,WSH,0.5929236954615332,0.5455479762924755,v2-backfill,0.0,2.0,0.0
20260523,825080,AZ,COL,0.6472036910596478,0.6231099928943633,v2-backfill,5.0,2.0,1.0
20260524,822813,TOR,PIT,0.595881363857565,0.5004366288482397,v2-backfill,1.0,2.0,0.0
20260524,823220,SF,CWS,0.5575735981558966,0.5176960739326492,v2-backfill,8.0,4.0,1.0
20260524,823297,SD,ATH,0.6327270652227548,0.5310900026822781,v2-backfill,0.0,4.0,0.0
20260524,823459,PHI,CLE,0.432687523685978,0.5184685837603715,v2-backfill,0.0,1.0,0.0
20260524,823786,MIL,LAD,0.4617377936581743,0.5392563973602832,v2-backfill,1.0,5.0,0.0
20260524,824108,KC,SEA,0.4647612118926126,0.5061697199338001,v2-backfill,4.0,1.0,1.0
20260524,824676,CHC,HOU,0.5952907488784528,0.5723382780019062,v2-backfill,3.0,7.0,0.0
20260524,824759,BOS,MIN,0.5576192925133842,0.5005933709222885,v2-backfill,4.0,3.0,1.0
20260524,824839,BAL,DET,0.4315290270966049,0.4993720574656051,v2-backfill,0.0,2.0,0.0
20260524,824840,BAL,DET,0.6084591437872028,0.4936231696352668,v2-backfill,1.0,4.0,0.0
20260524,824921,ATL,WSH,0.5828704949286769,0.5393124371143836,v2-backfill,0.0,1.0,0.0
20260524,825081,AZ,COL,0.7119839931736717,0.6271772514217395,v2-backfill,7.0,0.0,1.0
20260525,822812,TOR,MIA,0.5444139717227319,0.5433159666984899,v2-backfill,1.0,2.0,0.0
20260525,822899,TEX,HOU,0.5910596373719424,0.5514367462493615,v2-backfill,0.0,4.0,0.0
20260525,823219,SF,AZ,0.5308692097496766,0.471436562093916,v2-backfill,2.0,4.0,0.0
20260525,823296,SD,PHI,0.3984890615624196,0.5234364563206532,v2-backfill,0.0,1.0,0.0
20260525,823625,NYM,CIN,0.5624928601986418,0.5178894611811066,v2-backfill,0.0,7.0,0.0
20260525,823784,MIL,STL,0.7019590945538448,0.5839695333609743,v2-backfill,3.0,0.0,1.0
20260525,823948,LAD,COL,0.7332151963053607,0.6443431845839367,v2-backfill,1.0,2.0,0.0
20260525,824107,KC,NYY,0.424771122778626,0.4583405258757554,v2-backfill,1.0,2.0,0.0
20260525,824437,CLE,WSH,0.6557099701874038,0.5429902502583492,v2-backfill,2.0,8.0,0.0
20260525,824598,CWS,MIN,0.4485202634182027,0.4929006695116584,v2-backfill,3.0,1.0,1.0
20260525,825005,ATH,SEA,0.4637865396000762,0.5227319406277966,v2-backfill,0.0,7.0,0.0
20260526,822811,TOR,MIA,0.5265763397065947,0.537101344840427,v2-backfill,2.0,1.0,1.0
20260526,822898,TEX,HOU,0.6173202762728944,0.5451474063273979,v2-backfill,9.0,4.0,1.0
20260526,823216,SF,AZ,0.5081248284032238,0.4660302259600541,v2-backfill,2.0,3.0,0.0
20260526,823294,SD,PHI,0.5104881852001352,0.5174203041316572,v2-backfill,2.0,4.0,0.0
20260526,823379,PIT,CHC,0.6889205432405875,0.5235439060087623,v2-backfill,8.0,1.0,1.0
20260526,823624,NYM,CIN,0.513929337205453,0.5119324118411835,v2-backfill,0.0,5.0,0.0
20260526,823785,MIL,STL,0.6947726265770726,0.5886165557720655,v2-backfill,6.0,0.0,1.0
20260526,823949,LAD,COL,0.6295011602771818,0.6375143998480577,v2-backfill,10.0,1.0,1.0
20260526,824106,KC,NYY,0.3463291524794032,0.4531051156193119,v2-backfill,1.0,10.0,0.0
20260526,824275,DET,LAA,0.5450981798338267,0.540582941811464,v2-backfill,5.0,4.0,1.0
20260526,824434,CLE,WSH,0.5327313203314612,0.5367787046761213,v2-backfill,1.0,4.0,0.0
20260526,824597,CWS,MIN,0.470318124375285,0.4987383918469154,v2-backfill,0.0,2.0,0.0
20260526,824837,BAL,TB,0.4657540685573872,0.4558493112058945,v2-backfill,6.0,1.0,1.0
20260526,825004,ATH,SEA,0.471573726320021,0.5167232081820918,v2-backfill,0.0,4.0,0.0
20260527,823217,SF,AZ,0.4553614278470954,0.4606937154578782,v2-backfill,2.0,0.0,1.0
20260527,823626,NYM,CIN,0.4869503050538577,0.5060405442993802,v2-backfill,3.0,1.0,1.0
20260527,823783,MIL,STL,0.6452373832011682,0.5931961849495412,v2-backfill,0.0,1.0,0.0
20260527,823947,LAD,COL,0.7828007587838129,0.6413630757601285,v2-backfill,3.0,1.0,1.0
20260527,824104,KC,NYY,0.4399765896704878,0.4479396797266327,v2-backfill,0.0,2.0,0.0
20260527,824270,DET,LAA,0.5783294674973681,0.5458326279534127,v2-backfill,3.0,0.0,1.0
20260527,824432,CLE,WSH,0.6206434435381529,0.530626969337747,v2-backfill,3.0,1.0,1.0
20260527,824596,CWS,MIN,0.5241543532658605,0.4929969092309593,v2-backfill,8.0,1.0,1.0
20260527,824756,BOS,ATL,0.4767000860232198,0.5064663000763843,v2-backfill,6.0,0.0,1.0
20260527,824836,BAL,TB,0.3823568210010782,0.4620717890864346,v2-backfill,8.0,0.0,1.0
20260527,825003,ATH,SEA,0.4514196311138324,0.5107787822640792,v2-backfill,0.0,5.0,0.0
20260528,822896,TEX,HOU,0.6269822573668707,0.5497625867034212,v2-backfill,1.0,5.0,0.0
20260528,823378,PIT,CHC,0.6572054103939333,0.5286811763617222,v2-backfill,0.0,1.0,0.0
20260528,824272,DET,LAA,0.5851533282810656,0.5510123339330927,v2-backfill,1.0,3.0,0.0
20260528,824595,CWS,MIN,0.6677323952384497,0.4988335421483466,v2-backfill,6.0,1.0,1.0
20260529,822732,WSH,SD,0.4824303712014479,0.5168537426860875,v2-backfill,5.0,4.0,1.0
20260529,822894,TEX,KC,0.5895037809909632,0.5346236599828349,v2-backfill,6.0,0.0,1.0
20260529,822978,TB,LAA,0.6202531513569061,0.5685588664076994,v2-backfill,1.0,2.0,0.0
20260529,823055,STL,CHC,0.4741395474748812,0.4932989268629713,v2-backfill,5.0,4.0,1.0
20260529,823135,SEA,AZ,0.5691401308537044,0.5029655042622563,v2-backfill,5.0,1.0,1.0
20260529,823377,PIT,MIN,0.5277920220464061,0.5410878161205711,v2-backfill,4.0,5.0,0.0
20260529,823623,NYM,MIA,0.5373885720929942,0.5496540973736442,v2-backfill,6.0,4.0,1.0
20260529,823946,LAD,PHI,0.4833935355965015,0.5525488282508563,v2-backfill,4.0,0.0,1.0
20260529,824191,HOU,MIL,0.4806448250512679,0.4429740525172788,v2-backfill,4.0,3.0,1.0
20260529,824353,COL,SF,0.4024235790802279,0.4609606140617816,v2-backfill,1.0,3.0,0.0
20260529,824433,CLE,BOS,0.5888569010697413,0.5402093022429217,v2-backfill,4.0,3.0,1.0
20260529,824515,CIN,ATL,0.5260774809793844,0.5288818692883779,v2-backfill,3.0,4.0,0.0
20260529,824594,CWS,DET,0.5099858491266458,0.5072790858052889,v2-backfill,1.0,2.0,0.0
20260529,824835,BAL,TOR,0.5583014877285342,0.4971160061621677,v2-backfill,5.0,0.0,1.0
20260529,825002,ATH,NYY,0.4112752183969284,0.4525301647826943,v2-backfill,1.0,7.0,0.0
20260530,822731,WSH,SD,0.514456744146982,0.5224075377986689,v2-backfill,1.0,3.0,0.0
20260530,822893,TEX,KC,0.566664674513554,0.5399516537419309,v2-backfill,3.0,0.0,1.0
20260530,822975,TB,LAA,0.5775950334529056,0.5621249776639106,v2-backfill,3.0,6.0,0.0
20260530,823132,SEA,AZ,0.6026970506196555,0.5086869859102314,v2-backfill,4.0,0.0,1.0
20260530,823375,PIT,MIN,0.5879572075138986,0.5348943586638244,v2-backfill,8.0,7.0,1.0
20260530,823622,NYM,MIA,0.5529221902459798,0.5547822983310442,v2-backfill,3.0,1.0,1.0
20260530,823945,LAD,PHI,0.4654977955730453,0.5576377091875322,v2-backfill,2.0,1.0,1.0
20260530,824190,HOU,MIL,0.5216822188529916,0.4493125560892552,v2-backfill,6.0,2.0,1.0
20260530,824352,COL,SF,0.4579139112419477,0.455690527313108,v2-backfill,5.0,0.0,1.0
20260530,824513,CIN,ATL,0.5181360597879208,0.5228092369659826,v2-backfill,2.0,3.0,0.0
20260530,824593,CWS,DET,0.4962613067642711,0.5014393298341254,v2-backfill,2.0,1.0,1.0
20260530,824833,BAL,TOR,0.4531521699493308,0.5029056074085974,v2-backfill,1.0,2.0,0.0
20260530,825000,ATH,NYY,0.419174445419374,0.4473724677594097,v2-backfill,2.0,1.0,1.0
20260531,822729,WSH,SD,0.5094668586594082,0.5164022304283542,v2-backfill,3.0,0.0,1.0
20260531,822895,TEX,KC,0.5796037419187708,0.5452096931803874,v2-backfill,6.0,0.0,1.0
20260531,822976,TB,LAA,0.669019371532457,0.5557432783911217,v2-backfill,3.0,1.0,1.0
20260531,823053,STL,CHC,0.5744916126570708,0.4991421297680797,v2-backfill,5.0,0.0,1.0
20260531,823133,SEA,AZ,0.5642639878303684,0.514340376245528,v2-backfill,1.0,0.0,1.0
20260531,823373,PIT,MIN,0.599439776497705,0.5402188221814805,v2-backfill,9.0,0.0,1.0
20260531,823621,NYM,MIA,0.6302140974018222,0.5598406661151805,v2-backfill,5.0,1.0,1.0
20260531,823944,LAD,PHI,0.6983164370417473,0.5626568499817061,v2-backfill,6.0,0.0,1.0
20260531,824187,HOU,MIL,0.2786693777362948,0.4555951631959523,v2-backfill,0.0,2.0,0.0
20260531,824354,COL,SF,0.5105504061018771,0.4619144950854382,v2-backfill,5.0,11.0,0.0
20260531,824430,CLE,BOS,0.5392687056411372,0.5449447895562741,v2-backfill,4.0,3.0,1.0
20260531,824512,CIN,ATL,0.5588636949431798,0.5167996892140936,v2-backfill,4.0,2.0,1.0
20260531,824592,CWS,DET,0.5896230870700102,0.5071787323173222,v2-backfill,0.0,1.0,0.0
20260531,824832,BAL,TOR,0.5558375788549285,0.4971157573350179,v2-backfill,6.0,0.0,1.0
20260531,825001,ATH,NYY,0.37552361028107,0.4536724389160495,v2-backfill,3.0,13.0,0.0
20260601,822730,WSH,MIA,0.5953899210861542,0.5569971799929765,v2-backfill,3.0,1.0,1.0
20260601,822974,TB,DET,0.5872518235288557,0.5387345959190276,v2-backfill,2.0,7.0,0.0
20260601,823050,STL,TEX,0.4242625143539671,0.5104127982065846,v2-backfill,0.0,2.0,0.0
20260601,823702,MIN,CWS,0.6448722679687885,0.5392495371251037,v2-backfill,9.0,4.0,1.0
20260601,823781,MIL,SF,0.5449272843463244,0.5941238311413565,v2-backfill,8.0,2.0,1.0
20260601,824027,LAA,COL,0.6363518097849679,0.5851078689058986,v2-backfill,6.0,3.0,1.0
20260601,824510,CIN,KC,0.4782336748542191,0.5501306765115803,v2-backfill,1.0,6.0,0.0
20260601,825078,AZ,LAD,0.4327218127389456,0.4930699038845161,v2-backfill,0.0,1.0,0.0
20260602,822728,WSH,MIA,0.4966306854814958,0.5620251411336991,v2-backfill,0.0,4.0,0.0
20260602,822971,TB,DET,0.5044505634369242,0.5325637947200809,v2-backfill,0.0,5.0,0.0
20260602,823129,SEA,NYM,0.6259635103812207,0.534229573612051,v2-backfill,7.0,2.0,1.0
20260602,823541,NYY,CLE,0.6842842464229252,0.5712775751327175,v2-backfill,4.0,5.0,0.0
20260602,823700,MIN,CWS,0.4648493009634153,0.5445168511586025,v2-backfill,6.0,3.0,1.0
20260602,823782,MIL,SF,0.6659430547670153,0.5986230151911928,v2-backfill,3.0,0.0,1.0
20260602,824026,LAA,COL,0.6893307427076736,0.5897384254408831,v2-backfill,2.0,8.0,0.0
20260602,824189,HOU,PIT,0.5130764499617566,0.4808336802721911,v2-backfill,4.0,2.0,1.0
20260602,824511,CIN,KC,0.5323770257162748,0.543853093687309,v2-backfill,1.0,3.0,0.0
20260602,824675,CHC,ATH,0.5248839472644911,0.5402844429875121,v2-backfill,1.0,2.0,0.0
20260602,824754,BOS,BAL,0.5265274715608478,0.5388576943977924,v2-backfill,2.0,4.0,0.0
20260602,824918,ATL,TOR,0.5043223104892077,0.5380361978601065,v2-backfill,3.0,2.0,1.0
20260602,825079,AZ,LAD,0.5802431937150263,0.4873954540868068,v2-backfill,2.0,4.0,0.0
20260603,822973,TB,DET,0.6182765147847933,0.5264538608761752,v2-backfill,2.0,6.0,0.0
20260603,823051,STL,TEX,0.4657464885341597,0.5044855953615089,v2-backfill,4.0,1.0,1.0
20260603,823130,SEA,NYM,0.5937775376931878,0.5395627020929401,v2-backfill,1.0,6.0,0.0
20260603,823456,PHI,SD,0.6717887684864955,0.5264208996770762,v2-backfill,1.0,0.0,1.0
20260603,823540,NYY,CLE,0.5966010337906413,0.564822425805687,v2-backfill,2.0,3.0,0.0
20260603,823701,MIN,CWS,0.6657497933644656,0.5497141822604121,v2-backfill,0.0,4.0,0.0
20260603,823780,MIL,SF,0.5050082503151029,0.6030560455445163,v2-backfill,0.0,1.0,0.0
20260603,824024,LAA,COL,0.5620491230676662,0.5831518699280365,v2-backfill,9.0,3.0,1.0
20260603,824188,HOU,PIT,0.3928021916276147,0.4868044723114053,v2-backfill,3.0,4.0,0.0
20260603,824671,CHC,ATH,0.5687402123864713,0.5340986853022678,v2-backfill,4.0,2.0,1.0
20260603,824755,BOS,BAL,0.5625120799403632,0.5326857003545016,v2-backfill,8.0,0.0,1.0
20260603,824917,ATL,TOR,0.5683953735143822,0.5433194996940741,v2-backfill,4.0,2.0,1.0
20260603,825077,AZ,LAD,0.4002340176231408,0.4817894939109933,v2-backfill,0.0,5.0,0.0
20260604,823457,PHI,SD,0.679413112766022,0.531854610032211,v2-backfill,3.0,0.0,1.0
20260604,823698,MIN,KC,0.4788163527381238,0.5366462197757759,v2-backfill,5.0,3.0,1.0
20260604,823779,MIL,SF,0.6025653659607184,0.5963894057728727,v2-backfill,3.0,6.0,0.0
20260604,824185,HOU,PIT,0.4964130353557043,0.4812057229024269,v2-backfill,0.0,1.0,0.0
20260604,824672,CHC,ATH,0.5787089452679937,0.5394335179625478,v2-backfill,0.0,1.0,0.0
20260604,824753,BOS,BAL,0.541474555570173,0.5380388912678814,v2-backfill,0.0,8.0,0.0
20260604,824919,ATL,TOR,0.6705448668560235,0.5485328203407245,v2-backfill,1.0,3.0,0.0
20260604,825076,AZ,LAD,0.453216242516504,0.4762525094689737,v2-backfill,0.0,2.0,0.0
20260605,822810,TOR,BAL,0.5725018100152546,0.5345732461040279,v2-backfill,3.0,1.0,1.0
20260605,822892,TEX,CLE,0.4546865932071357,0.5050106234872795,v2-backfill,0.0,2.0,0.0
20260605,823049,STL,CIN,0.525251368080417,0.5170796849296894,v2-backfill,4.0,3.0,1.0
20260605,823293,SD,NYM,0.5151187897300087,0.5073555745577351,v2-backfill,0.0,4.0,0.0
20260605,823455,PHI,CWS,0.6234317896595839,0.5536136071964098,v2-backfill,6.0,4.0,1.0
20260605,823538,NYY,BOS,0.6073447050978394,0.5959147466083041,v2-backfill,3.0,5.0,0.0
20260605,823699,MIN,KC,0.5773440661641245,0.5419477744430334,v2-backfill,1.0,2.0,0.0
20260605,823860,MIA,TB,0.441512580171316,0.4787501559244537,v2-backfill,0.0,4.0,0.0
20260605,824186,HOU,ATH,0.5260103650460088,0.50254590251284,v2-backfill,5.0,0.0,1.0
20260605,824271,DET,SEA,0.4236218222132316,0.5105285500423126,v2-backfill,3.0,1.0,1.0
20260605,824350,COL,MIL,0.3794794759966085,0.3857662163477737,v2-backfill,3.0,1.0,1.0
20260605,824673,CHC,SF,0.6394267254776792,0.5496593617840694,v2-backfill,0.0,9.0,0.0
20260605,824914,ATL,PIT,0.4758847265188637,0.5055217348340673,v2-backfill,6.0,3.0,1.0
20260605,825073,AZ,WSH,0.4833863410341482,0.5340768879768415,v2-backfill,1.0,7.0,0.0
20260606,822808,TOR,BAL,0.5201444730126309,0.5399018970348587,v2-backfill,6.0,1.0,1.0
20260606,822891,TEX,CLE,0.5475173669239463,0.4991966422527334,v2-backfill,0.0,5.0,0.0
20260606,823048,STL,CIN,0.5549223318685057,0.5226306856910298,v2-backfill,4.0,5.0,0.0
20260606,823454,PHI,CWS,0.5404285778623205,0.558687960183281,v2-backfill,1.0,6.0,0.0
20260606,823859,MIA,TB,0.439733400184882,0.4732510956942526,v2-backfill,2.0,0.0,1.0
20260606,823942,LAD,LAA,0.7389935067492567,0.602036587642771,v2-backfill,9.0,1.0,1.0
20260606,824184,HOU,ATH,0.5635776625706228,0.5082723215569046,v2-backfill,13.0,2.0,1.0
20260606,824269,DET,SEA,0.5351077630079516,0.5161597248431515,v2-backfill,0.0,4.0,0.0
20260606,824351,COL,MIL,0.2078604203487763,0.3924900014089088,v2-backfill,1.0,2.0,0.0
20260606,824915,ATL,PIT,0.483662717271909,0.5112129704147178,v2-backfill,6.0,3.0,1.0
20260606,825075,AZ,WSH,0.582683264338083,0.5279518364997805,v2-backfill,1.0,2.0,0.0
20260607,822807,TOR,BAL,0.6027797395032727,0.5451605942863252,v2-backfill,0.0,4.0,0.0
20260607,822890,TEX,CLE,0.6149819750180062,0.493449802581118,v2-backfill,7.0,0.0,1.0
20260607,823047,STL,CIN,0.5809477332057031,0.516623021725514,v2-backfill,3.0,2.0,1.0
20260607,823291,SD,NYM,0.521719589477115,0.5014975123118146,v2-backfill,2.0,4.0,0.0
20260607,823453,PHI,CWS,0.6475928468833939,0.5523352015741705,v2-backfill,7.0,5.0,1.0
20260607,823537,NYY,BOS,0.6484876605546515,0.5892894660791356,v2-backfill,1.0,0.0,1.0
20260607,823696,MIN,KC,0.5228280889322668,0.5353366523014355,v2-backfill,1.0,5.0,0.0
20260607,823857,MIA,TB,0.4981441848486151,0.4793017894932838,v2-backfill,0.0,1.0,0.0
20260607,823941,LAD,LAA,0.6733319046777798,0.6064191827654294,v2-backfill,1.0,6.0,0.0
20260607,824183,HOU,ATH,0.5681096513281801,0.5139306942935483,v2-backfill,0.0,5.0,0.0
20260607,824349,COL,MIL,0.3772407178870044,0.3881886849467397,v2-backfill,3.0,1.0,1.0
20260607,824916,ATL,PIT,0.5889415601908328,0.5168358523047648,v2-backfill,0.0,2.0,0.0
20260607,825074,AZ,WSH,0.5487953302730719,0.5218887405093475,v2-backfill,4.0,1.0,1.0
20260608,822806,TOR,PHI,0.3897049031936657,0.4992129947683448,v2-backfill,2.0,5.0,0.0
20260608,822972,TB,BOS,0.5118833395885554,0.5463639041836331,v2-backfill,2.0,1.0,1.0
20260608,824025,LAA,HOU,0.5169344286000082,0.5215827271749855,v2-backfill,3.0,1.0,1.0
20260608,824427,CLE,NYY,0.5212183020585713,0.4890920869153146,v2-backfill,3.0,4.0,0.0
20260608,824829,BAL,SEA,0.351033728347845,0.4731592544932525,v2-backfill,1.0,5.0,0.0
20260608,824998,ATH,MIL,0.3729635882390252,0.4710423353121326,v2-backfill,8.0,5.0,1.0
20260609,822805,TOR,PHI,0.5224847225821294,0.4934659641055148,v2-backfill,0.0,1.0,0.0
20260609,822969,TB,BOS,0.5412698265507302,0.5515364776780004,v2-backfill,3.0,1.0,1.0
20260609,823214,SF,WSH,0.5062318602858085,0.5037016111562421,v2-backfill,2.0,3.0,0.0
20260609,823374,PIT,LAD,0.6145947709760116,0.4825907061197914,v2-backfill,2.0,1.0,1.0
20260609,823620,NYM,STL,0.5577885415594207,0.5375194491013252,v2-backfill,0.0,6.0,0.0
20260609,823858,MIA,AZ,0.5198718331195716,0.4762916331578201,v2-backfill,3.0,2.0,1.0
20260609,824023,LAA,HOU,0.4768632545027284,0.5270776116577306,v2-backfill,7.0,0.0,1.0
20260609,824105,KC,TEX,0.4512417334181898,0.5056105731836854,v2-backfill,1.0,2.0,0.0
20260609,824267,DET,MIN,0.443640396063326,0.5346489272629811,v2-backfill,5.0,4.0,1.0
20260609,824347,COL,CHC,0.3837856422061719,0.4334905546873775,v2-backfill,7.0,1.0,1.0
20260609,824591,CWS,ATL,0.5260100876899327,0.486589315924817,v2-backfill,3.0,4.0,0.0
20260609,824830,BAL,SEA,0.4372799235268878,0.4677308947623575,v2-backfill,1.0,3.0,0.0
20260609,824999,ATH,MIL,0.5249233736707821,0.4771157428054701,v2-backfill,6.0,3.0,1.0
20260610,822804,TOR,PHI,0.4039546288581711,0.4877867851309752,v2-backfill,0.0,6.0,0.0
20260610,822970,TB,BOS,0.7270065881160419,0.5566391391225963,v2-backfill,4.0,0.0,1.0
20260610,823215,SF,WSH,0.5312387983764668,0.4979026119803492,v2-backfill,0.0,2.0,0.0
20260610,823372,PIT,LAD,0.4389800628722317,0.4885425663709477,v2-backfill,1.0,2.0,0.0
20260610,823618,NYM,STL,0.507218491593715,0.5313604681016648,v2-backfill,2.0,8.0,0.0
20260610,823856,MIA,AZ,0.5051866151570055,0.4823106421968754,v2-backfill,8.0,0.0,1.0
20260610,824022,LAA,HOU,0.6017707938697119,0.5325029497796905,v2-backfill,2.0,0.0,1.0
20260610,824266,DET,MIN,0.657067055960917,0.5399765916157342,v2-backfill,3.0,4.0,0.0
20260610,824348,COL,CHC,0.4464018562204134,0.4399081034691225,v2-backfill,0.0,1.0,0.0
20260610,824590,CWS,ATL,0.4511893510469394,0.4809931953000027,v2-backfill,2.0,0.0,1.0
20260610,824996,ATH,MIL,0.5082611536280123,0.483126081562487,v2-backfill,0.0,3.0,0.0
20260611,823371,PIT,LAD,0.4947810228942747,0.4829226513277466,v2-backfill,4.0,5.0,0.0
20260611,823855,MIA,AZ,0.525021178743976,0.4882655304501769,v2-backfill,2.0,0.0,1.0
20260611,824101,KC,TEX,0.5583591086502782,0.4997921724247882,v2-backfill,2.0,3.0,0.0
20260611,824265,DET,MIN,0.5422243274839527,0.5337937940848609,v2-backfill,5.0,0.0,1.0
20260611,824346,COL,CHC,0.4413392810760344,0.4349228678832936,v2-backfill,2.0,6.0,0.0
20260611,824827,BAL,SEA,0.4264487994037623,0.4628030843313164,v2-backfill,7.0,5.0,1.0
20260612,822726,WSH,SEA,0.4894117686339659,0.506988283404624,v2-backfill,1.0,8.0,0.0
20260612,822803,TOR,NYY,0.4130832557684482,0.4411472382575938,v2-backfill,7.0,3.0,1.0
20260612,823211,SF,CHC,0.6073631997241329,0.4931096731235308,v2-backfill,0.0,5.0,0.0
20260612,823617,NYM,ATL,0.5169779472199154,0.5189754595913504,v2-backfill,7.0,3.0,1.0
20260612,823695,MIN,STL,0.6004352524363078,0.5106798132356053,v2-backfill,2.0,3.0,0.0
20260612,823778,MIL,PHI,0.689919504667195,0.5429223617297643,v2-backfill,5.0,0.0,1.0
20260612,824020,LAA,TB,0.3261265037936627,0.4924073654082777,v2-backfill,4.0,2.0,1.0
20260612,824102,KC,HOU,0.4661272150629007,0.5312493055305871,v2-backfill,5.0,9.0,0.0
20260612,824425,CLE,DET,0.5190675590058796,0.5341709995473719,v2-backfill,2.0,1.0,1.0
20260612,824507,CIN,AZ,0.5617654941618315,0.5203300461358763,v2-backfill,2.0,1.0,1.0
20260612,824588,CWS,LAD,0.4373998047971255,0.4348338631456132,v2-backfill,8.0,2.0,1.0
20260612,824752,BOS,TEX,0.5110068866807097,0.4894597065143495,v2-backfill,6.0,1.0,1.0
20260612,824826,BAL,SD,0.5002576711440382,0.5033428068798408,v2-backfill,7.0,3.0,1.0
20260612,824997,ATH,COL,0.6217048221210206,0.602846200716932,v2-backfill,2.0,0.0,1.0
20260613,822725,WSH,SEA,0.5168135295266026,0.501151818142764,v2-backfill,5.0,3.0,1.0
20260613,823213,SF,CHC,0.4476707002743138,0.4874347481537689,v2-backfill,1.0,6.0,0.0
20260613,823369,PIT,MIA,0.5481883405906348,0.5675429263664054,v2-backfill,2.0,1.0,1.0
20260613,823616,NYM,ATL,0.5874554326116319,0.524502933571186,v2-backfill,0.0,2.0,0.0
20260613,824019,LAA,TB,0.5095931924069291,0.4982506650326066,v2-backfill,1.0,0.0,1.0
20260613,824426,CLE,DET,0.4756562880887159,0.5395048907440239,v2-backfill,3.0,1.0,1.0
20260613,824587,CWS,LAD,0.4414639485569614,0.4412405569688518,v2-backfill,0.0,4.0,0.0
20260613,824828,BAL,SD,0.4601679086570043,0.5090598422187178,v2-backfill,2.0,6.0,0.0
20260613,824995,ATH,COL,0.5602510321618932,0.6072168043697652,v2-backfill,4.0,5.0,0.0
20260614,822722,WSH,SEA,0.3890287418484343,0.5068945850848429,v2-backfill,6.0,1.0,1.0
20260614,823212,SF,CHC,0.6443049607195842,0.4818283090512881,v2-backfill,3.0,0.0,1.0
20260614,823368,PIT,MIA,0.6658938466004811,0.5724241901717361,v2-backfill,1.0,2.0,0.0
20260614,823615,NYM,ATL,0.5494847598767003,0.5184755982146785,v2-backfill,6.0,1.0,1.0
20260614,823693,MIN,STL,0.5659956170773451,0.504746593031582,v2-backfill,2.0,1.0,1.0
20260614,823777,MIL,PHI,0.5360977973190473,0.547591811456041,v2-backfill,4.0,0.0,1.0
20260614,824099,KC,HOU,0.5487715462127443,0.5248637497939054,v2-backfill,4.0,0.0,1.0
20260614,824506,CIN,AZ,0.5429554315836516,0.525543906275217,v2-backfill,2.0,1.0,1.0
20260614,824586,CWS,LAD,0.3863871214710985,0.436236891668703,v2-backfill,0.0,1.0,0.0
20260614,824751,BOS,TEX,0.4586905928768636,0.4953897829814755,v2-backfill,2.0,6.0,0.0
20260614,824823,BAL,SD,0.5449691788713078,0.5032000222188461,v2-backfill,1.0,2.0,0.0
20260614,824994,ATH,COL,0.6447539918336044,0.6005277951194684,v2-backfill,8.0,14.0,0.0
20260615,822724,WSH,KC,0.5821113564462302,0.5502169651664357,v2-backfill,7.0,3.0,1.0
20260615,822887,TEX,MIN,0.6417373244351456,0.537887118323884,v2-backfill,2.0,3.0,0.0
20260615,823046,STL,SD,0.6284983066019506,0.5350460350750026,v2-backfill,3.0,0.0,1.0
20260615,823452,PHI,MIA,0.6428704728936495,0.5637736683350651,v2-backfill,5.0,0.0,1.0
20260615,824181,HOU,DET,0.4449629593533198,0.4888814441586466,v2-backfill,3.0,6.0,0.0
20260615,824505,CIN,NYM,0.6126552186726567,0.5143029232272976,v2-backfill,9.0,0.0,1.0
20260615,824666,CHC,COL,0.6011104743028848,0.6098063614556872,v2-backfill,1.0,0.0,1.0
20260615,824993,ATH,PIT,0.432200553236465,0.4970672207821486,v2-backfill,6.0,1.0,1.0
20260616,822723,WSH,KC,0.5389931382782015,0.5553375408725416,v2-backfill,3.0,1.0,1.0
20260616,822888,TEX,MIN,0.5389758759406112,0.5317245522124036,v2-backfill,2.0,10.0,0.0
20260616,823045,STL,SD,0.5454590749873629,0.5403685194133132,v2-backfill,3.0,1.0,1.0
20260616,823451,PHI,MIA,0.6349046315217484,0.5687077189564247,v2-backfill,8.0,0.0,1.0
20260616,823535,NYY,CWS,0.5776815483648412,0.6037630176232411,v2-backfill,11.0,1.0,1.0
20260616,823775,MIL,CLE,0.4766381780022893,0.5390280508627557,v2-backfill,1.0,0.0,1.0
20260616,824504,CIN,NYM,0.5786654807098371,0.5198881220920332,v2-backfill,5.0,1.0,1.0
20260616,824667,CHC,COL,0.6548885985082626,0.6140734364060558,v2-backfill,2.0,5.0,0.0
20260616,824750,BOS,TOR,0.4331938596021443,0.5148218147893103,v2-backfill,0.0,3.0,0.0
20260616,824912,ATL,SF,0.5391615832739812,0.5534890604624515,v2-backfill,2.0,5.0,0.0
20260616,824991,ATH,PIT,0.4768177043536165,0.5028573836419835,v2-backfill,4.0,1.0,1.0
20260616,825070,AZ,LAA,0.434761014404185,0.5202020052994,v2-backfill,0.0,5.0,0.0
20260617,822721,WSH,KC,0.6115207877858249,0.5603882997723632,v2-backfill,0.0,4.0,0.0
20260617,823044,STL,SD,0.5795669534250346,0.5456210443388945,v2-backfill,1.0,3.0,0.0
20260617,823127,SEA,BAL,0.6333806581879801,0.5730536525757566,v2-backfill,1.0,2.0,0.0
20260617,823450,PHI,MIA,0.5103974180827777,0.5735725936997954,v2-backfill,4.0,6.0,0.0
20260617,823536,NYY,CWS,0.658827773915646,0.6081200286809344,v2-backfill,9.0,3.0,1.0
20260617,823774,MIL,CLE,0.4966432186512225,0.5442982871223964,v2-backfill,7.0,4.0,1.0
20260617,823940,LAD,TB,0.6248977455347429,0.5717611564144807,v2-backfill,3.0,4.0,0.0
20260617,824178,HOU,DET,0.5021761361385497,0.4834499595633107,v2-backfill,3.0,0.0,1.0
20260617,824503,CIN,NYM,0.5349080162830059,0.5254042187572359,v2-backfill,1.0,7.0,0.0
20260617,824668,CHC,COL,0.6426646741546495,0.607350404101087,v2-backfill,8.0,2.0,1.0
20260617,824746,BOS,TOR,0.459694696094296,0.5088981138894232,v2-backfill,0.0,2.0,0.0
20260617,824913,ATL,SF,0.5997571853011641,0.5471814503188223,v2-backfill,0.0,5.0,0.0
20260617,824992,ATH,PIT,0.3840105776238001,0.5085801382750282,v2-backfill,0.0,7.0,0.0
20260617,825072,AZ,LAA,0.584719355116225,0.5142201264812416,v2-backfill,8.0,1.0,1.0
20260618,822889,TEX,MIN,0.4684081363654023,0.5256230567922197,v2-backfill,0.0,6.0,0.0
20260618,823125,SEA,BAL,0.6611104992360761,0.5665848725098327,v2-backfill,3.0,0.0,1.0
20260618,823772,MIL,CLE,0.5831252691776695,0.5494985404649585,v2-backfill,2.0,1.0,1.0
20260618,824098,KC,STL,0.543188574532294,0.49481502667703,v2-backfill,11.0,4.0,1.0
20260618,824748,BOS,TOR,0.601281483319814,0.5030401099105098,v2-backfill,0.0,2.0,0.0
20260618,824989,ATH,LAA,0.6144490360274808,0.5222984015962756,v2-backfill,5.0,0.0,1.0
20260619,822886,TEX,SD,0.6285114445716377,0.5332878330582583,v2-backfill,7.0,6.0,1.0
20260619,822966,TB,WSH,0.6262864506912134,0.5254749670515979,v2-backfill,4.0,2.0,1.0
20260619,823124,SEA,BOS,0.5073191227790895,0.5704865685045578,v2-backfill,0.0,1.0,0.0
20260619,823534,NYY,CIN,0.6831207220622474,0.5769653837118243,v2-backfill,4.0,0.0,1.0
20260619,823853,MIA,SF,0.4784983078391483,0.5104950490438263,v2-backfill,2.0,1.0,1.0
20260619,823936,LAD,BAL,0.6963456676977302,0.6121703525511725,v2-backfill,3.0,0.0,1.0
20260619,824097,KC,STL,0.5495494096750586,0.5006309974172052,v2-backfill,5.0,2.0,1.0
20260619,824179,HOU,CLE,0.4319145439688723,0.4737272605970347,v2-backfill,2.0,3.0,0.0
20260619,824345,COL,PIT,0.4086551046212682,0.4260555949010123,v2-backfill,2.0,0.0,1.0
20260619,824663,CHC,TOR,0.538826552558577,0.5386608072313592,v2-backfill,7.0,1.0,1.0
20260619,824910,ATL,MIL,0.3352542150325096,0.4686972307078557,v2-backfill,0.0,1.0,0.0
20260619,824990,ATH,LAA,0.5103730015650365,0.5277842938909392,v2-backfill,4.0,10.0,0.0
20260619,825069,AZ,MIN,0.5652525166007206,0.5123137555668776,v2-backfill,5.0,3.0,1.0
20260620,822885,TEX,SD,0.6186477062539614,0.538633209483089,v2-backfill,0.0,1.0,0.0
20260620,822967,TB,WSH,0.5136151087357834,0.5309207082275509,v2-backfill,2.0,3.0,0.0
20260620,823126,SEA,BOS,0.6169438002102677,0.5640375557635213,v2-backfill,1.0,2.0,0.0
20260620,823447,PHI,NYM,0.6240766936610478,0.5303484651227536,v2-backfill,13.0,1.0,1.0
20260620,823532,NYY,CIN,0.6681532110525469,0.5817130791061662,v2-backfill,1.0,6.0,0.0
20260620,823854,MIA,SF,0.5905766519850877,0.5161266292605736,v2-backfill,6.0,2.0,1.0
20260620,823937,LAD,BAL,0.6931250785566108,0.6164020954828915,v2-backfill,0.0,3.0,0.0
20260620,824180,HOU,CLE,0.5237046652392593,0.4682916636345886,v2-backfill,1.0,6.0,0.0
20260620,824342,COL,PIT,0.28318242332975,0.4325311336839747,v2-backfill,2.0,1.0,1.0
20260620,824665,CHC,TOR,0.5438351626449878,0.5439358850944157,v2-backfill,3.0,0.0,1.0
20260620,824909,ATL,MIL,0.5397822884255716,0.4633261415863409,v2-backfill,1.0,0.0,1.0
20260620,824988,ATH,LAA,0.5582204934142635,0.521722920696749,v2-backfill,0.0,2.0,0.0
20260620,825068,AZ,MIN,0.488559331909787,0.5179232584546632,v2-backfill,2.0,16.0,0.0
20260621,822883,TEX,SD,0.6277153500173979,0.5324633913694392,v2-backfill,4.0,3.0,1.0
20260621,822968,TB,WSH,0.5687920085439995,0.5248273308221812,v2-backfill,1.0,2.0,0.0
20260621,823123,SEA,BOS,0.6414750157472641,0.5576400697885788,v2-backfill,2.0,1.0,1.0
20260621,823449,PHI,NYM,0.654006160465024,0.5357318645518035,v2-backfill,6.0,1.0,1.0
20260621,823531,NYY,CIN,0.4215572197956936,0.5751808213746368,v2-backfill,1.0,3.0,0.0
20260621,823852,MIA,SF,0.4483790900153018,0.5216894029884276,v2-backfill,2.0,1.0,1.0
20260621,823934,LAD,BAL,0.7043813142545512,0.6096683258987345,v2-backfill,1.0,6.0,0.0
20260621,824095,KC,STL,0.4897508863251099,0.5063798495903397,v2-backfill,7.0,12.0,0.0
20260621,824177,HOU,CLE,0.5007182835655667,0.4629258162789713,v2-backfill,2.0,1.0,1.0
20260621,824260,DET,CWS,0.5060915838929108,0.555496075103384,v2-backfill,1.0,0.0,1.0
20260621,824343,COL,PIT,0.4479519081529924,0.438956365235772,v2-backfill,1.0,3.0,0.0
20260621,824908,ATL,MIL,0.5345950158249984,0.4694768489123459,v2-backfill,2.0,8.0,0.0
20260621,824987,ATH,LAA,0.4536541854691271,0.515724859247441,v2-backfill,5.0,4.0,1.0
20260621,825067,AZ,MIN,0.5598599632221625,0.5119658443065545,v2-backfill,2.0,0.0,1.0
20260622,822720,WSH,PHI,0.51058890740822,0.515354920710593,v2-backfill,2.0,0.0,1.0
20260622,822800,TOR,HOU,0.5671661660437736,0.5386230064135522,v2-backfill,2.0,1.0,1.0
20260622,822964,TB,KC,0.6079776777402813,0.5517437011209118,v2-backfill,1.0,2.0,0.0
20260622,823040,STL,AZ,0.5628224609178674,0.5294568298811739,v2-backfill,3.0,0.0,1.0
20260622,823288,SD,ATL,0.5083896475777374,0.5088865744367016,v2-backfill,1.0,0.0,1.0
20260622,823851,MIA,TEX,0.4687200680419876,0.4981226874703361,v2-backfill,1.0,2.0,0.0
20260622,824016,LAA,BAL,0.4360500107299351,0.5441618736614116,v2-backfill,0.0,5.0,0.0
20260622,824261,DET,NYY,0.448995111042045,0.4717041925912079,v2-backfill,5.0,1.0,1.0
20260622,824585,CWS,CLE,0.4150836329635027,0.4662714286740754,v2-backfill,2.0,0.0,1.0
20260623,822718,WSH,PHI,0.3779639002998461,0.5209272002788362,v2-backfill,5.0,2.0,1.0
20260623,822799,TOR,HOU,0.5661852611919568,0.5438985823658139,v2-backfill,2.0,4.0,0.0
20260623,822963,TB,KC,0.6551025944604243,0.545451612673932,v2-backfill,1.0,6.0,0.0
20260623,823210,SF,ATH,0.5650427455250632,0.5000621738906919,v2-backfill,2.0,1.0,1.0
20260623,823286,SD,ATL,0.5806802105914728,0.5145375640031206,v2-backfill,5.0,6.0,0.0
20260623,823365,PIT,SEA,0.4466953060091145,0.5177335978639415,v2-backfill,2.0,1.0,1.0
20260623,823614,NYM,CHC,0.4643709692180379,0.508346982943177,v2-backfill,2.0,7.0,0.0
20260623,823690,MIN,LAD,0.4087762723775621,0.4662099084024438,v2-backfill,2.0,5.0,0.0
20260623,823849,MIA,TEX,0.5809450302176732,0.4923884173386245,v2-backfill,6.0,1.0,1.0
20260623,824017,LAA,BAL,0.3963483652423396,0.5379392907844174,v2-backfill,5.0,0.0,1.0
20260623,824262,DET,NYY,0.511457122396463,0.4777708209031232,v2-backfill,2.0,1.0,1.0
20260623,824340,COL,BOS,0.356807608328089,0.4715171451346013,v2-backfill,1.0,3.0,0.0
20260624,822719,WSH,PHI,0.3841319220785802,0.5264303036746735,v2-backfill,2.0,3.0,0.0
20260624,822965,TB,KC,0.550326599359129,0.5392169706620211,v2-backfill,5.0,2.0,1.0
20260624,823041,STL,AZ,0.6321171055034253,0.5344523832504671,v2-backfill,2.0,6.0,0.0
20260624,823284,SD,ATL,0.5027494770178406,0.5086169767064365,v2-backfill,3.0,0.0,1.0
20260624,823367,PIT,SEA,0.5300176875309677,0.523276499750465,v2-backfill,5.0,1.0,1.0
20260624,823691,MIN,LAD,0.5065370520783761,0.4608710602352044,v2-backfill,3.0,4.0,0.0
20260624,823850,MIA,TEX,0.4776260171546407,0.4982319309612454,v2-backfill,2.0,1.0,1.0
20260624,824018,LAA,BAL,0.6457150177684999,0.5432238673483243,v2-backfill,2.0,5.0,0.0
20260624,824341,COL,BOS,0.4413276832074678,0.4661097763275987,v2-backfill,3.0,6.0,0.0
20260624,824500,CIN,MIL,0.4191244161149149,0.4752030363991416,v2-backfill,0.0,3.0,0.0
20260625,822717,WSH,PHI,0.4404193073724218,0.5203829073572037,v2-backfill,5.0,0.0,1.0
20260625,822797,TOR,TEX,0.5097154626739923,0.5091102417493547,v2-backfill,3.0,6.0,0.0
20260625,822961,TB,KC,0.541244721739068,0.5444847144733156,v2-backfill,7.0,0.0,1.0
20260625,823209,SF,ATH,0.6139327114340575,0.5057506889637087,v2-backfill,1.0,2.0,0.0
20260625,823366,PIT,SEA,0.5100843859760077,0.5287500704432551,v2-backfill,3.0,1.0,1.0
20260625,824747,BOS,NYY,0.3624807380621174,0.4488310275698713,v2-backfill,4.0,2.0,1.0
20260626,822796,TOR,TEX,0.4469035728734662,0.5032498560752229,v2-backfill,0.0,5.0,0.0
20260626,822962,TB,AZ,0.5539699594460057,0.5371191501464688,v2-backfill,3.0,1.0,1.0
20260626,823206,SF,ATL,0.4974470078843971,0.4987323541327799,v2-backfill,1.0,3.0,0.0
20260626,823285,SD,LAD,0.4484077428934697,0.4501001690628008,v2-backfill,3.0,1.0,1.0
20260626,823363,PIT,CIN,0.667102209089192,0.533013383821402,v2-backfill,2.0,4.0,0.0
20260626,823688,MIN,COL,0.6634299658942879,0.5977164206182086,v2-backfill,7.0,0.0,1.0
20260626,823773,MIL,CHC,0.7371335257611251,0.5617069473206014,v2-backfill,0.0,1.0,0.0
20260626,824014,LAA,ATH,0.5206633685763415,0.5181933535862014,v2-backfill,3.0,7.0,0.0
20260626,824255,DET,HOU,0.5519612708266832,0.5624170443199716,v2-backfill,8.0,0.0,1.0
20260626,824582,CWS,KC,0.4973430110052437,0.509324036658186,v2-backfill,13.0,1.0,1.0
20260626,824743,BOS,NYY,0.4318379526838102,0.4551179652396738,v2-backfill,4.0,0.0,1.0
20260626,824824,BAL,WSH,0.5277982499437159,0.4768809074565525,v2-backfill,2.0,1.0,1.0
20260627,822794,TOR,TEX,0.640441546673347,0.4974560457098492,v2-backfill,2.0,6.0,0.0
20260627,822960,TB,AZ,0.5792230378615102,0.5424145019453332,v2-backfill,3.0,1.0,1.0
20260627,823038,STL,MIA,0.5779944196776213,0.5419364729552848,v2-backfill,0.0,4.0,0.0
20260627,823207,SF,ATL,0.5687017618524297,0.4929909421617591,v2-backfill,5.0,0.0,1.0
20260627,823609,NYM,PHI,0.4808791671272127,0.5042946319786026,v2-backfill,0.0,2.0,0.0
20260627,823689,MIN,COL,0.5428056014879411,0.6021628111118529,v2-backfill,1.0,3.0,0.0
20260627,824015,LAA,ATH,0.5774215283560425,0.512233026078679,v2-backfill,2.0,1.0,1.0
20260627,824257,DET,HOU,0.5970880074738192,0.5673699991320471,v2-backfill,6.0,4.0,1.0
20260627,824421,CLE,SEA,0.4677217213178033,0.5350668680900856,v2-backfill,4.0,0.0,1.0
20260627,824745,BOS,NYY,0.4356629427388008,0.4613472934424562,v2-backfill,4.0,1.0,1.0
20260627,824825,BAL,WSH,0.4768479680107959,0.4828937204241362,v2-backfill,1.0,2.0,0.0
20260628,822795,TOR,TEX,0.5273122205925254,0.491729603759486,v2-backfill,0.0,1.0,0.0
20260628,822959,TB,AZ,0.688668040549059,0.5476398765840976,v2-backfill,4.0,0.0,1.0
20260628,823037,STL,MIA,0.5768306230595358,0.5357349212413749,v2-backfill,2.0,1.0,1.0
20260628,823281,SD,LAD,0.4630363540625051,0.4568741273818557,v2-backfill,1.0,4.0,0.0
20260628,823362,PIT,CIN,0.5656850424199493,0.5265901455784661,v2-backfill,5.0,4.0,1.0
20260628,823608,NYM,PHI,0.4211616984936522,0.4984888356869871,v2-backfill,1.0,3.0,0.0
20260628,823686,MIN,COL,0.6559071385040228,0.5955011408311662,v2-backfill,2.0,1.0,1.0
20260628,823769,MIL,CHC,0.6949944504325932,0.5546994450765471,v2-backfill,1.0,0.0,1.0
20260628,824011,LAA,ATH,0.4911178293155566,0.5178435118740364,v2-backfill,4.0,1.0,1.0
20260628,824256,DET,HOU,0.5586245276441035,0.5722536930401343,v2-backfill,3.0,0.0,1.0
20260628,824422,CLE,SEA,0.602945787175999,0.540389080521196,v2-backfill,1.0,3.0,0.0
20260628,824580,CWS,KC,0.5808170110511227,0.5147975652512093,v2-backfill,4.0,5.0,0.0
20260628,824744,BOS,NYY,0.4885955742984053,0.4675173006523704,v2-backfill,2.0,0.0,1.0
20260628,824821,BAL,WSH,0.6181308616232333,0.4773430487086458,v2-backfill,2.0,5.0,0.0
20260629,822792,TOR,NYM,0.4408179398136471,0.5036648759328385,v2-backfill,2.0,0.0,1.0
20260629,823121,SEA,LAA,0.6677129851331273,0.533825351100831,v2-backfill,3.0,2.0,1.0
20260629,823444,PHI,PIT,0.4547185967961917,0.52588815109845,v2-backfill,5.0,8.0,0.0
20260629,823529,NYY,DET,0.5409563183541343,0.5395517509219431,v2-backfill,0.0,7.0,0.0
20260629,823771,MIL,CIN,0.5385774872532829,0.5714821718296925,v2-backfill,0.0,3.0,0.0
20260629,824176,HOU,MIN,0.4953739020811669,0.4902137421601341,v2-backfill,1.0,2.0,0.0
20260629,824339,COL,MIA,0.3257109707792532,0.4548985259934119,v2-backfill,5.0,6.0,0.0
20260629,824420,CLE,TEX,0.5680159246824106,0.5296519826486695,v2-backfill,2.0,1.0,1.0
20260629,824741,BOS,WSH,0.6345836296441407,0.4886298999019956,v2-backfill,6.0,1.0,1.0
20260629,824986,ATH,LAD,0.5238839315199734,0.454362857852162,v2-backfill,3.0,5.0,0.0
20260629,825065,AZ,SF,0.5182578578462196,0.536368068918908,v2-backfill,4.0,1.0,1.0
20260630,822793,TOR,NYM,0.5279795953465717,0.5093781108970906,v2-backfill,0.0,1.0,0.0
20260630,823445,PHI,PIT,0.6445688158704481,0.5198463782006332,v2-backfill,2.0,0.0,1.0
20260630,823528,NYY,DET,0.5515885375625063,0.5333730471852907,v2-backfill,1.0,6.0,0.0
20260630,823768,MIL,CIN,0.6188662358923528,0.5650254418487058,v2-backfill,6.0,1.0,1.0
20260630,824096,KC,TB,0.4729058838878647,0.4856528511925178,v2-backfill,3.0,8.0,0.0
20260630,824175,HOU,MIN,0.3912172524359337,0.484573595520695,v2-backfill,6.0,4.0,1.0
20260630,824338,COL,MIA,0.4330501175752106,0.4497090190840017,v2-backfill,1.0,5.0,0.0
20260630,824661,CHC,SD,0.6210776479130479,0.5505927768223273,v2-backfill,8.0,3.0,1.0
20260630,824819,BAL,CWS,0.4912295872971266,0.5238991809142539,v2-backfill,3.0,9.0,0.0
20260630,824907,ATL,STL,0.5285191952775729,0.5155031547085748,v2-backfill,1.0,4.0,0.0
20260630,824984,ATH,LAD,0.426213290950574,0.4491805297359958,v2-backfill,1.0,5.0,0.0
20260630,825066,AZ,SF,0.4910334950810509,0.541673268118323,v2-backfill,6.0,0.0,1.0
20260701,822791,TOR,NYM,0.434553826525195,0.5035147207391437,v2-backfill,5.0,0.0,1.0
20260701,823446,PHI,PIT,0.4904503161029341,0.5253629959678384,v2-backfill,8.0,4.0,1.0
20260701,823530,NYY,DET,0.62083906367719,0.5272550124865346,v2-backfill,0.0,1.0,0.0
20260701,824094,KC,TB,0.4545359134789367,0.4800681945377524,v2-backfill,0.0,2.0,0.0
20260701,824174,HOU,MIN,0.4932556650091124,0.4905039057284428,v2-backfill,1.0,7.0,0.0
20260701,824337,COL,MIA,0.414464365747017,0.4445894468158622,v2-backfill,5.0,2.0,1.0
20260701,824419,CLE,TEX,0.537175994604052,0.5346428419230721,v2-backfill,5.0,1.0,1.0
20260701,824660,CHC,SD,0.5625274616452055,0.5557082558512966,v2-backfill,13.0,2.0,1.0
20260701,824740,BOS,WSH,0.5506883672898077,0.4945786600667498,v2-backfill,0.0,7.0,0.0
20260701,824818,BAL,CWS,0.6223680703963675,0.517878169347132,v2-backfill,4.0,1.0,1.0
20260701,824905,ATL,STL,0.5511434698203255,0.5095720067623764,v2-backfill,2.0,1.0,1.0
20260701,824985,ATH,LAD,0.6285216868014767,0.4440681271980269,v2-backfill,6.0,1.0,1.0
20260701,825064,AZ,SF,0.5357189816495247,0.5469084951998994,v2-backfill,0.0,3.0,0.0
20260702,822884,TEX,DET,0.5355032730067618,0.4979248985995122,v2-backfill,5.0,3.0,1.0
20260702,823765,MIL,CIN,0.6657865299134745,0.5691523466953661,v2-backfill,1.0,5.0,0.0
20260702,823935,LAD,SD,0.6106692020774336,0.5972622660414738,v2-backfill,10.0,6.0,1.0
20260702,824093,KC,TB,0.4671924488913843,0.4745526432593843,v2-backfill,1.0,5.0,0.0
20260702,824335,COL,MIA,0.4866051304989493,0.4509139341626993,v2-backfill,5.0,4.0,1.0
20260702,824416,CLE,CWS,0.5199542885815462,0.5740200037677952,v2-backfill,2.0,3.0,0.0
20260702,824906,ATL,STL,0.4686712476211144,0.5152147386548246,v2-backfill,5.0,3.0,1.0
20260703,822714,WSH,PIT,0.5489003154507562,0.5290898328858481,v2-backfill,5.0,1.0,1.0
20260703,823120,SEA,TOR,0.4438697199828442,0.5518026072053488,v2-backfill,0.0,2.0,0.0
20260703,823527,NYY,MIN,0.642733238891665,0.5522796400751625,v2-backfill,3.0,2.0,1.0
20260703,823933,LAD,SD,0.6862031784643247,0.6017153436274352,v2-backfill,0.0,2.0,0.0
20260703,824013,LAA,BOS,0.5456793581619057,0.5230187961600705,v2-backfill,0.0,5.0,0.0
20260703,824336,COL,SF,0.3537515420680411,0.4674014650541927,v2-backfill,14.0,2.0,1.0
20260703,824417,CLE,CWS,0.6234888517640573,0.5675438937608631,v2-backfill,1.0,3.0,0.0
20260703,824498,CIN,BAL,0.530299891711444,0.5600433370759964,v2-backfill,0.0,3.0,0.0
20260703,824659,CHC,STL,0.5082562668623964,0.5461707986387444,v2-backfill,0.0,14.0,0.0
20260703,824904,ATL,NYM,0.49778196050152,0.5296456322821846,v2-backfill,4.0,2.0,1.0
20260703,824982,ATH,MIA,0.5481751269825331,0.5304324746434811,v2-backfill,5.0,7.0,0.0
20260704,822716,WSH,PIT,0.361087339823309,0.5344894173347825,v2-backfill,1.0,5.0,0.0
20260704,822882,TEX,DET,0.4509922200466126,0.5037051720824671,v2-backfill,0.0,3.0,0.0
20260704,823118,SEA,TOR,0.6801462691415912,0.5455099919428048,v2-backfill,7.0,0.0,1.0
20260704,823526,NYY,MIN,0.5120444520770734,0.5573721883719263,v2-backfill,4.0,6.0,0.0
20260704,823932,LAD,SD,0.6884859313261351,0.5950561848859577,v2-backfill,1.0,0.0,1.0
20260704,824012,LAA,BOS,0.3977944479555124,0.5170070395624148,v2-backfill,1.0,7.0,0.0
20260704,824092,KC,PHI,0.4048755522897305,0.4724281019687454,v2-backfill,1.0,3.0,0.0
20260704,824171,HOU,TB,0.465680902611914,0.4558387293943119,v2-backfill,5.0,7.0,0.0
20260704,824334,COL,SF,0.4017923288437545,0.4735117473856406,v2-backfill,3.0,6.0,0.0
20260704,824499,CIN,BAL,0.634218130759915,0.5536790787124726,v2-backfill,4.0,8.0,0.0
20260704,824658,CHC,STL,0.5515932637512312,0.5399294737663146,v2-backfill,0.0,2.0,0.0
20260704,824903,ATL,NYM,0.6250360262791155,0.5350380767778641,v2-backfill,6.0,1.0,1.0
20260704,824983,ATH,MIA,0.4785005277597878,0.5243440448068675,v2-backfill,0.0,4.0,0.0
20260704,825063,AZ,MIL,0.3627640716933527,0.4591204955433558,v2-backfill,3.0,2.0,1.0
20260705,822879,TEX,DET,0.461219201129957,0.4979061320434243,v2-backfill,2.0,6.0,0.0
20260705,823117,SEA,TOR,0.6216784530383725,0.5506940249150658,v2-backfill,3.0,0.0,1.0
20260705,823525,NYY,MIN,0.5052817036316688,0.5510307012029192,v2-backfill,0.0,4.0,0.0
20260705,823931,LAD,SD,0.6871153882329974,0.5995416911563276,v2-backfill,0.0,1.0,0.0
20260705,824010,LAA,BOS,0.3764608802541907,0.5110595352479519,v2-backfill,3.0,5.0,0.0
20260705,824091,KC,PHI,0.4182431897610952,0.4670090760420727,v2-backfill,3.0,1.0,1.0
20260705,824172,HOU,TB,0.5242427729358627,0.4506366449149524,v2-backfill,1.0,0.0,1.0
20260705,824333,COL,SF,0.5259929060855817,0.4680788949467159,v2-backfill,4.0,5.0,0.0
20260705,824497,CIN,BAL,0.5574606178773862,0.5473697896897202,v2-backfill,2.0,0.0,1.0
20260705,824656,CHC,STL,0.5065284331515265,0.5337471297676996,v2-backfill,2.0,0.0,1.0
20260705,824902,ATL,NYM,0.5014069565721082,0.5403606649817912,v2-backfill,3.0,5.0,0.0
20260705,824980,ATH,MIA,0.5018828892746435,0.5183183718461591,v2-backfill,0.0,6.0,0.0
20260705,825061,AZ,MIL,0.459871581761372,0.4653119599667037,v2-backfill,1.0,0.0,1.0
20260706,822712,WSH,HOU,0.5325388832599223,0.5812092686949138,v2-backfill,12.0,6.0,1.0
20260706,822958,TB,NYY,0.4679993360213108,0.5233393243928212,v2-backfill,1.0,3.0,0.0
20260706,823036,STL,MIL,0.4762349950332931,0.4777385851098388,v2-backfill,2.0,0.0,1.0
20260706,823205,SF,TOR,0.5188683089335316,0.5188571760570435,v2-backfill,3.0,0.0,1.0
20260706,823282,SD,AZ,0.5338766768687154,0.5118409891253569,v2-backfill,0.0,7.0,0.0
20260706,823930,LAD,COL,0.5931069737744912,0.6605369438142535,v2-backfill,6.0,2.0,1.0
20260706,824089,KC,PHI,0.4005455218363681,0.4731232899921612,v2-backfill,10.0,1.0,1.0
20260706,824900,ATL,NYM,0.5451971673629133,0.5341741752033083,v2-backfill,3.0,1.0,1.0
20260707,822713,WSH,HOU,0.5975673118758746,0.5858960990791662,v2-backfill,2.0,4.0,0.0
20260707,822956,TB,NYY,0.5186828675544305,0.517324193651239,v2-backfill,6.0,3.0,1.0
20260707,823035,STL,MIL,0.4962082442628405,0.4837423479404555,v2-backfill,0.0,3.0,0.0
20260707,823062,STL,MIL,0.3773442603311098,0.4781811905414131,v2-backfill,3.0,2.0,1.0
20260707,823203,SF,TOR,0.5229698240338702,0.524386122148044,v2-backfill,3.0,8.0,0.0
20260707,823280,SD,AZ,0.4714581340481203,0.5059501354279741,v2-backfill,4.0,1.0,1.0
20260707,823361,PIT,ATL,0.690642428754753,0.5340182756404832,v2-backfill,7.0,2.0,1.0
20260707,823687,MIN,CLE,0.5419209451436885,0.5065934893009885,v2-backfill,2.0,1.0,1.0
20260707,823847,MIA,SEA,0.4347452075406899,0.5013905851435739,v2-backfill,4.0,2.0,1.0
20260707,823929,LAD,COL,0.7003842244962416,0.6640334189690046,v2-backfill,2.0,0.0,1.0
20260707,824254,DET,ATH,0.6750890702060662,0.5721633299903175,v2-backfill,2.0,1.0,1.0
20260707,824495,CIN,PHI,0.4176095952485389,0.508531609560454,v2-backfill,0.0,3.0,0.0
20260707,824579,CWS,BOS,0.4307195938880318,0.5007753788448341,v2-backfill,0.0,4.0,0.0
20260707,824820,BAL,CHC,0.4878105885293472,0.4779125398878013,v2-backfill,0.0,3.0,0.0
20260708,822710,WSH,HOU,0.5881584567732173,0.5793349862906716,v2-backfill,8.0,1.0,1.0
20260708,822880,TEX,LAA,0.6242174753582225,0.540980484842666,v2-backfill,0.0,7.0,0.0
20260708,822957,TB,NYY,0.5374591143890032,0.5228721681229895,v2-backfill,2.0,0.0,1.0
20260708,823032,STL,MIL,0.4075459999056768,0.4841802683096807,v2-backfill,3.0,0.0,1.0
20260708,823202,SF,TOR,0.4996837229924033,0.5183600088201299,v2-backfill,0.0,5.0,0.0
20260708,823279,SD,AZ,0.6142952336004042,0.5116362741347286,v2-backfill,4.0,1.0,1.0
20260708,823605,NYM,KC,0.5467573886165036,0.5281673393227286,v2-backfill,1.0,0.0,1.0
20260708,823848,MIA,SEA,0.4353934251621845,0.5071305582963178,v2-backfill,2.0,0.0,1.0
20260708,824253,DET,ATH,0.6076230290713902,0.576979376171246,v2-backfill,6.0,1.0,1.0
20260708,824496,CIN,PHI,0.6199265158362727,0.5026777255899261,v2-backfill,7.0,3.0,1.0
20260708,824578,CWS,BOS,0.5586056314047669,0.4950101555181346,v2-backfill,0.0,5.0,0.0
20260708,824815,BAL,CHC,0.542622243235373,0.4724239951180044,v2-backfill,3.0,4.0,0.0
20260709,822877,TEX,LAA,0.5658969133370119,0.5347880539784873,v2-backfill,5.0,1.0,1.0
20260709,822954,TB,NYY,0.6320890302748462,0.5283508368768846,v2-backfill,3.0,7.0,0.0
20260709,823034,STL,MIL,0.4953016170457018,0.4901148686642957,v2-backfill,1.0,6.0,0.0
20260709,823201,SF,COL,0.4927459244247655,0.5795369198895886,v2-backfill,4.0,2.0,1.0
20260709,823277,SD,AZ,0.5500849992564444,0.5172540171558421,v2-backfill,1.0,2.0,0.0
20260709,823359,PIT,ATL,0.5899976848330765,0.5389038483329094,v2-backfill,4.0,6.0,0.0
20260709,823606,NYM,KC,0.5711190145886345,0.5335787491448923,v2-backfill,6.0,2.0,1.0
20260709,823846,MIA,SEA,0.4736054958830413,0.512802611888718,v2-backfill,6.0,2.0,1.0
20260709,824251,DET,ATH,0.6182281827390593,0.5817268715830194,v2-backfill,3.0,1.0,1.0
20260709,824577,CWS,BOS,0.5684501619639121,0.4893126029023376,v2-backfill,1.0,2.0,0.0
20260709,824816,BAL,CHC,0.5137377887126938,0.4670050216754457,v2-backfill,1.0,0.0,1.0
20260710,822709,WSH,NYY,0.3947174677386678,0.5198380550270371,v2-backfill,1.0,2.0,0.0
20260710,822878,TEX,HOU,0.4772724187229656,0.562697583967942,v2-backfill,3.0,0.0,1.0
20260710,822955,TB,SEA,0.5273512336137309,0.5458170707816653,v2-backfill,4.0,1.0,1.0
20260710,823033,STL,ATL,0.4356738895540946,0.5236952649957797,v2-backfill,0.0,1.0,0.0
20260710,823278,SD,TOR,0.5368789162523302,0.5288277759933092,v2-backfill,2.0,5.0,0.0
20260710,823604,NYM,BOS,0.5090226027181902,0.5045535252328127,v2-backfill,1.0,2.0,0.0
20260710,823685,MIN,LAA,0.5782209079201306,0.5425527054975997,v2-backfill,1.0,4.0,0.0
20260710,823845,MIA,CLE,0.4709263731032561,0.5062807774123349,v2-backfill,0.0,3.0,0.0
20260710,823927,LAD,AZ,0.5799343448711568,0.5860337635499057,v2-backfill,2.0,6.0,0.0
20260710,824493,CIN,CHC,0.5667390712285559,0.5065191241893122,v2-backfill,1.0,0.0,1.0
20260710,824575,CWS,ATH,0.668337622458532,0.5176419202028503,v2-backfill,4.0,0.0,1.0
20260710,824817,BAL,KC,0.5624758323267415,0.5226383748492069,v2-backfill,3.0,2.0,1.0
20260711,822711,WSH,NYY,0.3578492568559285,0.5138600660469609,v2-backfill,2.0,0.0,1.0
20260711,822875,TEX,HOU,0.5939459032709232,0.5676466337149293,v2-backfill,1.0,7.0,0.0
20260711,822953,TB,SEA,0.5449602597256388,0.5509969854818302,v2-backfill,2.0,1.0,1.0
20260711,823030,STL,ATL,0.530012845030955,0.5176763935249841,v2-backfill,4.0,0.0,1.0
20260711,823276,SD,TOR,0.5545221509395549,0.5227556970773292,v2-backfill,7.0,4.0,1.0
20260711,823357,PIT,MIL,0.6012195492219197,0.4936109412571795,v2-backfill,3.0,5.0,0.0
20260711,823603,NYM,BOS,0.6032027967848234,0.4987447666343239,v2-backfill,0.0,2.0,0.0
20260711,823682,MIN,LAA,0.7188874557150216,0.5363453018713548,v2-backfill,3.0,2.0,1.0
20260711,823844,MIA,CLE,0.5780158349126384,0.5004523348190426,v2-backfill,0.0,2.0,0.0
20260711,823926,LAD,AZ,0.6616781653084681,0.579471721517986,v2-backfill,0.0,1.0,0.0
20260711,824249,DET,PHI,0.5212531357155158,0.5394412186618265,v2-backfill,1.0,4.0,0.0
20260711,824492,CIN,CHC,0.5856286922544491,0.512198481085591,v2-backfill,2.0,1.0,1.0
20260711,824813,BAL,KC,0.555437354824955,0.5281199885275177,v2-backfill,4.0,0.0,1.0
20260712,822708,WSH,NYY,0.5499626370340275,0.5194506899536172,v2-backfill,1.0,2.0,0.0
20260712,822876,TEX,HOU,0.6988696668853936,0.5612199850887609,v2-backfill,4.0,1.0,1.0
20260712,822951,TB,SEA,0.5926024259597289,0.5561069778211053,v2-backfill,0.0,7.0,0.0
20260712,823029,STL,ATL,0.661923691812635,0.5232200045870138,v2-backfill,1.0,2.0,0.0
20260712,823358,PIT,MIL,0.6376315075687387,0.487930032868533,v2-backfill,14.0,2.0,1.0
20260712,823602,NYM,BOS,0.4348454397474796,0.4930032094312363,v2-backfill,1.0,0.0,1.0
20260712,823681,MIN,LAA,0.5928294022327044,0.5416507992612354,v2-backfill,3.0,1.0,1.0
20260712,823842,MIA,CLE,0.4578518275146646,0.4946908640573525,v2-backfill,1.0,3.0,0.0
20260712,823925,LAD,AZ,0.7182645809036151,0.572955414054179,v2-backfill,3.0,2.0,1.0
20260712,824250,DET,PHI,0.5818435039389758,0.5332635816781002,v2-backfill,0.0,1.0,0.0
20260712,824574,CWS,ATH,0.5100653585287876,0.5229195878050216,v2-backfill,9.0,1.0,1.0
20260716,823440,PHI,NYM,0.5945651383456698,0.5609052579829276,v2-backfill,0.0,1.0,0.0
20260717,822789,TOR,CWS,0.5268939998917512,0.5260778331135005,v2-backfill,3.0,8.0,0.0
20260717,823115,SEA,SF,0.5953648646512959,0.550332452043512,v2-backfill,0.0,2.0,0.0
20260717,823524,NYY,LAD,0.5385337839229793,0.4925145173487936,v2-backfill,1.0,0.0,1.0
20260717,824009,LAA,DET,0.4977581815237448,0.4698367334046212,v2-backfill,1.0,0.0,1.0
20260717,824090,KC,SD,0.4866521313072561,0.5035206402334755,v2-backfill,1.0,2.0,0.0
20260717,824170,HOU,BAL,0.4953027232059072,0.5008061054857761,v2-backfill,2.0,1.0,1.0
20260717,824655,CHC,MIN,0.505088845866753,0.5321409553764602,v2-backfill,1.0,4.0,0.0
20260717,824737,BOS,TB,0.4437921444664889,0.5038406950305774,v2-backfill,5.0,3.0,1.0
20260717,824766,BOS,TB,0.4686907475113759,0.509551853425969,v2-backfill,3.0,0.0,1.0
20260717,824901,ATL,TEX,0.6354616147531501,0.5250899923941209,v2-backfill,8.0,0.0,1.0
20260717,824981,ATH,WSH,0.354191919707762,0.4692933952953056,v2-backfill,2.0,8.0,0.0
20260717,825060,AZ,STL,0.4705837952654322,0.5196608652748314,v2-backfill,2.0,3.0,0.0
20260718,822790,TOR,CWS,0.4918643326858402,0.5200340910134633,v2-backfill,1.0,0.0,1.0
20260718,823116,SEA,SF,0.6086064958740601,0.5440530462798905,v2-backfill,0.0,1.0,0.0
20260718,823441,PHI,NYM,0.6317202361397789,0.5545337455012901,v2-backfill,4.0,1.0,1.0
20260718,823763,MIL,MIA,0.5839176223535065,0.5732509912951892,v2-backfill,2.0,3.0,0.0
20260718,824008,LAA,DET,0.384349094208349,0.4759224297435072,v2-backfill,0.0,7.0,0.0
20260718,824088,KC,SD,0.4913541416516686,0.497723718544274,v2-backfill,4.0,1.0,1.0
20260718,824169,HOU,BAL,0.5291662784803909,0.5065529130636675,v2-backfill,0.0,1.0,0.0
20260718,824331,COL,CIN,0.4581949056561544,0.4203409687931897,v2-backfill,8.0,2.0,1.0
20260718,824412,CLE,PIT,0.4868255666684915,0.52886154237408,v2-backfill,0.0,3.0,0.0
20260718,824414,CLE,PIT,0.5719566678752563,0.522789117989863,v2-backfill,1.0,2.0,0.0
20260718,824657,CHC,MIN,0.5384827351979998,0.5260352683570995,v2-backfill,5.0,1.0,1.0
20260718,824738,BOS,TB,0.4705710297246471,0.5151948283979494,v2-backfill,3.0,5.0,0.0
20260718,824899,ATL,TEX,0.5098450934999127,0.5305406201468487,v2-backfill,5.0,3.0,1.0
20260718,824979,ATH,WSH,0.5169815538002286,0.4639146118881268,v2-backfill,6.0,0.0,1.0
20260718,825059,AZ,STL,0.5065352116735826,0.5136847724893111,v2-backfill,5.0,0.0,1.0
20260719,822786,TOR,CWS,0.4397991889533065,0.5255483649620291,v2-backfill,0.0,1.0,0.0
20260719,823439,PHI,NYM,0.4698408668707374,0.5595955163952367,v2-backfill,0.0,5.0,0.0
20260719,823521,NYY,LAD,0.5165782069613061,0.49835660648786,v2-backfill,1.0,0.0,1.0
20260719,823523,NYY,LAD,0.5490762623407462,0.5041318895099864,v2-backfill,1.0,3.0,0.0
20260719,823764,MIL,MIA,0.5233614151594005,0.5667807094166578,v2-backfill,0.0,1.0,0.0
20260719,824007,LAA,DET,0.3548501971928518,0.4704589780451125,v2-backfill,2.0,1.0,1.0
20260719,824086,KC,SD,0.6219149067797685,0.5035063147310177,v2-backfill,2.0,7.0,0.0
20260719,824168,HOU,BAL,0.5765318427081001,0.5007213818516029,v2-backfill,1.0,4.0,0.0
20260719,824330,COL,CIN,0.3553528872531549,0.4268586221721131,v2-backfill,1.0,9.0,0.0
20260719,824411,CLE,PIT,0.4397879254060452,0.5167797824193735,v2-backfill,1.0,2.0,0.0
20260719,824653,CHC,MIN,0.5639138471440712,0.5314738874417904,v2-backfill,10.0,0.0,1.0
20260719,824739,BOS,TB,0.5418850642222925,0.5092670476303431,v2-backfill,6.0,1.0,1.0
20260719,824897,ATL,TEX,0.4654420117134922,0.5359215434941705,v2-backfill,4.0,3.0,1.0
20260719,824978,ATH,WSH,0.4294990532045942,0.4700595380500943,v2-backfill,1.0,5.0,0.0
20260719,825057,AZ,STL,0.5223509426380153,0.519277541529444,v2-backfill,0.0,7.0,0.0
20260720,822788,TOR,TB,0.6042154067531844,0.475247000342909,v2-backfill,1.0,4.0,0.0
20260720,822874,TEX,CWS,0.6673498408181506,0.5387359751059705,v2-backfill,2.0,5.0,0.0
20260720,823112,SEA,CIN,0.5837802469806153,0.503066369940315,v2-backfill,1.0,0.0,1.0
20260720,823436,PHI,LAD,0.5580666236325098,0.4901913840953296,v2-backfill,4.0,1.0,1.0
20260720,823522,NYY,PIT,0.5019616637331263,0.5287956109654263,v2-backfill,8.0,5.0,1.0
20260720,823762,MIL,NYM,0.6998594049370884,0.5656985574508325,v2-backfill,5.0,1.0,1.0
20260720,824006,LAA,STL,0.5043708167132142,0.500042197122031,v2-backfill,1.0,2.0,0.0
20260720,824087,KC,SF,0.5316503141406808,0.5091147285953919,v2-backfill,3.0,1.0,1.0
20260720,824167,HOU,MIA,0.4958486464948887,0.4803646446567042,v2-backfill,7.0,4.0,1.0
20260720,824410,CLE,MIN,0.4445070367327658,0.5309325865547269,v2-backfill,9.0,2.0,1.0
20260720,824654,CHC,DET,0.4128607574148559,0.51155703443658,v2-backfill,3.0,4.0,0.0
20260720,824736,BOS,BAL,0.5318217715923553,0.5549419511435717,v2-backfill,3.0,2.0,1.0
20260720,824898,ATL,SD,0.5728649776314407,0.5479221877202641,v2-backfill,2.0,1.0,1.0
20260720,825058,AZ,ATH,0.5006394964677369,0.5532263046074829,v2-backfill,0.0,2.0,0.0
20260721,822787,TOR,TB,0.4904977110432533,0.4697920996908478,v2-backfill,0.0,8.0,0.0
20260721,822871,TEX,CWS,0.5976510450188107,0.532565160537799,v2-backfill,9.0,0.0,1.0
20260721,823114,SEA,CIN,0.5265638528879194,0.5087866635555347,v2-backfill,0.0,3.0,0.0
20260721,823437,PHI,LAD,0.6020517495204979,0.4960595957443578,v2-backfill,1.0,2.0,0.0
20260721,823760,MIL,NYM,0.6190407477532998,0.5706056986747573,v2-backfill,0.0,3.0,0.0
20260721,824005,LAA,STL,0.4729086620282274,0.4942854974103837,v2-backfill,5.0,1.0,1.0
20260721,824085,KC,SF,0.4854172712161466,0.5147629717131098,v2-backfill,1.0,2.0,0.0
20260721,824165,HOU,MIA,0.5096008833143408,0.4863404643175014,v2-backfill,5.0,1.0,1.0
20260721,824652,CHC,DET,0.5085324488825955,0.505669332263899,v2-backfill,9.0,0.0,1.0
20260721,824895,ATL,SD,0.5958618277922072,0.5530737886325089,v2-backfill,2.0,5.0,0.0
20260721,825056,AZ,ATH,0.5565370196916704,0.546921019564858,v2-backfill,3.0,1.0,1.0
20260722,822873,TEX,CWS,0.5946529729143128,0.5379199142534495,v2-backfill,2.0,3.0,0.0
20260722,823110,SEA,CIN,0.5572624472917677,0.5029299117565746,v2-backfill,3.0,2.0,1.0
20260722,823518,NYY,PIT,0.6156874995686089,0.534198970450072,v2-backfill,0.0,2.0,0.0
20260722,823761,MIL,NYM,0.6221529843245344,0.5641557591398528,v2-backfill,3.0,2.0,1.0
20260722,824327,COL,WSH,0.3640960100838704,0.4132898280442515,v2-backfill,0.0,1.0,0.0
20260722,824408,CLE,MIN,0.5411244572723087,0.5358926175023866,v2-backfill,4.0,7.0,0.0
20260722,824650,CHC,DET,0.5333628782896342,0.5113588127113955,v2-backfill,1.0,4.0,0.0
20260722,824732,BOS,BAL,0.4918491891119729,0.5599981320344355,v2-backfill,1.0,4.0,0.0
20260722,824735,BOS,BAL,0.5502614449584876,0.5536342553926338,v2-backfill,6.0,2.0,1.0
20260722,824896,ATL,SD,0.5100903099028232,0.5467698550819188,v2-backfill,1.0,0.0,1.0
20260722,825055,AZ,ATH,0.5336250420643381,0.5520861039062794,v2-backfill,9.0,2.0,1.0
20260723,822785,TOR,TB,0.5119018867108448,0.4648146177859154,v2-backfill,2.0,1.0,1.0
20260723,824406,CLE,MIN,0.5890934232573863,0.5297495892728206,v2-backfill,1.0,0.0,1.0
20260723,824893,ATL,SD,0.6916291091106379,0.5519369724733568,v2-backfill,5.0,3.0,1.0
20260724,822707,WSH,AZ,0.5141768224654468,0.5459514525990332,v2,,,
20260724,822872,TEX,SEA,0.5065339869261738,0.5175472925664659,v2,,,
20260724,822952,TB,CLE,0.5532681935027732,0.5306603084083931,v2,,,
20260724,823031,STL,CIN,0.5744273958280955,0.5185262534073385,v2,,,
20260724,823196,SF,LAA,0.5729787657831756,0.5146944732477602,v2,,,
20260724,823352,PIT,CHC,0.5495175254335398,0.529930686238195,v2,,,
20260724,823434,PHI,NYY,0.6189478003986127,0.5141040906846744,v2,,,
20260724,823601,NYM,LAD,0.545974551132921,0.4568572376263333,v2,,,
20260724,823680,MIN,ATH,0.5931186618656036,0.5594828897673054,v2,,,
20260724,823759,MIL,COL,0.6861815473889323,0.6448185124713226,v2,,,
20260724,823843,MIA,SD,0.5003499425628477,0.5283353244462253,v2,,,
20260724,824248,DET,KC,0.8186072494338793,0.5884581946928877,v2,,,
20260724,824573,CWS,HOU,0.5805474904127153,0.5415883100991647,v2,,,
20260724,824733,BOS,TOR,0.6185515953986885,0.56497070257626,v2,,,
20260724,824812,BAL,ATL,0.4020990398083745,0.48215934070946115,v2,,,
