date,game_id,home,away,p_home,p_elo,model,result,sp_margin,p_sp_m75,p_sp_m35,p_sp_m05,p_sp_p35,p_sp_p75,final_margin
2024-10-22,401704627,BOS,NY,0.6285713021189457,0.6867437254396582,v1-backfill,1.0,8.496489574209686,0.8973154928991804,0.8234777661494337,0.7616368406807744,0.6756360617402949,0.530860027788093,23.0
2024-10-22,401704628,LAL,MIN,0.5692166776398514,0.5441822781154508,v1-backfill,1.0,3.0709064133759187,0.8047197789167969,0.7103208095496242,0.6428873872212368,0.5278155943722065,0.3630298317707199,7.0
2024-10-23,401704629,DET,IND,0.3850355467961509,0.3897702806982549,v1-backfill,0.0,-8.872192906563683,0.4612406689746994,0.3323129009480541,0.258430903745591,0.1863498316884463,0.1039468090385385,-6.0
2024-10-23,401704630,ATL,BKN,0.6145125662965416,0.6136261608601953,v1-backfill,1.0,5.587069098659005,0.8583630340564817,0.7787224879791174,0.7184792886203882,0.6077136740427248,0.4395447857569963,4.0
2024-10-23,401704631,MIA,ORL,0.5809434029168392,0.5932221708910875,v1-backfill,0.0,3.249357347073833,0.8103128674302331,0.716624617500853,0.6491676402720074,0.5331930081888261,0.3669830056387851,-19.0
2024-10-23,401704632,PHI,MIL,0.4338211728408115,0.5907176078878184,v1-backfill,0.0,-2.515205235691613,0.6451460962169181,0.4890049647277595,0.3811606739486343,0.3140823997384944,0.2173511303754772,-15.0
2024-10-23,401704633,TOR,CLE,0.3919903355329291,0.4558053411689096,v1-backfill,0.0,-7.326577513914898,0.5065769271011018,0.3650307948156664,0.279723965160677,0.2081924706899643,0.1220725822530385,-30.0
2024-10-23,401704634,HOU,CHA,0.6609765946117573,0.6840155150206415,v1-backfill,0.0,10.288663309672849,0.9224184218708932,0.8611167157836647,0.8075733038336849,0.7266736975859666,0.5857137440101652,-5.0
2024-10-23,401704635,NO,CHI,0.6085682860015541,0.6209721043482965,v1-backfill,1.0,5.740720810908868,0.8560061973547218,0.7730054005353774,0.7096032009870932,0.6063934110433653,0.4463613113928346,12.0
2024-10-23,401704636,UTAH,MEM,0.5261974481145064,0.5949342062840227,v1-backfill,0.0,2.312746824451398,0.7808825511460052,0.6611446132694498,0.5715717489048868,0.4788212698542318,0.3406963782121111,-2.0
2024-10-23,401704637,LAC,PHX,0.3859598412795368,0.5771529556571225,v1-backfill,0.0,-6.038772994672682,0.5452298198163378,0.3854779011806916,0.283115194502287,0.2195356251792308,0.1374633512355899,-3.0
2024-10-23,401704638,POR,GS,0.4147988371152242,0.4155278538835522,v1-backfill,0.0,-4.419712005724389,0.5966097628103914,0.4384427481107076,0.3334168143066388,0.2621932071572646,0.1679570365123611,-36.0
2024-10-24,401704639,WSH,BOS,0.3596077425329272,0.2796305848820095,v1-backfill,0.0,-10.487952846952451,0.4106598887243362,0.2818123204680957,0.2097072706407346,0.1502005884224643,0.0829046096592745,-20.0
2024-10-24,401704640,DAL,SA,0.6384868458074294,0.7461615320689082,v1-backfill,1.0,8.260036671587557,0.9005127199091972,0.8317577295669588,0.7751546560934421,0.679934807470234,0.5237256060540767,11.0
2024-10-24,401704641,DEN,OKC,0.5407083661958355,0.5939271730135391,v1-backfill,0.0,1.8426649786073288,0.7721259733895054,0.6596138178775897,0.578613170082862,0.4755612391952311,0.3276830105017081,-15.0
2024-10-24,401704642,SAC,MIN,0.5386688793535269,0.5339525724096976,v1-backfill,0.0,1.377172432763187,0.7609258459082576,0.6536169433478543,0.5789795696918355,0.4694297137762548,0.3162072345388569,-2.0
2024-10-25,401704643,ORL,BKN,0.6371513405968989,0.6753544925925785,v1-backfill,1.0,8.1446586637031,0.8940888999027623,0.8226482971730311,0.7644401831257668,0.6727804382186494,0.5212707029704546,15.0
2024-10-25,401704644,TOR,PHI,0.3607081404956248,0.453719178651353,v1-backfill,1.0,-8.313369251102294,0.4747725404063798,0.3316772202676012,0.2466991024576517,0.1830920713967794,0.1068726885671206,8.0
2024-10-25,401704645,ATL,CHA,0.5994892983400671,0.652654014447665,v1-backfill,1.0,5.584952704526084,0.8473916628744536,0.75447754646799,0.681927655067373,0.5890937861014107,0.4418185391618307,5.0
2024-10-25,401704646,CLE,DET,0.6922837853704646,0.7568914910477638,v1-backfill,1.0,10.774974173871822,0.9312541705639976,0.8784869564035852,0.8329975884196613,0.7488621958793733,0.602598978281036,12.0
2024-10-25,401704647,NY,IND,0.4904660770263462,0.5837417808508379,v1-backfill,1.0,-1.293871406373155,0.6858630856904951,0.560675236546385,0.4770962904161575,0.3801899754088465,0.2488873474866664,25.0
2024-10-25,401704648,HOU,MEM,0.6457148006524458,0.6350992222258881,v1-backfill,1.0,9.6452603216274,0.9034042113422562,0.8298585319563077,0.7666862944154726,0.6936894398427933,0.5647194511033402,20.0
2024-10-25,401704649,MIL,CHI,0.6347868307187895,0.6327432480338153,v1-backfill,0.0,6.813950360515939,0.8726165879143926,0.7981353596816182,0.7409174828636302,0.6409573682507508,0.481895157127966,-11.0
2024-10-25,401704650,UTAH,GS,0.4004603467010183,0.4413003559712992,v1-backfill,0.0,-6.342388055278597,0.535608082986212,0.3958713366578256,0.3104712944449253,0.2352253744404135,0.1418891695714882,-41.0
2024-10-25,401704651,LAL,PHX,0.5612051981733,0.5796642553070009,v1-backfill,1.0,3.77941709606788,0.8154981023911722,0.7130099979864434,0.6358518282365266,0.5357206152703455,0.3848951367505766,7.0
2024-10-25,401704652,POR,NO,0.3976805228750679,0.415507702554235,v1-backfill,0.0,-5.370089455442455,0.5599367152137391,0.4110474793139931,0.3167622735124943,0.2504045509959318,0.1617829517737536,-2.0
2024-10-26,401704653,DEN,LAC,0.7106252606309601,0.6445304821025227,v1-backfill,0.0,10.704726628890734,0.9325223930823152,0.8831732106692219,0.8415345396231306,0.7534630588385215,0.6018819748610481,-5.0
2024-10-26,401704654,CHA,MIA,0.3157311207823503,0.4766841193098118,v1-backfill,0.0,-8.330074516262618,0.4704486967750917,0.3182559050573187,0.2264832215647891,0.1731906858815058,0.1060339043460333,-8.0
2024-10-26,401704655,DET,BOS,0.2283899805395789,0.2576453170844465,v1-backfill,0.0,-16.68953497931466,0.2442912295874146,0.1490624385987471,0.1021697797257321,0.0688396509925719,0.0345764067416315,-6.0
2024-10-26,401704656,WSH,CLE,0.3615974525520254,0.3942982460781074,v1-backfill,0.0,-7.623494453078102,0.4933114282821247,0.3370954226532017,0.2409326193602855,0.1851137831902604,0.1141996429548768,-19.0
2024-10-26,401704657,CHI,OKC,0.3413790045764948,0.4807827299023966,v1-backfill,0.0,-8.671109189612944,0.4612689645546471,0.322226122615444,0.2408937872008876,0.1812539941117539,0.1081333370284025,-19.0
2024-10-26,401704658,MEM,ORL,0.4926415540180162,0.4725079744935526,v1-backfill,1.0,-3.4179196193755392,0.6191028680327536,0.5069656951681119,0.4388714574170368,0.3427971783147102,0.2171898043490715,13.0
2024-10-26,401704659,MIN,TOR,0.8466252276129527,0.7541931955952155,v1-backfill,1.0,20.15250064219415,0.9830240434198028,0.9653727704803022,0.947782835183521,0.9121762857776236,0.8352069386728118,11.0
2024-10-26,401704660,SA,HOU,0.5098563032997276,0.5003236874098541,v1-backfill,1.0,-1.0530983329755197,0.6899657510363768,0.5714574645030706,0.4934249919521144,0.394389651641438,0.2594659418623721,3.0
2024-10-26,401704661,PHX,DAL,0.4494262799104911,0.5353953061429544,v1-backfill,1.0,-3.8339440287405777,0.6069202624014896,0.4810462376111401,0.4026717238754999,0.3157548199704037,0.2013329278530484,12.0
2024-10-26,401704662,LAL,SAC,0.5111094712507541,0.6360862649441646,v1-backfill,1.0,1.7585751964269631,0.7653962916271482,0.641146064024997,0.5493084602031543,0.4595324770308791,0.3262041737911472,4.0
2024-10-27,401704663,IND,PHI,0.6510771223082263,0.6243497024923161,v1-backfill,0.0,7.97678216317833,0.8862142998682385,0.81047256001935,0.7491054149230163,0.6620671474998062,0.516800080973273,-4.0
2024-10-27,401704664,BKN,MIL,0.3239196770013843,0.4909663755825768,v1-backfill,1.0,-6.632296852895655,0.5242793752989275,0.3506599193725555,0.2380467795031055,0.1894501184129227,0.123758313007846,13.0
2024-10-27,401704665,POR,NO,0.3817767771247534,0.3970476680450596,v1-backfill,1.0,-4.273375877262286,0.6005769874387862,0.4344737742958355,0.3219687595254866,0.25728276329849,0.1691955205219339,22.0
2024-10-27,401704666,OKC,ATL,0.680892211161698,0.7029054902708428,v1-backfill,1.0,10.370652067067155,0.91352124603754,0.8521038797209368,0.800942633628169,0.7248902381921795,0.5904238720457454,24.0
2024-10-27,401704667,GS,LAC,0.6534598497533745,0.614182840794983,v1-backfill,0.0,8.755654245896304,0.8962863496026681,0.8246937247086238,0.765783908056247,0.6824916512203505,0.5407188087815338,-8.0
2024-10-28,401704668,ORL,IND,0.5198516392123933,0.5833016964543818,v1-backfill,1.0,1.4449941451599717,0.7405455371206803,0.62561708369829,0.5460515418089956,0.4616595360607418,0.3336496072397967,4.0
2024-10-28,401704669,ATL,WSH,0.632045292096757,0.7168300983656145,v1-backfill,0.0,7.008958076187848,0.8668761375903886,0.7883206955252676,0.7277511660810944,0.6376613486164748,0.490228016564311,-2.0
2024-10-28,401704670,BOS,MIL,0.6559963854650566,0.7414415593688279,v1-backfill,1.0,9.83884906851982,0.898754624077947,0.8222470463539431,0.7567512651480159,0.6898932655505582,0.5694154558485702,11.0
2024-10-28,401704671,MIA,DET,0.729256625190915,0.7571852794727963,v1-backfill,1.0,11.208763700548433,0.923574355663494,0.8697634986087935,0.825106055152538,0.7503729767372963,0.6165728405378906,8.0
2024-10-28,401704672,NY,CLE,0.5530294049549331,0.596986439857873,v1-backfill,0.0,2.0496168803872807,0.7669755196050129,0.6541810466949841,0.5735676789054958,0.4801150436319878,0.3411615138674296,-6.0
2024-10-28,401704673,TOR,DEN,0.2099544568813673,0.4029294983527104,v1-backfill,0.0,-14.051137184894202,0.3019146608155707,0.1783796216323172,0.1127666468668853,0.0817284345754831,0.0459531753988315,-2.0
2024-10-28,401704674,MEM,CHI,0.4797956561829841,0.5325136560824595,v1-backfill,0.0,-1.318352025723633,0.6711475057516956,0.5478455758794072,0.4671672208446257,0.3831603387231624,0.2630914689926176,-3.0
2024-10-28,401704675,SA,HOU,0.4828526574946922,0.5233177056751092,v1-backfill,0.0,-1.8286523079381447,0.6672214582027183,0.5415844714980403,0.4591931180716221,0.3664560943650988,0.2404707874439412,-5.0
2024-10-28,401704676,DAL,UTAH,0.7163283587005509,0.7487049688848615,v1-backfill,1.0,12.443006198553771,0.9379780005080068,0.8885872233696576,0.8452939846796738,0.7765150723163706,0.6499704401465075,8.0
2024-10-28,401704677,PHX,LAL,0.530108991009818,0.5747420781502556,v1-backfill,1.0,1.141759248403181,0.7382558600740036,0.6243063950781358,0.5458962456855377,0.4558420975302907,0.3225832935608046,4.0
2024-10-28,401704678,SAC,POR,0.7433369868660973,0.7030230852329539,v1-backfill,1.0,10.0014030319423,0.926386422043199,0.8792530202718238,0.8416811668645895,0.7446714506045411,0.5823661334061696,13.0
2024-10-29,401704679,BKN,DEN,0.3436795694127268,0.4420939900995319,v1-backfill,0.0,-5.939373205911002,0.5445411345274078,0.3859978130466057,0.2847012222660763,0.2244504701506892,0.1443734330000459,-5.0
2024-10-29,401704680,MIN,DAL,0.5787658662248467,0.5823036034843143,v1-backfill,0.0,3.652669419566709,0.8007432175630349,0.6966559971287212,0.6201231780152359,0.5292414134941472,0.3887034269208518,-6.0
2024-10-29,401704681,UTAH,SAC,0.3602684145968237,0.4756316164029871,v1-backfill,0.0,-7.477640261422198,0.4957002748008199,0.350282787837905,0.2625112942986366,0.2026552366199249,0.1259844014072587,-17.0
2024-10-29,401704682,GS,NO,0.512065206878945,0.6042461144411483,v1-backfill,1.0,2.230176520698921,0.769411208475988,0.6472348996536406,0.5569154073053485,0.4728651730074896,0.3442572899246104,18.0
2024-10-30,401704683,CHA,TOR,0.6464589089690508,0.5963704072713528,v1-backfill,1.0,5.228362737832534,0.845927811755044,0.7654907373251765,0.7063603190158365,0.5976024686783905,0.4324036974400351,5.0
2024-10-30,401704684,CLE,LAL,0.4774264579674943,0.5841876082947044,v1-backfill,1.0,-0.5978514579524257,0.6945388575891143,0.5655569728508792,0.477736750545327,0.3944490934419165,0.2738814912862622,24.0
2024-10-30,401704685,IND,BOS,0.4108027981452487,0.4128599204041571,v1-backfill,1.0,-4.906744705788581,0.5710651056703019,0.4391950582945304,0.3580875589227791,0.2829416226688349,0.1826663489343543,3.0
2024-10-30,401704686,PHI,DET,0.632950266184052,0.7569148023444932,v1-backfill,0.0,6.199460387170271,0.8512651562273568,0.7618181646775056,0.692323057096427,0.6054745593677762,0.4639439957685808,-10.0
2024-10-30,401704687,WSH,ATL,0.3619823393325185,0.4735319492824117,v1-backfill,1.0,-5.411735819065686,0.5571065555679087,0.3965621824619426,0.2926569388653108,0.2359699719327602,0.157495351419568,13.0
2024-10-30,401704688,MIA,NY,0.5709632699575812,0.5675761521894245,v1-backfill,0.0,2.364790530823992,0.7780184342066974,0.6730217188019905,0.5986097476082439,0.4974472992083182,0.3491631737994569,-9.0
2024-10-30,401704689,CHI,ORL,0.4564275095260025,0.5530260632888928,v1-backfill,1.0,-2.29684400763472,0.6513989918209424,0.5208730423754433,0.4355063601124185,0.3492504554620479,0.2310254220388355,3.0
2024-10-30,401704690,MEM,BKN,0.6604472614218492,0.5818107237872271,v1-backfill,0.0,5.939600231752771,0.8527425296563462,0.7746310378924575,0.7168618931077255,0.6160313729042904,0.4578455677584497,-13.0
2024-10-30,401704691,OKC,SA,0.7382637237240184,0.771645814430184,v1-backfill,1.0,11.244164353045718,0.9362853753114414,0.887940953714982,0.8464791015266865,0.7633664618103352,0.6177469340436728,12.0
2024-10-30,401704692,GS,NO,0.5963322899783284,0.6215399411270967,v1-backfill,1.0,6.192024094872124,0.8435056184433273,0.7474790775640017,0.6722605452752581,0.5943017750127056,0.464111976881727,15.0
2024-10-30,401704693,LAC,POR,0.6745557659011189,0.749554674064024,v1-backfill,0.0,6.723859792731606,0.8684655626621001,0.795618027231971,0.7408385230786875,0.6406204787960313,0.481291551665469,-1.0
2024-10-31,401704694,MEM,MIL,0.3594143141099862,0.4929907846830198,v1-backfill,1.0,-5.327633410668728,0.5600377208586751,0.4174629224885276,0.328367501825081,0.2592124529961302,0.1670877018351454,23.0
2024-10-31,401704695,DAL,HOU,0.643817620162775,0.6926883698803546,v1-backfill,0.0,6.085780377927972,0.8514113242347054,0.7709655933599466,0.7110018105620773,0.6155053191451917,0.4633181925674429,-6.0
2024-10-31,401704696,UTAH,SA,0.4781004871630735,0.5725196554402949,v1-backfill,0.0,-1.898518767254864,0.6566801726049176,0.5326933906404613,0.452544307863009,0.3676837375708826,0.2485303754162378,-18.0
2024-10-31,401704697,LAC,PHX,0.3910113041432144,0.5519200496455889,v1-backfill,0.0,-3.741929001136728,0.6133605302759837,0.4558890286203662,0.3499833421930281,0.2810319766275448,0.1862994335864967,-6.0
2024-11-01,401704698,CHA,BOS,0.2675631839447895,0.3158585903716424,v1-backfill,0.0,-11.565198925385662,0.3765703006915258,0.2474561257560745,0.1761925110264469,0.1266168386641631,0.0702517938651785,-15.0
2024-11-01,401704699,CLE,ORL,0.6962644120719685,0.6294633437835396,v1-backfill,1.0,7.632204859931001,0.8881315027474772,0.8212971489014836,0.7695085020825625,0.6690713149598226,0.5074846865718686,11.0
2024-11-01,401704700,DET,NY,0.3814973325383939,0.3665044698934164,v1-backfill,0.0,-4.351921710204941,0.5904502731272083,0.4468350424934212,0.3548630172815828,0.2821366279378866,0.1840039903382208,-30.0
2024-11-01,401704701,ATL,SAC,0.3204737425987111,0.5190738953647579,v1-backfill,0.0,-7.344033479787738,0.499029797834892,0.3496967824172015,0.2586843782205625,0.2013305668498263,0.126817620206178,-8.0
2024-11-01,401704702,BKN,CHI,0.4427264421101086,0.5149309148883964,v1-backfill,1.0,-1.4622855931694945,0.6665219014531638,0.5309372462137663,0.4398047402639485,0.3648604459477323,0.2553688765081809,8.0
2024-11-01,401704703,TOR,LAL,0.1903170282372415,0.4040520506345119,v1-backfill,0.0,-12.295260458296582,0.3497713400340226,0.2075865954027222,0.1280142398780736,0.0933338123501355,0.0529720440603581,-6.0
2024-11-01,401704704,NO,IND,0.401147779067607,0.5727387193394528,v1-backfill,1.0,-5.137029975509975,0.5617684400574499,0.4339013121921509,0.3564577414641042,0.2828547644626161,0.1838861286027022,7.0
2024-11-01,401704705,MIN,DEN,0.5244659132238643,0.5735277268804099,v1-backfill,1.0,1.7094661360929244,0.7584278690413713,0.640593959760093,0.5561412598620006,0.4656168873716738,0.3309664272680453,3.0
2024-11-01,401704706,POR,OKC,0.2623135304462725,0.3458263703984022,v1-backfill,0.0,-8.908077448366821,0.4504537543160547,0.2939932651785457,0.1999030877247591,0.1547645814156606,0.0966579844914241,-23.0
2024-11-02,401704707,CHA,BOS,0.265560652017163,0.3034223965557597,v1-backfill,0.0,-12.075845484568818,0.362766394263074,0.2435597788683022,0.1793977400677092,0.1306628484631302,0.0740387803637836,-10.0
2024-11-02,401704708,PHI,MEM,0.6068292209869065,0.657303204175001,v1-backfill,0.0,3.2010892326505807,0.7869037048149088,0.6801002152152753,0.6027812510741921,0.5145902539293823,0.3781311656706624,-17.0
2024-11-02,401704709,TOR,SAC,0.1546113672960473,0.415276866869297,v1-backfill,1.0,-13.014604767520852,0.3263783631587088,0.1815112821788682,0.1007838387087823,0.0740593305476892,0.0425555702024894,3.0
2024-11-02,401704710,HOU,GS,0.5256804138340041,0.52190083419406,v1-backfill,0.0,1.3017559867688968,0.7425589681914345,0.6204091231582821,0.533742520724434,0.4498571211557844,0.3234085573220875,-6.0
2024-11-02,401704711,MIL,CLE,0.626640087328847,0.498829486905688,v1-backfill,0.0,2.415850883922744,0.7739421664782142,0.6730700927171681,0.6030552481001935,0.5033968712771226,0.3560269362327321,-1.0
2024-11-02,401704712,SA,MIN,0.4294524964036751,0.4115512936216198,v1-backfill,1.0,-2.344648171991772,0.6417968441656953,0.5067444733110212,0.4182178827643584,0.3434398863639639,0.2363085252719036,10.0
2024-11-02,401704713,WSH,MIA,0.2688242192550737,0.3544248049636776,v1-backfill,0.0,-7.7229035437721745,0.4941424706243758,0.3201210766930887,0.2093467245003037,0.1605151399328679,0.0986969571609623,-20.0
2024-11-02,401704714,DEN,UTAH,0.7952977982317511,0.7645182340700859,v1-backfill,1.0,11.758378912774294,0.940386228670616,0.8962928526758724,0.8589030581578819,0.7778137147708317,0.6342205863432837,26.0
2024-11-02,401704715,PHX,POR,0.8297369378528916,0.7645533206627066,v1-backfill,1.0,12.238086517502396,0.9471591348895722,0.9107669145560884,0.8808510311147971,0.7979432241945882,0.6510097844974311,6.0
2024-11-02,401704716,LAC,OKC,0.3989288997892747,0.4731898166465684,v1-backfill,0.0,-4.715873174856766,0.5752115941423411,0.4389072544425937,0.3539860574042773,0.2825877208311119,0.1855345042521271,-13.0
2024-11-03,401704717,BKN,DET,0.6105429073106305,0.6994297926219367,v1-backfill,0.0,5.032102093742332,0.8315425488405268,0.7337997762236096,0.6589414564333229,0.5694613310612461,0.4273864836907768,-14.0
2024-11-03,401704718,NO,ATL,0.5265654991708617,0.667053860675377,v1-backfill,0.0,1.576345222768973,0.7505204187976693,0.6275926963842042,0.5391605243696524,0.4557328076170999,0.3292421648021142,-15.0
2024-11-03,401704719,DAL,ORL,0.7466257091624717,0.6586119498911743,v1-backfill,1.0,8.60289406113592,0.9031587143990616,0.8436350522125615,0.7969773400282177,0.699058557213934,0.538431152052369,23.0
2024-11-04,401704720,CLE,MIL,0.6726710926722931,0.6872610473275984,v1-backfill,1.0,8.054984690179783,0.8795110726401388,0.8133577885244039,0.7637796989874938,0.6749033979549728,0.5266361778613547,2.0
2024-11-04,401704721,WSH,GS,0.2404470102862532,0.3606686418153018,v1-backfill,0.0,-12.201788004765527,0.3564549849046601,0.2280358549512453,0.1578117641307408,0.1142969250768079,0.0641963732996458,-13.0
2024-11-04,401704722,DET,LAL,0.2380412552637642,0.3702715332990149,v1-backfill,1.0,-9.321627589014396,0.4387027032735566,0.2911950853123715,0.2044780897895999,0.1559690934819859,0.095103687475663,12.0
2024-11-04,401704723,ATL,BOS,0.2839113118780227,0.3538625330451127,v1-backfill,0.0,-9.420396043434597,0.4372355741676403,0.3089444231339024,0.2363662396634531,0.1793437252587111,0.1084357263398251,-30.0
2024-11-04,401704724,BKN,MEM,0.4690560046918227,0.5843745175364071,v1-backfill,1.0,-1.5034810677000277,0.6717735821886508,0.5397242685295506,0.4512832072569922,0.3678865244865965,0.2500530066073734,2.0
2024-11-04,401704725,MIA,SAC,0.477471865052089,0.5891102293955732,v1-backfill,0.0,-1.7664880551559436,0.6566176605188182,0.527282066114241,0.4425303951356585,0.3647761929356783,0.2525762985280406,-1.0
2024-11-04,401704726,CHI,UTAH,0.7146155239727793,0.705503518434527,v1-backfill,0.0,8.46035085784352,0.8907407863173132,0.8233561498406216,0.7704634104994502,0.6825982433352685,0.5351223888264861,-9.0
2024-11-04,401704727,HOU,NY,0.4882110411054603,0.516333372618757,v1-backfill,1.0,0.9655600495178388,0.7361948167545619,0.605148123211741,0.5105916747970938,0.4309358920554924,0.3105306625081115,12.0
2024-11-04,401704728,MIN,CHA,0.8374288333905562,0.7520970551051348,v1-backfill,1.0,14.10057732650655,0.9494876039247444,0.9133911994434312,0.8832416291987875,0.8197967596379433,0.699528313719805,21.0
2024-11-04,401704729,OKC,ORL,0.8258731066179614,0.7120343611658776,v1-backfill,1.0,13.635431972781712,0.9461436059967724,0.9068234029833596,0.8736716458147393,0.8085635092460349,0.6862009161024898,16.0
2024-11-04,401704730,NO,POR,0.5239282773602965,0.7142160136569656,v1-backfill,0.0,-1.1400689702088034,0.6758323369339612,0.5673430420963433,0.4988732428487198,0.4054798243800461,0.274251867535332,-18.0
2024-11-04,401704731,DAL,IND,0.5823817669968435,0.6606629173628485,v1-backfill,0.0,3.3510297065492725,0.7989817108138201,0.6927283068121689,0.6142516998015772,0.5200125784878152,0.3766787515566857,-7.0
2024-11-04,401704732,DEN,TOR,0.877058273919479,0.7688686886630643,v1-backfill,1.0,14.435532069054371,0.9622069007964928,0.9352649967731907,0.9127854055942352,0.843242367942332,0.7132298024795528,2.0
2024-11-04,401704733,PHX,PHI,0.7024408233756644,0.6834742646786427,v1-backfill,1.0,9.380341809356748,0.9038765751081164,0.841984779240244,0.7925334146373966,0.7078608576403137,0.562988799304977,2.0
2024-11-04,401704734,LAC,SA,0.5644396108596468,0.6655888657510546,v1-backfill,1.0,2.572069873664586,0.775752402199088,0.6636629541091017,0.5825987014785208,0.4934031597829961,0.3576356454618879,9.0
2024-11-06,401704735,CHA,DET,0.5055630236844059,0.606368541012375,v1-backfill,1.0,-1.240077179880724,0.6728569565312084,0.5506210887412584,0.4707306336698914,0.3864126373854812,0.2657033241950683,1.0
2024-11-06,401704736,IND,ORL,0.7789952639150509,0.6192840748027231,v1-backfill,1.0,8.861351663336565,0.8988567891633545,0.8410200713275258,0.7969795406692569,0.7044252813822156,0.549928447785365,7.0
2024-11-06,401704737,ATL,NY,0.3400483457318182,0.4785083480500207,v1-backfill,1.0,-4.68998200304831,0.5774202053160109,0.4315709218090538,0.3386343592153775,0.2715486023562223,0.1796088075765571,5.0
2024-11-06,401704738,BOS,GS,0.5892125554538941,0.6846133003458047,v1-backfill,0.0,4.116354459602679,0.807505335271772,0.705195445363184,0.6294724944360017,0.5417613421945349,0.4037117006217434,-6.0
2024-11-06,401704739,HOU,SA,0.7041613390043832,0.6679697044181561,v1-backfill,1.0,7.832236687220153,0.879180053468103,0.8043360081034511,0.7454820679450453,0.6592308341858197,0.515092235996343,27.0
2024-11-06,401704740,MEM,LAL,0.4500111764022073,0.4659662905900377,v1-backfill,1.0,0.417858539145338,0.7124180225460252,0.585898658846025,0.498518776080504,0.4220626352668464,0.3057608076231891,17.0
2024-11-06,401704741,NO,CLE,0.3735529937125171,0.4848285398820658,v1-backfill,0.0,-4.964052836248381,0.5684228838011058,0.4298028811114878,0.343412950772226,0.2735291943252372,0.1789225024509489,-9.0
2024-11-06,401704742,DAL,CHI,0.7533683427114439,0.6799155612297818,v1-backfill,1.0,9.156034169166642,0.903879086900682,0.845424613796186,0.799803236383296,0.7094997593758016,0.5574769875194834,20.0
2024-11-06,401704743,DEN,OKC,0.4398896540178463,0.5245671561019939,v1-backfill,1.0,-3.330614755866624,0.6230743301766263,0.4932160440801356,0.4105158092397934,0.323406345837347,0.2077806953066421,2.0
2024-11-06,401704744,PHX,MIA,0.6468223833663466,0.6673837009873047,v1-backfill,1.0,6.767436591771517,0.858130579084377,0.7751735606561193,0.7114426445477804,0.6254696146338973,0.4837039001652037,3.0
2024-11-06,401704745,LAC,PHI,0.5352234283196899,0.6285138419008097,v1-backfill,1.0,3.458000266706119,0.7965603459635258,0.6824518906105189,0.5962194952159074,0.5119529049876614,0.379973440839552,12.0
2024-11-06,401704746,SAC,TOR,0.8528601855211208,0.7312169388752506,v1-backfill,1.0,12.872184776242294,0.943982757692898,0.9055683504808112,0.8740481967112941,0.8011472307314135,0.6678421843691048,15.0
2024-11-07,401704747,CHI,MIN,0.286781460447638,0.48180963775753,v1-backfill,0.0,-7.433949870648291,0.4950105012980089,0.3500225836051371,0.2626198805119907,0.2049561482907846,0.1296784631310102,-16.0
2024-11-07,401704748,MIL,UTAH,0.7126449367079006,0.6675947220058098,v1-backfill,1.0,7.147404473145058,0.8772082020412557,0.8044826574351206,0.7483255125279765,0.6502624020526113,0.4927020828989779,23.0
2024-11-07,401704749,SA,POR,0.5843299450664358,0.6099757296225397,v1-backfill,1.0,1.365802952095322,0.7475919310406888,0.6445618285557979,0.5752179435078447,0.4745887971186205,0.329122083573879,13.0
2024-11-08,401704750,CHA,IND,0.2730719307507303,0.4295565849567646,v1-backfill,1.0,-6.942727114115881,0.5125940282995554,0.3576883592170404,0.2614579076135049,0.2040431261599372,0.1290944283916426,20.0
2024-11-08,401704751,DET,ATL,0.460112973557369,0.4748547103429121,v1-backfill,1.0,-0.6788061445350202,0.6915806633481465,0.560288783094704,0.4706454517988349,0.3896684610974132,0.2718195446624065,1.0
2024-11-08,401704752,ORL,NO,0.6134287868920523,0.5928047875083373,v1-backfill,1.0,4.98131976585209,0.8184632097671163,0.7190382972172621,0.6445963759707186,0.5634899428189113,0.4314445978600434,27.0
2024-11-08,401704753,BOS,BKN,0.7798546605495719,0.7868663378583075,v1-backfill,1.0,11.084996535529813,0.9271131767278156,0.8730262891205046,0.8270961320203808,0.7495917063779188,0.6120718058728263,4.0
2024-11-08,401704754,CLE,GS,0.4855086087815318,0.5850422278670838,v1-backfill,1.0,-0.1786783521912669,0.7049671944244411,0.5836880837249232,0.5018667806416667,0.4141181717303223,0.2872426966029887,19.0
2024-11-08,401704755,NY,MIL,0.5917666593133935,0.6452411108065033,v1-backfill,1.0,3.686385225531,0.7959463243501619,0.6836525941972763,0.599419178212336,0.5185177435777155,0.3897995712787138,22.0
2024-11-08,401704756,DAL,PHX,0.5296004262497516,0.5756525208709322,v1-backfill,0.0,1.6965369638851806,0.7536873480980307,0.6341054591638962,0.5485479411720694,0.4627958161034535,0.3332742535492913,-1.0
2024-11-08,401704757,MEM,WSH,0.6060842882780082,0.6710178946683408,v1-backfill,1.0,7.31232669327639,0.8640872721117199,0.7772088531763923,0.7080022860746458,0.6300240044534932,0.4977818318967286,24.0
2024-11-08,401704758,OKC,HOU,0.7174785404966892,0.7021425225810093,v1-backfill,1.0,6.909765103055306,0.8688743286077163,0.7934370029977696,0.7358564706556433,0.6406333513560782,0.4870040343113161,19.0
2024-11-08,401704759,MIN,POR,0.8060989389912336,0.7696384638659607,v1-backfill,1.0,8.86887833857312,0.906483824729491,0.85015337010036,0.8063592358129757,0.7086519585618433,0.5476730160216261,25.0
2024-11-08,401704760,DEN,MIA,0.6459606504349744,0.680731161106797,v1-backfill,1.0,6.201380059381037,0.8532343129362041,0.7661855270879306,0.6989297283516356,0.6092009270260309,0.4640612442783842,13.0
2024-11-08,401704761,LAL,PHI,0.699386439216562,0.6498069507822076,v1-backfill,1.0,8.565822857082088,0.8846617570426225,0.8112253316119558,0.7528221342070145,0.6736644967913562,0.537607251980358,10.0
2024-11-08,401704762,SAC,LAC,0.7179382731038346,0.5940666164257867,v1-backfill,0.0,6.69244373149378,0.8689397127440036,0.7939359094654436,0.7368053418646455,0.6373083870503782,0.4790321514737976,-9.0
2024-11-09,401704763,SA,UTAH,0.6549781022606365,0.6271858826776295,v1-backfill,0.0,7.638074365721492,0.8651029762319308,0.7826566000267517,0.7181797836578122,0.6414330590435605,0.5101307041704743,-1.0
2024-11-09,401704764,ATL,CHI,0.502407185706514,0.56772764957683,v1-backfill,0.0,1.055482901479139,0.7247651533029824,0.6073607900760668,0.5271431455358346,0.4484137135674335,0.3274900730256139,-12.0
2024-11-09,401704765,CLE,BKN,0.7666412550980939,0.7424136020161342,v1-backfill,1.0,9.315783526076585,0.904605036765224,0.8446025435892797,0.7971228847707588,0.709877855460017,0.561648042626412,5.0
2024-11-09,401704766,LAC,TOR,0.7202547587220672,0.7445242995305988,v1-backfill,1.0,7.492909425083448,0.8715062800410401,0.7963572986361845,0.7386207555475809,0.6514101594485399,0.5065682193321999,2.0
2024-11-10,401704767,DET,HOU,0.32558984276606,0.4383439612549308,v1-backfill,0.0,-4.854532642302535,0.5740746861852608,0.4279446061841129,0.3350029777735029,0.2668327435276894,0.1745444491133736,-2.0
2024-11-10,401704768,MIL,BOS,0.3874752807342087,0.3714598834447091,v1-backfill,0.0,-6.143668347476031,0.5350110634736407,0.4168003828021535,0.3479407722877607,0.2701751172289223,0.1695491701997456,-6.0
2024-11-10,401704769,IND,NY,0.4810703587777882,0.5663605685844829,v1-backfill,1.0,-0.8368489399057122,0.6890353235015642,0.564446225720762,0.4811174706436555,0.3935672430687522,0.2690552882068989,11.0
2024-11-10,401704770,ORL,WSH,0.6386524678153347,0.7297667040472771,v1-backfill,1.0,8.712258087219375,0.8862874470558061,0.8070089692573562,0.7414956479436311,0.6674904339771653,0.5384107103013459,27.0
2024-11-10,401704771,PHI,CHA,0.6386946660325078,0.6401705394203228,v1-backfill,1.0,3.0251822163910163,0.778498790214038,0.6783043541868381,0.6084237917562326,0.5180787244548367,0.3790249740921892,2.0
2024-11-10,401704772,MIN,MIA,0.7363658801723468,0.6820984568836673,v1-backfill,0.0,9.302415382857369,0.9000534926662265,0.837208725288298,0.7874867032980171,0.7042061336180802,0.5612978439522248,-1.0
2024-11-10,401704773,OKC,GS,0.6668348867858185,0.6337091542092342,v1-backfill,0.0,5.8384684355334,0.8441550026328195,0.7564442569361969,0.6900723506864899,0.599933266533402,0.45495153176629,-11.0
2024-11-10,401704774,DEN,DAL,0.5349170945194835,0.6148481026485167,v1-backfill,1.0,1.3178040421857204,0.7454697570177939,0.627667598548697,0.5448323118532615,0.4557317290013067,0.3234387078570869,2.0
2024-11-10,401704775,PHX,SAC,0.4745927928853355,0.6718076952383165,v1-backfill,0.0,-0.8193943389603211,0.683676141001736,0.5557851654909592,0.4699865336938007,0.3901396346538543,0.2733455775852037,-9.0
2024-11-10,401704776,POR,MEM,0.5148658528933103,0.5115633855901094,v1-backfill,0.0,0.535038466909044,0.705868075240918,0.5860043274411797,0.5053756133147221,0.4319806472056219,0.3181173737034318,-45.0
2024-11-10,401704777,LAL,TOR,0.8662342831914716,0.7492470934295627,v1-backfill,1.0,10.817501397414658,0.9374054129580036,0.8945910225763255,0.8594992466024076,0.7661482914397708,0.6071877515723548,20.0
2024-11-11,401704778,CHI,CLE,0.3946223156569257,0.4412762235010427,v1-backfill,0.0,-4.435032211620877,0.5816454877522298,0.4420936966237001,0.3541091485179798,0.2859054001662305,0.1912514601089068,-6.0
2024-11-11,401704779,HOU,WSH,0.7415155871756893,0.7475992684212479,v1-backfill,1.0,11.598503443256606,0.9112560673302068,0.8509196626681906,0.8015931704644376,0.7397997376846323,0.6246002787004832,15.0
2024-11-11,401704780,NO,BKN,0.5043492412747933,0.6250764566727889,v1-backfill,0.0,-0.7607200920752186,0.6825456630692401,0.5602533962749447,0.4795227814039798,0.3983070747546601,0.2793647834844988,-2.0
2024-11-11,401704781,OKC,LAC,0.6964833622038462,0.6668168916934101,v1-backfill,1.0,5.886378899875767,0.8345822612571904,0.7520505287830299,0.6924034421377182,0.6054337847745899,0.4637636468065902,6.0
2024-11-11,401704782,SA,SAC,0.4603566887947223,0.4530535015150717,v1-backfill,1.0,-1.168762505204615,0.6742853973688757,0.5417798516937116,0.4526993652864807,0.3758790701064322,0.2634599341604059,20.0
2024-11-12,401703370,BOS,ATL,0.8768824256650752,0.8024181904364225,v1-backfill,0.0,14.18206703807862,0.9512982369653512,0.9148693338388918,0.883824817143917,0.8207523692581017,0.7010082780984087,-1.0
2024-11-12,401703371,DET,MIA,0.4057871633746587,0.4279951525462102,v1-backfill,1.0,-0.1148293968810971,0.7063253759459329,0.563838261419229,0.4619158807709628,0.3901779486572509,0.2815590156941904,2.0
2024-11-12,401703372,ORL,CHA,0.7014877427004195,0.6912944485520123,v1-backfill,1.0,8.06162729116432,0.8766180771778097,0.7968518702183297,0.7330110024458991,0.6548590507344906,0.5210640490202468,25.0
2024-11-12,401703373,PHI,NY,0.5160615239728625,0.5117095246631891,v1-backfill,0.0,-1.0532982727133389,0.6870135502068774,0.5715480934073808,0.4963939503177624,0.3983254254164154,0.2637572229312374,-12.0
2024-11-12,401703374,MIL,TOR,0.7869477942092199,0.6898991189734623,v1-backfill,1.0,7.8228166741699745,0.8719778862072902,0.8067983293572811,0.7593351455686878,0.6704697458417027,0.5224785575223074,14.0
2024-11-12,401703375,UTAH,PHX,0.3122014452412447,0.3787594197649473,v1-backfill,0.0,-6.973143040552845,0.5091148648831494,0.3659255276325317,0.279209197983248,0.2183488235724133,0.1386117383442041,-8.0
2024-11-12,401703376,GS,DAL,0.4734945790172852,0.6262806048536976,v1-backfill,1.0,0.3484820991905124,0.7103110034156044,0.5795217223329632,0.4883644396954376,0.4150221196438859,0.3025978799731761,3.0
2024-11-12,401703377,POR,MIN,0.202836944900593,0.3676706817080477,v1-backfill,1.0,-8.786949693823336,0.4532416397849714,0.3016562367344363,0.2111890285996689,0.1641808992260626,0.1032288616677589,14.0
2024-11-13,401704783,ORL,IND,0.3147414923001539,0.5591124791853829,v1-backfill,1.0,-2.5216996190267853,0.6362447806483807,0.4835978077662513,0.3798858848336071,0.3178376118109092,0.2256664364857259,4.0
2024-11-13,401704784,BKN,BOS,0.3113627559657448,0.3586831488875499,v1-backfill,0.0,-6.633728753876877,0.51636935879673,0.3738459247479417,0.2872748174422129,0.2282255890487566,0.1486578330205404,-25.0
2024-11-13,401704785,NY,CHI,0.6821928626946355,0.6647461268901171,v1-backfill,0.0,4.914077633465871,0.8232016733359988,0.7349928428453538,0.6712430916397745,0.5780300823035228,0.431149294403038,-1.0
2024-11-13,401704786,PHI,CLE,0.1860683634003048,0.4083133306689829,v1-backfill,0.0,-12.668509457941752,0.3391716333093529,0.2104334080589443,0.1404515939043508,0.1057597630579399,0.0631715785428,-8.0
2024-11-13,401704787,OKC,NO,0.8432609449174624,0.7454747304316669,v1-backfill,1.0,13.287570886533738,0.9429577925245998,0.900212018603267,0.8637546528271404,0.7981710460793946,0.6754609000525704,18.0
2024-11-13,401704788,HOU,LAC,0.6446199408348584,0.5694227468919429,v1-backfill,1.0,4.537440483371666,0.813616042237306,0.7203032232275787,0.6527782240768165,0.5625055137552849,0.4200554731126685,8.0
2024-11-13,401704789,MIL,DET,0.7177358886521492,0.6845981710249305,v1-backfill,1.0,4.89333486527895,0.821649068196542,0.7374937827060045,0.6779046203967077,0.5825488131551531,0.4329545184042241,7.0
2024-11-13,401704790,SA,WSH,0.7443049155258038,0.6703786019944518,v1-backfill,1.0,10.879464847922629,0.9147191742405152,0.8540795428338958,0.8035397058573128,0.732700644712877,0.6049780214409264,9.0
2024-11-13,401704791,LAL,MEM,0.7947719593133084,0.6696672837420917,v1-backfill,1.0,6.727343365158283,0.871864537885419,0.8054629701466691,0.7567871018713561,0.6496506349820391,0.4819478160604694,5.0
2024-11-13,401704792,POR,MIN,0.2055686182498529,0.3951432451954441,v1-backfill,1.0,-8.257758031880137,0.4678428315098186,0.3126043493391435,0.2185891768202302,0.1727713461419758,0.1115975964260964,8.0
2024-11-13,401704793,SAC,PHX,0.7075879913580098,0.5032234584786314,v1-backfill,1.0,7.089546574102606,0.8455947522682292,0.7632689340512461,0.7022630576674811,0.6275849877935089,0.4996409565013366,23.0
2024-11-14,401704794,UTAH,DAL,0.3043859107907369,0.407283172878631,v1-backfill,1.0,-7.461494259151401,0.4962176047767324,0.3617701168800623,0.2823902665476204,0.2169930591821684,0.1338927772865414,2.0
2024-11-15,401703378,IND,MIA,0.6054016012262431,0.6200331440420495,v1-backfill,0.0,4.176577543980498,0.8062393077286734,0.7037083169178763,0.6279489525465213,0.5423734081509107,0.406661330143079,-13.0
2024-11-15,401703379,ORL,PHI,0.4656225042739075,0.6599240023581853,v1-backfill,1.0,3.100296604921043,0.7632921221283886,0.6399788861822522,0.5494034943463761,0.4858086951335173,0.3795473423967638,12.0
2024-11-15,401703380,TOR,DET,0.482331577530441,0.5726451442673881,v1-backfill,0.0,-0.9893415660658658,0.6751696058179901,0.543983480949176,0.4560067855641949,0.3817607090714504,0.2713353243322176,-4.0
2024-11-15,401703381,ATL,WSH,0.7006620993712515,0.7061468630534459,v1-backfill,1.0,8.472900579564154,0.8811129782945066,0.8075760401599036,0.7497852043157324,0.6711106617940303,0.5358034996788298,12.0
2024-11-15,401703382,CLE,CHI,0.6845788508283913,0.727985836247708,v1-backfill,1.0,6.302114602782357,0.8500386823969356,0.7683187611992828,0.7072517978687919,0.6173612251439035,0.4714873127362055,18.0
2024-11-15,401703383,NY,BKN,0.7178725805591945,0.6764169239515562,v1-backfill,1.0,5.728043443396052,0.8402097285692822,0.7604301648730204,0.7027572075053021,0.6075101467700489,0.4561808407128959,2.0
2024-11-15,401703384,SA,LAL,0.3738995487458807,0.4564310320063132,v1-backfill,0.0,-1.279941055125683,0.6716083564617039,0.5221342141695242,0.4176523333144966,0.3525427911688269,0.2540986974580043,-5.0
2024-11-15,401703385,HOU,LAC,0.6488209077649498,0.5887527319555539,v1-backfill,1.0,5.006109436622971,0.8275278447932759,0.7315868435829901,0.6593179281855196,0.5705546057001611,0.4292091640947801,21.0
2024-11-15,401703386,NO,DEN,0.3595267781199547,0.4223944547240975,v1-backfill,1.0,-3.684046263761234,0.5996413742700234,0.4703990463700875,0.389729848733544,0.3174783401330833,0.2155308070682715,7.0
2024-11-15,401703387,OKC,PHX,0.7776980823392534,0.6334998410457652,v1-backfill,1.0,10.55762998407942,0.905037086194068,0.8426101455659754,0.7922964696731615,0.7226616163559829,0.5970112659668839,16.0
2024-11-15,401703388,GS,MEM,0.7618574279671336,0.7374783450212575,v1-backfill,1.0,7.525605018221116,0.8762052886294114,0.8019941644718942,0.7444106513049127,0.6544571680508993,0.5061260602500101,5.0
2024-11-15,401703389,SAC,MIN,0.5213976466661087,0.5707886364201804,v1-backfill,0.0,0.7015347347323022,0.7209953196414666,0.6045262345133052,0.5255366032300901,0.4415176521694741,0.3156816536438442,-4.0
2024-11-16,401704795,CHA,MIL,0.4146132043992312,0.49405608015742,v1-backfill,1.0,-2.5939569792328427,0.6367963418638483,0.4965572795472716,0.4039087196405215,0.3309361030750146,0.2268419461667654,1.0
2024-11-16,401704796,BOS,TOR,0.931270778942112,0.8556788747704717,v1-backfill,1.0,15.460471696271773,0.9729106366470684,0.9507880088542976,0.9311714969238244,0.8654855115745803,0.7404457146918184,3.0
2024-11-16,401704797,NO,LAL,0.2712736146578792,0.4878906033120997,v1-backfill,0.0,-6.10168283004943,0.5305988565855533,0.3764262561836674,0.2796863201619008,0.2271366499778532,0.1534138508762153,-5.0
2024-11-16,401704798,DAL,SA,0.8327012611266447,0.7065253764389173,v1-backfill,1.0,11.375325951478551,0.915881500362676,0.8619934877012444,0.8190278347466261,0.7493952323377635,0.622678947839244,17.0
2024-11-16,401704799,SAC,UTAH,0.5590767245362367,0.7029658138132456,v1-backfill,1.0,3.5794478671686627,0.7836928842787199,0.6746925188016966,0.5956241283043501,0.5182990124705492,0.3936768034780487,4.0
2024-11-17,401704800,MIN,PHX,0.665811212084658,0.5624347758619691,v1-backfill,1.0,5.520153760533714,0.8259086842625538,0.7346310006095107,0.6674226691488313,0.5853670069164543,0.4507897805915512,3.0
2024-11-17,401704801,IND,MIA,0.6159616496589418,0.592781164894234,v1-backfill,1.0,3.989956137791863,0.8076564159051086,0.7061728761445927,0.6312710718667633,0.54038001638543,0.398944176444018,9.0
2024-11-17,401704802,CLE,CHA,0.7895337382161826,0.7951221083479263,v1-backfill,1.0,10.936119113912788,0.9187261854482406,0.862357709955598,0.8158807789220452,0.7414357356757386,0.6084092625720435,14.0
2024-11-17,401704803,WSH,DET,0.5603655796500369,0.5304368764237206,v1-backfill,0.0,-1.657803151185207,0.6659871080894593,0.5498665581426423,0.4757044970745063,0.3828040495596088,0.2546646646627003,-20.0
2024-11-17,401704804,MEM,DEN,0.5459072758015892,0.4252939131300372,v1-backfill,1.0,3.759175025248304,0.7888550533891054,0.681856600554896,0.6040774191298132,0.5252833988375116,0.3984901484297805,15.0
2024-11-17,401704805,POR,ATL,0.45281755552389,0.5152889630962977,v1-backfill,1.0,-0.98878241555615,0.675166009877171,0.5480013307370732,0.4636058384461665,0.3866868488052347,0.2731192664619311,4.0
2024-11-17,401704806,NY,BKN,0.8144976166341169,0.68932381136119,v1-backfill,1.0,8.738778209533194,0.9038276693018136,0.8460618990813387,0.8012034714555524,0.7038808350758101,0.5436593096719315,10.0
2024-11-17,401704807,CHI,HOU,0.4458747872555503,0.520213546190544,v1-backfill,0.0,-3.0600716876007,0.6241737298940759,0.5010300823837704,0.4238167847587908,0.3395367717836088,0.2242305718507525,-36.0
2024-11-17,401704808,OKC,DAL,0.7836189745665787,0.6796583826760665,v1-backfill,0.0,9.402939655458397,0.8979643700731297,0.836497388193562,0.788708368215383,0.7069513406442316,0.5658554337004494,-2.0
2024-11-17,401704809,LAC,UTAH,0.7198091694522117,0.7054651356709577,v1-backfill,1.0,9.363857396518975,0.8795284944520663,0.8000569183024736,0.7359122920764688,0.672893498010208,0.5584222641331917,11.0
2024-11-18,401704810,DET,CHI,0.4629110398606421,0.5020552395383889,v1-backfill,0.0,0.6902361007699653,0.711624858164164,0.5818741422155437,0.4915504751391393,0.4233624995841376,0.3158762920423297,-10.0
2024-11-18,401704811,MIA,PHI,0.4890431851821713,0.6447841330791594,v1-backfill,1.0,-0.2616877726162538,0.6953370769153671,0.5736380838022493,0.4923241439036093,0.4113611992823688,0.2914095041748908,17.0
2024-11-18,401704812,NY,WSH,0.7894109858614724,0.7944265357895679,v1-backfill,1.0,11.66930668619719,0.9185454063405384,0.8613862984340576,0.8140190968015613,0.7485008082671913,0.6276319303381823,28.0
2024-11-18,401704813,TOR,IND,0.2575737392417864,0.3876527659875779,v1-backfill,1.0,-4.899301719842153,0.5631045519846534,0.3973618636106719,0.2884979476455719,0.2425932153476453,0.1737175296611465,11.0
2024-11-18,401704814,MIL,HOU,0.6334472680712708,0.4968510054596312,v1-backfill,1.0,0.7253812046557577,0.7282586392612195,0.6306283217772805,0.5676213381879247,0.4650501925511706,0.318746907208464,1.0
2024-11-18,401704815,PHX,ORL,0.5132858309737278,0.6304429302672876,v1-backfill,0.0,-1.8868595992611947,0.6473064956192345,0.5395409242193591,0.473380316282303,0.3886029672983537,0.26722697316357,-10.0
2024-11-18,401704816,SAC,ATL,0.6313758975832363,0.6637384335785107,v1-backfill,0.0,4.694688204087534,0.803245429934808,0.7053404521630052,0.6346528768528701,0.556903691128302,0.4292462276456962,-1.0
2024-11-18,401704817,LAC,GS,0.2946551972365916,0.4858285148429759,v1-backfill,1.0,-5.16104476905579,0.5613023623383122,0.4161108168793616,0.3247923471699568,0.260937263539081,0.1731243028160938,3.0
2024-11-19,401703390,BOS,CLE,0.6368111558150079,0.6208066980829027,v1-backfill,1.0,3.987326874805851,0.7992184616603334,0.6942338563524559,0.6170130692085469,0.5342680107503327,0.4023341380135372,3.0
2024-11-19,401703391,BKN,CHA,0.5148353879828157,0.617075503187093,v1-backfill,1.0,1.0285940105371107,0.7268314974137563,0.6083609587339804,0.5269480355054929,0.4467777655557218,0.3244664504526798,1.0
2024-11-19,401703392,MEM,DEN,0.5111906938062503,0.4513510228588063,v1-backfill,0.0,3.1303357385307327,0.7843720166267004,0.6707261621481885,0.5868822426712234,0.5040829758428617,0.3743215509774933,-12.0
2024-11-19,401703393,DAL,NO,0.8091147563019571,0.6905695975107181,v1-backfill,1.0,10.969108706808852,0.9171593304346528,0.8633395544578122,0.8201766031540881,0.7452070221545476,0.611305615599581,41.0
2024-11-19,401703394,SA,OKC,0.2728385079413906,0.35753751318551,v1-backfill,1.0,-7.414829494547682,0.4957279361523382,0.3528498156995874,0.2670471191409318,0.2080301836716485,0.1312330481788169,6.0
2024-11-19,401703395,LAL,UTAH,0.8226575031847794,0.7553268427178087,v1-backfill,1.0,10.57941013042078,0.911504845118672,0.8575989155605701,0.815499278944737,0.738226178509199,0.6015248190919129,6.0
2024-11-20,401704818,CLE,NO,0.9065610865892508,0.7556055061375421,v1-backfill,1.0,13.775459355446396,0.9568973577117864,0.9285561236102368,0.905712056393503,0.831957041133689,0.6962843397116175,28.0
2024-11-20,401704819,MIL,CHI,0.7109917851167383,0.5860890674426156,v1-backfill,1.0,5.664255473337263,0.8354895166844026,0.7525963803757283,0.6924677203377081,0.6012901672407507,0.4550233157911368,16.0
2024-11-20,401704820,HOU,IND,0.5572213174129667,0.6155541683887154,v1-backfill,1.0,5.595212781179448,0.8010317816785082,0.6930692568216629,0.6125251621979486,0.5550156793044526,0.4530268013595567,17.0
2024-11-20,401704821,MEM,PHI,0.4188429972536163,0.6027395367757696,v1-backfill,1.0,0.8802493979406352,0.720270249452287,0.5889312403439259,0.4960983064482553,0.4265497431163049,0.3173153387048837,6.0
2024-11-20,401704822,OKC,POR,0.7823819259719508,0.7781606534864142,v1-backfill,1.0,10.234069316339786,0.9008369719743516,0.8401809827759148,0.7927294767065748,0.7199460522512259,0.5901014467703551,10.0
2024-11-20,401704823,PHX,NY,0.4515671756248741,0.5934888039046097,v1-backfill,0.0,-1.0334883202791971,0.6617819251844068,0.5405897691607379,0.4624430472219805,0.3921152762914234,0.2848041177434208,-16.0
2024-11-20,401704824,GS,ATL,0.8100444328994896,0.7227230142154235,v1-backfill,1.0,9.621265349395138,0.8983783276074477,0.8349912516954634,0.7850054508005738,0.7072205740156732,0.5712778943137152,23.0
2024-11-20,401704825,LAC,ORL,0.5404655134078648,0.5782707497680737,v1-backfill,1.0,-0.0015097655955331,0.7054874497626026,0.5980648850045067,0.5284015567813628,0.4352013011164214,0.3009245529153624,11.0
2024-11-21,401704826,CHA,DET,0.5186186383221238,0.5989334522377225,v1-backfill,1.0,-0.6514196267380337,0.6888992991634044,0.5710176761886389,0.4936199715751661,0.4063580585173884,0.2807531784762943,2.0
2024-11-21,401704827,TOR,MIN,0.2189773611929228,0.3543220233438741,v1-backfill,1.0,-6.6642309368392265,0.5178062420832499,0.353269185187054,0.2487983004461651,0.2001960548362108,0.133166879128499,5.0
2024-11-21,401704828,SA,UTAH,0.6174225546022732,0.6301323538456627,v1-backfill,1.0,5.273331023759523,0.8212724371087735,0.7229577421298617,0.6492223712686976,0.5705655097203699,0.4409681934344289,8.0
2024-11-21,401704829,LAL,ORL,0.7760506344432313,0.6292992214121392,v1-backfill,0.0,6.438548275737404,0.8592684658402995,0.7888091156727572,0.7378211979154575,0.6366037168345992,0.4764456126704064,-1.0
2024-11-22,401703396,PHI,BKN,0.5540814394391878,0.5721654415318925,v1-backfill,1.0,-0.2128130101021508,0.69274064306149,0.5747340826218198,0.4969104757489392,0.4168712871980892,0.2973370511831745,15.0
2024-11-22,401703397,WSH,BOS,0.1787770272947628,0.2191967520341789,v1-backfill,0.0,-13.09330944232481,0.3309069069522964,0.2084728873215704,0.1429235044880102,0.1040339365017082,0.0588935259734423,-12.0
2024-11-22,401703398,MIL,IND,0.5536172135503211,0.5692890255872821,v1-backfill,1.0,2.1893984592079647,0.7581691488927214,0.647060894814166,0.5691371336272666,0.4843289480599854,0.3539618258111582,12.0
2024-11-22,401703399,CHI,ATL,0.5901647015864147,0.5954594959029993,v1-backfill,1.0,2.0254107460059227,0.7528717915735503,0.6495621391350057,0.5794630541533294,0.4899296051418789,0.3541083680332917,14.0
2024-11-22,401703400,HOU,POR,0.7957287562924855,0.7268698177496703,v1-backfill,1.0,10.849714697648665,0.9156148752953732,0.856597962528286,0.8077621132016158,0.7352021945841357,0.6050119296836852,28.0
2024-11-22,401703401,NO,GS,0.1923759855373558,0.4085199761298912,v1-backfill,0.0,-11.853080955681778,0.3661013626139507,0.2503585825737497,0.188423820268333,0.143627164938913,0.087483957082746,-4.0
2024-11-22,401703402,DEN,DAL,0.708204860510484,0.6094516421412359,v1-backfill,0.0,3.718115123717644,0.7966811767489932,0.7122673738810523,0.6551240913525721,0.5546473546769328,0.4018078566087424,-3.0
2024-11-22,401703403,LAC,SAC,0.4450992550416977,0.6170701423754192,v1-backfill,1.0,-0.7771300167511095,0.6858791733414965,0.5531421880493639,0.4627421301206885,0.3853952417703512,0.2715271790004764,16.0
2024-11-23,401704830,UTAH,NY,0.3122750065672388,0.3858363393441837,v1-backfill,1.0,-6.51243442029736,0.5202844955418237,0.3823227451365638,0.2991154032693072,0.2368416850029417,0.153430232153056,15.0
2024-11-23,401704831,ORL,DET,0.7296808558932939,0.7525522983179297,v1-backfill,1.0,8.391541401696003,0.8655753641544244,0.7936835011167176,0.7403471453621908,0.6671521651825083,0.5391518666267698,11.0
2024-11-23,401704832,CHI,MEM,0.471497473658103,0.6049773326070208,v1-backfill,0.0,-2.761341551658087,0.6309024377789068,0.5129668320581188,0.4395839142076268,0.353586853673515,0.2350622463773703,-11.0
2024-11-23,401704833,HOU,POR,0.8410367168578725,0.7367435651831221,v1-backfill,0.0,12.478714259691069,0.9311273136335134,0.883494458355405,0.8442678253974196,0.7772698169157675,0.6532419402495855,-6.0
2024-11-23,401704834,MIL,CHA,0.8042990546687825,0.6819368926977697,v1-backfill,1.0,8.53019150439868,0.8947080517389494,0.8386398245781833,0.7971118082828442,0.7004419744155749,0.5412150413912294,6.0
2024-11-23,401704835,SA,GS,0.4586672105078457,0.3879569548022732,v1-backfill,1.0,-1.8596505768561944,0.6531671879363948,0.5280971920319935,0.4472862429266576,0.3676283862317226,0.2533176684542232,10.0
2024-11-23,401704836,LAL,DEN,0.5374658177007192,0.5656898676626024,v1-backfill,0.0,1.830866978364302,0.7518985456671256,0.6366368609770119,0.5554778870971155,0.4708233641757501,0.3417509886987355,-25.0
2024-11-24,401704837,BOS,MIN,0.6999386707139409,0.7148669219681417,v1-backfill,1.0,6.228510578425092,0.8471129315104899,0.764615839846125,0.7032019342307348,0.6143628216201231,0.4699156770434523,2.0
2024-11-24,401704838,IND,WSH,0.8449175289669837,0.7606853439513978,v1-backfill,1.0,12.268494467271168,0.9382905604603844,0.8949708453760485,0.8590663525772442,0.7844701818143182,0.6494491703847225,12.0
2024-11-24,401704839,MIA,DAL,0.629988254211653,0.5024655099223088,v1-backfill,1.0,0.6860952921816628,0.7281991061876238,0.6335188687218509,0.5730121223542058,0.4675735664523149,0.3183242879481548,5.0
2024-11-24,401704840,PHI,LAC,0.412025169606296,0.4582986857282237,v1-backfill,0.0,-3.770180957868716,0.5979557984915267,0.4717495858381552,0.3936396678195427,0.3190389897711894,0.2147709648257635,-26.0
2024-11-24,401704841,CLE,TOR,0.8245995885567547,0.8220896264221774,v1-backfill,1.0,9.849524941205,0.9172923049255703,0.8663994246409998,0.8264889014614039,0.7344927456158805,0.5789634959263456,14.0
2024-11-24,401704842,SAC,BKN,0.781713916650374,0.6636944296472569,v1-backfill,0.0,9.798436627072068,0.8953971311406536,0.8329912619724554,0.7846614989054818,0.7099301062753847,0.5779065536570154,-5.0
2024-11-25,401704843,CHA,ORL,0.3256265294081481,0.4148219828451681,v1-backfill,0.0,-6.110934598414041,0.533472206297656,0.396700171016463,0.3137483855849738,0.2477959224208948,0.1598590625837063,-11.0
2024-11-25,401704844,DET,TOR,0.5422377329982185,0.5891137877929186,v1-backfill,1.0,1.46086560199194,0.7400146453850646,0.6180748312247513,0.5319182657597874,0.4531990309050537,0.3318925352387971,2.0
2024-11-25,401704845,IND,NO,0.7539055028710965,0.6464501843480255,v1-backfill,1.0,7.952437596674949,0.874265226295957,0.8050383620637104,0.7531004650337247,0.6675523716932775,0.5237962012621468,4.0
2024-11-25,401704846,ATL,DAL,0.5652923478907199,0.4533096601918828,v1-backfill,0.0,0.9193821340488046,0.7236351360153599,0.612718756671123,0.538492004390273,0.4534499721343835,0.3254904948458951,-10.0
2024-11-25,401704847,BOS,LAC,0.8051572690253478,0.7142768391634833,v1-backfill,1.0,8.34976077536889,0.8847096040954303,0.823287415377987,0.7777854512325241,0.6875011533356942,0.5367727241802053,32.0
2024-11-25,401704848,MEM,POR,0.7899208963931489,0.6472455246406422,v1-backfill,1.0,9.796943417884169,0.8992673218703365,0.8384886818787702,0.7912044445602927,0.7136847967001233,0.5777850782860912,25.0
2024-11-25,401704849,DEN,NY,0.6450785728241544,0.6290016987218798,v1-backfill,0.0,4.134929790769449,0.7994513038383599,0.7097252947861789,0.6473887884884806,0.5568069236582501,0.4144418408744327,-27.0
2024-11-25,401704850,GS,BKN,0.8337468427154795,0.7428836413731071,v1-backfill,0.0,13.730897435154631,0.9288587094627256,0.8780650355099421,0.8356556278809508,0.7830721231820097,0.6803779726799928,-8.0
2024-11-25,401704851,SAC,OKC,0.4189742417112441,0.4470419800098406,v1-backfill,0.0,-3.583198990695676,0.6033997762890073,0.477645047979347,0.3995783767866623,0.3241879588182494,0.2186126191820772,-21.0
2024-11-26,401703404,WSH,CHI,0.31614541102458,0.410039866804292,v1-backfill,0.0,-5.325510457482291,0.5557578326482728,0.4060605404095425,0.3113825416689609,0.2515161295101608,0.1683668809968996,-19.0
2024-11-26,401703405,MIA,MIL,0.7291418668262233,0.6006345688244125,v1-backfill,0.0,6.482966634008806,0.8487653577278378,0.7750693775009954,0.7222700061706374,0.6308597372705643,0.4823167819637901,-3.0
2024-11-26,401703406,MIN,HOU,0.5271465382146491,0.5980435844492247,v1-backfill,0.0,-0.7000565172804603,0.6842355890396623,0.5730699839296164,0.5017899628392901,0.4133582799178718,0.2859076089448821,-6.0
2024-11-26,401703407,UTAH,SA,0.444515465396062,0.522498310269817,v1-backfill,0.0,-2.560588724426819,0.6371157597779457,0.5155438620914143,0.4387928619076346,0.354091530920808,0.236656644748414,-13.0
2024-11-26,401703408,PHX,LAL,0.5518903341472233,0.581371146052864,v1-backfill,1.0,1.833574161093253,0.7525015202184316,0.6376457141866423,0.5568043170407502,0.4714552768448086,0.3416001134106126,27.0
2024-11-27,401704852,CHA,MIA,0.3456070463656866,0.4560861188212931,v1-backfill,0.0,-4.335150912863945,0.5825749335339523,0.4342224333221401,0.3388118950992252,0.2779071013444554,0.1908449520884968,-4.0
2024-11-27,401704853,CLE,ATL,0.7282869952287196,0.7716012148120174,v1-backfill,0.0,7.824701453439651,0.8752578205420101,0.801295540313529,0.7441581192527446,0.6592684333555214,0.516799038572,-11.0
2024-11-27,401704854,IND,POR,0.7600224806027273,0.6872670781406991,v1-backfill,1.0,7.455760135561719,0.8714439020618,0.8038816055539555,0.7540904742130178,0.6611531765787493,0.5088464766615585,7.0
2024-11-27,401704855,ORL,CHI,0.686162788239955,0.6738164837749759,v1-backfill,1.0,7.872542803125114,0.8634062420013326,0.7755807611782989,0.7054497345250305,0.6361955504786648,0.5148516373130343,14.0
2024-11-27,401704856,PHI,HOU,0.374130687344951,0.4503272835630703,v1-backfill,0.0,-6.244274170944296,0.5337359554369169,0.4129640535032136,0.3422491449715915,0.2636889411524985,0.1634039298236514,-7.0
2024-11-27,401704857,WSH,LAC,0.2879354690536348,0.310105756964268,v1-backfill,0.0,-8.597031932291413,0.4582911831606389,0.3292835998375197,0.2554514383468114,0.1990109648872684,0.1255575563543972,-25.0
2024-11-27,401704858,DAL,NY,0.4125448298995654,0.6050311763513195,v1-backfill,1.0,-2.346068344230516,0.6332440195532537,0.4999588537925263,0.4136251832527221,0.3455096008134058,0.244646602237592,15.0
2024-11-27,401704859,MEM,DET,0.7916776491907638,0.6907034617870493,v1-backfill,1.0,10.281618700124223,0.908829242944124,0.849693169048151,0.8022985776149524,0.7256723818685626,0.5904039322589725,20.0
2024-11-27,401704860,MIN,SAC,0.6387817280962175,0.6414548432328602,v1-backfill,0.0,4.748667818429652,0.7989558955306532,0.7072862291465761,0.6431695015504324,0.5650346036310349,0.4364062059587187,-11.0
2024-11-27,401704861,NO,TOR,0.6298016012572316,0.6651307268931616,v1-backfill,0.0,2.4173378886513994,0.7601712710780673,0.6654826635865686,0.6024624908308748,0.5099045922351236,0.3691993000823286,-26.0
2024-11-27,401704862,SA,LAL,0.5033010734586223,0.4982638968957968,v1-backfill,0.0,1.464734847671168,0.7355642675340164,0.6080541109020214,0.5170510138512304,0.4454611514445184,0.3325394367714501,-18.0
2024-11-27,401704863,PHX,BKN,0.7968075757951153,0.6823564431809,v1-backfill,0.0,10.04807279260741,0.9019277707494784,0.84009422361149,0.7911176128616331,0.7162598559374982,0.5837815277302137,-10.0
2024-11-27,401704864,UTAH,DEN,0.1551363480839232,0.3718112348330638,v1-backfill,0.0,-12.864940578037926,0.3360477385642516,0.2112780352266253,0.1440478155123844,0.1062340987097235,0.0613927833164027,-19.0
2024-11-27,401704865,GS,OKC,0.3896781199079061,0.5451864454435708,v1-backfill,0.0,-3.228862351954404,0.6172225877389084,0.4715222752639955,0.3757173510537528,0.3085686760538922,0.212349615444075,-4.0
2024-11-29,401703409,CHA,NY,0.1340108866164465,0.3913594883625671,v1-backfill,0.0,-12.066477410060884,0.3537741285032952,0.2113640061217367,0.1315057498182943,0.1000316567972051,0.0607257645137798,-1.0
2024-11-29,401703410,ATL,CLE,0.3599029849403367,0.4050504530410824,v1-backfill,1.0,-4.061771477599471,0.5924817359462191,0.4511031910163039,0.3608692402583786,0.292986119430473,0.1978003854360926,16.0
2024-11-29,401703411,MEM,NO,0.7630172222619679,0.6554100389222772,v1-backfill,1.0,10.673475385113738,0.9106633562543556,0.8472733435196874,0.7944894791905109,0.7245401781992554,0.5983790686550492,11.0
2024-11-29,401703412,BKN,ORL,0.3212248608708684,0.4838394780752353,v1-backfill,0.0,-7.339114144573691,0.4953490576127516,0.372322513289239,0.3014701290885741,0.236843722185787,0.1514816665241121,-23.0
2024-11-29,401703413,MIN,LAC,0.6678064170349658,0.543282255543999,v1-backfill,1.0,4.009103824927907,0.8000615437808967,0.7127100937503777,0.6525280132202795,0.5574558621401048,0.410131609562549,1.0
2024-11-29,401703414,IND,DET,0.7492512855267436,0.7263419080870442,v1-backfill,0.0,7.083536353558674,0.870036023227265,0.7994299878014473,0.7467304571243992,0.6503830056027889,0.4947912002345727,-24.0
2024-11-29,401703415,MIA,TOR,0.7872860936266648,0.7281376996723152,v1-backfill,1.0,8.483508562837635,0.885954781870007,0.825763593109143,0.7813329991606873,0.6916296925444441,0.5413716288672066,10.0
2024-11-29,401703416,CHI,BOS,0.2052247057050612,0.3388465309325558,v1-backfill,0.0,-10.724221759987724,0.3955155533804237,0.2673700730831536,0.1962219623736815,0.1510816746024361,0.0935237985935647,-9.0
2024-11-29,401703417,LAL,OKC,0.4414192452291101,0.4893124391591266,v1-backfill,0.0,-3.2886751694115643,0.6114960553936467,0.4941419326274262,0.4223391390803923,0.3419328357829369,0.2297740427878918,-8.0
2024-11-29,401703418,POR,SAC,0.3991242692076979,0.479124552592662,v1-backfill,1.0,-3.0064578797499566,0.6143390120503605,0.4818547997017849,0.3975586567605554,0.3302826488801206,0.2317218773118625,9.0
2024-11-30,401704866,CHA,ATL,0.2674159179157884,0.4738297925292009,v1-backfill,0.0,-7.348155470692468,0.4932027727455023,0.3450782556143901,0.255321263913626,0.2042138442202928,0.1345003667230062,-3.0
2024-11-30,401704867,DET,PHI,0.3958423828327076,0.5505647911320753,v1-backfill,0.0,-2.0359135540800857,0.6442948683854136,0.4999495176588386,0.4029912416150296,0.3396145242646027,0.2441037365444157,-15.0
2024-11-30,401704868,MIL,WSH,0.862913633676026,0.7928725874008276,v1-backfill,1.0,13.206891848964345,0.9438637512294616,0.904544243373472,0.8719866257192598,0.8032792263171884,0.6758663964638429,10.0
2024-11-30,401704869,PHX,GS,0.5066259145295358,0.5431945067318396,v1-backfill,1.0,-1.323005380336319,0.674488845665416,0.5642105781836554,0.4943472315780285,0.3983174367656567,0.2655481300430659,8.0
2024-11-30,401704870,UTAH,DAL,0.3900970150591566,0.3521777031835001,v1-backfill,0.0,-4.962019158225145,0.569528817200446,0.4463654579506592,0.3721938664384713,0.2923680155021871,0.186954221935774,-12.0
2024-12-01,401704871,BKN,ORL,0.3422017956127736,0.4616278166522994,v1-backfill,0.0,-6.075077351836342,0.5379196163669897,0.4040731829439523,0.3231798805275557,0.2513212733781229,0.1580972655167517,-8.0
2024-12-01,401704872,MEM,IND,0.6312731519006626,0.5813377729491421,v1-backfill,1.0,5.591187101510934,0.8317766035424146,0.7367834505942715,0.6648068925930687,0.5830037197831894,0.4488763373792265,15.0
2024-12-01,401704873,CLE,BOS,0.4543953416388921,0.4842572400708721,v1-backfill,1.0,-0.653336277096491,0.6841599748994612,0.5495660823390665,0.4576344445842627,0.3858503977739023,0.2775644343845089,4.0
2024-12-01,401704874,NY,NO,0.7564650140567044,0.734216473613293,v1-backfill,1.0,9.644615260754057,0.8946717937741757,0.8270760853390869,0.7731411912256758,0.6999626421737679,0.5704664095924128,33.0
2024-12-01,401704875,TOR,MIA,0.2855298393457249,0.4147173115721671,v1-backfill,1.0,-5.8140273100837145,0.5374301913328313,0.385632293943263,0.2904076420543501,0.2372763043409889,0.1618853229295423,3.0
2024-12-01,401704876,HOU,OKC,0.4821262234277328,0.4864398150091814,v1-backfill,1.0,-0.0061920407646978,0.6951644533045674,0.5699990545398781,0.4855886786334644,0.4126940222302783,0.3009388863230129,3.0
2024-12-01,401704877,UTAH,LAL,0.2849899853405985,0.395074201608454,v1-backfill,0.0,-5.492901538288677,0.5532226421568229,0.394527032790274,0.2924826173420282,0.2362945942691693,0.1582269937117798,-1.0
2024-12-01,401704878,POR,DAL,0.4219197035683033,0.3817363413157788,v1-backfill,0.0,-2.0005707294064186,0.6506712594521621,0.513803279927376,0.4229427856106316,0.3498699240038025,0.2437022417342942,-6.0
2024-12-01,401704879,SAC,SA,0.5988223154215813,0.6220303102346726,v1-backfill,0.0,1.8064449625426668,0.7491875514017565,0.6485625530851982,0.581231065003932,0.4880751744284122,0.3486874160950874,-2.0
2024-12-01,401704880,LAC,DEN,0.342205256640454,0.5487562684477938,v1-backfill,1.0,-3.586214933720417,0.6020698605971686,0.45164216384424,0.3529518260779956,0.2939554962591705,0.2071030975375893,4.0
2024-12-02,401704881,ATL,NO,0.7606085961604673,0.662694910288399,v1-backfill,1.0,10.05904324490281,0.8938581245390649,0.8294042338377652,0.7791304985815362,0.7094896962424563,0.5843751550017018,12.0
2024-12-02,401704882,BOS,MIA,0.7948312977584355,0.7620586633640114,v1-backfill,1.0,9.084039188483285,0.8838604679849817,0.8232769324634188,0.7787550150358808,0.6991095655150797,0.5611348827197516,19.0
2024-12-02,401704883,CHI,BKN,0.7647466521395205,0.5917288278627191,v1-backfill,1.0,8.784752442763427,0.8831278281373725,0.8131217547479289,0.7588183761691226,0.6812032178801057,0.5467499581991844,26.0
2024-12-02,401704884,MIN,LAL,0.666160432830711,0.5673173740836513,v1-backfill,1.0,5.931332689244308,0.8296313987679208,0.7364176934708144,0.666653650500122,0.5903006949209393,0.4623123119178265,29.0
2024-12-03,401703419,CHA,PHI,0.3775246886085261,0.5097734764722464,v1-backfill,0.0,-2.672071169871222,0.6336301252246797,0.4876693168687969,0.3902312794204992,0.3221880860126864,0.2236949494310928,-6.0
2024-12-03,401703420,CLE,WSH,0.8754088104302695,0.8619833918683376,v1-backfill,1.0,13.680983417365448,0.952276046499694,0.9158551267305411,0.8845385366402148,0.8161380762012532,0.6887169891856201,31.0
2024-12-03,401703421,DET,MIL,0.3454221173481454,0.4249799295461778,v1-backfill,0.0,-3.6540074252104415,0.6070080460837123,0.453482437577798,0.3516626874350868,0.2885341274555066,0.198241821371444,-21.0
2024-12-03,401703422,NY,ORL,0.574500011039968,0.5665782703096474,v1-backfill,1.0,2.351588489789072,0.7663452228009285,0.653841658085232,0.5735914095471067,0.4870563394128224,0.3546285686683569,15.0
2024-12-03,401703423,TOR,IND,0.3295329719214437,0.4620990403376536,v1-backfill,1.0,-3.007911538019621,0.6232274395034574,0.4678443538659896,0.3628990074442342,0.3024613643278328,0.2133593341367095,11.0
2024-12-03,401703424,OKC,UTAH,0.8418753774644568,0.8297948421078077,v1-backfill,1.0,13.60117726572294,0.9346640903902173,0.8864774974800168,0.8456687885927768,0.7888137591718091,0.6793942454035306,27.0
2024-12-03,401703425,DAL,MEM,0.5832696588534108,0.6903934569259217,v1-backfill,1.0,2.284493586884521,0.7501310760088705,0.6448881559185711,0.5732930648502963,0.4924121990217505,0.3656566065822126,5.0
2024-12-03,401703426,PHX,SA,0.6146341652988544,0.6738560781182922,v1-backfill,1.0,3.26614485417722,0.7869796546018264,0.6868613470248355,0.6160700627856861,0.5243256023231498,0.383264320286776,11.0
2024-12-03,401703427,DEN,GS,0.5904577000847411,0.5930556602384295,v1-backfill,1.0,2.6302947985917573,0.7684482930817754,0.6650835135598557,0.5933283972606721,0.5045592499208145,0.3683011775593245,4.0
2024-12-03,401703428,SAC,HOU,0.4657987491147195,0.478986686239078,v1-backfill,1.0,-2.9189976689803885,0.6267888391346472,0.5114782494337495,0.4404504269132945,0.3528470073739033,0.2330036497698316,9.0
2024-12-03,401703429,LAC,POR,0.6958473686203827,0.7409605339502381,v1-backfill,1.0,6.487829808167684,0.8501729581288,0.7669248597158599,0.7042452573083888,0.6184555291178706,0.4773467361853269,22.0
2024-12-04,401704885,BOS,DET,0.8575722282430913,0.8604402577401284,v1-backfill,1.0,11.960891839630346,0.9329108444756264,0.8904256663460195,0.8567133059184096,0.7801941762094042,0.6426959867916244,10.0
2024-12-04,401704886,BKN,IND,0.4503072852628096,0.5513821110173198,v1-backfill,1.0,-1.730577867458936,0.6495944837034735,0.527118622738318,0.4487650177419511,0.3740133801449598,0.2638164640370617,9.0
2024-12-04,401704887,MIA,LAL,0.5711511071375431,0.5445404434010375,v1-backfill,1.0,3.093453180313234,0.756028592802841,0.6523137456326593,0.5815328696104264,0.5102102379636442,0.3931464743330248,41.0
2024-12-04,401704888,PHI,ORL,0.3540861091699651,0.4338557918211412,v1-backfill,0.0,-5.818965253434937,0.5406849506714703,0.4035758542396425,0.3199788108576219,0.2548439618415919,0.1666786558093286,-4.0
2024-12-04,401704889,MIL,ATL,0.5145104059617219,0.6285970728714758,v1-backfill,0.0,0.1982999545806425,0.7107522270382767,0.5878498270410168,0.5039883823784482,0.4214556627522398,0.2989784754171757,-15.0
2024-12-04,401704890,LAC,MIN,0.3454235220335178,0.6126937626247028,v1-backfill,0.0,-4.480649357488716,0.576015097200413,0.438734095465486,0.352968913693077,0.2880029211283975,0.1960531876045086,-28.0
2024-12-05,401704891,CLE,DEN,0.5217439454473792,0.6270927543729794,v1-backfill,1.0,1.1907930292807878,0.7322246808057873,0.6127497060544298,0.5298257032886318,0.4496179143657527,0.3270266592731347,12.0
2024-12-05,401704892,WSH,DAL,0.1677995380753222,0.2480833025342695,v1-backfill,0.0,-13.68867942621736,0.3179188379980683,0.2064987655992642,0.1484157405580435,0.1078808958637008,0.0609373694235578,-36.0
2024-12-05,401704893,NY,CHA,0.8565288250411819,0.7956719615204563,v1-backfill,1.0,12.137471585051458,0.9393877001021792,0.8971807420542972,0.8623203046159851,0.7850628628909592,0.6463491304042955,24.0
2024-12-05,401704894,TOR,OKC,0.1793411359865684,0.3138677990278422,v1-backfill,0.0,-10.468195006488182,0.4022454727846028,0.260629509692327,0.179693858496618,0.1377997884201608,0.0847503874102848,-37.0
2024-12-05,401704895,MEM,SAC,0.6261911416159995,0.5985307185912215,v1-backfill,1.0,4.957407606410042,0.8114289263899694,0.7149301682233007,0.6445257395714805,0.5652700919430442,0.4352928613490113,5.0
2024-12-05,401704896,NO,PHX,0.40983176511723,0.4130490124194769,v1-backfill,1.0,-3.653670973768531,0.6019625596293532,0.472189216568361,0.3909430326007633,0.3174344969092464,0.2143415517551614,2.0
2024-12-05,401704897,SA,CHI,0.5075231029476919,0.5730779800269588,v1-backfill,0.0,1.4321399681501346,0.7256340631022037,0.5935282253213495,0.4992954059624504,0.4366810800164493,0.334632841541386,-15.0
2024-12-05,401704898,GS,HOU,0.4542021768820911,0.5881977262490033,v1-backfill,1.0,-2.3855977782858906,0.6376587127502146,0.509733275426247,0.4276329927375807,0.3511235245277974,0.2415401076578474,6.0
2024-12-06,401704899,PHI,ORL,0.4661605326071596,0.4143392003674808,v1-backfill,1.0,-2.5772779256905114,0.6328013771032053,0.5191153965803651,0.449045320683583,0.3638334766443027,0.2448019440737324,8.0
2024-12-06,401704900,ATL,LAL,0.5857599114204228,0.5529454583822121,v1-backfill,1.0,4.304997759932398,0.8015675082056604,0.6984896943512119,0.6228595615561369,0.5429652442521543,0.413697240894255,2.0
2024-12-06,401704901,BOS,MIL,0.7187113817151348,0.7619982643261455,v1-backfill,1.0,7.911818439642428,0.8615947411323832,0.7820593387898732,0.7213779289038986,0.6483035344485383,0.5213724446813252,6.0
2024-12-06,401704902,CHI,IND,0.4703837344909466,0.5989984376928391,v1-backfill,0.0,-0.1012621823109736,0.692336686653782,0.5659811227113858,0.4807614476249297,0.4088505233034774,0.2984599961219551,-9.0
2024-12-06,401704903,SA,SAC,0.4034053912292315,0.553136374545233,v1-backfill,0.0,-3.127974647532933,0.6124381692610279,0.4752359583252639,0.3871059968838446,0.3214658834256899,0.2253791365324243,-27.0
2024-12-06,401704904,GS,MIN,0.5285387574753153,0.6020950430878032,v1-backfill,0.0,0.7263728894664325,0.7200803124496019,0.5977045251684826,0.5133723481853941,0.4346886937268923,0.3149701865832452,-17.0
2024-12-06,401704905,POR,UTAH,0.6476993455555122,0.6296238621418699,v1-backfill,0.0,5.546398472066381,0.8191928860994921,0.7256709014607103,0.6571626314571309,0.5809063472537915,0.4535841815789583,-42.0
2024-12-07,401704906,CHA,CLE,0.1251972387073129,0.2831261014386165,v1-backfill,0.0,-12.422923841535114,0.3439183816985892,0.2025140448966575,0.123672015779192,0.0929501585241305,0.0553543352010294,-14.0
2024-12-07,401704907,WSH,DEN,0.1556135049642272,0.272765535014596,v1-backfill,1.0,-12.719200524609974,0.3398025068924166,0.2130719606327741,0.1444305482066913,0.1065451090483337,0.0615987835674162,9.0
2024-12-07,401704908,NO,OKC,0.2623916930540659,0.3308580990951167,v1-backfill,0.0,-9.93511141312033,0.4241532290070491,0.3030175466422731,0.2358931732466853,0.176938998030542,0.1050360091200891,-10.0
2024-12-07,401704909,NY,DET,0.7244752528960045,0.7893293165660223,v1-backfill,0.0,7.586803166181758,0.8691459245845677,0.7930981085232427,0.734817714703456,0.6509682127240018,0.5102573109395725,-9.0
2024-12-07,401704910,TOR,DAL,0.2231953095630437,0.3319900835896628,v1-backfill,0.0,-8.391769711412488,0.4656301351062346,0.3136460002168015,0.2222746793637545,0.1730722667395416,0.1090984025965921,-7.0
2024-12-07,401704911,BOS,MEM,0.6975964406943239,0.7750444972357787,v1-backfill,0.0,4.8515112212967,0.8199247990374756,0.7390113884352465,0.6827118171250603,0.5855733472562996,0.4337871026533663,-6.0
2024-12-07,401704912,MIA,PHX,0.5976914442724619,0.5504797703569969,v1-backfill,1.0,3.6987955415546026,0.7935200278499386,0.689954879731705,0.6149593180924782,0.5296037151742943,0.3950818827297098,10.0
2024-12-08,401704913,CHI,PHI,0.4744246106420142,0.6129147834028251,v1-backfill,0.0,-0.5498855521897044,0.6858862852822359,0.5624410624929989,0.4804084389805229,0.4020187921002087,0.2855285625427254,-8.0
2024-12-08,401704914,BKN,MIL,0.3021699810696185,0.5249947158916991,v1-backfill,0.0,-5.665398944673338,0.5483326541252905,0.3995526219760522,0.3061129807884198,0.2437505256033944,0.1593692713316091,-5.0
2024-12-08,401704915,IND,CHA,0.9014244046972892,0.7257340356019631,v1-backfill,0.0,13.150110940759683,0.9515335416257632,0.9185449667072714,0.8915632468943989,0.8156461378886366,0.677547635294202,-4.0
2024-12-08,401704916,ATL,DEN,0.5187048602983529,0.5285684898759856,v1-backfill,0.0,1.21177613901751,0.7294308397913168,0.6093970180523827,0.5262526466193708,0.4489727984024985,0.3295541471316214,-30.0
2024-12-08,401704917,MIA,CLE,0.553552370730468,0.4572184263148419,v1-backfill,1.0,1.2216475536126588,0.7335352237336776,0.6188508003763026,0.5402485369798549,0.4563736105671973,0.3293619492463809,9.0
2024-12-08,401704918,ORL,PHX,0.5200456151004411,0.6267805525319222,v1-backfill,1.0,1.8508454347207688,0.7370607397988025,0.6094329654445412,0.5181256948989097,0.4525943369625272,0.3460828046344091,5.0
2024-12-08,401704919,WSH,MEM,0.3011537127039888,0.3408548209435642,v1-backfill,0.0,-9.73675254079468,0.4306800573234465,0.3215236614899389,0.2624181145815917,0.199993674490702,0.1217818043967634,-28.0
2024-12-08,401704920,SA,NO,0.7732600253431449,0.6164405899106816,v1-backfill,1.0,9.650765340929524,0.8894401337060984,0.8225974731726676,0.7705531439663555,0.6992986608519968,0.5724215326548696,5.0
2024-12-08,401704921,GS,MIN,0.4833649271644682,0.5752471076936262,v1-backfill,1.0,-0.9431876251814088,0.6780754585455758,0.5512360366198591,0.4668759090594465,0.3882720573650254,0.272882709382191,8.0
2024-12-08,401704922,LAC,HOU,0.453529324170781,0.5899991047543541,v1-backfill,0.0,-2.173099636735216,0.6484363649600658,0.5265997607012525,0.4488643755983842,0.3634158991770721,0.2442190325274789,-11.0
2024-12-08,401704923,SAC,UTAH,0.7312104116616919,0.7045969030732828,v1-backfill,1.0,7.0639449081535695,0.8534066412456198,0.7795901284828982,0.7260585641621956,0.6414454283435129,0.5003542977262514,44.0
2024-12-08,401704924,LAL,POR,0.5448262469919612,0.7221312735290513,v1-backfill,1.0,0.5295902658523257,0.7058843444116194,0.5924663750065574,0.5175687071080455,0.440046021714115,0.3210998603284034,9.0
2024-12-09,401704925,TOR,NY,0.293380641461555,0.3767098211347278,v1-backfill,0.0,-6.092272977504965,0.5351935665221941,0.3859181072868242,0.2928908806104072,0.2326436179538314,0.1514889743513717,-5.0
2024-12-10,401734902,MIL,ORL,0.7229017336090967,0.5195140417782226,v1-backfill,1.0,5.614536079160326,0.8380654073384731,0.7622188606604203,0.7086562153967739,0.6100379743407811,0.4547532735302282,5.0
2024-12-10,401734903,OKC,DAL,0.5458609422433046,0.61916382858863,v1-backfill,1.0,2.893402772632488,0.7663176459976915,0.6473633983332208,0.5607473624070047,0.4891011721018207,0.3730315145288491,14.0
2024-12-11,401734904,NY,ATL,0.639996211963826,0.6624925777812875,v1-backfill,0.0,4.695806351259516,0.8127451454395207,0.7161516541703743,0.6454660696880543,0.5609619754570375,0.4251450054978999,-8.0
2024-12-11,401734905,HOU,GS,0.6120823328801671,0.5815339628019398,v1-backfill,1.0,4.380958391445348,0.7941974922427824,0.6927076159757036,0.6196753013372914,0.5445285987529778,0.4207505580450748,1.0
2024-12-12,401736799,BOS,DET,0.8428954973484518,0.8484500432049985,v1-backfill,1.0,11.066812140465627,0.9247662345642484,0.8759953724971455,0.8369173435252737,0.7567444420870992,0.6153296899605579,24.0
2024-12-12,401736800,MIA,TOR,0.8274529572411355,0.7471611039935108,v1-backfill,1.0,10.709814424317036,0.9211730963364588,0.8724583476386822,0.8341885237046253,0.7509657023910525,0.6057924135699423,10.0
2024-12-12,401736801,NO,SAC,0.3217604440243349,0.4799720252103336,v1-backfill,0.0,-7.016540804039909,0.5047775069735784,0.3746185040686101,0.2980978703700089,0.2349195310618128,0.1510104050108828,-2.0
2024-12-13,401736802,CLE,WSH,0.8781330637560449,0.8647106220877071,v1-backfill,1.0,14.53319323223702,0.9532495666162218,0.9171108406856264,0.8858573730422667,0.8253188844319186,0.7092397881964307,10.0
2024-12-13,401736803,PHI,IND,0.6530240891809754,0.5744559398130588,v1-backfill,0.0,4.906666057173275,0.8198924045530775,0.730723568911802,0.6664641099751678,0.5760108776825789,0.4323650352934267,-14.0
2024-12-13,401736804,MIN,LAL,0.7065771230523553,0.6179637838521834,v1-backfill,1.0,8.368788212716563,0.8667780794902897,0.7894831686565503,0.730286306936527,0.6594111529759532,0.5348374017255185,10.0
2024-12-13,401736805,MEM,BKN,0.7979426404273726,0.6709169502601194,v1-backfill,1.0,11.679703290017397,0.9179768458319708,0.8604618138987322,0.812815064943799,0.7478236671179304,0.6277326139152842,16.0
2024-12-13,401736806,CHI,CHA,0.7233984344043751,0.6889805299133394,v1-backfill,1.0,5.521212284161075,0.8420087068494951,0.7657620372857913,0.7113286946663078,0.6083813092196425,0.448475219120909,14.0
2024-12-13,401736807,DEN,LAC,0.6747299520222464,0.6186347369867218,v1-backfill,1.0,5.381898332957563,0.8238073550850322,0.7351200069862176,0.670813273362383,0.5859838907192897,0.4480991985919844,22.0
2024-12-13,401736808,UTAH,PHX,0.3739695027250095,0.4046690695444416,v1-backfill,0.0,-3.7940100609066905,0.5953947157150329,0.4608049016959532,0.3760217979931129,0.3082476116991053,0.2114735034244834,-8.0
2024-12-13,401736809,POR,SA,0.3602433000794901,0.5159280115892687,v1-backfill,0.0,-3.470163754050622,0.6026598427707971,0.4570830845156614,0.3625410391193497,0.3026902503365931,0.2141505839806196,-2.0
2024-12-14,401734906,MIL,ATL,0.6002894824224158,0.5205385931805872,v1-backfill,1.0,2.449386655042841,0.7756859480588223,0.6664071085067192,0.5881219279575053,0.4941451647088143,0.3533680318643905,8.0
2024-12-14,401734907,OKC,HOU,0.6143636309187362,0.6006579155274246,v1-backfill,1.0,3.7360884639871728,0.8047615134071886,0.6994827770404151,0.6211296761368719,0.5300276286284535,0.3891890858674954,15.0
2024-12-15,401736810,IND,NO,0.7109882120774942,0.6784832659162271,v1-backfill,1.0,6.479908183171151,0.8492593168793147,0.7680803488489354,0.7076934213189979,0.6208992411797917,0.4784408175209937,15.0
2024-12-15,401736811,WSH,BOS,0.09112759400143,0.1875267438780692,v1-backfill,0.0,-15.610444980865282,0.2599954780530498,0.1446012649534227,0.0850804394670046,0.0608144910641508,0.0334610464309526,-14.0
2024-12-15,401736812,SA,MIN,0.3971406188450801,0.4608282962820304,v1-backfill,0.0,-4.046215912910922,0.5875414641818747,0.4538033316539145,0.3702154266235192,0.3031365337841695,0.2075653501797707,-14.0
2024-12-15,401736813,PHX,POR,0.7669368008917975,0.7485255114939376,v1-backfill,1.0,8.500748006761066,0.8861880880100368,0.8212151527709681,0.771773113922571,0.6853008781880431,0.5393948343239057,7.0
2024-12-15,401736814,LAL,MEM,0.4324547746589115,0.5697293454426207,v1-backfill,1.0,-3.834969124179093,0.5941321400929831,0.4711995130287081,0.395923047180675,0.3217688094414282,0.2175945786959071,6.0
2024-12-15,401737902,ORL,NY,0.362189627289353,0.5985370288303065,v1-backfill,0.0,-3.0257750509190835,0.6179261357693889,0.4706586749536543,0.3734229581211525,0.3116878642433016,0.220411309094355,-9.0
2024-12-15,401737912,GS,DAL,0.4487000850103484,0.5217801796397127,v1-backfill,0.0,-1.0813103104049162,0.6657964762367622,0.5332000581118237,0.4448059953446069,0.3771476043503052,0.2739167457218836,-10.0
2024-12-16,401736815,CHA,PHI,0.43023853738718,0.4802531839850166,v1-backfill,0.0,-1.2985296940045004,0.6655946515173005,0.5286993940455527,0.4364725048013911,0.3670461904135484,0.2628652185518026,-13.0
2024-12-16,401736816,DET,MIA,0.2874526434378796,0.4069768319509852,v1-backfill,1.0,-7.115467839118081,0.5016750882414052,0.3598631859196274,0.274593520686301,0.2175061749052168,0.1409903571432816,1.0
2024-12-16,401736817,TOR,CHI,0.385028332131758,0.4745493222085503,v1-backfill,0.0,-2.115444027623335,0.6426008156020823,0.4960677428989556,0.3972963723046889,0.3349970500177259,0.2410073755498449,-1.0
2024-12-16,401736818,BKN,CLE,0.2399933909196001,0.3760710593891082,v1-backfill,0.0,-8.75530423092419,0.4542291302572493,0.3154581077577196,0.2346179721246342,0.1816847705455082,0.1135153924188708,-29.0
2024-12-16,401736819,SAC,DEN,0.4536696565932965,0.499363969646329,v1-backfill,0.0,-1.010306421323981,0.6694134787685989,0.5406496945363797,0.4553362619605047,0.3838457294859224,0.2760403796248412,-1.0
2024-12-16,401736820,LAC,UTAH,0.6908486739917638,0.7585032202501548,v1-backfill,1.0,6.504185388624005,0.8453384110307137,0.759054069316161,0.6939852939983452,0.6132511285496692,0.4785565182031242,37.0
2024-12-19,401704926,DET,UTAH,0.5364037138323812,0.6263927142193669,v1-backfill,0.0,1.9807521234246843,0.747368949960638,0.6329464048701936,0.5531060777862433,0.4742849170893446,0.3511881381310217,-7.0
2024-12-19,401704927,ORL,OKC,0.274083831228149,0.4622317167732259,v1-backfill,0.0,-7.155326617590318,0.5017939698055869,0.35540748661658,0.2665665117197063,0.2104446122067564,0.135670714415633,-6.0
2024-12-19,401704928,WSH,CHA,0.4564829618039125,0.5221498839867841,v1-backfill,1.0,-1.4860612061179488,0.6681469635727715,0.5403721542765156,0.4560362501135544,0.3735579343079802,0.2559566156202244,9.0
2024-12-19,401704929,BOS,CHI,0.8498291555362494,0.7924156596504696,v1-backfill,0.0,11.923566508177815,0.9342573724443723,0.889208896889022,0.8522576466327765,0.7762885262837121,0.6397077426420141,-9.0
2024-12-19,401704930,TOR,BKN,0.5327422213465481,0.4992814445413153,v1-backfill,0.0,1.6573042485924576,0.7446814928888053,0.6255530849886575,0.5415409140257831,0.461423810370226,0.3379487244921436,-7.0
2024-12-19,401704931,HOU,NO,0.7908087671243235,0.7604710477197247,v1-backfill,1.0,11.500636496932128,0.9154280337369902,0.8548738336896842,0.8042526212396574,0.7400453682183267,0.6213582544682189,20.0
2024-12-19,401704932,MEM,GS,0.5286913707800458,0.562210659417628,v1-backfill,1.0,1.1424743065502492,0.7219599761489067,0.6093936435871773,0.5338410972897045,0.4559090474654378,0.3352289858235384,51.0
2024-12-19,401704933,MIN,NY,0.6081898639439799,0.5890732806453693,v1-backfill,0.0,4.080935962673333,0.7922035078040633,0.6908492387712154,0.6182088619357424,0.53915591970082,0.411121076377524,-26.0
2024-12-19,401704934,DAL,LAC,0.5121336408462075,0.6753360234510694,v1-backfill,0.0,0.8102443422234167,0.7054488612307934,0.5793252414410075,0.4930364256282369,0.4289923280966272,0.3257942415442483,-23.0
2024-12-19,401704935,PHX,IND,0.6178972536020215,0.64512036752447,v1-backfill,0.0,4.3726164532459695,0.8024220298747693,0.7010428057424666,0.6270031283682869,0.5465961287018354,0.4164887431801903,-9.0
2024-12-19,401704936,SA,ATL,0.5356038258183244,0.5197740369670627,v1-backfill,1.0,0.8321131477986148,0.7242177188443424,0.604904759022692,0.5229824416697737,0.4412093919887909,0.3177077507270514,7.0
2024-12-19,401704937,POR,DEN,0.240514352863386,0.3382981500819877,v1-backfill,1.0,-8.538444404716781,0.4595925878589545,0.3144012135506805,0.2285166935671853,0.178773369253123,0.1135581168937241,2.0
2024-12-19,401704938,SAC,LAL,0.5888957244254812,0.5463084636220905,v1-backfill,0.0,3.966310702457952,0.7989481190239183,0.6928581722009205,0.6145532156209905,0.532382228879099,0.4012338079615992,-13.0
2024-12-20,401704939,PHI,CHA,0.9048037431975532,0.7114181104532767,v1-backfill,1.0,13.332484662917118,0.9583946709098892,0.9298454332370936,0.906413637597786,0.8272133224466468,0.6840878807397285,10.0
2024-12-20,401704940,CLE,MIL,0.6705502866547812,0.6837186073650352,v1-backfill,1.0,6.195039733434903,0.8388211454382104,0.7500579084813174,0.6834564242739113,0.603160715685675,0.4695991970367441,23.0
2024-12-20,401704941,MIA,OKC,0.4137513987236618,0.4150120665588133,v1-backfill,0.0,-3.122909157321629,0.619749068190049,0.4866918490335847,0.4015386059162994,0.3263776017998233,0.2207618130392254,-7.0
2024-12-21,401704942,SAC,LAL,0.6017556692356971,0.5212702796434605,v1-backfill,0.0,3.364756108159596,0.7901356469200722,0.6854704294654318,0.6098384215960188,0.521085110204691,0.3834981973489624,-4.0
2024-12-21,401704943,ORL,MIA,0.5657182363617584,0.6201977681528823,v1-backfill,1.0,2.198187430923244,0.7619110777014104,0.6446715453487946,0.5603514248510595,0.4773540933645577,0.3494938720809026,7.0
2024-12-21,401704944,ATL,MEM,0.3887595004885548,0.5406934276234909,v1-backfill,0.0,-4.704484102150835,0.5728146725853085,0.4400574618864322,0.3581405957393841,0.2876885506738357,0.1908285705785958,-16.0
2024-12-21,401704945,BKN,UTAH,0.5126959556643327,0.6664449505429679,v1-backfill,0.0,0.5024685016479564,0.717851124881892,0.597549992570028,0.5153654910059873,0.4320819147986336,0.3078577504799552,-11.0
2024-12-21,401704946,CLE,PHI,0.7982622743725702,0.762194446354513,v1-backfill,1.0,9.735861826277691,0.90510938955708,0.8463400806211941,0.8001305528395473,0.717772547168759,0.5753559306125768,27.0
2024-12-21,401704947,CHI,BOS,0.2529351328746407,0.37688183378896,v1-backfill,0.0,-7.529548219872617,0.4893318209384011,0.3450040300822717,0.2583932385324343,0.2042875802414928,0.1320132747439091,-25.0
2024-12-21,401704948,MIL,WSH,0.6782332200236548,0.8073902163644779,v1-backfill,1.0,5.273509004821925,0.8186667086284032,0.7253349390728205,0.657093245807919,0.5766440308780345,0.4445280302818683,11.0
2024-12-21,401704949,MIN,GS,0.5740945294468561,0.6129045294661011,v1-backfill,0.0,3.0671534347800384,0.7795166721571803,0.6723869340274151,0.5957155664334066,0.5103315844029884,0.3772539071560611,-10.0
2024-12-21,401704950,NO,NY,0.2730840416466212,0.3584508917715159,v1-backfill,0.0,-8.076424138828978,0.4747431968853871,0.3378063979873739,0.2574824776644099,0.2001923495994229,0.1258938774030463,-11.0
2024-12-21,401704951,DAL,LAC,0.5922692275497317,0.6474885845827207,v1-backfill,1.0,2.7838928390414743,0.7757285101592315,0.6641609049962034,0.5836168570846296,0.4984531214019997,0.3665554803363874,16.0
2024-12-21,401704952,SA,POR,0.7125008560038155,0.6650949209859081,v1-backfill,1.0,6.612553090530641,0.8499272464734291,0.7700160084141432,0.7108290209252229,0.6249695343373469,0.4833708115034547,20.0
2024-12-21,401704953,PHX,DET,0.7157314252351928,0.7356851139636988,v1-backfill,0.0,6.061941929362873,0.8406236109581211,0.7619475796387742,0.705310655246181,0.6150358057693194,0.4688698254651018,-8.0
2024-12-22,401704954,TOR,HOU,0.2295856947567766,0.3405616970712969,v1-backfill,0.0,-9.671658775372052,0.4285966380538469,0.2973889251997604,0.2230194235042377,0.1698947377123129,0.1033829566614802,-4.0
2024-12-22,401704955,SAC,IND,0.5554744705336975,0.5559078963473854,v1-backfill,0.0,2.0200968659308742,0.7501978671091986,0.6362393719353827,0.5565189735983086,0.4761171126563545,0.3511535721738678,-27.0
2024-12-22,401704956,NO,DEN,0.2101685191662677,0.357498569890446,v1-backfill,0.0,-10.33147213525757,0.4064385154026044,0.2759667221345622,0.2028511439723462,0.1569086917947155,0.0978576423568218,-3.0
2024-12-23,401704957,CHA,HOU,0.2536856798343897,0.3149079300681308,v1-backfill,0.0,-8.099196818466213,0.4741231958253927,0.3278268675730885,0.2404309292073975,0.1874705400073235,0.1184420139447911,-13.0
2024-12-23,401704958,CLE,UTAH,0.8570992448263415,0.825884567893984,v1-backfill,1.0,13.400964540181937,0.9437290805640012,0.9038742322275632,0.8707140487957457,0.8043716693742952,0.6803449036918746,11.0
2024-12-23,401704959,ORL,BOS,0.2655448058911259,0.4428424176003505,v1-backfill,1.0,-6.039307838557363,0.5328603351579944,0.3792159429108204,0.2827660676007746,0.2292765998304676,0.1544552242128875,4.0
2024-12-23,401704960,PHI,SA,0.5741055776960757,0.5794402796418818,v1-backfill,1.0,1.4523855325815678,0.7362293232920255,0.6380633036570313,0.5739871720767062,0.4821912684635567,0.3447253079247435,5.0
2024-12-23,401704961,ATL,MIN,0.449929761889542,0.5102561018248407,v1-backfill,1.0,-1.8705539458117213,0.655831511750758,0.5305046759663019,0.4492737189268622,0.3669069501599557,0.2501343957319065,13.0
2024-12-23,401704962,MIA,BKN,0.71249531670333,0.6710902778761476,v1-backfill,1.0,7.528647697963544,0.8616219624425883,0.7867591650120107,0.7309726243609398,0.6495290303247259,0.5118796831917194,15.0
2024-12-23,401704963,NY,TOR,0.8475868789933305,0.8159930130183046,v1-backfill,1.0,12.279882067618518,0.9338399000316836,0.887486038159254,0.8490990117826767,0.77818018348778,0.6485449085023515,14.0
2024-12-23,401704964,CHI,MIL,0.6862468908880512,0.5215086113837293,v1-backfill,0.0,5.4564829586420505,0.830521317333655,0.7447615816332496,0.6824549277360494,0.5927147749402412,0.4486908391261273,-21.0
2024-12-23,401704965,MEM,LAC,0.679281863754563,0.5849753215559949,v1-backfill,0.0,6.20870571996467,0.8443620910314892,0.757872701327964,0.692748947210354,0.607963636020871,0.468711652640461,-4.0
2024-12-23,401704966,OKC,WSH,0.924824614888466,0.894452770571374,v1-backfill,1.0,19.619899901839165,0.9766512535403868,0.954245086267016,0.9327921405949724,0.8972223644527239,0.8205375802447248,18.0
2024-12-23,401704967,DAL,POR,0.8460523205813256,0.8109956075078721,v1-backfill,1.0,11.88493648759293,0.93585425492828,0.8907725193826055,0.8533890656995028,0.7763334107348561,0.6382630902203222,24.0
2024-12-23,401704968,DEN,PHX,0.6454828759810977,0.6613066300716198,v1-backfill,1.0,4.903667288637507,0.8120998577848432,0.713675394518591,0.6412309094098778,0.5619541449810482,0.4321634536240655,27.0
2024-12-23,401704969,GS,IND,0.6539367495541903,0.6290348392423767,v1-backfill,0.0,5.009862057443213,0.8139024572821127,0.7126354016510882,0.6370032158229848,0.5603171704330319,0.4337158734220845,-6.0
2024-12-23,401704970,LAL,DET,0.7520274572593308,0.7422941372298983,v1-backfill,0.0,7.460486359377489,0.8731050747067255,0.8024849230850992,0.7492797817081298,0.6575157337836098,0.5068327788063651,-3.0
2024-12-25,401704971,NY,SA,0.701806115191722,0.7282576221696105,v1-backfill,1.0,6.8230343071529465,0.8601355548617469,0.7795132942920782,0.717927482102717,0.6300873447858758,0.4858042816789745,3.0
2024-12-25,401704972,DAL,MIN,0.6532849784063439,0.6715313512953508,v1-backfill,0.0,5.319858572391288,0.8273100911884804,0.7347928989620366,0.6661089497408913,0.580643450135126,0.4423737138535415,-6.0
2024-12-25,401704973,BOS,PHI,0.7433407853106629,0.7839556390145512,v1-backfill,0.0,9.119376224503872,0.8841653023131926,0.8092666533990233,0.7493176264276005,0.6786713482743347,0.5535247778418451,-4.0
2024-12-25,401704974,GS,LAL,0.6258019394753782,0.587648148144253,v1-backfill,0.0,4.378823669215223,0.8075695882243865,0.7039962832270217,0.6269670752146296,0.5449664443554824,0.4131300179332488,-2.0
2024-12-25,401704975,PHX,DEN,0.3491574705422953,0.4898172750306332,v1-backfill,1.0,-5.636679638616664,0.5435831056032576,0.4077649587196164,0.3250312010779742,0.2613719080762439,0.1736788001966073,10.0
2024-12-26,401704976,IND,OKC,0.3429191842875697,0.3994943926837761,v1-backfill,0.0,-6.208924306278653,0.5283334999416224,0.4025446680027572,0.3282915185415388,0.2600664086444248,0.1686059659250473,-6.0
2024-12-26,401704977,ORL,MIA,0.4825461067840276,0.6413831101714751,v1-backfill,0.0,0.6976484915344505,0.723087927449562,0.5903134749848657,0.4957483803605638,0.4215209148483561,0.3076158053157606,-1.0
2024-12-26,401704978,WSH,CHA,0.4493754722699554,0.5510225319802744,v1-backfill,1.0,-1.871018221031166,0.6531923014815388,0.5285181848862041,0.4480428201610813,0.367812615749663,0.2529411528843459,3.0
2024-12-26,401704979,ATL,CHI,0.6505197058885828,0.6093706380274082,v1-backfill,1.0,5.721652277312346,0.8336493860293079,0.7402538792689585,0.6696476870826956,0.5878082076092999,0.453333388809386,8.0
2024-12-26,401704980,MEM,TOR,0.8312339038856769,0.7767398894546608,v1-backfill,1.0,12.228441440908709,0.9326257223331678,0.8845693217024841,0.8444626746934533,0.7744463945824107,0.6462259265571122,29.0
2024-12-26,401704981,MIL,BKN,0.6604544224138662,0.7156762909446135,v1-backfill,0.0,5.347001625921172,0.8267159155291344,0.7377809253586449,0.6728237475632163,0.5857347515593028,0.4452406077576966,-6.0
2024-12-26,401704982,NO,HOU,0.2951122412101998,0.3463950009810628,v1-backfill,0.0,-7.15127825778583,0.5041721295870794,0.3692386451694702,0.2891329956654624,0.2243534617548543,0.1406337020610086,-17.0
2024-12-26,401704983,POR,UTAH,0.6162259929317292,0.5780379653688206,v1-backfill,1.0,4.337457300727611,0.7883592640974852,0.6842556642680722,0.6094128541499283,0.5386569862001299,0.4205391406617407,2.0
2024-12-26,401704984,SAC,DET,0.6479941084749592,0.6415461226439074,v1-backfill,0.0,3.954923805018953,0.7984993605038843,0.7003015951269,0.6299460145235396,0.5423134508495165,0.4043094651938335,-1.0
2024-12-27,401704985,ORL,NY,0.3092300682530332,0.5360679259809219,v1-backfill,0.0,-5.427546683020154,0.5540013325446521,0.4037803337062958,0.3087844951797152,0.2481804693693027,0.1647743165775075,-23.0
2024-12-27,401704986,BOS,IND,0.7741157250431446,0.7294400959096045,v1-backfill,1.0,9.329178299414728,0.8927150014299821,0.8227474128970551,0.7665443238132023,0.6916920120544401,0.5603480599902101,37.0
2024-12-27,401704987,BKN,SA,0.2188153220344382,0.5733854836885206,v1-backfill,0.0,-9.300563932190803,0.4383226491348048,0.2946077891870135,0.2107430963999257,0.1619448721346892,0.0999325712153922,-9.0
2024-12-27,401704988,HOU,MIN,0.5279303512489797,0.6219070673496144,v1-backfill,0.0,1.3837935713475256,0.7403696854617963,0.6163821559301995,0.5282048244995011,0.4490919266050342,0.3277042341925709,-1.0
2024-12-27,401704989,NO,MEM,0.2723065797161081,0.3836922907261068,v1-backfill,0.0,-8.16224684771732,0.4742842383588321,0.3299177405988922,0.2439923468720145,0.1876542429975496,0.1159556040582407,-8.0
2024-12-27,401704990,DEN,CLE,0.5189636775154786,0.50776771599398,v1-backfill,0.0,-0.0523798718155275,0.6998753799049524,0.5818714728727465,0.5034422805744942,0.4209910846154755,0.2986394160385325,-14.0
2024-12-27,401704991,PHX,DAL,0.4983335316046377,0.482243366205616,v1-backfill,0.0,-1.2331114589146637,0.6729463824357969,0.5595895560436308,0.4872616478601879,0.3972787947127305,0.2701018212309128,-9.0
2024-12-27,401704992,LAC,GS,0.6268934913404856,0.620630826666252,v1-backfill,1.0,4.5506962190567535,0.8042086554192652,0.712016463452023,0.6467856897346085,0.5622609502008218,0.4263305139055927,10.0
2024-12-28,401704993,ATL,MIA,0.5736822409343981,0.5536954834256607,v1-backfill,1.0,1.5338410731338064,0.7484245205462007,0.6418674168434886,0.5692384346386528,0.4744936686910383,0.33478045609103,10.0
2024-12-28,401704994,CHA,OKC,0.0793072977757881,0.1972956741576466,v1-backfill,0.0,-15.36755957828225,0.2620655071411788,0.1379791545844187,0.0728585648091661,0.0532202610984355,0.0302947952617569,-12.0
2024-12-28,401704995,WSH,NY,0.171167234401362,0.2550248593199409,v1-backfill,0.0,-12.283394493558204,0.3514142472703018,0.2238464237851978,0.1543371170514103,0.1157348918465443,0.0686747380589326,-4.0
2024-12-28,401704996,CHI,MIL,0.4799192673478538,0.5049898506082846,v1-backfill,1.0,-0.7692406138154873,0.6855659530754594,0.558726557005305,0.4736983188881419,0.3926654645096471,0.2744616409068374,5.0
2024-12-28,401704997,GS,PHX,0.692734636945913,0.5975394795034447,v1-backfill,1.0,6.267562139371417,0.8326675727831593,0.7447771477557567,0.6800190558457967,0.6037014243273121,0.474992534656631,4.0
2024-12-28,401704998,DEN,DET,0.7734812779409711,0.7353345966409717,v1-backfill,1.0,7.183423396488241,0.8701484537735859,0.8059346900041179,0.7596787874510803,0.6606244307042191,0.5012098782792092,13.0
2024-12-28,401704999,UTAH,PHI,0.252150522032328,0.4579406934535127,v1-backfill,0.0,-7.212918106992695,0.4958732808960043,0.3445311269406202,0.25210163423945,0.2036671174293889,0.1363746617574486,-3.0
2024-12-28,401705000,POR,DAL,0.4217217707947261,0.3220788606846477,v1-backfill,1.0,-2.9051608652918706,0.6220527279421298,0.4879032514473675,0.4016624356802202,0.3306927002750861,0.2285175299492331,4.0
2024-12-28,401705001,LAL,SAC,0.4404299570014178,0.6894845718241012,v1-backfill,1.0,-1.506078972424615,0.661060954056165,0.5282324912606158,0.4400467645162245,0.3669761995301804,0.2591255057774566,10.0
2024-12-29,401705002,ORL,BKN,0.6298983240202898,0.708506098609441,v1-backfill,1.0,5.976726907860567,0.8196235436324762,0.7222035693629045,0.649654793405463,0.5819201230019473,0.4652161214719673,1.0
2024-12-29,401705003,BOS,IND,0.75616735764957,0.7391629845048046,v1-backfill,0.0,8.991704824555395,0.8879294050289397,0.8183990443501513,0.7636893069059689,0.6862866181620711,0.5518577171822433,-9.0
2024-12-29,401705004,TOR,ATL,0.4543036064158418,0.3844333872370075,v1-backfill,0.0,-0.8669176980776037,0.6725747640372696,0.532621487019506,0.4369292969404928,0.3732222107993961,0.2745273938987748,-29.0
2024-12-29,401705005,HOU,MIA,0.7259102454810782,0.6437592702126214,v1-backfill,0.0,8.850063696495777,0.8712036203995044,0.7923431905484574,0.7306252976747946,0.6646872337308773,0.5465223413826471,-4.0
2024-12-29,401705006,OKC,MEM,0.7156796893463605,0.7403506054523522,v1-backfill,1.0,7.0722335496653175,0.8423212082784017,0.762610932594445,0.7047206477377832,0.6299505303528112,0.501765533101856,24.0
2024-12-29,401705007,MIN,SA,0.631620616861173,0.6967490954848833,v1-backfill,1.0,4.292558656601985,0.8003478071977088,0.7036244783383188,0.634475415329393,0.5508499028355058,0.4167424396875216,2.0
2024-12-30,401705008,CHA,CHI,0.3033908299083512,0.3992030916065021,v1-backfill,0.0,-4.7704733468034695,0.5726061689469006,0.4159050798009262,0.3141148040518235,0.2568814510534108,0.1755292114862162,-7.0
2024-12-30,401705009,WSH,NY,0.1724061761924983,0.2462029193203027,v1-backfill,0.0,-11.703805136921313,0.3680132142890166,0.2366489026255526,0.1640766407263461,0.1231087959008983,0.0731168294134449,-20.0
2024-12-30,401705010,NO,LAC,0.3474929463151842,0.3467093004387739,v1-backfill,0.0,-5.089518878268721,0.5614839041714332,0.4237986489345977,0.3385786643642038,0.2721490794355015,0.180711928923927,-3.0
2024-12-30,401705011,UTAH,DEN,0.218007716116893,0.3447106918560692,v1-backfill,0.0,-8.87436081837451,0.4490964963175328,0.3026743571372264,0.2163235412367504,0.1692705502802941,0.1075591904853449,-11.0
2024-12-30,401705012,GS,CLE,0.4811792341463604,0.4340486189892574,v1-backfill,0.0,-1.786051297650368,0.6539103486396447,0.5352352362131083,0.459768301070397,0.3772932192835496,0.2592940378826532,-18.0
2024-12-30,401705013,POR,PHI,0.3400886638279421,0.4746941250194762,v1-backfill,0.0,-3.812200299665572,0.6011455166019708,0.4470399562238081,0.3452084591094013,0.2839138751664942,0.1958458666229004,-22.0
2024-12-30,401705014,SAC,DAL,0.69662885535447,0.4027040880209691,v1-backfill,1.0,6.063838182843004,0.8343110595326033,0.7501066496952705,0.6888312318347,0.6060565670392202,0.4693262807386431,10.0
2024-12-31,401705015,BOS,TOR,0.8772218621516054,0.8605132885742839,v1-backfill,1.0,13.868674394452311,0.9524606678132737,0.9163929334196488,0.8854613125394645,0.8187125292126715,0.6936076077668438,54.0
2024-12-31,401705016,IND,MIL,0.4792098436677811,0.5842931560372877,v1-backfill,0.0,0.0172573089664718,0.7038924989785467,0.5768569470199502,0.4898859712954627,0.4117998323103908,0.2947170537976544,-8.0
2024-12-31,401705017,SA,LAC,0.5507516257630289,0.4513047423388073,v1-backfill,1.0,1.232730286857425,0.7329998358760104,0.6149437230245016,0.533265086338997,0.4523667791914637,0.3288148984440147,36.0
2024-12-31,401705018,OKC,MIN,0.718747729039174,0.7209687426393194,v1-backfill,1.0,7.584259612637258,0.8650536515751069,0.7900395349494611,0.7335494805026256,0.651182974010702,0.5122933928726842,8.0
2024-12-31,401705019,PHX,MEM,0.5665623319735913,0.5385803791799724,v1-backfill,0.0,0.632439477536324,0.7216961770590173,0.6145109886291208,0.5437587228485491,0.4512462702573399,0.3160030879894726,-5.0
2024-12-31,401705020,LAL,CLE,0.4735221810670876,0.4552522766895036,v1-backfill,0.0,-2.149201555134937,0.6522092732763378,0.5296990771695527,0.4511306888091478,0.3628325602542697,0.2411624888157813,-12.0
2025-01-01,401705021,DET,ORL,0.5096572811237716,0.4339960183241229,v1-backfill,1.0,-0.2061672524725688,0.6955366614770442,0.5797779155494941,0.5036894765179395,0.419939239891034,0.2963900884640817,9.0
2025-01-01,401705022,WSH,CHI,0.3073252969965196,0.3701839213636557,v1-backfill,1.0,-4.9637312716737005,0.5686905425613344,0.4155729312615904,0.3171324021290323,0.2561697295158431,0.1714922398649584,18.0
2025-01-01,401705023,MIA,NO,0.7614166204096111,0.7707342901542318,v1-backfill,1.0,8.396197086419392,0.881911909736737,0.8140479238544802,0.762270005670229,0.6783893604178171,0.5361003164425361,11.0
2025-01-01,401705024,NY,UTAH,0.8090190832288983,0.8277200716416206,v1-backfill,1.0,11.240115164601326,0.911704198941892,0.855485370418964,0.8107749911593464,0.7426325660506385,0.6182676644541941,16.0
2025-01-01,401705025,TOR,BKN,0.4996397690479259,0.4733851794847369,v1-backfill,1.0,-0.4713902305556914,0.6842970214581904,0.5611210443855373,0.4794637989397612,0.4040107883226597,0.2903287841852509,17.0
2025-01-01,401705026,HOU,DAL,0.6190813378699311,0.5518338953007741,v1-backfill,1.0,4.112825333896065,0.7979562051286466,0.6992719264479177,0.6285092869970398,0.5445216313818468,0.410447451362733,11.0
2025-01-01,401705027,DEN,ATL,0.6842174734896279,0.6547488955997949,v1-backfill,1.0,5.901068555097192,0.8315074093546135,0.7426479022807058,0.6770746986592796,0.5963426219599354,0.4626649905687715,19.0
2025-01-01,401705028,SAC,PHI,0.7195932222135576,0.5337307390132779,v1-backfill,1.0,6.975923921469967,0.855662665359157,0.7785544376558843,0.72137222936308,0.6361872109390465,0.4947150160575942,6.0
2025-01-02,401705029,MIA,IND,0.5360292062390102,0.6141157387466999,v1-backfill,0.0,1.3765237747503667,0.7389402148373563,0.6196541414581899,0.5361588934313487,0.4546089446080498,0.3301806363231442,-13.0
2025-01-02,401705030,MIN,BOS,0.49097686391979,0.4920897615601237,v1-backfill,0.0,-0.2294345455832465,0.6926103691402646,0.5674611096988071,0.4833036586740689,0.4076484947866033,0.2934353706038252,-3.0
2025-01-02,401705031,MIL,BKN,0.8359053759108865,0.7166016747332709,v1-backfill,0.0,11.76908884961699,0.9299645783838634,0.8800848806461465,0.8384836905908273,0.7653869634674297,0.633213653677446,-3.0
2025-01-02,401705032,OKC,LAC,0.8135273010119349,0.7363451707955244,v1-backfill,1.0,11.531282244738833,0.9204667098420194,0.8673637283876612,0.8242834652151761,0.75413248581322,0.6265058348466738,18.0
2025-01-02,401705033,GS,PHI,0.6821063391116722,0.6146135178857342,v1-backfill,1.0,6.553604081463803,0.8418677570787751,0.7465843967511505,0.6724966509965936,0.6002843917532623,0.4769117582515202,34.0
2025-01-02,401705034,LAL,POR,0.6613943866444896,0.7468432887964117,v1-backfill,1.0,4.661518747976427,0.8099588987733908,0.7186820240369121,0.6536320394005548,0.5667112632631288,0.4277298162430228,8.0
2025-01-03,401705035,DET,CHA,0.7452066429998975,0.7167175590834373,v1-backfill,1.0,7.830378388461227,0.8788601823714719,0.8088488482193655,0.7553131349102389,0.6658528559864331,0.517417006960063,4.0
2025-01-03,401705036,TOR,ORL,0.4472771589190848,0.3538009607156209,v1-backfill,0.0,-3.253357985516489,0.61779464086492,0.501568737103365,0.4303152998826635,0.3433471076723264,0.2252383509052826,-9.0
2025-01-03,401705037,HOU,BOS,0.5016424884609778,0.4851271712707935,v1-backfill,0.0,0.6556378712985484,0.7133599829539312,0.5843653567246261,0.4945619609637138,0.423968115460123,0.3137831721823866,-23.0
2025-01-03,401705038,NO,WSH,0.6641786815393008,0.6254723843704554,v1-backfill,1.0,5.070670313175717,0.8193221836373243,0.7281346169042034,0.6619492673924295,0.5762086480890722,0.4379209079203023,12.0
2025-01-03,401705039,OKC,NY,0.6134101152495773,0.6823511821936568,v1-backfill,1.0,3.876242721688522,0.7896815675186032,0.689724180628232,0.618760530688168,0.5368004406712845,0.4055794513272062,10.0
2025-01-03,401705040,DAL,CLE,0.3265427024931908,0.4781101029147208,v1-backfill,0.0,-5.525990931003962,0.5472404434549617,0.399316223810586,0.3066470391415016,0.2490116473578939,0.1681662059542594,-12.0
2025-01-03,401705041,DEN,SA,0.6818124681502861,0.7139952683856269,v1-backfill,0.0,5.45681720542569,0.8320323371829449,0.7442622207702807,0.6797192735227148,0.5904071973811047,0.4470341271172731,-3.0
2025-01-03,401705042,SAC,MEM,0.5684661427413041,0.4858260982177124,v1-backfill,1.0,0.7822318298435587,0.7297280699799873,0.6233114001354165,0.5525501467828531,0.4559290698058574,0.316231257002778,5.0
2025-01-03,401705043,LAL,ATL,0.5062445507056751,0.6271492842536688,v1-backfill,1.0,-0.8069423616727214,0.6816505754561708,0.5654849603718312,0.4901416299607089,0.4046060529023058,0.2808345522769426,17.0
2025-01-04,401705044,BKN,PHI,0.2728043503422999,0.5190576043801132,v1-backfill,0.0,-7.540188448260832,0.4791288808089392,0.3461676120336185,0.2686282688661031,0.2206189076068617,0.151824931006704,-29.0
2025-01-04,401705045,DET,MIN,0.2924629204143142,0.4460951386118874,v1-backfill,1.0,-6.99781629452248,0.5062945418906732,0.3694946778221355,0.287864655476692,0.2264507274543795,0.1451434324148895,14.0
2025-01-04,401705046,IND,PHX,0.5775411532138756,0.6255693723832988,v1-backfill,1.0,3.927440050578994,0.7846947746023989,0.6753958801407741,0.5958921455966657,0.5240387455552128,0.4054755565004536,18.0
2025-01-04,401705047,MIA,UTAH,0.6846584839576233,0.7602264306176268,v1-backfill,0.0,6.3655036417699264,0.8360509772797425,0.7506955696305565,0.6880157758778528,0.6097138828982286,0.4782084340472622,-36.0
2025-01-04,401705048,CHI,NY,0.4394446749166821,0.417724156710145,v1-backfill,1.0,-3.073596268345825,0.6171501314175921,0.4888426867707844,0.4078302450512432,0.3336757459031075,0.2281793406382796,13.0
2025-01-04,401705049,MIL,POR,0.8205067424123361,0.7321502054237092,v1-backfill,0.0,10.290010423593376,0.9136748474036968,0.8613393720808996,0.8205447469384717,0.7375244579261577,0.593268986139062,-3.0
2025-01-04,401705050,SA,DEN,0.4872141602206226,0.4768740957888701,v1-backfill,0.0,0.010136495450391,0.6965447444268429,0.5668940192210882,0.4782595933689627,0.4075743610529452,0.2985969480595052,-11.0
2025-01-04,401705051,GS,MEM,0.5099164469633635,0.5675520685296228,v1-backfill,1.0,0.1220628450504959,0.7096209004655576,0.5839638979042936,0.4976787360038365,0.4162809467592468,0.2954296584801217,8.0
2025-01-04,401705052,LAC,ATL,0.7005943535473845,0.6419572347962107,v1-backfill,1.0,6.992829628082201,0.84498855281297,0.7570058755404266,0.6902066386606173,0.6179677202817013,0.4936386292882491,26.0
2025-01-05,401705053,OKC,BOS,0.6195414920961054,0.6427167231473089,v1-backfill,1.0,3.724715917979589,0.7843902709656809,0.6864329543757369,0.6180063204835168,0.5355292073853526,0.4038094688598529,13.0
2025-01-05,401705054,CLE,CHA,0.870411711330335,0.8944323913423219,v1-backfill,1.0,13.780481196017494,0.949729477656288,0.9121138446702968,0.8800529700206376,0.8142207211118282,0.6906079566906039,10.0
2025-01-05,401705055,WSH,NO,0.3882072863172805,0.5272089323341462,v1-backfill,0.0,-3.5524805483341653,0.6037706114594491,0.4676521041228133,0.3810428027393558,0.3122551249844859,0.2140986056321108,-12.0
2025-01-05,401705056,ORL,UTAH,0.7777859806278156,0.7643950514084498,v1-backfill,0.0,10.22510884300307,0.8988363263358238,0.8309190498796228,0.7756922695290619,0.7079833162443813,0.585592178201127,-13.0
2025-01-05,401705057,HOU,LAL,0.6329963561642894,0.5900120453337836,v1-backfill,1.0,5.268713016961168,0.8109238423226994,0.7091858765268045,0.633530197903443,0.5628470882071728,0.443432473392724,4.0
2025-01-05,401705058,GS,SAC,0.6059510562971161,0.6500103549845988,v1-backfill,0.0,2.903552732000123,0.7734498034392906,0.6748296475627037,0.6069696582258344,0.5168463801458417,0.3781307505166537,-30.0
2025-01-06,401705059,DET,POR,0.6004616826109341,0.642236273540841,v1-backfill,1.0,3.683094285608522,0.7905643368333184,0.6909560719873625,0.6202221110411539,0.5338425515374855,0.3978656867744411,3.0
2025-01-06,401705060,PHI,PHX,0.4078633337794247,0.5997505279540711,v1-backfill,0.0,-2.206158913982862,0.6410338609992917,0.5026788878032272,0.4113290463214246,0.3428747927920343,0.2419257373255706,-10.0
2025-01-06,401705061,BKN,IND,0.1929033874163794,0.4508717262389193,v1-backfill,0.0,-10.407695880644772,0.4050949294330516,0.2630335038230439,0.181671527792411,0.1380952235063401,0.0837397947968237,-14.0
2025-01-06,401705062,NY,ORL,0.803834212333848,0.6653541867135918,v1-backfill,0.0,9.609507720870006,0.8905046752160194,0.8330036387402625,0.7906396115060885,0.7129068120044989,0.5767626074539148,-9.0
2025-01-06,401705063,TOR,MIL,0.3924635413113536,0.3796617382030235,v1-backfill,0.0,-3.100928670652359,0.6216106493448619,0.4831646768227378,0.3932928276813052,0.3203832189150506,0.2175056324272416,-24.0
2025-01-06,401705064,CHI,SA,0.5044994388560523,0.5979351302247682,v1-backfill,1.0,-1.1098978070104613,0.6720938827093842,0.5575031476615907,0.4841982709703954,0.3990443335982551,0.2762129384171692,4.0
2025-01-06,401705065,MEM,DAL,0.568806678073417,0.5396627381475408,v1-backfill,1.0,2.427640293868384,0.7497264090340858,0.6437916224889438,0.5716034442475703,0.4941575533261646,0.3710972746277116,15.0
2025-01-06,401705066,MIN,LAC,0.528584757638376,0.5662927554475659,v1-backfill,1.0,1.3159550343394493,0.7307770538545333,0.6115169223806183,0.5289514155595435,0.4522578821974323,0.3332086105596839,2.0
2025-01-06,401705067,SAC,MIA,0.5023346006040607,0.5588512565515962,v1-backfill,1.0,0.7170321287400592,0.7111982990438432,0.599048342205093,0.5248167080150176,0.4462275105019261,0.3256343522634167,5.0
2025-01-07,401705068,CHA,PHX,0.4044814099021999,0.3620959069646952,v1-backfill,1.0,-2.383502749967297,0.6360429207655467,0.4941684393362783,0.4001436105768298,0.334180590016979,0.2365439327059139,11.0
2025-01-07,401705069,WSH,HOU,0.1849551969369112,0.2777977010003305,v1-backfill,0.0,-11.618861109001362,0.372669361631082,0.2474000943983203,0.1788868116257636,0.1333317021344775,0.0783556467015494,-23.0
2025-01-07,401705070,DAL,LAL,0.376624941924029,0.6022319176131973,v1-backfill,1.0,-3.1163732742286863,0.6218593907513311,0.4674789312953609,0.3635676200164205,0.3010054751435538,0.2099613351803867,21.0
2025-01-07,401705071,NO,MIN,0.4261316582946095,0.3647234056150695,v1-backfill,0.0,-3.0524413584374024,0.6151664875258415,0.4907281046936085,0.4130178175738994,0.3391288845590887,0.2332954486529317,-7.0
2025-01-07,401705072,UTAH,ATL,0.2779726208045373,0.4532357000786296,v1-backfill,0.0,-6.596918286251307,0.5119391067298393,0.3737187311973576,0.2907242952558342,0.2355743156770441,0.1585246269033707,-3.0
2025-01-07,401705073,DEN,BOS,0.2888838704149037,0.4981993654326493,v1-backfill,0.0,-6.915772677704052,0.5030307897051345,0.3545978352164958,0.2640814617216431,0.2147564822671877,0.145381008147421,-12.0
2025-01-07,401705074,GS,MIA,0.6717948792598373,0.6061346779793507,v1-backfill,0.0,5.140476480685336,0.8193743376863354,0.7323874141026581,0.6703341893745268,0.5829893801307677,0.4423881512097813,-16.0
2025-01-08,401705075,CLE,OKC,0.4397035200614727,0.5405672155726455,v1-backfill,1.0,-1.9858281287889,0.6516731182531306,0.5206505530286057,0.4348309209219893,0.3572459952989713,0.2459962575974816,7.0
2025-01-08,401705076,IND,CHI,0.6104782777168881,0.6419884384966523,v1-backfill,1.0,3.5210708718302626,0.7907117327199006,0.6908558740445297,0.6198639126530995,0.5303892253931672,0.391281241250353,16.0
2025-01-08,401705077,NY,TOR,0.8020826720629702,0.8325019085733494,v1-backfill,1.0,10.85483776350543,0.9181051622072536,0.8614588064401648,0.8148067948398464,0.739801715850488,0.6060855053811248,14.0
2025-01-08,401705078,PHI,WSH,0.783146563435934,0.7806633080069635,v1-backfill,1.0,9.47802059500999,0.8971723473219875,0.833317680705337,0.7830548935536972,0.7042229964984309,0.567054210391085,6.0
2025-01-08,401705079,BKN,DET,0.3390008952145891,0.5314257696499153,v1-backfill,0.0,-5.891512689225492,0.5416282501305141,0.4045323579368121,0.3208951414405447,0.252331302863632,0.161623904317736,-15.0
2025-01-08,401705080,NO,POR,0.4686045521357457,0.545844582424822,v1-backfill,0.0,-1.279961917768926,0.6646706885120961,0.5426606814842674,0.4635999677699807,0.3857315279931695,0.2713152279788824,-19.0
2025-01-08,401705081,DEN,LAC,0.4497014021683144,0.607944497023177,v1-backfill,1.0,-1.7873271330181737,0.6577321668327463,0.5295472313641822,0.4457051653889477,0.3655921494101647,0.2510681327061705,23.0
2025-01-08,401705082,MIL,SA,0.6181959790579774,0.6436181921962912,v1-backfill,1.0,2.786482602015906,0.7779597167681996,0.6779842906129079,0.6083705936664936,0.5132090096048646,0.3695077541822175,16.0
2025-01-09,401705083,CLE,TOR,0.8242266845066388,0.8912899854971409,v1-backfill,1.0,12.715697826536593,0.9277140659515924,0.874685272817825,0.8298812233104382,0.7695335531563505,0.6554626378714646,6.0
2025-01-09,401705084,DET,GS,0.4323025284496873,0.5346727005892108,v1-backfill,0.0,-1.7167743027967337,0.6485762545574233,0.5253877313829577,0.4465059711526474,0.3734101223509514,0.2649235493834446,-3.0
2025-01-09,401705085,ORL,MIN,0.3969916053224249,0.5658852382279693,v1-backfill,0.0,-2.372167157411895,0.6327458379459625,0.4918134291283614,0.3988957122737403,0.3353970955868939,0.2401392484478574,-15.0
2025-01-09,401705086,MEM,HOU,0.6381187120032396,0.5482077509111941,v1-backfill,0.0,4.018325162458624,0.8033030676182218,0.7082520088063271,0.6403613281608417,0.5484030480209938,0.405174600451511,-4.0
2025-01-09,401705087,DAL,POR,0.7570582166602902,0.758838930949071,v1-backfill,1.0,8.732091362851097,0.8778248253771317,0.8071473089621104,0.7530815955159683,0.6777283438624908,0.5463900873807656,6.0
2025-01-09,401705088,PHX,ATL,0.5764236714803092,0.5564479447563639,v1-backfill,1.0,1.7215043949081927,0.7370911709011501,0.632579235832346,0.5628623225499895,0.4800807334395448,0.3522296631970532,8.0
2025-01-09,401705089,UTAH,MIA,0.3064954541356921,0.423201679281053,v1-backfill,0.0,-5.569749042511718,0.5467324188435748,0.4062303393822919,0.3196010782912542,0.2569737754285299,0.1707217080218702,-5.0
2025-01-10,401705091,IND,GS,0.798803106752368,0.6176931758841564,v1-backfill,1.0,10.760537845318485,0.912580923849867,0.856809484101945,0.8124183372528709,0.7380471347292283,0.6052666131774109,12.0
2025-01-10,401705092,ORL,MIL,0.3282811195738799,0.5969842496495129,v1-backfill,0.0,-3.932408394532356,0.5975550194680026,0.4368629780397735,0.3295104730983816,0.2730216958944764,0.1906916219351514,-3.0
2025-01-10,401705093,PHI,NO,0.687151009449148,0.7338916929169965,v1-backfill,0.0,6.437349605862361,0.8398609794163008,0.7540216785835666,0.6902821963975332,0.6112653402652359,0.4787901852387959,-8.0
2025-01-10,401705094,BOS,SAC,0.7695093896102838,0.7596367311138762,v1-backfill,0.0,10.07993646557694,0.8878079354841772,0.8218763961517501,0.7711241450046871,0.7051326536101468,0.5852419723018771,-17.0
2025-01-10,401705095,NY,OKC,0.3690637268796636,0.4446253072845078,v1-backfill,0.0,-3.95619107196438,0.5978030573006501,0.4535450204046887,0.3604960629719739,0.2919598982468158,0.196300192058842,-25.0
2025-01-10,401705096,CHI,WSH,0.8194303775870331,0.7846063447469234,v1-backfill,1.0,10.374169986058494,0.9117784751663018,0.858300681148465,0.8166179674824904,0.736321301325858,0.5956913379922432,33.0
2025-01-10,401705097,DEN,BKN,0.9091170143341448,0.7700899697209068,v1-backfill,1.0,15.56244578380089,0.9644298188162792,0.9382953584440176,0.9161993428935452,0.8562304820793932,0.7401249655913228,19.0
2025-01-11,401705099,PHX,UTAH,0.8146461694906654,0.7156675936744119,v1-backfill,1.0,9.237658298909809,0.9044575146606778,0.8469738102055397,0.8023042090344058,0.7122698014853558,0.560424141355613,8.0
2025-01-11,401705100,DET,TOR,0.5981849120760143,0.7289320495575836,v1-backfill,1.0,4.63651639827218,0.8004378928851051,0.6985377743608473,0.624253590750927,0.5498012846986541,0.4265312444989174,9.0
2025-01-11,401705101,MIN,MEM,0.4680981683726121,0.6320521112000246,v1-backfill,0.0,-1.0205912930777172,0.6732092584777257,0.547513307004287,0.4645777309457942,0.3876506025291778,0.2739827760799758,-2.0
2025-01-11,401705102,POR,MIA,0.293510022115558,0.4372094305692938,v1-backfill,0.0,-6.643511088080301,0.5113821525978901,0.3771611551359733,0.2972671721839296,0.2395178425074694,0.159676645309518,-21.0
2025-01-12,401705105,NY,MIL,0.5914908810889755,0.6419465296223542,v1-backfill,1.0,4.008703894596228,0.7941958944040635,0.682507671763098,0.5991793296248243,0.5246064217433457,0.4027743759823452,34.0
2025-01-12,401705106,DAL,DEN,0.3492144268273596,0.5737261070197165,v1-backfill,0.0,-3.881776695261306,0.5989811035691561,0.4474577895563055,0.3480641012342358,0.2852573925193172,0.1956190186691297,-11.0
2025-01-12,401705107,CHI,SAC,0.4435820994432585,0.5576977665383456,v1-backfill,0.0,-2.9328675072292523,0.6271128244090323,0.5021138301957502,0.423184369988086,0.3405854581301064,0.2266275791421735,-5.0
2025-01-12,401705108,BOS,NO,0.8512379261857069,0.8492093214743383,v1-backfill,1.0,12.999080134128256,0.9414379568536516,0.8968099609570519,0.8584611467433578,0.7915232788421027,0.6670766555750457,1.0
2025-01-12,401705109,CLE,IND,0.6524059921897162,0.7321642781887763,v1-backfill,0.0,5.088148995084835,0.8233743409601503,0.7266126910639912,0.6541571391694193,0.5700473958978873,0.4340644422224604,-15.0
2025-01-12,401705110,ORL,PHI,0.6191099616292688,0.6397477342974812,v1-backfill,1.0,4.401658651438647,0.8003709320604407,0.700757862927191,0.6287625015460997,0.5489576143031181,0.4193933189588812,5.0
2025-01-12,401705111,WSH,OKC,0.0827288712631619,0.1479377504210642,v1-backfill,0.0,-16.390786146299256,0.2402688372500996,0.1298373590493706,0.0737628422502352,0.0522938093598314,0.028407348330681,-41.0
2025-01-12,401705112,UTAH,BKN,0.3874523012625787,0.5488930388236432,v1-backfill,1.0,-3.3932834405997525,0.6071200319929945,0.4753798771675303,0.3921861054335603,0.321619505764987,0.2207860788840522,1.0
2025-01-12,401705113,PHX,CHA,0.706396678419629,0.7696948063135431,v1-backfill,1.0,5.1699610369056135,0.8238006271945644,0.7454006907320408,0.6910384042986841,0.5956249862738621,0.4449820190818456,7.0
2025-01-13,401705114,WSH,MIN,0.1719015054645877,0.2698800963032999,v1-backfill,0.0,-12.329436150486824,0.3507865273544367,0.2253968200802621,0.1573794391730433,0.1178056692197842,0.069705051449128,-14.0
2025-01-13,401705115,NY,DET,0.7548687138210466,0.7246343521769212,v1-backfill,0.0,7.558540606089677,0.8714563327276362,0.8016148182435058,0.749483873413492,0.6597465010573811,0.5113482929293544,-5.0
2025-01-13,401705116,TOR,GS,0.3755418913561787,0.3559114302033571,v1-backfill,1.0,-4.045697937209146,0.5941813082752536,0.4575650549502683,0.3711865033526412,0.2989699935753563,0.1991930482182389,3.0
2025-01-13,401705117,HOU,MEM,0.4942175372317041,0.6318387278428998,v1-backfill,1.0,0.4946580061341388,0.7130381078562484,0.5880585523144549,0.502046054339266,0.4256865927838781,0.3091768237875564,2.0
2025-01-13,401705118,LAL,SA,0.5522420181705152,0.6768332859948715,v1-backfill,0.0,1.332615629798572,0.7300648409130498,0.6219385374123649,0.549625999070675,0.4665338558114668,0.3394711220313458,-24.0
2025-01-13,401705119,LAC,MIA,0.6847494469049686,0.6021010131390276,v1-backfill,1.0,5.695930627297909,0.8318267846369336,0.746553574377575,0.6845530563314273,0.5978545794766198,0.457000560024634,11.0
2025-01-14,401705120,IND,CLE,0.3966329338229709,0.4551245977358236,v1-backfill,0.0,-3.05332692258421,0.6225171998516076,0.4906936617170908,0.4063834213236023,0.3295224053219115,0.2220011554548427,-10.0
2025-01-14,401705121,PHI,OKC,0.0845046476840205,0.2929958841306667,v1-backfill,0.0,-17.738110152288574,0.2133756670592805,0.1187062775990917,0.0725333186974716,0.0508124981884374,0.0270966119993201,-16.0
2025-01-14,401705122,ATL,PHX,0.497545746684745,0.5829540326609671,v1-backfill,1.0,0.2056273715874814,0.692328177757997,0.5725394027386834,0.4931833472524161,0.4233827845284744,0.3141127131394385,5.0
2025-01-14,401705123,CHI,NO,0.6225560715515964,0.7134093739870238,v1-backfill,0.0,4.2083835070132825,0.8027301432863585,0.7008784161450016,0.6263195156446574,0.5431274457611199,0.410056672866207,-6.0
2025-01-14,401705124,MIL,SAC,0.5640943819664862,0.5911194155056855,v1-backfill,1.0,0.4062670159376793,0.7169847924807354,0.6059811909584992,0.5322649488579978,0.4410251890201873,0.3080424803614106,15.0
2025-01-14,401705125,DAL,DEN,0.4383192114781325,0.5477009329818431,v1-backfill,0.0,-1.5504139362185931,0.6664432858316548,0.5256473887879638,0.4297949028856259,0.3564676055328695,0.2493901920532738,-19.0
2025-01-14,401705126,POR,BKN,0.6066507052460857,0.5887432158575735,v1-backfill,0.0,3.827621554581076,0.7961932446010036,0.6935660478277924,0.6191407442423782,0.5337590700541286,0.3988983499627081,-18.0
2025-01-15,401705127,PHI,NY,0.3608888019433335,0.447500946394933,v1-backfill,0.0,-5.745537206768676,0.5405039595446133,0.4207904916530923,0.3505822546509462,0.2795103097208847,0.1831261158572143,-6.0
2025-01-15,401705128,TOR,BOS,0.1865461478885658,0.2294321638610085,v1-backfill,1.0,-11.176874599728528,0.3845888554307216,0.2525412025017008,0.179000239452873,0.1334967179895068,0.0785277839263055,13.0
2025-01-15,401705129,CHI,ATL,0.6715237476715986,0.535503923352092,v1-backfill,0.0,5.332871982737815,0.8225096041969079,0.7333170157596007,0.668683869081359,0.5841564707498781,0.446745566626288,-16.0
2025-01-15,401705130,MIL,ORL,0.6594157164949012,0.5937114714383214,v1-backfill,1.0,3.737667981094433,0.7958341310620606,0.7087078424395643,0.6491692023941996,0.5515714269123909,0.402025592062625,29.0
2025-01-15,401705131,MIN,GS,0.6424907528428727,0.6580062547166371,v1-backfill,0.0,5.68384498930807,0.8267083535117203,0.7316696463906106,0.6604741826580678,0.5830996099286203,0.45428471309382,-1.0
2025-01-15,401705132,NO,DAL,0.4985627820115579,0.3735302049846493,v1-backfill,1.0,-1.2838340378675277,0.6605097876021802,0.551025375541723,0.4827091066440175,0.4011938602354536,0.2816735040529998,3.0
2025-01-15,401705133,SA,MEM,0.4265180038409699,0.5089060773674777,v1-backfill,0.0,-2.463161922461838,0.6370057916942318,0.5064094870372398,0.4220901046113938,0.3458928261623644,0.2371629116354029,-14.0
2025-01-15,401705134,DEN,HOU,0.4002007573826263,0.6037438595902834,v1-backfill,0.0,-4.133166200150894,0.5816518923800396,0.4551152581828157,0.3776638111575296,0.3102705475602639,0.2136397196913029,-20.0
2025-01-15,401705135,UTAH,CHA,0.3265103422037638,0.6545927417453811,v1-backfill,0.0,-4.570811618674116,0.5785887227629283,0.4303663156201934,0.3353529420524537,0.2719956820408507,0.1833227329503126,-5.0
2025-01-15,401705136,LAL,MIA,0.5962332715108127,0.5895333617814765,v1-backfill,1.0,1.9353673801002795,0.7609610761462391,0.6581037030179064,0.5876129577819132,0.4890236514066747,0.3440979513301964,9.0
2025-01-15,401705137,LAC,BKN,0.9041193159777604,0.7480905204300978,v1-backfill,1.0,15.133595531132796,0.9598461577657772,0.9292798892463192,0.9030271816045486,0.8429481336556527,0.7270518853077761,59.0
2025-01-16,401705138,DET,IND,0.3822766923455887,0.4842607816374106,v1-backfill,0.0,-2.613290819116762,0.6343664377543361,0.4858547601738493,0.3860667244128522,0.3205884802456911,0.2247470398279906,-11.0
2025-01-16,401705139,WSH,PHX,0.2619615023542789,0.3318540791680585,v1-backfill,0.0,-6.634243851199839,0.5182995847008991,0.3615106835333636,0.2634010640815353,0.2103033096634497,0.1381079029873632,-7.0
2025-01-16,401705140,OKC,CLE,0.613482715812415,0.6319485566847444,v1-backfill,1.0,3.910876295349975,0.7921660932303561,0.6929236163783394,0.6223468966013045,0.5388911536735731,0.4058216629096297,20.0
2025-01-16,401705141,POR,LAC,0.3618434647834445,0.3738006087665872,v1-backfill,0.0,-5.330344859524873,0.552818201505683,0.4170279777419922,0.3338157752486518,0.2688425720645863,0.1790900756829271,-29.0
2025-01-16,401705142,SAC,HOU,0.5778073033268196,0.4819185216986542,v1-backfill,1.0,2.343289094826248,0.7471277396254348,0.6361599233403417,0.5595885654696859,0.4855173846599618,0.3668997255009044,5.0
2025-01-17,401705143,BOS,ORL,0.8239201128037305,0.7135739067695726,v1-backfill,1.0,10.97273535009323,0.920132069854263,0.8679261968390016,0.8259506082401891,0.7487614980960489,0.6117027429618384,27.0
2025-01-17,401705144,NY,MIN,0.5342148439828923,0.6243725121542206,v1-backfill,0.0,1.4848292093385602,0.7400543255345653,0.6224492650486373,0.5404205808945168,0.4591243837217891,0.3345835879269229,-17.0
2025-01-17,401705145,MIA,DEN,0.4377917148120662,0.4919326170563435,v1-backfill,0.0,-2.6496304445232832,0.6163287453352109,0.490634790301915,0.411826284710014,0.3471903514277756,0.2497083662326067,-20.0
2025-01-17,401705146,MIL,TOR,0.8092709508827983,0.7861238947016258,v1-backfill,1.0,9.799245334863876,0.9082384357785458,0.8542525827368409,0.8126771099629163,0.7265891276867839,0.5789339472168286,18.0
2025-01-17,401705147,NO,UTAH,0.8276349562420456,0.6136559738232643,v1-backfill,1.0,9.79819560270224,0.9111020450358068,0.8636378306445591,0.828446820467738,0.736712634931198,0.5813871863346082,13.0
2025-01-17,401705148,SA,MEM,0.4851500609745725,0.4854751163491865,v1-backfill,0.0,-0.9088406244843714,0.6832017161147865,0.5624068915480009,0.4829334026750821,0.3963907584922182,0.272519765519938,-28.0
2025-01-17,401705149,DAL,OKC,0.5059189510671633,0.3575862257396865,v1-backfill,1.0,-0.9909779910132056,0.6659190277708511,0.5496110927865245,0.4752963887312992,0.3996013214775258,0.286066509910803,8.0
2025-01-17,401705150,CHI,CHA,0.7246747645706829,0.7239626002261199,v1-backfill,0.0,6.580872554419873,0.849466837486291,0.7746242746609816,0.7206045681935974,0.6311642211444032,0.4849158564280891,-2.0
2025-01-17,401705151,LAL,BKN,0.7675567405492324,0.7357461901322422,v1-backfill,1.0,8.370429590936173,0.8785590705922743,0.8114814572702099,0.7610932952536601,0.6780904193282865,0.5369198861337035,1.0
2025-01-18,401705152,DET,PHX,0.4684482838054942,0.5467623916479054,v1-backfill,0.0,0.824861880926604,0.725014045820919,0.5916196092760156,0.4962079072695022,0.4236300253936659,0.31131792381145,-4.0
2025-01-18,401705153,BOS,ATL,0.6874528347170475,0.7227690510509351,v1-backfill,0.0,5.671599574293933,0.8282768578541402,0.741237691554225,0.6779624369445189,0.5941986875609836,0.4570339073738065,-4.0
2025-01-18,401705154,IND,PHI,0.7904173872170297,0.7123931450213754,v1-backfill,1.0,11.118203852702642,0.9152700451336652,0.8562530287747313,0.8075028279545793,0.7382181517497711,0.612427700938717,13.0
2025-01-18,401705155,GS,WSH,0.8159334089363312,0.8202224837802722,v1-backfill,1.0,12.244554673521057,0.9174323208838642,0.8637122121360736,0.8206031243548005,0.7595359986240076,0.644729705071036,8.0
2025-01-18,401705156,MIN,CLE,0.3799383158829983,0.4467944692111988,v1-backfill,0.0,-3.9216471057030047,0.5907706392712466,0.4608287031053053,0.3801283539039796,0.3109395707536511,0.2125503101241068,-7.0
2025-01-18,401705157,POR,HOU,0.239133126553829,0.3290051978200639,v1-backfill,0.0,-9.744661986512597,0.4248827620111006,0.2925800762556772,0.2175537863387535,0.1673542927284394,0.1034456139633567,-22.0
2025-01-19,401705158,MIA,SA,0.598592953839105,0.6471196850193515,v1-backfill,1.0,2.453909428757793,0.7664042548988457,0.6635682248494292,0.5925287595535701,0.5012335037121087,0.3625956011353741,21.0
2025-01-19,401705159,ORL,DEN,0.2697544263776085,0.4796683106120588,v1-backfill,0.0,-7.172406856319318,0.5003991561093751,0.3478517262789983,0.254217433632965,0.2025823733993606,0.1326192627859972,-13.0
2025-01-19,401705160,MIL,PHI,0.8698658253829927,0.6955897147030804,v1-backfill,1.0,12.839427234905136,0.9463320078227,0.9064747742727598,0.8726162933173884,0.7993325597361608,0.6655586095464033,14.0
2025-01-19,401705161,OKC,BKN,0.8852751483116652,0.8753162028769405,v1-backfill,1.0,14.934216076708667,0.9552430505378112,0.9229376742961048,0.8958364150197583,0.8362956639859908,0.7214119719192664,26.0
2025-01-19,401705162,LAC,LAL,0.6591955252334273,0.6145218191523368,v1-backfill,1.0,5.815666005573883,0.8366237324748114,0.7476511735366548,0.6811811721045078,0.5961077937535476,0.4572741266027956,14.0
2025-01-19,401705163,POR,CHI,0.3374799161701806,0.4968457567681063,v1-backfill,1.0,-5.611865432621341,0.5434539866912824,0.4098826223399848,0.3289205069747763,0.2649513474111163,0.1765543407063306,11.0
2025-01-19,401705164,SAC,WSH,0.914917501141038,0.8310356436473193,v1-backfill,1.0,16.20923230682809,0.9687836481897328,0.942881157007747,0.9197432345462964,0.8639641338491426,0.7541557796398355,23.0
2025-01-20,401705165,CHA,DAL,0.3592530151268024,0.3351841222272166,v1-backfill,1.0,-3.907868378118556,0.5954688837883078,0.4548688760809981,0.3650799772471538,0.2978758034529453,0.2027637072267939,5.0
2025-01-20,401705166,HOU,DET,0.7665567677114231,0.7370826326834977,v1-backfill,0.0,9.171338852668113,0.8855540826494132,0.8193952870010897,0.7688006103116326,0.692817743636876,0.5599299838590334,-11.0
2025-01-20,401705167,MEM,MIN,0.6784733962969317,0.584977946928742,v1-backfill,1.0,6.598532243240966,0.8393392587229593,0.7513585301523256,0.6854882558385288,0.610532005918212,0.4831459314386662,2.0
2025-01-20,401705168,NY,ATL,0.6292495014765248,0.6348158573207079,v1-backfill,1.0,4.389933399254115,0.8087960653889846,0.7056440029234958,0.6288596709019799,0.5459879050101587,0.4130820096814599,9.0
2025-01-20,401705169,CLE,PHX,0.640644702478733,0.7697091936092486,v1-backfill,1.0,4.955432515100704,0.8192534770776833,0.7230596779520254,0.6518272167616173,0.5675407674285677,0.4315231640214473,26.0
2025-01-20,401705170,GS,BOS,0.3593760773842525,0.4493492448937867,v1-backfill,0.0,-5.013579184192679,0.5572546201405857,0.4275017636618007,0.348815383997232,0.2847636630838338,0.1940180682337087,-40.0
2025-01-20,401705171,NO,UTAH,0.7915319034273615,0.6303860752922018,v1-backfill,1.0,8.673602775159143,0.8965683423026642,0.8376570836628529,0.7928684446121508,0.6993562624208437,0.5439957010646723,4.0
2025-01-20,401705177,LAC,CHI,0.5398180173846853,0.7368620200347655,v1-backfill,0.0,3.078619586078097,0.7651397235064019,0.6443204656437234,0.555997911915745,0.4893923268720836,0.3792648214517598,-13.0
2025-01-21,401705172,BKN,NY,0.2254911700785375,0.3570824457347266,v1-backfill,0.0,-9.493223486176324,0.4322883401385181,0.2913809876032485,0.209835551596605,0.1612792923535674,0.0995534978264467,-4.0
2025-01-21,401705173,MIA,POR,0.7227913565018653,0.7328559529011388,v1-backfill,0.0,8.137294818399214,0.858219119521348,0.7812624979598601,0.7238428834977465,0.6538323275039727,0.530663962102038,-9.0
2025-01-21,401705174,TOR,ORL,0.4887270830101612,0.3890523060591002,v1-backfill,1.0,-0.2162518630872574,0.6974751617345155,0.5786101357667517,0.4996268858447106,0.4159773340469982,0.2929102643693156,16.0
2025-01-21,401705175,DEN,PHI,0.8371246328904167,0.7632347490402046,v1-backfill,1.0,12.77559919887918,0.9275480113724868,0.8797328307372141,0.8411322942086811,0.7785864281678371,0.6609783527844797,35.0
2025-01-21,401705176,LAL,WSH,0.8673943876063904,0.8384170947311115,v1-backfill,1.0,12.33224950284158,0.939804870702144,0.8997441275237674,0.8672891237110296,0.7908520637709032,0.6530259985092843,23.0
2025-01-22,401705178,ATL,DET,0.6920111353567094,0.6464993876057079,v1-backfill,0.0,4.815195544918486,0.8215331987673344,0.7387147658012813,0.6804234351947541,0.5827027257372392,0.4305041948204408,-10.0
2025-01-22,401705179,BKN,PHX,0.1978942859373515,0.436044000846257,v1-backfill,0.0,-9.594560868074584,0.4275703654338628,0.2824381792620826,0.1979589377592038,0.1538423664438373,0.0966742265292383,-24.0
2025-01-22,401705180,DAL,MIN,0.4858334799720587,0.5777321704283046,v1-backfill,0.0,-1.1854647067201425,0.6724056133391006,0.5490433449915978,0.4682116304292593,0.386463317854584,0.2681954760732609,-1.0
2025-01-22,401705181,HOU,CLE,0.5497678570138911,0.4556102786057544,v1-backfill,1.0,2.288535955457874,0.757555963924627,0.6401440025349052,0.5562153677924063,0.4782317954959699,0.3557530555669999,1.0
2025-01-22,401705182,MEM,CHA,0.8665167884055806,0.7956562813892079,v1-backfill,1.0,12.925351777262346,0.9450806643432856,0.904905392591282,0.8710033761797062,0.7993263972940625,0.6678190403727677,12.0
2025-01-22,401705184,OKC,UTAH,0.8845445266092143,0.8968755998568246,v1-backfill,1.0,15.219198563011012,0.9593825541226582,0.9257978527248202,0.895846570316834,0.8382850515541762,0.7263830561023851,9.0
2025-01-22,401705185,SAC,GS,0.7134935512320818,0.609294976301656,v1-backfill,1.0,7.431054642247585,0.871837574504358,0.7965753363298957,0.7386573471958374,0.6503527604593499,0.5042540889909538,6.0
2025-01-22,401705186,LAC,BOS,0.2218929473642739,0.4898485666652118,v1-backfill,0.0,-9.253177985193012,0.4374969543650304,0.3019033169874706,0.2240496925853201,0.1749798348671159,0.1108405892980406,-4.0
2025-01-23,401705187,IND,SA,0.6191704136177344,0.6510204829649521,v1-backfill,0.0,4.305362333737918,0.8146516106133207,0.7149753463895906,0.640868768188536,0.5500533007742631,0.4079466166313154,-30.0
2025-01-23,401705188,ORL,POR,0.690795401365762,0.7006153335888068,v1-backfill,0.0,5.609674664714688,0.8310784550751686,0.7430655486773967,0.6784151441672474,0.5925423329413936,0.453004507563701,-22.0
2025-01-23,401705189,ATL,TOR,0.7032791280101237,0.7522596042335997,v1-backfill,0.0,5.710352413838487,0.8351357761426537,0.7536058949934985,0.69487598801686,0.60382683587335,0.4575308552072679,-3.0
2025-01-23,401705190,MIL,MIA,0.6703483992356793,0.6467543541372638,v1-backfill,1.0,5.1920317017803885,0.8255456989155221,0.7434171008815936,0.6853110967803592,0.5915676793814142,0.4430908439498787,29.0
2025-01-23,401705191,OKC,DAL,0.8314609156503776,0.7847760763792246,v1-backfill,0.0,11.892659340875705,0.9276527882366942,0.8762783433715551,0.8334853600947001,0.7635949483588241,0.635966181356793,-6.0
2025-01-23,401705192,DEN,SAC,0.7125018808489368,0.6769194976537464,v1-backfill,1.0,6.56491096309875,0.8548087872437138,0.7749988067161533,0.7151584241432571,0.6255543357424143,0.4794765000811624,9.0
2025-01-23,401705194,GS,CHI,0.4917748896118125,0.6485199077152414,v1-backfill,1.0,-0.292760572277583,0.6942607982788351,0.5682361804181496,0.4831341537194631,0.4052907214844632,0.2890489940581573,25.0
2025-01-23,401705195,LAL,BOS,0.4149542779653331,0.4514142963393619,v1-backfill,1.0,-3.396655623246749,0.6123614322530243,0.4789068300265044,0.3939351415776272,0.3190242927124593,0.2144776659828074,21.0
2025-01-23,401705549,LAC,WSH,0.864416788704665,0.8507347225116856,v1-backfill,1.0,12.40192599605586,0.943483065156088,0.9049731493438072,0.8734608695351613,0.7954060231910259,0.6551669122238124,17.0
2025-01-24,401705196,CHA,POR,0.4209463314213651,0.5204828181398387,v1-backfill,0.0,-2.122330494579802,0.6387401803591107,0.4981828837022654,0.4050893143284864,0.3419095858243366,0.2463994926683972,-5.0
2025-01-24,401705197,PHI,CLE,0.2661657540506847,0.3024780617645638,v1-backfill,1.0,-8.733757297100823,0.453275016607428,0.3219695298361684,0.2466524837244327,0.1929582588672935,0.1225652411851254,3.0
2025-01-24,401705198,MEM,NO,0.7720560455873691,0.7587484487135714,v1-backfill,1.0,9.56603893388267,0.8943330357321849,0.8254324568067847,0.7700904288543009,0.6968832755338483,0.5674876227506452,13.0
2025-01-25,401705199,SA,IND,0.4263192762051444,0.3766937446348739,v1-backfill,0.0,-1.285432960673706,0.6729234512364141,0.5258171250677428,0.4234258495309533,0.3554353110321523,0.2537742855100701,-38.0
2025-01-25,401705200,MIN,DEN,0.4062327432487863,0.5076033883858743,v1-backfill,1.0,-3.0056827974885785,0.620788971324882,0.4841236055717542,0.3958372134181178,0.3250914088112321,0.2237186907682617,29.0
2025-01-25,401705201,DAL,BOS,0.3541288411098945,0.4743407366344214,v1-backfill,0.0,-4.749269010266685,0.5645498021954897,0.4348177571417397,0.3557639336807541,0.2912183363325985,0.1993073918759668,-15.0
2025-01-25,401705202,BKN,MIA,0.2816425178761462,0.4410328668839893,v1-backfill,0.0,-6.35414334983253,0.5264017155545172,0.378558410486043,0.2872099176097191,0.2281220450482319,0.1485348980813032,-9.0
2025-01-25,401705203,CHA,NO,0.3930815883790556,0.517116914324264,v1-backfill,1.0,-3.2079323290959385,0.612705986567122,0.4704115534636708,0.3779175213170535,0.3132623397211094,0.2189529567879782,31.0
2025-01-25,401705204,ORL,DET,0.5830063196320014,0.5839234569769368,v1-backfill,1.0,0.7031883312932274,0.7279950989563434,0.6188319121312189,0.5457791766507235,0.4506670583327605,0.3129600115281883,8.0
2025-01-25,401705205,ATL,TOR,0.6709941749391156,0.725543596647505,v1-backfill,0.0,5.12853337057118,0.823233351205169,0.7347119945427794,0.6706479901566462,0.5816124292560985,0.4391709975663694,-23.0
2025-01-25,401705206,CLE,HOU,0.603350351585487,0.6691357289186276,v1-backfill,0.0,1.3888868221739656,0.7393234026601243,0.6435182020078208,0.5812365584678391,0.4837916279753201,0.3405049741507985,-4.0
2025-01-25,401705207,NY,SAC,0.5910194090510914,0.6512705508570523,v1-backfill,1.0,2.7623175922694694,0.7615861123217986,0.654740128072246,0.5804656520651784,0.5015732372270996,0.3763462178109256,23.0
2025-01-25,401705208,CHI,PHI,0.6714334286454692,0.5708074468734199,v1-backfill,0.0,5.303438397675578,0.8180873916314577,0.7240227318332925,0.6551249849408055,0.5759911897462526,0.4454857947857623,-12.0
2025-01-25,401705209,MEM,UTAH,0.8320745339910768,0.8075423542423489,v1-backfill,1.0,11.624446589461437,0.9262659870694878,0.8773646802415347,0.8378054268775119,0.7638991905043163,0.6306680327220814,22.0
2025-01-25,401705210,GS,LAL,0.4464044257468115,0.5386766113034511,v1-backfill,0.0,-0.843608921348511,0.6779269665430419,0.5416455024133717,0.4487882829935153,0.378984752546885,0.2733534982521653,-10.0
2025-01-25,401705211,PHX,WSH,0.8533621057012779,0.8294559363987883,v1-backfill,1.0,11.707943464846842,0.9300885946388494,0.8864777475881938,0.8520860480743702,0.774401205458775,0.6355555654300022,10.0
2025-01-25,401705212,LAC,MIL,0.5805412013633797,0.5762947332029135,v1-backfill,1.0,2.7974337586449733,0.7618185385547986,0.6565040683247665,0.5836407154886375,0.504256004427563,0.3782801157528928,10.0
2025-01-26,401705213,POR,OKC,0.1267434438316348,0.251114246632429,v1-backfill,0.0,-13.844407440559683,0.3065281593827558,0.1879189547224,0.1254254824746966,0.0959956315733433,0.0588542710451462,-10.0
2025-01-27,401705214,CHA,LAL,0.2798351472058428,0.3402554029432045,v1-backfill,0.0,-5.72727772786048,0.5366468580816433,0.3873441076824861,0.2942060390557283,0.2426718466333388,0.1682140728182326,-5.0
2025-01-27,401705215,CLE,DET,0.7828683878114552,0.7722857801727775,v1-backfill,1.0,8.176867839202187,0.8841010736913774,0.8234706921488116,0.7788662422402796,0.6856772617794675,0.5315371452700466,19.0
2025-01-27,401705216,BOS,HOU,0.6264100808179249,0.6307026304983633,v1-backfill,0.0,2.6765173688686694,0.7691919082370453,0.6729010574021275,0.6076099979852227,0.5144549755856651,0.372733566496113,-2.0
2025-01-27,401705217,BKN,SAC,0.1716508253802102,0.3957396906600738,v1-backfill,0.0,-10.468138056042086,0.4029944191399538,0.2542097459512652,0.1680098944629704,0.127538795328604,0.0771719548237034,-14.0
2025-01-27,401705218,MIA,ORL,0.5424781509113706,0.5995557986518644,v1-backfill,1.0,1.3678142504810695,0.7372833870602546,0.6224975492599784,0.5434124222076593,0.4598127082587123,0.3327893711663802,6.0
2025-01-27,401705219,NY,MEM,0.5191172605163795,0.607802087981518,v1-backfill,1.0,0.0704063362903015,0.701351004667301,0.5842387682711787,0.5064709772329054,0.4249975926612745,0.3032611882495789,37.0
2025-01-27,401705220,TOR,NO,0.4678741392127732,0.5784948102012959,v1-backfill,1.0,0.0557984871487517,0.6966944788049939,0.5689918260520225,0.4821288015134894,0.4109870033853345,0.3012420932607124,9.0
2025-01-27,401705221,CHI,DEN,0.2670311642182037,0.3644014958049024,v1-backfill,1.0,-7.384054245028137,0.496296887029935,0.3460118502743412,0.2543945912932328,0.1996461857564946,0.1274684371017044,8.0
2025-01-27,401705222,MIN,ATL,0.7809870875401753,0.6799760860362369,v1-backfill,1.0,10.825431210894084,0.911496977792504,0.8526268366883178,0.8049437272472839,0.733677574531113,0.6053264096003114,8.0
2025-01-27,401705223,DAL,WSH,0.8571740029443691,0.8460216869612849,v1-backfill,1.0,12.215557199696471,0.9392768279349206,0.8974620192694123,0.8630906838455692,0.7865616338663375,0.6487854683853785,22.0
2025-01-27,401705224,UTAH,MIL,0.185290437906594,0.3389861278204921,v1-backfill,0.0,-9.798547212498368,0.4200731486524389,0.2679681179237552,0.1785971341431697,0.1401876841358185,0.0895334714244689,-15.0
2025-01-27,401705225,PHX,LAC,0.5168995420796282,0.5339417477102056,v1-backfill,1.0,-0.8494885672211057,0.6870921692086288,0.5706370396513964,0.4946225877220906,0.40292459709792,0.2735382356004366,2.0
2025-01-28,401705226,PHI,LAL,0.3678188456681902,0.4638087545148411,v1-backfill,1.0,-3.7162469907976097,0.5984256147950759,0.4520090542879833,0.3570699782039471,0.2956450511058223,0.2062446736080753,14.0
2025-01-28,401705227,GS,UTAH,0.8201468372617733,0.754676412161489,v1-backfill,1.0,10.81294795758383,0.91024498554766,0.8541107636648502,0.8097960656048071,0.7372687544097005,0.6070364683817333,11.0
2025-01-28,401705228,POR,MIL,0.3407203010982303,0.4065618209316761,v1-backfill,1.0,-3.885477532601861,0.5953713409597335,0.4404858447137055,0.3384530806964418,0.2811487930254731,0.1972144230327508,13.0
2025-01-28,401748705,ATL,HOU,0.3878376187838788,0.4155665237665557,v1-backfill,0.0,-6.040306764514085,0.5312369029829539,0.4136703504010992,0.3454393715974355,0.2755423309829908,0.1806689284932278,-4.0
2025-01-29,401705229,CHA,BKN,0.4605875323802544,0.5682934624629921,v1-backfill,0.0,-0.0262312126978727,0.7012335079945344,0.5700772504431542,0.4795634514889644,0.4055155065909733,0.2931575926227711,-21.0
2025-01-29,401705230,IND,DET,0.7237804010780657,0.6955935869008205,v1-backfill,1.0,5.8001762235616425,0.8464442260687091,0.774018866389621,0.7227432531646609,0.6194869327902044,0.4583715426590009,14.0
2025-01-29,401705231,WSH,TOR,0.3372255887478977,0.4207500196199036,v1-backfill,0.0,-5.350565694261883,0.5537435178899144,0.4066203644171554,0.3141970691951165,0.2541705573925988,0.1705669569302927,-24.0
2025-01-29,401705232,BOS,CHI,0.8386667274521282,0.7835677364706456,v1-backfill,1.0,11.962053694199962,0.931897004861876,0.8856094801447087,0.8477736023596778,0.7739598094201323,0.6404469003554807,22.0
2025-01-29,401705233,MIA,CLE,0.3971404097065139,0.4046336564560406,v1-backfill,0.0,-3.00655054929806,0.6203814748846548,0.4822221007741317,0.3926896065976278,0.3232724825552796,0.2233520097157671,-20.0
2025-01-29,401705234,NY,DEN,0.504434432280795,0.5849157169259691,v1-backfill,1.0,1.119201829240212,0.7326377921171697,0.6110637516242947,0.5261141002840408,0.4455391647455189,0.3229085620271354,10.0
2025-01-29,401705235,PHI,SAC,0.2355906717170495,0.5156343575953887,v1-backfill,1.0,-8.563669610720053,0.4621345069289008,0.3182765994848347,0.2332885755485668,0.1786583864848191,0.1096414630422011,13.0
2025-01-29,401705236,NO,DAL,0.47675314469619,0.3952988316794757,v1-backfill,0.0,-1.923963109036798,0.6533081157708787,0.5355988649794223,0.46097741853329,0.3748262938637091,0.2536851878652648,-1.0
2025-01-29,401705237,SA,LAC,0.4702382385512262,0.4655278947562458,v1-backfill,0.0,-1.121638246196646,0.6750687734524684,0.5446101308071086,0.4572940397690844,0.3795061476585774,0.2657805898938996,-12.0
2025-01-29,401705238,PHX,MIN,0.5739155672607886,0.5282692839078265,v1-backfill,0.0,1.1662253403658325,0.7349044713903193,0.6272739020847848,0.5549649215326733,0.4638907259332077,0.3288494429419054,-8.0
2025-01-29,401705239,GS,OKC,0.192812350643438,0.3340154536879365,v1-backfill,1.0,-10.512936824129495,0.4027507404962653,0.2623503514195232,0.1822751694964576,0.1375527356923349,0.0824486355589295,7.0
2025-01-30,401705240,WSH,LAL,0.2452040095947736,0.2404944428083759,v1-backfill,0.0,-8.432295703914336,0.4608258774040313,0.3142456795212032,0.2272507989384204,0.1800666526136254,0.11678606281358,-38.0
2025-01-30,401705241,CLE,ATL,0.7661776167776073,0.7868151941204607,v1-backfill,1.0,9.27762506316722,0.8821155561186702,0.8158564175130187,0.7657430452548402,0.6928110035632675,0.5639674236054046,22.0
2025-01-30,401705242,MEM,HOU,0.6056749217092062,0.5142112415759765,v1-backfill,1.0,3.1094505248304243,0.7656206474262326,0.6615026927602682,0.5893488756701978,0.5122985851439467,0.3884050726442272,1.0
2025-01-30,401705243,UTAH,MIN,0.4315127030367663,0.2939586847205441,v1-backfill,0.0,-3.821325831735449,0.5937745912373333,0.4718786156739935,0.3974428501259989,0.3234901040359288,0.2193060713352237,-25.0
2025-01-30,401705244,POR,ORL,0.4868575912240725,0.5119056360959006,v1-backfill,1.0,0.3239453329613386,0.7055423343651479,0.589909126820357,0.5130870896378247,0.4328305902974791,0.3116366997616928,29.0
2025-01-31,401705245,CHA,LAC,0.1195296905165383,0.3180965628256779,v1-backfill,0.0,-12.28904973988653,0.3469510004948882,0.2015813664527921,0.1198506856899371,0.090647075363945,0.0545280961712777,-8.0
2025-01-31,401705246,DET,DAL,0.4593373619249674,0.4878001145827286,v1-backfill,1.0,-0.9484545934502542,0.6783571060513571,0.5498726639995578,0.4640243741264807,0.3861604690135402,0.2717069031960503,15.0
2025-01-31,401705247,PHI,DEN,0.2084292079667801,0.4501277672296708,v1-backfill,0.0,-9.040864055330449,0.4453228296923024,0.3043095469560001,0.2221667639448888,0.172044794032698,0.1074944823399237,-3.0
2025-01-31,401705248,TOR,CHI,0.5188951680989656,0.540019256072335,v1-backfill,0.0,1.622533294907356,0.7450497436079738,0.6282576453728167,0.5464336023373872,0.4636680585957997,0.3371917608579805,-16.0
2025-01-31,401705249,NO,BOS,0.2008108667157495,0.2799610202492873,v1-backfill,0.0,-10.830462414386195,0.3930598659251189,0.2621095915964268,0.1890767419969656,0.1441116823538197,0.0877662031964489,-2.0
2025-01-31,401705250,SA,MIL,0.4726089956322033,0.460027705568358,v1-backfill,1.0,-0.4562468521188769,0.6878691143959316,0.5566757482390289,0.4674908645534714,0.3947342568742242,0.2846590598277023,26.0
2025-01-31,401705251,GS,PHX,0.5090208260880529,0.5837335559944192,v1-backfill,0.0,1.113158358878711,0.7267756407829774,0.6071241844273411,0.5246205059850124,0.447056530780668,0.3274887413116545,-25.0
2025-02-01,401705252,IND,ATL,0.7296039058394158,0.7067040618878725,v1-backfill,1.0,7.76607905314796,0.8767106249463793,0.8037356629329703,0.7473999391832992,0.6601451646690081,0.5147276927030395,5.0
2025-02-01,401705253,UTAH,ORL,0.4442803360512465,0.4100393146462724,v1-backfill,1.0,-1.4433766329390796,0.6680057390749977,0.5404275528461993,0.4562759706019247,0.374909332775059,0.2582104777446191,14.0
2025-02-01,401705254,CHA,DEN,0.122389982428364,0.2695190444488568,v1-backfill,0.0,-11.768416289544115,0.360353334751351,0.2094331595948755,0.1232741663734303,0.0957252132227042,0.0600758227749356,-3.0
2025-02-01,401705255,HOU,BKN,0.8191353742321755,0.8258616906622062,v1-backfill,0.0,13.234615288910986,0.932020257102045,0.8795465923826942,0.834195748953947,0.777100590962414,0.6676618158231806,-12.0
2025-02-01,401705256,MIN,WSH,0.8008706470243802,0.8848438251398744,v1-backfill,0.0,12.305477707929445,0.9160356676347188,0.8638603764589889,0.8227798013286021,0.7620127286614401,0.6475662885314484,-2.0
2025-02-01,401705257,OKC,SAC,0.6777068579192871,0.7727623739865328,v1-backfill,1.0,5.904941248961438,0.826656430783814,0.7384044983530121,0.67414076224727,0.595874591683028,0.4652167600546731,34.0
2025-02-01,401705258,NY,LAL,0.7525250630314062,0.6446982264499259,v1-backfill,0.0,8.871848625343603,0.8910369760846384,0.8212578005640763,0.7656300945516652,0.6852630938410248,0.5470598349356783,-16.0
2025-02-01,401705259,SA,MIA,0.4485676462743441,0.5277943566268405,v1-backfill,0.0,-1.386940469829498,0.6586890501695787,0.5303952576730567,0.4463821385942031,0.3751744270865688,0.2684369987226928,-2.0
2025-02-01,401705260,POR,PHX,0.4590578326047285,0.4684849453161364,v1-backfill,1.0,-0.0920475649993672,0.6974131140663448,0.5640827081082774,0.4719479694209136,0.4009576835457923,0.2922018644481345,19.0
2025-02-02,401705261,DET,CHI,0.6244060330726666,0.6184425988543802,v1-backfill,1.0,5.15909868534979,0.8223885125130677,0.721571852202299,0.6450267168316726,0.5655629808183859,0.4353203125176303,8.0
2025-02-02,401705262,CLE,DAL,0.8711391552128018,0.7312803307389445,v1-backfill,1.0,13.663767286732044,0.9509070048750108,0.9149396737030596,0.8845683902558283,0.816197223127987,0.6888165312246735,43.0
2025-02-02,401705263,TOR,LAC,0.378862495349371,0.3725808564617421,v1-backfill,1.0,-3.732922296221723,0.6030023128812341,0.4668980607356648,0.3803531711486408,0.3074145353543514,0.2059942936540547,7.0
2025-02-02,401705264,PHI,BOS,0.2148929077761613,0.3817473761695362,v1-backfill,0.0,-9.0877901587077,0.4445525500237849,0.304616069209682,0.2233024266232878,0.1721283326264511,0.10674823686395,-8.0
2025-02-02,401705265,MIL,MEM,0.4895506373061828,0.5380806891903728,v1-backfill,0.0,-1.4776742320231495,0.6645785986087087,0.5465393156731095,0.4708613149898147,0.3856169776375436,0.26412237127342,-13.0
2025-02-03,401705266,CHA,WSH,0.5667900534204167,0.6579337704400822,v1-backfill,0.0,3.674616635255608,0.782901356064151,0.675389656942825,0.5979036680690368,0.5217454282083009,0.3982430140138978,-10.0
2025-02-03,401705267,DET,ATL,0.5231294971078977,0.6110370907122743,v1-backfill,0.0,1.5554929513903977,0.7401282100040061,0.6198016595678908,0.5351781147885295,0.4571714286917188,0.3363095953332289,-2.0
2025-02-03,401705268,NY,HOU,0.6934389844652398,0.579680027270287,v1-backfill,1.0,5.54373644985503,0.835617035251321,0.7555122613313126,0.6981208792794684,0.6027444222957732,0.4516171415334818,6.0
2025-02-03,401705269,MEM,SA,0.6452690956158798,0.7393282881397614,v1-backfill,1.0,4.666879453598711,0.8032270299920728,0.7052912622156726,0.6345756638630574,0.5563964483220345,0.428260682630701,19.0
2025-02-03,401705270,MIN,SAC,0.556762935878653,0.6489582981848523,v1-backfill,0.0,2.8268545373841034,0.7715947027050751,0.6623978190700479,0.5847079423149801,0.5016440809038113,0.3717796077272821,-2.0
2025-02-03,401705271,OKC,MIL,0.9481683435377972,0.7720047750237878,v1-backfill,1.0,20.37181637639426,0.9826050719035722,0.9674365783578768,0.9535683825210652,0.9182381464719656,0.8416769462408451,29.0
2025-02-03,401705272,DEN,NO,0.8242128559946887,0.8194695591673329,v1-backfill,1.0,10.872102271081255,0.9108471649063914,0.8587296170276463,0.8186950687637881,0.744272887569547,0.6111561692511089,12.0
2025-02-03,401705273,UTAH,IND,0.3253446253167384,0.3023278789342576,v1-backfill,0.0,-5.9786793869899695,0.5361294132086718,0.3969188374754075,0.3119068472895329,0.2482844613113463,0.1622482870047226,-1.0
2025-02-03,401705274,GS,ORL,0.5867022013986021,0.6338335091172658,v1-backfill,1.0,3.432873538694973,0.7885014646176209,0.684241502916737,0.6092261530631048,0.5226852509620015,0.3873813907984481,5.0
2025-02-03,401705275,POR,PHX,0.4139148165406331,0.4929207572019771,v1-backfill,1.0,-1.1270794436876237,0.6721671910146624,0.5348336171584779,0.4415815526171663,0.3708852265644617,0.2650593053736782,2.0
2025-02-04,401705276,CLE,BOS,0.5763801063094217,0.6156231038410631,v1-backfill,0.0,2.8009331430083,0.7765487005558738,0.6709264407677361,0.5960890108040364,0.5063709534114907,0.3689548441230178,-7.0
2025-02-04,401705277,BKN,HOU,0.2589650991408562,0.3373871773509024,v1-backfill,1.0,-7.919648374302468,0.4764775672878615,0.3355516792692997,0.2521451855187831,0.1996090965371702,0.1292666017147302,2.0
2025-02-04,401705278,PHI,DAL,0.6123311900323464,0.5067891448161504,v1-backfill,1.0,3.334405491450292,0.7928874880613299,0.6989074929815715,0.6332881479681233,0.5340886973213603,0.3843691536612587,2.0
2025-02-04,401705279,TOR,NY,0.2876206388828107,0.3427092063067659,v1-backfill,0.0,-6.720990388724219,0.5134349011805215,0.3674456401013998,0.2782998741065136,0.2218421551949624,0.1453015745796858,-6.0
2025-02-04,401705280,CHI,MIA,0.4699181643615266,0.4985613213651879,v1-backfill,1.0,-0.8346688026057913,0.6814776289612372,0.5568313080111255,0.4741176515759432,0.3936363865758114,0.2758751537430917,9.0
2025-02-04,401705281,LAC,LAL,0.6804628006964817,0.5671202926237383,v1-backfill,0.0,6.764228895918135,0.8293729938477723,0.7392312205955146,0.67266770932213,0.606389082305785,0.4903756482139787,-25.0
2025-02-04,401705282,POR,IND,0.4063587543317826,0.4203304120099782,v1-backfill,1.0,-2.436358980118289,0.6320086001202228,0.4966949788528422,0.4087152712896817,0.3408304967114323,0.2406436599267687,23.0
2025-02-05,401705283,CHA,MIL,0.3785223462125098,0.3332924626449888,v1-backfill,0.0,-2.723566849290478,0.6254381215553892,0.4822695443661929,0.3880004236030455,0.3241393672086655,0.2295563802794148,-10.0
2025-02-05,401705284,DET,CLE,0.4070265629616088,0.3544846845810073,v1-backfill,0.0,-2.696306539314615,0.6230208928021052,0.4886095983368257,0.4020762498012742,0.3354951376505456,0.2371165251801619,-3.0
2025-02-05,401705285,ATL,SA,0.4559812538525146,0.6241982814954884,v1-backfill,0.0,-1.082510591597046,0.6759053674417619,0.546783969646979,0.4605866432652649,0.3820875579563416,0.2674103965170814,-1.0
2025-02-05,401705286,BKN,WSH,0.6774647878023082,0.7231010458273367,v1-backfill,0.0,6.1734484444889866,0.8447193984162187,0.7576923960799915,0.6919460723865508,0.60673954623063,0.4670649794836276,-17.0
2025-02-05,401705287,PHI,MIA,0.4659509076221216,0.5536478706383694,v1-backfill,0.0,-0.9536924719390792,0.6704986269200574,0.5438644096828893,0.4603324350049479,0.3878434740529082,0.2786536701209763,-7.0
2025-02-05,401705288,TOR,MEM,0.1999144315048897,0.3500966563885733,v1-backfill,0.0,-11.789565808246737,0.3683949387856414,0.2514330391868937,0.188633250463827,0.1427346991800124,0.0859236514163222,-31.0
2025-02-05,401705289,MIN,CHI,0.7065356539325445,0.7083468143198243,v1-backfill,1.0,8.144097215924248,0.8675868875635689,0.7838318789488733,0.7174034815139088,0.6472166154518376,0.5241230758349623,19.0
2025-02-05,401705290,OKC,PHX,0.828116518555761,0.7916219384422153,v1-backfill,1.0,13.077783324021471,0.9333722431422672,0.8857808066300419,0.846037660289581,0.7843351415267092,0.6677828658713079,31.0
2025-02-05,401705291,UTAH,GS,0.4151552101834129,0.3728501019088195,v1-backfill,1.0,-2.147261402438488,0.6464427092419065,0.509611377224046,0.4191448455684922,0.3462531901056568,0.2406284749242969,3.0
2025-02-05,401705292,DEN,NO,0.8138629619690402,0.8243371067376941,v1-backfill,1.0,10.852891914331764,0.919680391553356,0.8635371953351495,0.8170901599248886,0.741088196389523,0.6059679362636864,25.0
2025-02-05,401705293,SAC,ORL,0.7188672964926919,0.6702309212602953,v1-backfill,0.0,6.402596748457055,0.8511495235517994,0.7756324726510113,0.7207141685996413,0.6276161279114395,0.4773282903128368,-19.0
2025-02-06,401705294,BOS,DAL,0.7819856507114568,0.7363594846907096,v1-backfill,0.0,9.812833117283036,0.9050347942134384,0.8444114322468377,0.7961459773613965,0.7160638342551735,0.5766868606046628,-7.0
2025-02-06,401705295,MIN,HOU,0.4832414100478377,0.5670493275512758,v1-backfill,1.0,-0.6664109190013647,0.6782504542913147,0.5617577192435941,0.4863916233582563,0.4075005718018347,0.2899940981543122,13.0
2025-02-06,401705296,DEN,ORL,0.7836607906152935,0.742629673774143,v1-backfill,1.0,8.26616218797802,0.879191634087681,0.8175926327949954,0.7727116005415227,0.6843611645271545,0.5361863618282376,22.0
2025-02-06,401705297,LAL,GS,0.73867736085291,0.6779945200300769,v1-backfill,1.0,7.749045484983686,0.8724443849552169,0.8017014212043779,0.7484754860351639,0.6617941058346193,0.516979137164473,8.0
2025-02-06,401705298,POR,SAC,0.4297744514863903,0.5181272219637413,v1-backfill,1.0,0.286993664908012,0.7004652839512615,0.5680403049451528,0.4764244007378795,0.4101627657139472,0.3058060253012926,6.0
2025-02-06,401705299,LAC,IND,0.5854221702447641,0.5469946417018712,v1-backfill,0.0,2.3784659001828743,0.7582093569483226,0.6518090198731108,0.5783178125563305,0.4941191532130743,0.3636109136783639,-7.0
2025-02-07,401705300,CHA,SA,0.2267182621515567,0.4077427205604619,v1-backfill,1.0,-8.227993944253216,0.4698899731805056,0.3171519701499291,0.2249832658140584,0.1763130394197536,0.1123100326076145,1.0
2025-02-07,401705301,WSH,CLE,0.0749877027980788,0.1766514627214696,v1-backfill,0.0,-16.679186576729286,0.2330522846619751,0.1249323140824471,0.0703987043612314,0.050418803166123,0.0278260974694451,-10.0
2025-02-07,401705302,ATL,MIL,0.5269478016622949,0.5027509084596278,v1-backfill,1.0,1.377472612484295,0.7418906563101229,0.623560463288496,0.5406360777602008,0.4561382935120415,0.3285014337700652,5.0
2025-02-07,401705303,BKN,MIA,0.366858128428032,0.4292625211440504,v1-backfill,1.0,-4.046414670342231,0.5884599230815967,0.4564995961914326,0.3743024138329693,0.3052697755326947,0.2076486217903055,16.0
2025-02-07,401705304,DET,PHI,0.4525024963018976,0.5842639621773936,v1-backfill,1.0,0.0664328727536798,0.6958271694976047,0.5539032573232043,0.453814982183281,0.3928468310224307,0.2956935310361995,13.0
2025-02-07,401705305,OKC,TOR,0.9231361369701044,0.8743750374582783,v1-backfill,1.0,18.295967526893904,0.9734121690917372,0.9500726727255354,0.9286666042962528,0.8860086153025818,0.7971642225117888,12.0
2025-02-07,401705306,PHX,UTAH,0.7008913988448556,0.753848234924249,v1-backfill,1.0,5.612141351521704,0.8343583843101008,0.7509904932888009,0.6905431806617157,0.5994850844705325,0.4534808610682204,8.0
2025-02-08,401705307,DAL,HOU,0.5527474952318433,0.5411220890726955,v1-backfill,1.0,0.5210380146112144,0.7146051340946813,0.60769400321422,0.537760966696017,0.4487086516649601,0.31712871699932,11.0
2025-02-08,401705308,LAL,IND,0.3074562296054143,0.5860248889249141,v1-backfill,1.0,-5.567247381246816,0.548796196324937,0.4027329437066035,0.3114870073535816,0.2498988368905544,0.1654195079440897,7.0
2025-02-08,401705309,ORL,SA,0.4960752938120532,0.6128829321022427,v1-backfill,1.0,-0.0797412738791072,0.6861511317822023,0.5641387400980685,0.4833493845049328,0.4139078151761055,0.3057668124483973,1.0
2025-02-08,401705310,WSH,ATL,0.2983030216905902,0.3606303766939968,v1-backfill,0.0,-6.623981108112488,0.5141061764278586,0.3722454824005878,0.2863113165664623,0.2298093421673368,0.1522397091654043,-14.0
2025-02-08,401705311,CHI,GS,0.5520041819930173,0.5266196849831837,v1-backfill,0.0,1.374100202179009,0.7283470913389123,0.6186954584885842,0.5451734842838792,0.465237137608985,0.3416463154858889,-21.0
2025-02-08,401705312,MEM,OKC,0.4851957465610648,0.4421327035507132,v1-backfill,0.0,0.4789522272739743,0.706718799993193,0.5752985153849447,0.483944706122545,0.4162747588038774,0.3098964502334297,-13.0
2025-02-08,401705313,MIN,POR,0.5348472965042758,0.7009561028505583,v1-backfill,1.0,0.274270701117115,0.7023996480432847,0.5910571989213532,0.5182555325829323,0.4368130428164983,0.3140418808833491,16.0
2025-02-08,401705314,NY,BOS,0.5536472686304674,0.5413505647755407,v1-backfill,0.0,2.306804455718125,0.7603870702576615,0.6494095369572541,0.5713530923828715,0.4872199989620108,0.3573382968289929,-27.0
2025-02-08,401705315,PHX,DEN,0.3098761807384664,0.4514811043917156,v1-backfill,0.0,-7.461320323019377,0.4907709015276517,0.3632358546905539,0.2892480958520047,0.2281085391903518,0.1468035717769262,-17.0
2025-02-08,401705316,SAC,NO,0.7731588207596926,0.7427050736478099,v1-backfill,1.0,8.630522109942227,0.8820721300464437,0.8165841567706916,0.767287177359819,0.6852039353941056,0.5448154065207738,5.0
2025-02-08,401705317,LAC,UTAH,0.9192841944442248,0.7836372740019113,v1-backfill,1.0,16.143530572382318,0.9665243178761324,0.9401801095861312,0.917212247229821,0.861731434606037,0.7524491880105066,20.0
2025-02-09,401705318,DET,CHA,0.8531638669744414,0.7527679052289068,v1-backfill,1.0,12.867061245299215,0.941547373376632,0.899864074559467,0.8650797081697371,0.7949619960769068,0.6658311255457936,10.0
2025-02-09,401705319,HOU,TOR,0.7387216478123588,0.7721924539021762,v1-backfill,1.0,8.044101237271011,0.8697737589745431,0.7922865408502721,0.7323410238799708,0.6557893107344182,0.5239899973128778,7.0
2025-02-09,401705320,MIL,PHI,0.4868368441381431,0.65669681587024,v1-backfill,1.0,-0.4267931069513828,0.6927153172918165,0.5635007857710659,0.4756475454757121,0.3982227318828246,0.2830586889436045,8.0
2025-02-10,401705321,CLE,MIN,0.7623859720351209,0.6917246561417061,v1-backfill,1.0,7.383238393350044,0.8728817921805937,0.8041887653579814,0.7530222499363947,0.6587727997264721,0.505070504049424,21.0
2025-02-10,401705322,ORL,ATL,0.5945224309690063,0.5779837620469394,v1-backfill,0.0,3.4079014815701134,0.7777579733521992,0.6677031851654703,0.5883854091509766,0.512529368295238,0.3899972492165393,-6.0
2025-02-10,401705323,WSH,SA,0.2179779584411496,0.3958456519193681,v1-backfill,0.0,-9.59865540731298,0.4271660038242695,0.2955482061618393,0.2209341008862298,0.1725392184804257,0.1092869928070429,-10.0
2025-02-10,401705324,BKN,CHA,0.710831655688212,0.6807599094262494,v1-backfill,1.0,6.621116182770908,0.851499145753486,0.771968932260329,0.7129343385554937,0.6260389964580741,0.4831359597678582,8.0
2025-02-10,401705325,MIA,BOS,0.2659492834559195,0.3971440793853928,v1-backfill,0.0,-8.28750810266693,0.4648720853558242,0.325795763951989,0.2442872670713819,0.1934487157493021,0.1253410596418034,-18.0
2025-02-10,401705326,MIL,GS,0.511772917089935,0.6128485436180304,v1-backfill,0.0,-0.5862309051609262,0.6903322969043034,0.5727469293225693,0.4954905969628776,0.4083485393087721,0.282650644674586,-14.0
2025-02-10,401705327,OKC,NO,0.9098469519619335,0.8950170970985116,v1-backfill,1.0,17.804698891870324,0.9690321877771636,0.943224463109414,0.9201248545228836,0.876243916402651,0.7855122817648434,36.0
2025-02-10,401705328,DAL,SAC,0.4006894970317227,0.6228409750665669,v1-backfill,0.0,-2.0268289322921698,0.6429449301636354,0.5005445596993167,0.4054496397874978,0.3421025595845193,0.2464021896230549,-1.0
2025-02-10,401705329,DEN,POR,0.746485042031207,0.7577890931644775,v1-backfill,1.0,7.029302352270677,0.8628936387503088,0.7896139432739206,0.7352611352608148,0.6441670843601666,0.4951289642189132,29.0
2025-02-10,401705334,LAL,UTAH,0.819236712579844,0.832692044186103,v1-backfill,1.0,10.26387908298904,0.9167566130060189,0.8659735965893367,0.826288716890851,0.7404391618529016,0.5923767724843068,19.0
2025-02-11,401705330,PHI,TOR,0.7900617039057458,0.665377339541622,v1-backfill,0.0,8.280446346252626,0.8866612310467471,0.8268425804164764,0.7826868900848831,0.689143886539077,0.5343654286228763,-3.0
2025-02-11,401705331,IND,NY,0.4830960413474935,0.5584553392923632,v1-backfill,0.0,-0.7775720093220855,0.6779547784447656,0.5553330981617319,0.4746951797366829,0.3973265510197737,0.2823027432927066,-13.0
2025-02-11,401705332,CHI,DET,0.5093460475055508,0.5340053466007194,v1-backfill,0.0,-1.4687781304754752,0.6712544414352597,0.5547442915383406,0.4798791145700954,0.3871115628927129,0.2585761180053381,-40.0
2025-02-11,401705333,PHX,MEM,0.3871091346068664,0.4764673223823269,v1-backfill,0.0,-5.386163944192061,0.5565865492006188,0.4336820043700577,0.3603366777935851,0.2825072013799828,0.1800809223229484,-7.0
2025-02-12,401705335,BOS,SA,0.6968275281045146,0.8097761924741629,v1-backfill,1.0,6.478769708356413,0.8478659951255983,0.7672148251907741,0.7075806745316052,0.621235819650528,0.4792907148173251,13.0
2025-02-12,401705336,ORL,CHA,0.8146492579127473,0.7509407670462557,v1-backfill,1.0,10.646655306128729,0.9119549576713546,0.8570802765431342,0.8138213794530585,0.7377770446711689,0.6027456599710002,16.0
2025-02-12,401705337,WSH,IND,0.182379029650247,0.2458150759272268,v1-backfill,0.0,-9.585449750226536,0.4292137236436887,0.2751457924481548,0.1838912893408551,0.1417500115247204,0.0879096059706159,-4.0
2025-02-12,401705338,BKN,PHI,0.6188414673061597,0.5399783930397424,v1-backfill,1.0,5.317361909103992,0.8103229499338924,0.7133803780073169,0.64268557719477,0.5700604067548805,0.4478293058505982,4.0
2025-02-12,401705339,NY,ATL,0.7156394579428711,0.7213276263939999,v1-backfill,1.0,7.998942128585567,0.8667672866784211,0.7837984614616751,0.7184147668245006,0.6461908613887749,0.5204714663985399,1.0
2025-02-12,401705340,TOR,CLE,0.1900911940427418,0.2582948788675969,v1-backfill,0.0,-11.430175375576107,0.3766428638348224,0.2485415041575948,0.1779748488673245,0.1340868443158017,0.0801604892591621,-23.0
2025-02-12,401705341,CHI,DET,0.5129682729995905,0.5094649368389099,v1-backfill,0.0,-2.267140241935789,0.6465569632135779,0.5249560491820408,0.4475478636785009,0.3612522668382564,0.2415484004229754,-18.0
2025-02-12,401705342,MIN,MIL,0.7380039182968081,0.6536989777988261,v1-backfill,0.0,9.585014099155794,0.8854320177607409,0.815582700917541,0.761012056338198,0.6924792827180855,0.569595447881283,-2.0
2025-02-12,401705343,NO,SAC,0.2995035202905726,0.381371484440011,v1-backfill,0.0,-6.075232083912573,0.5341508663341208,0.3905412642584909,0.3021414672399163,0.240289869418531,0.156787179974418,-8.0
2025-02-12,401705344,OKC,MIA,0.8563452601790615,0.814578883805443,v1-backfill,1.0,15.153243886995066,0.951932862803594,0.9126868360348536,0.8778900519834165,0.824814399589615,0.7202584277906823,14.0
2025-02-12,401705345,HOU,PHX,0.7523982654087977,0.673893030672157,v1-backfill,1.0,10.520265522104776,0.8983730859720906,0.8271332312640625,0.7681241948302867,0.7058735507211489,0.5912270511372457,8.0
2025-02-12,401705346,DEN,POR,0.8219624529358511,0.7658838454235607,v1-backfill,1.0,9.833109200116931,0.915722545348058,0.8633627560555139,0.8221401649088883,0.7316970443276773,0.5782631091381217,11.0
2025-02-12,401705347,UTAH,LAL,0.251408918156324,0.2799173825816623,v1-backfill,1.0,-7.298161674512401,0.4969896383801474,0.3387123630116847,0.2406831654144488,0.1923846245655109,0.1265780978637353,12.0
2025-02-12,401705348,DAL,GS,0.4610295828557458,0.6076384360168002,v1-backfill,1.0,-1.0373658640360288,0.6771084943567277,0.5458433793732426,0.457617699436377,0.3806256340999456,0.2675715884239619,4.0
2025-02-12,401705349,LAC,MEM,0.50695897131769,0.5114556111551541,v1-backfill,1.0,-0.6877406613862762,0.6894226304023872,0.5721181763326302,0.4951806377446214,0.406095389852255,0.2787925302605232,14.0
2025-02-13,401705350,HOU,GS,0.6225941168858014,0.6632733815065467,v1-backfill,0.0,4.423648825731101,0.801875963341056,0.6913178348016851,0.6079359074983924,0.534949302003775,0.4143528908672044,-7.0
2025-02-13,401705351,NO,SAC,0.2392997941652492,0.3649409899052064,v1-backfill,1.0,-8.793166565967642,0.4498325691940253,0.3074174803039619,0.2240444444170511,0.1770009947809982,0.1142429517660952,7.0
2025-02-13,401705352,DAL,MIA,0.4775976979866362,0.6426501391978052,v1-backfill,1.0,-0.2044789762165102,0.688139687410641,0.5610207784174602,0.4755047819676168,0.4051900600002064,0.2968041154017598,5.0
2025-02-13,401705353,MIN,OKC,0.2386405911034592,0.3824162894275387,v1-backfill,1.0,-9.39951430990652,0.4330851897208221,0.2975322946449418,0.2198710232622326,0.17163465472996,0.1086375992981602,15.0
2025-02-13,401705570,UTAH,LAC,0.2320784132202384,0.3474755972261099,v1-backfill,0.0,-8.437855373352445,0.4611162144498428,0.3137906889848211,0.2262146240319542,0.1788486947990964,0.1155761998809311,-4.0
2025-02-19,401748704,LAL,CHA,0.8391324570145504,0.8500742784624269,v1-backfill,0.0,11.545660789615672,0.9273156752408775,0.8828636175787387,0.8480909058639691,0.7701344479690597,0.6311036715361947,-3.0
2025-02-20,401705354,IND,MEM,0.4832432001470308,0.5650267207498214,v1-backfill,1.0,-1.5691315737041212,0.6596962270774811,0.542747015848906,0.4683261385985492,0.3847855673521734,0.2649836553206924,14.0
2025-02-20,401705355,PHI,BOS,0.368112249197987,0.3048247928114555,v1-backfill,0.0,-6.011838963971043,0.5408528021655123,0.4175933311986373,0.3446986709478722,0.2659318584776616,0.1651500768952541,-20.0
2025-02-20,401705356,ATL,ORL,0.5890121878515178,0.6068609237236061,v1-backfill,0.0,1.9277697172013573,0.7558551987075879,0.6550271513960676,0.5868956048750087,0.4910464192122556,0.3486586252626027,-6.0
2025-02-20,401705357,BKN,CLE,0.1874167619222123,0.2685471492983339,v1-backfill,0.0,-10.73677807061504,0.3967200536093748,0.2601021771031845,0.1829474435451974,0.137413480390833,0.0817506978752774,-13.0
2025-02-20,401705358,NY,CHI,0.7661485854602796,0.7916009332104281,v1-backfill,1.0,9.679282942633565,0.9009067754923524,0.8372195069315196,0.7863723122751873,0.7083833266469384,0.5721170313693013,2.0
2025-02-20,401705359,MIL,LAC,0.5860531763661891,0.5537719380576853,v1-backfill,1.0,1.3134332309176742,0.7366956944480354,0.6341216086349859,0.5661566721934479,0.4735921352719788,0.3361425579470793,6.0
2025-02-20,401705360,DEN,CHA,0.960793142407112,0.8713577523725922,v1-backfill,1.0,19.21323456574997,0.9869419388870104,0.9751461811449456,0.9641788021178872,0.9195260980684662,0.8266732044969806,14.0
2025-02-20,401705361,SA,PHX,0.4011622922290443,0.5270954426901594,v1-backfill,1.0,-2.241209433193382,0.6347915485581108,0.4895426686507804,0.3926355331958268,0.3330591764923561,0.2420779655480807,11.0
2025-02-20,401705362,POR,LAL,0.5065957051614098,0.4493888408370797,v1-backfill,0.0,1.550573684895677,0.7327220606148583,0.6109564695791444,0.5258157202647661,0.4539399899575618,0.3400715686911704,-8.0
2025-02-21,401705363,CLE,NY,0.6641384686903604,0.664728430646692,v1-backfill,1.0,5.488199468888778,0.8311790568228657,0.7367666336507217,0.6655008101666201,0.5819127186188224,0.4457497429028549,37.0
2025-02-21,401705364,ORL,MEM,0.2871622070691455,0.4571513733048571,v1-backfill,0.0,-7.095488369461583,0.5047506192446063,0.3616938936293962,0.2753037073943304,0.2157436352914841,0.1374227499731743,-1.0
2025-02-21,401705365,WSH,MIL,0.3123383373989292,0.2720568438648678,v1-backfill,0.0,-4.603581510748938,0.576540810631376,0.4256777122667888,0.3285774822094071,0.2681028848657799,0.1825088478231336,-3.0
2025-02-21,401705366,TOR,MIA,0.4495021422237601,0.4695855433674092,v1-backfill,0.0,-0.7622604792131416,0.6827827426775916,0.5527811588677304,0.4651659501695169,0.3889070183786447,0.2757881421400386,-9.0
2025-02-21,401705367,HOU,MIN,0.6065372601181563,0.5727403625400009,v1-backfill,1.0,2.701558259762523,0.7703569524119652,0.6635862886389985,0.5883847375593144,0.5020199191213536,0.3685409603079184,6.0
2025-02-21,401705368,SA,DET,0.4537812737775327,0.5237078391900115,v1-backfill,0.0,-3.0295684916155725,0.6243087900126523,0.4969409696874646,0.4162334502927381,0.335327873583364,0.2234996926948991,-15.0
2025-02-21,401705369,DAL,NO,0.6299269211964457,0.7793181073634309,v1-backfill,1.0,5.066106989482707,0.8196905064960682,0.7182838721321804,0.6415697180640982,0.5625414712391493,0.4330076097603724,8.0
2025-02-21,401705370,UTAH,OKC,0.1596276907891003,0.1821210872197652,v1-backfill,0.0,-13.176371343622517,0.330377125093585,0.2132612990040197,0.1512301314616856,0.1102552414118597,0.0625713921356068,-23.0
2025-02-21,401705371,SAC,GS,0.6089487754670916,0.5860291248361233,v1-backfill,0.0,2.886043469657628,0.7622761968295435,0.6584689918929564,0.5869620699269454,0.5079428927391046,0.3821123152949218,-24.0
2025-02-22,401705372,CHI,PHX,0.3604352079739727,0.5063798704224046,v1-backfill,0.0,-4.303029388767955,0.5835044204479263,0.44396685940832,0.3558727599840788,0.2894109672921869,0.1959278212288709,-4.0
2025-02-22,401705373,PHI,BKN,0.7963516876879925,0.6088401505316365,v1-backfill,0.0,7.495972326531774,0.8856143273075247,0.82514233712477,0.7804759995889676,0.6744678872064895,0.5061632571135832,-2.0
2025-02-22,401705374,DEN,LAL,0.6940477113899087,0.6570710746014212,v1-backfill,0.0,6.977175165216574,0.8490543618262217,0.7650714317011718,0.7018052622459936,0.62472168112543,0.4938913073253866,-23.0
2025-02-22,401705375,UTAH,HOU,0.2742699645186059,0.3111192451223489,v1-backfill,1.0,-8.173605882854563,0.4727534099357371,0.337150467840035,0.2579069323065346,0.1993019573308276,0.1241020765914045,9.0
2025-02-22,401705376,POR,CHA,0.6546661960448413,0.731161656258512,v1-backfill,1.0,6.12685590249444,0.8321919259024174,0.740747184725346,0.672413311956113,0.59649134653613,0.4686802133313533,53.0
2025-02-23,401705377,BOS,NY,0.6883378914983168,0.6550861651102831,v1-backfill,1.0,6.433557105711736,0.8437586826427528,0.7614981660336256,0.7008333244385148,0.6172221343374739,0.4788008653389406,13.0
2025-02-23,401705378,GS,DAL,0.6333017461992227,0.5604355557423576,v1-backfill,1.0,4.285062038685057,0.8054296264378513,0.712895239626748,0.6471855965417012,0.5571752187716684,0.4154156269226116,24.0
2025-02-23,401705379,IND,LAC,0.6898306451363694,0.6272203630597402,v1-backfill,1.0,6.079154805249011,0.8434974416750826,0.7584453275270784,0.6949552404470946,0.6075184237391332,0.4651637555395324,18.0
2025-02-23,401705380,ATL,DET,0.5421883856142365,0.5429192945322853,v1-backfill,0.0,-0.7715191254498217,0.6894898251632406,0.5821460184331655,0.5137106133834695,0.4157169184540218,0.2791424569709219,-5.0
2025-02-23,401705381,ORL,WSH,0.8029857041994325,0.7968302263139502,v1-backfill,1.0,10.854847197748873,0.9122323071279872,0.8561677625149947,0.8115199674514768,0.7386112768027744,0.6078004739156296,20.0
2025-02-23,401705382,TOR,PHX,0.4605683645699691,0.457535787139522,v1-backfill,1.0,-0.4782573257253135,0.6883345004253195,0.5548868737207907,0.4635882501584954,0.3915124674524947,0.2824259777694235,18.0
2025-02-23,401705383,MIL,MIA,0.634265318676093,0.6400979158131117,v1-backfill,1.0,3.700352630428248,0.7903248994877807,0.6977242191810712,0.6336836493858905,0.543090700560966,0.4017674415085684,7.0
2025-02-23,401705384,NO,SA,0.5281668324489742,0.4888844033939896,v1-backfill,1.0,0.197816236043832,0.7060489729707781,0.5941683678236658,0.5206034281233174,0.4346438471311898,0.3074888995554653,18.0
2025-02-23,401705385,CLE,MEM,0.6028730162168959,0.7037166333103375,v1-backfill,1.0,3.06719767163273,0.7694734412019135,0.6767402081679684,0.6146337179573773,0.5270029532766198,0.3901706474031972,6.0
2025-02-23,401705386,MIN,OKC,0.2320485406375688,0.3961177387467717,v1-backfill,0.0,-8.12445963503291,0.4706091633373962,0.3227333237222363,0.2342908610584816,0.1856403291868809,0.1203960469013234,-7.0
2025-02-24,401705387,DET,LAC,0.592785060298839,0.5600506587995585,v1-backfill,1.0,3.7064491010803047,0.7877268987643906,0.6817080629615412,0.6050570158731513,0.5253817018255532,0.3975705162755689,9.0
2025-02-24,401705388,IND,DEN,0.4312127025704906,0.5389255310620068,v1-backfill,0.0,-2.656345000316869,0.6346612605087576,0.5061163786994588,0.4237075801918921,0.3432950675791835,0.2309730338908226,-9.0
2025-02-24,401705389,PHI,CHI,0.652655296010176,0.599358657638934,v1-backfill,0.0,5.113115006209773,0.814912376920893,0.7209941104084011,0.6526892980233087,0.5722254555929264,0.4403726363486511,-32.0
2025-02-24,401705390,WSH,BKN,0.3894786184245519,0.3907985169188113,v1-backfill,1.0,-4.532846096747756,0.5777162249410952,0.4478599689966847,0.3679853799963293,0.2955146621293909,0.1959300188892157,8.0
2025-02-24,401705391,ATL,MIA,0.6027983185474611,0.5546547139938848,v1-backfill,1.0,3.2149205341757225,0.7791370160369598,0.6729481732976964,0.5972427681679016,0.5143345437226036,0.3836761109554678,12.0
2025-02-24,401705392,OKC,MIN,0.8332821768320692,0.7659192978508242,v1-backfill,0.0,10.863231449372256,0.9109314091884432,0.8585611532161957,0.8182394983315505,0.7438187276910416,0.6107233164261286,-3.0
2025-02-24,401705393,UTAH,POR,0.2638694636994164,0.4615499173249908,v1-backfill,0.0,-8.810849902945026,0.452505678540596,0.3230695741233279,0.2491363158412204,0.1932027019354022,0.1209903338882669,-2.0
2025-02-24,401705394,SAC,CHA,0.8511847526734632,0.7901608741473178,v1-backfill,1.0,11.861111494367004,0.9353938516549808,0.891499800128572,0.8556262114053439,0.7777288613112543,0.6384516583900859,42.0
2025-02-25,401705395,TOR,BOS,0.2575295393994344,0.2538138843951225,v1-backfill,0.0,-6.965684194196605,0.5071778262964294,0.3542312719568197,0.2598952490365463,0.2070374183850858,0.1354610237510597,-10.0
2025-02-25,401705396,ORL,CLE,0.3123839854491855,0.3133994516472754,v1-backfill,0.0,-6.031915115218875,0.5357579078646414,0.3920869502476407,0.3035467638772727,0.2412114001597162,0.1571788703999373,-40.0
2025-02-25,401705397,HOU,MIL,0.4995376713250408,0.597739773408217,v1-backfill,1.0,1.9671033983835065,0.7411733905158453,0.6096589003840349,0.5139623320150483,0.4503944863203015,0.3463354410134137,3.0
2025-02-25,401705398,MEM,PHX,0.7174458743766764,0.7067013742871185,v1-backfill,1.0,9.05711169132233,0.8743380422065078,0.7953029009285487,0.7327644349242974,0.6680585017642597,0.5514434131672988,3.0
2025-02-25,401705399,NO,SA,0.5316859442503573,0.5124177606663972,v1-backfill,1.0,0.7724536155118846,0.7307726585271257,0.6190636394229299,0.5434589214393414,0.4493737945137633,0.3127891228496261,6.0
2025-02-25,401705400,GS,CHA,0.864486844017226,0.8162991273031396,v1-backfill,1.0,14.776203780782645,0.9536185650491557,0.9174842190007856,0.8861244013658214,0.8276822293066863,0.7147235243654763,36.0
2025-02-25,401705401,LAL,DAL,0.7193008330714351,0.6385018806409518,v1-backfill,1.0,6.864275158928275,0.8606254335867445,0.7865824179174531,0.7317902804750541,0.6397962947547747,0.4899819130151665,8.0
2025-02-26,401705402,DET,BOS,0.4747515144394856,0.3909692941930476,v1-backfill,1.0,-0.2242463898875621,0.6896307067914337,0.5652907613355839,0.482131029485141,0.4084603646285315,0.2962436868511764,20.0
2025-02-26,401705403,IND,TOR,0.8317936926012345,0.7832538177320612,v1-backfill,1.0,11.41758175707857,0.9199365588965854,0.8704942358050913,0.8316645813416076,0.758274210764752,0.6259850352360194,20.0
2025-02-26,401705404,NY,PHI,0.7312716250101944,0.7949100307322701,v1-backfill,1.0,8.53327923408014,0.8762985286809984,0.7977374586864217,0.7353244926535907,0.6629724525460652,0.5362800229362578,5.0
2025-02-26,401705405,WSH,POR,0.3329586326099646,0.3522038377723867,v1-backfill,0.0,-6.816891614228231,0.510422737622808,0.3881586860228685,0.3172839412881177,0.2502975070356104,0.1611669392524778,-8.0
2025-02-26,401705406,BKN,OKC,0.1029951119087801,0.2361854594931208,v1-backfill,0.0,-14.898954799032524,0.2785993604897006,0.161461447570703,0.100481854909046,0.0742361085296004,0.0430215886273012,-8.0
2025-02-26,401705407,MIA,ATL,0.5160984697148738,0.5961006983644851,v1-backfill,1.0,0.2202156805975219,0.6971111941088295,0.5794285580105974,0.5015212149302193,0.4270916652155772,0.3125111747114727,22.0
2025-02-26,401705408,CHI,LAC,0.3395379080500224,0.4431586577607284,v1-backfill,0.0,-5.5988081709131166,0.5456595968237176,0.4113518949415563,0.3296970480463695,0.264026456732811,0.1742469298877199,-5.0
2025-02-26,401705409,UTAH,SAC,0.2077142909702377,0.3794717429735594,v1-backfill,0.0,-8.480284904898614,0.4625588899419928,0.309885196699448,0.218131142038554,0.1701894194030047,0.1076334151804876,-17.0
2025-02-26,401705410,HOU,SA,0.6874367194356514,0.7448522337548031,v1-backfill,1.0,6.648886796831557,0.8460439094120177,0.7555067612071927,0.685794627305788,0.6097067132338135,0.4809485083697306,12.0
2025-02-27,401705411,ORL,GS,0.4680021996991618,0.4919477728007466,v1-backfill,0.0,-1.9617541321142813,0.6469718623936532,0.5218246422314718,0.4414032447797991,0.3650682890681476,0.2542037109886143,-6.0
2025-02-27,401705412,MIL,DEN,0.372379108602339,0.4677979479358055,v1-backfill,1.0,-4.838916906588602,0.5705567084222696,0.4374965479930253,0.3554662475840916,0.283706787597854,0.1862017253752004,9.0
2025-02-27,401705413,DAL,CHA,0.8203209375076869,0.8170643598260785,v1-backfill,1.0,11.890769438370466,0.9187465768040796,0.8682828546776354,0.8285586060445482,0.7615593523203434,0.638099707535479,7.0
2025-02-27,401705414,PHX,NO,0.6207362578623056,0.6923113159672577,v1-backfill,0.0,3.4101169953861232,0.7771317621109595,0.6741185301763688,0.6017164429256254,0.521673210395402,0.3937025240277685,-8.0
2025-02-27,401705415,LAL,MIN,0.6590337879988246,0.6131818906874409,v1-backfill,1.0,3.934707890112012,0.802840951266988,0.7134585321934375,0.6510694421291935,0.553777705900152,0.4043733109867112,9.0
2025-02-28,401705416,DET,DEN,0.4431974234495179,0.4761186454729572,v1-backfill,0.0,0.0950932065565535,0.7085647868613528,0.5716691068714647,0.4748931107681481,0.4018535525588874,0.2908649105446051,-15.0
2025-02-28,401705417,ATL,OKC,0.2022329366580109,0.2857953735459105,v1-backfill,0.0,-10.466176911838849,0.4042945963110332,0.2709757983236378,0.195915751280021,0.1487639498544217,0.0900551395537182,-16.0
2025-02-28,401705418,BOS,CLE,0.4811858456787262,0.5457615991184718,v1-backfill,0.0,-2.0054759334252674,0.6429401708462023,0.5250276273439197,0.4509166268022198,0.3729786202394209,0.2597611451612436,-7.0
2025-02-28,401705419,BKN,POR,0.521919224278111,0.5033916947667243,v1-backfill,0.0,0.3971866937249446,0.7184030863581029,0.5983631260777913,0.5163631416487547,0.4299722805295928,0.3028369803319886,-19.0
2025-02-28,401705420,MIA,IND,0.3571810418509764,0.4690965151856611,v1-backfill,1.0,-4.382665263296406,0.5833947810845186,0.4415862956649771,0.3516155118858465,0.2844553971493626,0.1909070679306235,5.0
2025-02-28,401705421,CHI,TOR,0.5551720332419148,0.6119843313135053,v1-backfill,1.0,1.1500286840803788,0.7326939627618804,0.6214713647790173,0.5461239000902924,0.4589778911199773,0.3283651339876235,10.0
2025-02-28,401705422,MEM,NY,0.6163054302416026,0.5594989182533517,v1-backfill,0.0,4.103605362602792,0.8005172385975479,0.6991208005500053,0.6253299357583595,0.5413502266324626,0.407511399924701,-1.0
2025-02-28,401705423,PHX,NO,0.7689072608284894,0.6645013038240509,v1-backfill,1.0,7.187256768334915,0.860726088585951,0.7928167820549554,0.744152275900662,0.6534595544818881,0.5043076564478559,17.0
2025-02-28,401705424,UTAH,MIN,0.4377096045105488,0.3141086366525281,v1-backfill,1.0,-2.85444621836824,0.6289024611397216,0.501704705438085,0.4208285891030838,0.3399626241741771,0.2276208102549936,1.0
2025-02-28,401705425,LAL,LAC,0.5912603862484599,0.6599635040599776,v1-backfill,1.0,2.62291562990335,0.7639037110761627,0.666173691836059,0.600083462202843,0.5108688906769303,0.3736149065630474,4.0
2025-03-01,401705426,CHA,WSH,0.635450652388132,0.6300232554659895,v1-backfill,0.0,3.870050820997133,0.792680582379505,0.6886308810957491,0.6132673127879793,0.5319818678609683,0.4018691327986778,-13.0
2025-03-01,401705427,DET,BKN,0.7984264796572846,0.7340589581473815,v1-backfill,1.0,11.01074076680603,0.9094057676245084,0.8511534485421556,0.8046363688897207,0.7359977511145597,0.6111962326245538,21.0
2025-03-01,401705428,HOU,SAC,0.5385258238902403,0.643296618083377,v1-backfill,0.0,1.6829313452938894,0.7436861314886257,0.6251483769604008,0.5418185011708393,0.4625433702522377,0.339881788823777,-10.0
2025-03-01,401705429,MEM,SA,0.6150754803543428,0.7622548513498767,v1-backfill,0.0,3.5516784540754744,0.7877328394219238,0.6830357748968422,0.6076904597336962,0.5242627171353809,0.3922870274253189,-2.0
2025-03-01,401705430,PHI,GS,0.4628796190299254,0.3995975293007979,v1-backfill,1.0,-3.1712875166770225,0.6190678838381478,0.5009743820445014,0.4281590369820561,0.3432647931366323,0.2269640341039705,7.0
2025-03-01,401705431,DAL,MIL,0.4224560668623346,0.5737914679140704,v1-backfill,0.0,-1.4289357794586612,0.6658131892990178,0.5231742160611907,0.4256939894083144,0.3570781249150088,0.2546312791807459,-15.0
2025-03-02,401705432,BOS,DEN,0.5614055665301617,0.6193341555493239,v1-backfill,1.0,2.0551515375718346,0.7501388576845185,0.6376959321646423,0.5594155769663725,0.4787275251956208,0.3532468160563602,7.0
2025-03-02,401705433,CLE,POR,0.8009946815509983,0.8210021477500334,v1-backfill,1.0,10.297163291346562,0.9068979564364824,0.8478475447353063,0.8009602561371657,0.7253275173383885,0.5914035022462852,4.0
2025-03-02,401705434,IND,CHI,0.7696496277886358,0.7557922332746497,v1-backfill,1.0,9.612511502883985,0.89646062467334,0.8298555570036209,0.7766588016199761,0.7016607505128206,0.5696602202525972,15.0
2025-03-02,401705435,MIA,NY,0.3336994812624974,0.4320459296886934,v1-backfill,0.0,-4.772705919804701,0.5728491907587208,0.4316572501892609,0.3428887957178693,0.2753861978087638,0.1826126117959762,-4.0
2025-03-02,401705436,ORL,TOR,0.620068859308396,0.6780087535550514,v1-backfill,0.0,4.121107267607172,0.8012682200060436,0.7010681676576799,0.6283682868554575,0.5433837624482822,0.4082633075963044,-2.0
2025-03-02,401705437,SA,OKC,0.1856182715495941,0.2469446182816201,v1-backfill,0.0,-11.070725273866904,0.3853022039688754,0.2486352141061182,0.1718215385548425,0.1304289741529882,0.0789175677611662,-14.0
2025-03-02,401705438,UTAH,NO,0.2648952293385928,0.5447918866740002,v1-backfill,0.0,-6.451708064013965,0.5193988482210738,0.363709720047528,0.2664296296299437,0.2167459659773777,0.1468177527111683,-7.0
2025-03-02,401705439,PHX,MIN,0.5247066574378532,0.4777487732441935,v1-backfill,0.0,-1.027034896785291,0.6736187174124322,0.5674867913964886,0.5010949507500362,0.4115572381644858,0.2832453008703988,-18.0
2025-03-02,401705440,LAL,LAC,0.5727237860368969,0.6738760396703635,v1-backfill,1.0,2.110095504979321,0.7588990270175479,0.6573782304440691,0.5883220477619905,0.4945698426120879,0.3539834717695468,6.0
2025-03-03,401705441,CHA,GS,0.2485951798116056,0.2891691306166057,v1-backfill,0.0,-9.113990828419716,0.4443959367098877,0.3012315316518187,0.217525943534759,0.1669160322988439,0.1027610331514485,-18.0
2025-03-03,401705442,PHI,POR,0.5605786842414627,0.5069140770546045,v1-backfill,0.0,-0.6521389650890645,0.6902377220450421,0.5836495555361043,0.515795032410949,0.4198630483127043,0.2846890652543006,-17.0
2025-03-03,401705443,MIA,WSH,0.7821807582819289,0.8027949654751013,v1-backfill,1.0,7.306898029614694,0.8758759912022319,0.8148387285347405,0.7709621792967425,0.6682590870808454,0.504138154973199,16.0
2025-03-03,401705444,MEM,ATL,0.674192629622459,0.7064559902031823,v1-backfill,0.0,6.374718845240239,0.8389373522359049,0.7487134681897021,0.6805648971337788,0.6039385839210702,0.4748334009792568,-2.0
2025-03-03,401705445,OKC,HOU,0.9108484768316756,0.7658448238634135,v1-backfill,1.0,15.13266569644571,0.962642791105486,0.9356913147161672,0.913086181431741,0.8501982767957376,0.729827772811409,9.0
2025-03-03,401705446,DAL,SAC,0.4783188091601135,0.5818330922780746,v1-backfill,0.0,-0.7037060917461089,0.6884557831432242,0.5562616186527855,0.4661028199582528,0.3879019008303208,0.2729461417986596,-24.0
2025-03-03,401705447,UTAH,DET,0.258297676021796,0.352114985371779,v1-backfill,0.0,-9.208314524218531,0.4383825843244471,0.3096834469622543,0.2367747302930706,0.1858546784319882,0.1187007803000889,-28.0
2025-03-04,401705448,IND,HOU,0.7238432164533702,0.6123555972731509,v1-backfill,1.0,6.007450641039927,0.8454042053945219,0.7705120556030095,0.7169712902201423,0.6200766631237906,0.4659807620698487,13.0
2025-03-04,401705449,ORL,TOR,0.6034558198896562,0.6501598706333084,v1-backfill,0.0,3.400732242571529,0.7906610273856294,0.6855983290654044,0.609501199633469,0.5213860174133362,0.3844663782147418,-1.0
2025-03-04,401705450,ATL,MIL,0.3807600127214616,0.4751563341500857,v1-backfill,0.0,-3.4553919588944924,0.6107598426067498,0.4675210652341212,0.3743649965196384,0.3058377915318352,0.2086220616020639,-6.0
2025-03-04,401705451,NY,GS,0.6350886703333709,0.6813579329024673,v1-backfill,0.0,3.2756095577067814,0.7707112671286931,0.6673646327768509,0.595376986898386,0.5174115968476402,0.3921137926510914,-12.0
2025-03-04,401705452,CHI,CLE,0.1368393431414498,0.2325337001193845,v1-backfill,0.0,-14.830861444659508,0.2867375290139056,0.1785555839100227,0.1231018962656182,0.0884455044441033,0.0490564739197882,-22.0
2025-03-04,401705453,MIN,PHI,0.8182830202212272,0.7568014725686625,v1-backfill,1.0,13.696228530822744,0.9274655796257903,0.8746110144504855,0.8300859786329632,0.7786528368600041,0.6778675435573597,14.0
2025-03-04,401705454,SA,BKN,0.6332145242696048,0.6276303125536679,v1-backfill,1.0,4.168489097217597,0.7962329382888105,0.700373828336228,0.632571167013264,0.5488509832309061,0.4147753010591567,14.0
2025-03-04,401705455,PHX,LAC,0.5326561228713625,0.4990716799543998,v1-backfill,1.0,0.4279047255508619,0.719306457775658,0.602786514937018,0.5239134425920947,0.4349667305205207,0.3048261008354697,2.0
2025-03-04,401705456,LAL,NO,0.7129028532605751,0.8085470210054476,v1-backfill,1.0,6.700571277715136,0.8581012757030524,0.78003882203913,0.7214905730077602,0.6310049000407434,0.4835357837316787,21.0
2025-03-05,401705457,BOS,POR,0.7506629527310216,0.7799971300088899,v1-backfill,1.0,6.664561376533895,0.8525391281635241,0.7788462883684297,0.7255548932788028,0.6348850074871291,0.4869466463053751,10.0
2025-03-05,401705458,CHA,MIN,0.294029691674315,0.2592884069831733,v1-backfill,0.0,-7.707294446710979,0.4837621497336884,0.3418125785409169,0.257294308519908,0.2031207124974685,0.1309450634803702,-15.0
2025-03-05,401705459,CLE,MIA,0.8906069551994472,0.8164372387059625,v1-backfill,1.0,16.39530252460816,0.9571732553710378,0.924302910490616,0.8959670010712759,0.8481452553145639,0.7514554991210198,5.0
2025-03-05,401705460,WSH,UTAH,0.6442063212727611,0.5092383834048848,v1-backfill,1.0,4.5770357393327,0.795325338637703,0.7044527306897586,0.6414900633148389,0.5623067684461766,0.4326041680079384,3.0
2025-03-05,401705461,MEM,OKC,0.3466690377908415,0.3670086705535141,v1-backfill,0.0,-4.819072938224188,0.5677964645886757,0.4266895797923106,0.3383106379062661,0.2748123114409913,0.1856894114974079,-17.0
2025-03-05,401705462,DEN,SAC,0.7495830735156997,0.6819490970420955,v1-backfill,1.0,7.61219820776669,0.8649093034678381,0.7920703407345251,0.7378621289385341,0.6545963426928891,0.5143991369843643,6.0
2025-03-05,401705463,MIL,DAL,0.7257180728303078,0.6448521423467167,v1-backfill,1.0,6.925823687438884,0.8608298358938256,0.7864905237101181,0.7313641109439597,0.6404888109631958,0.4919457228211314,30.0
2025-03-05,401705464,LAC,DET,0.4316950255552877,0.5578702615533907,v1-backfill,1.0,-4.009700069786845,0.5911561129350426,0.4666137552974075,0.3902225194595921,0.3152244732344045,0.2110427157227926,8.0
2025-03-06,401705465,ATL,IND,0.481802094749034,0.4362621735270217,v1-backfill,1.0,-0.3018997850912344,0.6898462497474647,0.5689677336796408,0.4888626317640252,0.4110948250869615,0.2944012838144115,6.0
2025-03-06,401705466,BOS,PHI,0.823371354817261,0.8480539577219789,v1-backfill,1.0,11.308637365778534,0.91709403355583,0.8641498521735059,0.8219918807799451,0.7505547033477875,0.6212795144214677,18.0
2025-03-06,401705467,BKN,GS,0.3511478728771651,0.3693383103419453,v1-backfill,0.0,-5.787295720145847,0.5381833422509156,0.403545933554127,0.3220215312966848,0.2593611805882057,0.1727930088120647,-2.0
2025-03-06,401705468,NO,HOU,0.4564629670074173,0.3945966202767837,v1-backfill,0.0,-2.0925460358892503,0.6395394702108013,0.5203161156006789,0.4453448676350755,0.3692150244594742,0.258132509718877,-12.0
2025-03-06,401705469,LAL,NY,0.5634489495719666,0.587302797171744,v1-backfill,1.0,2.719026924890306,0.7640680335900443,0.659135810028053,0.5863872829791709,0.5036810824181985,0.3740528982969786,4.0
2025-03-06,401705510,ORL,CHI,0.5945881128660923,0.6188024133531556,v1-backfill,0.0,3.7108916744813705,0.790462405711508,0.6833982034924723,0.6053301849016153,0.524680532311948,0.3958071925383336,-2.0
2025-03-07,401705470,CHA,CLE,0.0811059071297395,0.1329877526527361,v1-backfill,0.0,-16.749227653245082,0.2310822863657548,0.1231666514153427,0.0687889386558464,0.049392157151107,0.0273686885068825,-1.0
2025-03-07,401705471,TOR,UTAH,0.5685939782479528,0.6739635622613487,v1-backfill,1.0,1.7741915649682447,0.7453441118316629,0.6361979110886409,0.5614994157339277,0.476432721056433,0.3464506781561123,9.0
2025-03-07,401705472,DAL,MEM,0.25104597351829,0.5451956458514718,v1-backfill,0.0,-8.764448499957792,0.4542347880945556,0.3161828754988364,0.2358758882172933,0.1823249535470892,0.1135789356825216,-11.0
2025-03-07,401705473,MIA,MIN,0.3838917486207702,0.4854869847729095,v1-backfill,0.0,-4.5880247904910245,0.5729352379030106,0.4465835455951462,0.3697466394406746,0.2990373985773513,0.2005979399818377,-2.0
2025-03-07,401705474,OKC,POR,0.684025811552378,0.8353876451797038,v1-backfill,1.0,4.596004829876216,0.7970559942198712,0.7069824579363733,0.6445809222222033,0.5641345479312726,0.4328227469757054,18.0
2025-03-07,401705475,DEN,PHX,0.7767546599584054,0.7651414336455236,v1-backfill,1.0,9.193386265295368,0.8982427225024456,0.834996641395563,0.7851947942632042,0.7015222415489486,0.5582548035040409,8.0
2025-03-07,401705476,SAC,SA,0.6019922174546782,0.705954459829071,v1-backfill,1.0,3.270928589107668,0.7786666707813832,0.6799442277157272,0.6114315779136617,0.5248926340129394,0.3894207068302304,18.0
2025-03-07,401705477,LAC,NY,0.6309002135158855,0.4818412529164441,v1-backfill,1.0,4.21476534075984,0.7953606084163939,0.702636021294946,0.6379262543420425,0.553592130549895,0.4184829895844661,10.0
2025-03-08,401705478,CHA,BKN,0.2548812274373522,0.4657752366529273,v1-backfill,1.0,-7.817820497839456,0.4797495208319369,0.3321389473231873,0.2434587892672147,0.1933798895063253,0.1259221418062533,3.0
2025-03-08,401705479,HOU,NO,0.6621134911897071,0.7670081338121358,v1-backfill,1.0,6.627721071692546,0.8448642797523676,0.7492012954832564,0.6741168074395278,0.6017199408131425,0.4780371666700986,29.0
2025-03-08,401705480,ATL,IND,0.5094435364718882,0.4619483245332313,v1-backfill,1.0,0.7957255601513058,0.7270390761526836,0.6034719745115288,0.517266560013624,0.4354488894493018,0.31241336263602,2.0
2025-03-08,401705481,TOR,WSH,0.646418972406805,0.7259607010233549,v1-backfill,0.0,3.2195437125101045,0.7905366228471853,0.6954954909397555,0.6291366214655338,0.53002681449243,0.3807602666100748,-1.0
2025-03-08,401705482,MIA,CHI,0.6209439443105769,0.6597202958799725,v1-backfill,0.0,3.315901663984099,0.7871740211534501,0.6914332289018199,0.624789292521867,0.5308577224534593,0.3869290108672999,-5.0
2025-03-08,401705483,MIL,ORL,0.7833036477977603,0.7527091630761568,v1-backfill,0.0,8.302720307748626,0.8912928165636226,0.8317663708410621,0.7872005642158107,0.6911273704322949,0.5331959593033968,-2.0
2025-03-08,401705484,BOS,LAL,0.6286850481656793,0.6452980968707449,v1-backfill,1.0,4.222466701435636,0.7907539631484395,0.6966937198610188,0.6312368572407865,0.5509107805053387,0.4206087820456225,10.0
2025-03-08,401705485,GS,DET,0.5531419652144839,0.6259610959989402,v1-backfill,1.0,1.1439136307741622,0.7249595617676596,0.6135845536816172,0.5388263757416878,0.4578568422511187,0.3337682344160617,5.0
2025-03-09,401705486,OKC,DEN,0.7024076734833984,0.702550041241546,v1-backfill,1.0,7.190511286355957,0.861230054440402,0.778475249312218,0.7143973299557722,0.6332497129513588,0.4968861432527438,24.0
2025-03-09,401705487,DAL,PHX,0.3535488916500162,0.6343378755818995,v1-backfill,0.0,-4.0261263816851205,0.5948247546199609,0.4448054724096393,0.3470460413264628,0.2834354990906098,0.1932452153766377,-9.0
2025-03-09,401705488,MIL,CLE,0.3132787582421291,0.3809392447319628,v1-backfill,0.0,-7.058622326103864,0.5081091186717526,0.3764094620738617,0.2985813489077128,0.2303315728153484,0.1430202005252726,-12.0
2025-03-09,401705489,NO,MEM,0.2122098811938653,0.3704630805615941,v1-backfill,0.0,-10.708198492737754,0.3961101213813016,0.2673846316221122,0.1958142787941454,0.1505187720054658,0.0929274317184249,-3.0
2025-03-09,401705490,PHI,UTAH,0.6874399996027377,0.6728318306468831,v1-backfill,1.0,5.112475786117315,0.8282766809582105,0.7460403971218857,0.6874962360094501,0.5904195467008008,0.4383276136559927,4.0
2025-03-09,401705491,MIN,SA,0.7203745169686259,0.7522161291573691,v1-backfill,1.0,8.029688628209808,0.8646263700203475,0.7888864455731859,0.7317056072765203,0.6564137772672769,0.526204980134923,17.0
2025-03-09,401705492,POR,DET,0.4609075925811756,0.5282285615837219,v1-backfill,0.0,-1.0797147861066811,0.6719813959434637,0.5407435687637789,0.453009228550163,0.3794211903382878,0.2698772808642545,-7.0
2025-03-09,401705493,LAC,SAC,0.5958081885277813,0.5753788064733468,v1-backfill,1.0,2.83868892683568,0.7764151620775035,0.6686213180433335,0.5916943417946031,0.5044180458863468,0.3697656399211196,1.0
2025-03-10,401705494,ATL,PHI,0.7653225410616432,0.6796467313211496,v1-backfill,1.0,9.219156707523808,0.8926065721971468,0.824230790861806,0.7698529744067804,0.6925785805062168,0.558009497684944,9.0
2025-03-10,401705495,BOS,UTAH,0.8789857229943879,0.8989710912721068,v1-backfill,1.0,14.415530530142332,0.9493249978702076,0.91140379135696,0.8790813640918427,0.81963673304222,0.7053826074349301,6.0
2025-03-10,401705496,BKN,LAL,0.2656551264962432,0.2849214794731248,v1-backfill,1.0,-6.747999110395483,0.5111960998149486,0.3588677373907885,0.2647964933105349,0.2135627000836042,0.1426024479547995,3.0
2025-03-10,401705497,MIA,CHA,0.7532584725876446,0.7759675251782084,v1-backfill,0.0,8.30545169163781,0.876333087084931,0.8111417291005235,0.7630421245130656,0.6790935753882711,0.5366808482852965,-3.0
2025-03-10,401705498,TOR,WSH,0.7347106227406752,0.6985699757357338,v1-backfill,1.0,6.961836435981204,0.860015891647327,0.7866030635279921,0.7325437409464922,0.642134154686376,0.4940360792308991,15.0
2025-03-10,401705499,CHI,IND,0.4024814810825571,0.4202269012350009,v1-backfill,1.0,-3.189531566589964,0.6147822583645116,0.4801401118224362,0.3940034599259456,0.3230133064508411,0.2216322236897786,18.0
2025-03-10,401705500,HOU,ORL,0.6782027475757528,0.7221192151467777,v1-backfill,1.0,6.005618347853492,0.8378776194718588,0.7493755942342508,0.6831957180745672,0.6002197402837461,0.4636107362081511,13.0
2025-03-10,401705501,MEM,PHX,0.5939801645029026,0.6880690523978634,v1-backfill,1.0,3.325504097554658,0.7709161861776359,0.6604297288759595,0.5815703522631895,0.508886455081097,0.3902980603777162,2.0
2025-03-10,401705502,OKC,DEN,0.6745487716060063,0.7138716982347877,v1-backfill,0.0,6.66173085138504,0.8420698548449298,0.7524172134446174,0.6843460990737861,0.6099407593525839,0.4832799976085547,-13.0
2025-03-10,401705503,SA,DAL,0.6818077962599142,0.4998433340434663,v1-backfill,0.0,5.869933700567538,0.8255662017706394,0.7387251479400206,0.6760142618185742,0.5969442584574344,0.4652432299031883,-4.0
2025-03-10,401705504,GS,POR,0.7634387839433133,0.7036696020093259,v1-backfill,1.0,7.990304608379358,0.8776382232719402,0.8094296762973889,0.7580087069413591,0.6705228708452873,0.5242125213819775,10.0
2025-03-10,401705505,SAC,NY,0.5210291262439534,0.5063069084228832,v1-backfill,0.0,0.5720252749136394,0.7173310914908652,0.6049408309128779,0.529963317784384,0.4433079175632614,0.3146376367113724,-29.0
2025-03-11,401705506,CLE,BKN,0.8857741048374232,0.893404311479328,v1-backfill,1.0,15.007524433105754,0.9507741590656856,0.913312954750208,0.8811425342295268,0.8262489343440286,0.718809290257946,5.0
2025-03-11,401705507,DET,WSH,0.8661619026036106,0.826783581226361,v1-backfill,1.0,15.721103827712902,0.9465568480138636,0.9065145071606002,0.872365294486155,0.8255872673884574,0.7310968750110944,20.0
2025-03-11,401705508,IND,MIL,0.5604864861904593,0.5821425487346567,v1-backfill,1.0,0.9947832736956528,0.7231462022933318,0.6130551290573659,0.5396085584461509,0.4560834455551539,0.3294609071204623,1.0
2025-03-11,401705509,NO,LAC,0.3966072364351151,0.3774605197846117,v1-backfill,1.0,-4.175489858109172,0.5853396053585953,0.4622843881594716,0.3873853959691718,0.3131881341006401,0.2099629052352175,7.0
2025-03-12,401705511,ATL,CHA,0.7641752763640972,0.7813710220376747,v1-backfill,1.0,8.651775617539007,0.8911030009581435,0.8259671141947629,0.7754705840387043,0.688777717113075,0.5424025237763098,13.0
2025-03-12,401705512,BOS,OKC,0.4839273028653903,0.5265805499339741,v1-backfill,0.0,-0.2681388038860914,0.6888007315019353,0.5649757203568986,0.4823495611492165,0.4080728324681303,0.295254913581567,-6.0
2025-03-12,401705513,TOR,PHI,0.4747790625375673,0.591667565523515,v1-backfill,1.0,-0.0868816485293191,0.691810326166446,0.5616794847769134,0.4730777128101429,0.4043014877248102,0.2976430649422475,13.0
2025-03-12,401705514,MIA,LAC,0.603936610606141,0.490136525991167,v1-backfill,0.0,2.9405487749928643,0.7710749527751511,0.6681399037186505,0.596499960224611,0.5117609905109232,0.3792775654195246,-15.0
2025-03-12,401705515,HOU,PHX,0.617893553094592,0.6952365889557321,v1-backfill,1.0,5.904361763878921,0.8235985781001274,0.7183553899654126,0.63684982181929,0.5709855864414752,0.4572436117834093,7.0
2025-03-12,401705516,MEM,UTAH,0.8010962405238385,0.8350174348595006,v1-backfill,1.0,11.835610000747682,0.9115046356730068,0.853614317729187,0.8070530068357763,0.746251046594818,0.6322759372814614,7.0
2025-03-12,401705517,SA,DAL,0.6733028726857174,0.476841280032991,v1-backfill,1.0,5.792366427747137,0.8293378836001913,0.7433795356815123,0.6810367629502011,0.5979292750591382,0.4613070803910819,10.0
2025-03-12,401705518,DEN,MIN,0.6321821792429436,0.6572190982156171,v1-backfill,0.0,3.1561989419644974,0.779262493551799,0.6872113329037423,0.6248039321350767,0.5311134925917803,0.3874192644070795,-20.0
2025-03-12,401705519,POR,NY,0.4227884984903004,0.405427107119308,v1-backfill,0.0,-1.5237078943739082,0.6576806179009853,0.5238850022595763,0.4351359182394407,0.3651931908721322,0.2606541903406363,-1.0
2025-03-13,401705520,DET,WSH,0.8538845216252914,0.831305619867463,v1-backfill,0.0,14.04636921897254,0.9452736269404344,0.9027049217987272,0.8657871264894577,0.8067121929832607,0.6933994321035243,-4.0
2025-03-13,401705521,MIL,LAL,0.5931481461458703,0.5131327373772527,v1-backfill,1.0,3.103951671780238,0.7789203229142676,0.6721429983785439,0.5958914952424148,0.5114024345486374,0.3792208789121206,20.0
2025-03-13,401705522,CHI,BKN,0.5707267093693864,0.6593607308755353,v1-backfill,1.0,1.7945897061031992,0.7459329134779648,0.6372540913345737,0.5629263404879714,0.4775190537314613,0.3470859993989409,6.0
2025-03-13,401705523,GS,SAC,0.6811784185151076,0.6466974856944262,v1-backfill,1.0,5.533042455727255,0.8388559260898789,0.7540067431188711,0.691430761079737,0.5970315805656077,0.4474188912258103,26.0
2025-03-13,401705707,NO,ORL,0.5687658609391872,0.5286645665203531,v1-backfill,0.0,1.527151751082358,0.7481959559217589,0.6402871995620613,0.5664391853139141,0.4726948892419526,0.3341493813057655,-20.0
2025-03-14,401705524,MIA,BOS,0.3341833722086728,0.3093535272727209,v1-backfill,0.0,-5.755738867043662,0.5426329880632151,0.4080930431800094,0.3264144834418393,0.2595840143707181,0.1693658304567839,-12.0
2025-03-14,401705525,PHI,IND,0.1553698976561628,0.3746424929707782,v1-backfill,0.0,-12.83290703223348,0.3378318969965582,0.214794235322291,0.1486781906724872,0.1092998638813557,0.0628471781767211,-12.0
2025-03-14,401705526,ATL,LAC,0.5338646158479665,0.5274291928654417,v1-backfill,0.0,0.8945456835531829,0.7235551858680177,0.6092990476327359,0.532073449306197,0.4487611719469523,0.323001329800096,-23.0
2025-03-14,401705527,HOU,DAL,0.7367766063562605,0.6764639977997036,v1-backfill,1.0,8.879493728676877,0.890196846138543,0.8192405714728968,0.7624611653476909,0.6833829914679862,0.5469307244042275,37.0
2025-03-14,401705528,MEM,CLE,0.4498766494666631,0.3810040369672024,v1-backfill,0.0,-1.702684432550619,0.6605246949151826,0.5288336333679002,0.4416977902645093,0.3635092061868023,0.2510269157067704,-9.0
2025-03-14,401705529,MIN,ORL,0.8183415238113286,0.7541315336486092,v1-backfill,1.0,11.492716817421112,0.9210968084376512,0.8671938153666399,0.823036765229806,0.7526743545542399,0.6248097206347936,7.0
2025-03-14,401705530,SA,CHA,0.6543856229208006,0.722897936128002,v1-backfill,0.0,4.962933539466601,0.8176602635263234,0.7239543885864745,0.6554787213347691,0.570605489984354,0.4337013191867171,-11.0
2025-03-14,401705531,DEN,LAL,0.8865503378178892,0.6282787128822515,v1-backfill,1.0,14.775647778011868,0.954993790303132,0.9203128797310934,0.8903626640641719,0.8307218223768188,0.7158463006139412,5.0
2025-03-14,401705532,UTAH,TOR,0.4254319951041053,0.4629203360689076,v1-backfill,0.0,-2.490049548858914,0.6267086422458329,0.4958860502116544,0.4121222987999358,0.344935652997291,0.2450588479387007,-8.0
2025-03-14,401705533,PHX,SAC,0.5130759879613159,0.514204786889338,v1-backfill,1.0,-0.3047388728375484,0.6962188818822692,0.5794076558157231,0.5023417920205638,0.4162985332525374,0.2908505564192798,16.0
2025-03-15,401705534,BKN,BOS,0.1756919660511745,0.2309077633520467,v1-backfill,0.0,-10.408938195028222,0.4005594265842339,0.2536111577325952,0.1688550938056991,0.1330969709017707,0.0855872247342176,-2.0
2025-03-15,401705535,DET,OKC,0.3701129489915676,0.3200367336607053,v1-backfill,0.0,-3.196811677760626,0.6172322007387315,0.4718067055529566,0.3762408889043604,0.3097220209319997,0.2139789441163945,-6.0
2025-03-15,401705536,HOU,CHI,0.6539107764581429,0.7285631141260742,v1-backfill,1.0,5.430516707777469,0.8229883535140268,0.7312099432874465,0.6639180627098675,0.5824546259743519,0.4487653932478895,3.0
2025-03-15,401705537,MEM,MIA,0.697613098411101,0.7247552587497522,v1-backfill,1.0,6.7741862613351085,0.8368458148430264,0.7487677285750408,0.683187403146939,0.6120882811910426,0.4895230624817177,34.0
2025-03-15,401705538,MIL,IND,0.5982858173662489,0.5726238795718092,v1-backfill,1.0,3.502269476056118,0.790368366378398,0.6851811467147635,0.6089998529865365,0.5231761814348793,0.3886228834069908,7.0
2025-03-15,401705539,SA,NO,0.5760698459363106,0.6255255905522737,v1-backfill,1.0,2.281971658548817,0.7549384885497865,0.6492911495735681,0.5768410961185254,0.4926286039146572,0.3622248234899197,4.0
2025-03-15,401705540,GS,NY,0.62998468876424,0.5464479753145198,v1-backfill,1.0,4.396220576746256,0.811357729552483,0.7163870859851247,0.6475198478303016,0.5572623895865999,0.4152221529089048,3.0
2025-03-15,401705541,DEN,WSH,0.9062096998768658,0.8837670460477614,v1-backfill,0.0,14.6238606370703,0.9588676789872372,0.929106572247538,0.9041132595897496,0.8391479819768838,0.7160067103173852,-3.0
2025-03-16,401705542,DAL,PHI,0.7223554188900856,0.7027164810115021,v1-backfill,0.0,6.967763779222784,0.8547018906180424,0.7735627610825152,0.712350931398079,0.6302314409039871,0.4928468015575216,-5.0
2025-03-16,401705543,LAL,PHX,0.6044478634407607,0.7195245634655663,v1-backfill,1.0,3.898964726171672,0.7870126472250878,0.6823914852289444,0.6072149389117163,0.5304357529130537,0.4056321124650504,11.0
2025-03-16,401705544,BKN,ATL,0.3121654894756059,0.4406730819631626,v1-backfill,1.0,-5.983704970162357,0.5352814514875878,0.3969198364702845,0.3126236330813964,0.2493661634069411,0.1635051326610131,8.0
2025-03-16,401705545,CLE,ORL,0.8658890546485551,0.8681790721367983,v1-backfill,0.0,13.631929826098352,0.9384838056147908,0.8954226623850506,0.8597763865449696,0.7992563740800046,0.6839937766946017,-5.0
2025-03-16,401705546,POR,TOR,0.7022431675982864,0.631307431747095,v1-backfill,1.0,7.528105273292221,0.8633218065828917,0.7814821484236397,0.718008942422732,0.6401772665269556,0.50756814291172,3.0
2025-03-16,401705547,MIN,UTAH,0.8466525031712159,0.8631278685185398,v1-backfill,1.0,13.253917996159023,0.9414764762173744,0.8975575516633875,0.8600756775140901,0.795326941039291,0.6739321648482494,26.0
2025-03-16,401705548,MIL,OKC,0.3042157380345311,0.3603730736535255,v1-backfill,0.0,-6.2028041338467,0.5305240394299076,0.3873902227558026,0.2995732709952928,0.2377045938584129,0.154521441326843,-16.0
2025-03-16,401748706,LAC,CHA,0.8224270829195328,0.8222263060272118,v1-backfill,1.0,11.131362422461825,0.916279238207252,0.8653850959383759,0.8256703864053201,0.7512888888954692,0.6179300441472534,35.0
2025-03-17,401705550,NY,MIA,0.6855637141941965,0.7706980003439516,v1-backfill,1.0,7.451093998645448,0.8409936031128515,0.7559643577917996,0.6928840410800123,0.6269330321515807,0.5104024868293289,21.0
2025-03-17,401705551,HOU,PHI,0.8893048928195483,0.7811402334774807,v1-backfill,1.0,16.490832345440545,0.960192554552352,0.9274629560262512,0.8983503698917383,0.8504146459476993,0.7534889980341041,7.0
2025-03-17,401705552,MIN,IND,0.7729877189827058,0.6376819868878557,v1-backfill,0.0,10.532036240249424,0.8978795978621283,0.8375938239957565,0.7911031726683279,0.7229046527423124,0.5992348011081449,-2.0
2025-03-17,401705553,NO,DET,0.3872874362863199,0.4025416385373169,v1-backfill,0.0,-4.685413766193802,0.5751217528224097,0.4471690708987769,0.3689517671916935,0.2937807469467249,0.1920727758844627,-46.0
2025-03-17,401705555,UTAH,CHI,0.4064928334807611,0.4089430833637781,v1-backfill,0.0,-3.957950087788785,0.5885428176435712,0.460355800551041,0.3812001065174774,0.3123317691788735,0.2140913385674188,-14.0
2025-03-17,401705556,GS,DEN,0.7805776322931921,0.5478466784950551,v1-backfill,0.0,11.041903551129735,0.9054973920264268,0.8506513992468725,0.8086423626286264,0.7400410190061611,0.6151332109228111,-9.0
2025-03-17,401705557,PHX,TOR,0.7114324128112942,0.6506305124007242,v1-backfill,1.0,5.5404865301908925,0.825597694168987,0.7475792500427534,0.693378847071632,0.6032720619846311,0.4580980324992682,40.0
2025-03-17,401705558,SAC,MEM,0.6037971698036477,0.5131204581151538,v1-backfill,1.0,2.5220607043276253,0.7547394361112644,0.652702501616258,0.5835808097477232,0.501930729264922,0.373601409280087,10.0
2025-03-17,401705561,POR,WSH,0.7281925806791624,0.7428162587349302,v1-backfill,1.0,8.027703158516019,0.8726772202837195,0.7935409001461906,0.731226511766581,0.6540902380888377,0.5216299938513891,15.0
2025-03-17,401754705,LAL,SA,0.6953664052507571,0.7761212458564775,v1-backfill,1.0,6.25150992719837,0.834677629570809,0.7533852037076562,0.6949492911564052,0.6131176760643525,0.4770960236384308,16.0
2025-03-18,401705559,CHA,ATL,0.1838213780020173,0.3839372607776294,v1-backfill,0.0,-10.124529542454548,0.4084052959052522,0.2591960841795277,0.172467894211239,0.1368830981098646,0.0890177047489293,-32.0
2025-03-18,401705560,BOS,BKN,0.839258466067326,0.8681828901346547,v1-backfill,1.0,11.301609127961406,0.9185781597865617,0.8671489215649331,0.8263826493673636,0.753360609952263,0.6217809072357939,8.0
2025-03-18,401705563,LAC,CLE,0.3966956242094366,0.3705825932238111,v1-backfill,1.0,-3.4951133131801715,0.6074707039440445,0.4845464342650547,0.4085225637908471,0.3296671152401472,0.2203356319914077,13.0
2025-03-18,401705578,GS,MIL,0.4616537651170503,0.6155720137290795,v1-backfill,1.0,-0.7718551207964275,0.6648518313803369,0.5377831198753747,0.4543372883310924,0.3903260464974118,0.2899610483008539,11.0
2025-03-19,401705193,UTAH,WSH,0.7045267001046536,0.5568584465299322,v1-backfill,1.0,6.785552920353666,0.8482996460763025,0.7653279431536812,0.7032374579780577,0.623039130241275,0.4884314265098745,16.0
2025-03-19,401705564,IND,DAL,0.7913829716839197,0.6987497842356004,v1-backfill,1.0,10.77463992480809,0.9137737800102872,0.8564731290725901,0.8100800561809117,0.7363086743914231,0.604418212815295,4.0
2025-03-19,401705565,ORL,HOU,0.3912318976274664,0.4225222436673599,v1-backfill,0.0,-3.677382160751028,0.6020820085203705,0.4708350306337414,0.388373573101021,0.3149599713626832,0.2122363436544685,-8.0
2025-03-19,401705566,MIA,DET,0.3573553402422036,0.4693685286209294,v1-backfill,0.0,-6.507267500517921,0.5218481158931609,0.3949681561789609,0.3201760309385079,0.2508177953949941,0.1596704362760376,-3.0
2025-03-19,401705567,MIN,NO,0.813306583051948,0.8171030289679184,v1-backfill,0.0,12.42612266198393,0.9280000198268948,0.8783049660903338,0.8374155957171094,0.7721771239871462,0.6508636714873888,-4.0
2025-03-19,401705568,OKC,PHI,0.8718583007058239,0.8971948791622115,v1-backfill,1.0,15.04127493924161,0.9431408486940972,0.9018305622021496,0.8670754987645324,0.8165527557744016,0.7162415591836516,33.0
2025-03-19,401705569,SA,NY,0.3839103022127632,0.3414227480993086,v1-backfill,1.0,-4.461279296733714,0.5763027880196957,0.4439585820583535,0.3621720065125872,0.2946356054909222,0.1995794619399633,15.0
2025-03-19,401705572,LAL,DEN,0.6125248513252469,0.5436026015335383,v1-backfill,1.0,3.641426289577048,0.7896317341807552,0.6907350552012946,0.6208012110397227,0.5337854456293959,0.3971085528668717,12.0
2025-03-19,401705573,PHX,CHI,0.5946544131356877,0.6131331777683815,v1-backfill,1.0,2.187255242022747,0.7604125664816315,0.6640928394418028,0.5995975083417332,0.502811715355574,0.3583852609232015,6.0
2025-03-19,401705574,POR,MEM,0.372037352009946,0.4700506474716802,v1-backfill,1.0,-2.982265630470297,0.6203623041307103,0.4800262709940972,0.388624909362461,0.3212446024305909,0.2234866911342532,16.0
2025-03-19,401705575,SAC,CLE,0.3418969819680349,0.345192690477257,v1-backfill,1.0,-5.659235514789151,0.5439970193474901,0.4110885384285942,0.3306170164777653,0.2642975637455034,0.1739212375234175,4.0
2025-03-20,401705562,LAL,MIL,0.3049931109361854,0.6529509398586709,v1-backfill,0.0,-6.371497088389209,0.5189181402864673,0.3799297816497279,0.2959922223222871,0.239975602148291,0.1616345631424326,-29.0
2025-03-20,401705571,GS,TOR,0.8461920435837001,0.7815294855677695,v1-backfill,1.0,12.172630158017576,0.9364231044622486,0.8947457341915727,0.8611948889011166,0.7852365180828735,0.6483007810359493,3.0
2025-03-20,401705576,CHA,NY,0.3544613849445736,0.2419092021968817,v1-backfill,1.0,-5.192031090675512,0.5569451777931926,0.416611332982738,0.3295224226845958,0.2665793360750134,0.1789067065480553,17.0
2025-03-20,401705577,IND,BKN,0.7850817796187146,0.7948240167353107,v1-backfill,1.0,8.091150542462106,0.8820038369155929,0.8195334290712531,0.7733657282494214,0.6812221061575374,0.5286133088626538,6.0
2025-03-20,401705579,SAC,CHI,0.7378980669167992,0.688691238720849,v1-backfill,0.0,7.535803067209141,0.8597124533493354,0.7849488310981765,0.7295566615278697,0.6491866610801202,0.5128972550866481,-12.0
2025-03-21,401705580,WSH,ORL,0.3526367796565908,0.4145386269872496,v1-backfill,0.0,-5.606797841996789,0.5443639583630904,0.4113881819279367,0.3308451654189087,0.2657036085422465,0.1761810939304215,-15.0
2025-03-21,401705581,MIA,HOU,0.3660728481474729,0.3763460553063035,v1-backfill,0.0,-5.31727791647746,0.5596970020863525,0.4256844704382549,0.3435050081051129,0.2699810146103161,0.1727941042296878,-4.0
2025-03-21,401705582,MIN,NO,0.8717172794857035,0.7935283674151724,v1-backfill,1.0,14.323042968922511,0.9529323003214638,0.9162993401836828,0.8845209018047013,0.8223871331638795,0.7039950851494999,41.0
2025-03-21,401705583,OKC,CHA,0.9695442200693224,0.9273271533381064,v1-backfill,1.0,22.67757815888742,0.9907773157197376,0.981364454622116,0.972071882681811,0.9448619611871588,0.8830147212376775,35.0
2025-03-21,401705584,SA,PHI,0.738640127658002,0.6274275009238685,v1-backfill,1.0,7.910090311176955,0.8770951573745539,0.8034789930524867,0.7463763660788719,0.661578799828727,0.5190905165686903,8.0
2025-03-21,401705585,DAL,DET,0.3102338165437651,0.5032531663657571,v1-backfill,1.0,-8.225201367812181,0.4717717141222644,0.3464070689694608,0.274725690623943,0.2118330637411622,0.1314379627658189,6.0
2025-03-21,401705586,UTAH,BOS,0.1876788132115801,0.1687701955009723,v1-backfill,0.0,-10.95027949564659,0.3890390107852974,0.2564900402859252,0.1824605769965626,0.1392143837537035,0.0849260317380621,-22.0
2025-03-21,401705587,PHX,CLE,0.2777570646661207,0.313918954950131,v1-backfill,1.0,-8.44690353112078,0.4669624398651907,0.3476266164536262,0.2804329823051184,0.2144878515956428,0.1313589605265713,11.0
2025-03-21,401705588,POR,DEN,0.3748315228787719,0.4023505521796506,v1-backfill,1.0,-2.86038788081275,0.6265150270029096,0.4847355409555739,0.3915913387817433,0.3225046614426936,0.222979331451282,19.0
2025-03-21,401705589,LAC,MEM,0.6156074046635125,0.6028737218297573,v1-backfill,1.0,4.207434491635,0.8061142134761838,0.7105137346631378,0.6417228323677812,0.5518782503538631,0.4107019796857107,20.0
2025-03-22,401705590,IND,BKN,0.8467918570195888,0.8009189096395833,v1-backfill,1.0,10.939442378738118,0.9261241574727388,0.8797496295845922,0.8430838530761448,0.7591255882183947,0.6125961040130152,5.0
2025-03-22,401705591,ATL,GS,0.4391836097941302,0.4446388266465373,v1-backfill,1.0,-2.0330400733964407,0.6428871889614306,0.5174882029139308,0.4371471822888826,0.3629946055988701,0.2544627714890612,9.0
2025-03-22,401705592,NY,WSH,0.8912016361325078,0.8558475869644957,v1-backfill,1.0,14.51041769374904,0.9514397642121046,0.9170625734230976,0.8884658598347398,0.8273430398434267,0.7103207926146454,19.0
2025-03-22,401705593,SAC,MIL,0.4936799041795245,0.53182705197771,v1-backfill,0.0,-0.3088916632105256,0.6930352327822724,0.5693398034594954,0.4864487016751201,0.4076931310333627,0.2903057673315947,-6.0
2025-03-22,401705594,LAL,CHI,0.7437776253716436,0.7410481504575296,v1-backfill,0.0,8.023004650421779,0.8667087862328553,0.7935301035095844,0.7386879191093125,0.6606765352890915,0.5267568055904482,-31.0
2025-03-23,401705595,DET,NO,0.8139421059310379,0.750456722048884,v1-backfill,1.0,12.40820415362942,0.9231712723563132,0.868744054042998,0.8234549984750198,0.7623844417311259,0.6474791547933212,6.0
2025-03-23,401705596,UTAH,CLE,0.1522066417519933,0.1633924885584403,v1-backfill,0.0,-12.5696373018446,0.3450994968980485,0.2196480826102432,0.1517341845252714,0.1113849966846695,0.063899919246259,-29.0
2025-03-23,401705597,ATL,PHI,0.7641991785640694,0.7086938544049246,v1-backfill,1.0,9.040426968812657,0.8935451534813449,0.8267163765693133,0.7738775030976972,0.6927072928129065,0.5530921463013235,13.0
2025-03-23,401705598,MIA,CHA,0.7356929555185844,0.6992108896735592,v1-backfill,1.0,7.591507081210185,0.8637497220816204,0.7901059610001409,0.7352472996816043,0.6528157076355362,0.5137534922691771,17.0
2025-03-23,401705599,TOR,SA,0.4088466389054288,0.5477900184772033,v1-backfill,0.0,-2.974548736146016,0.6108738447613038,0.4764323872631372,0.3907373013097373,0.3284334127345888,0.2350269623653355,-34.0
2025-03-23,401705600,POR,BOS,0.3674772095725245,0.3391104991455753,v1-backfill,0.0,-1.953139406342596,0.6507742305848652,0.5003773069776516,0.3972763741393016,0.3345702723960819,0.2401994133145615,-13.0
2025-03-23,401705601,HOU,DEN,0.5934580590258831,0.5666083198398689,v1-backfill,0.0,4.215687805199826,0.7914129541530004,0.6878631176363852,0.6131648488724079,0.5383028395911603,0.4152546430917382,-5.0
2025-03-23,401705602,LAC,OKC,0.3868813103036764,0.3581723605668931,v1-backfill,0.0,-3.211182604268001,0.6157988653184302,0.4822164725858939,0.3968993876849013,0.3236613166243149,0.2201159191738816,-2.0
2025-03-24,401705603,IND,MIN,0.5431315269676286,0.5900432935746925,v1-backfill,1.0,0.193733514696679,0.7134426278233407,0.5991242850662731,0.5227749675979715,0.4317514667930221,0.2999172267408575,16.0
2025-03-24,401705604,ORL,LAL,0.3413919825248893,0.4245079194743548,v1-backfill,1.0,-3.500124211053923,0.601442705025929,0.4601260944220513,0.369307998427677,0.307213216290834,0.2160111734740951,12.0
2025-03-24,401705605,WSH,TOR,0.4570969285515039,0.4693556925451277,v1-backfill,0.0,-1.3814409115639803,0.6653495830875653,0.5428788617229433,0.463371436707053,0.3826864597253986,0.2658287554857169,-8.0
2025-03-24,401705606,BKN,DAL,0.3791766702962716,0.4514022646146558,v1-backfill,0.0,-1.5784273581271426,0.6565715100072439,0.5104399777647293,0.4106794062387583,0.3485802335459465,0.2536266856605808,-19.0
2025-03-24,401705607,NO,PHI,0.5208734072100799,0.574888591846754,v1-backfill,1.0,0.1397961128628484,0.6959738004210655,0.5781366242588798,0.500189841425674,0.4250804445996303,0.3099425865614355,13.0
2025-03-24,401705608,DEN,CHI,0.5981449458437735,0.7552685931388665,v1-backfill,0.0,2.252859617813445,0.7504023644260652,0.6426620104958832,0.5687438495855379,0.4886476393202548,0.3630443016870663,-10.0
2025-03-24,401705609,PHX,MIL,0.4577723714255224,0.4857228926057918,v1-backfill,1.0,-1.0479262262231863,0.6784048084745385,0.550908732128599,0.4659365758484788,0.3849177421197212,0.2675102458529276,2.0
2025-03-24,401705610,SAC,BOS,0.4247477294387051,0.3560999480946638,v1-backfill,0.0,-2.4341771102707703,0.6366806943717185,0.4996871242461933,0.4098854531208676,0.3389128382966501,0.2358880173657854,-18.0
2025-03-25,401705611,CHA,ORL,0.3933017011718119,0.3962424623485299,v1-backfill,0.0,-3.830050318479133,0.5999155136761086,0.4564806320640793,0.3639761053910725,0.296238035026803,0.2008167505609312,-7.0
2025-03-25,401705612,DET,SA,0.6579926054288053,0.6860532167864816,v1-backfill,1.0,5.26402537590883,0.8273736665279416,0.7319838167200539,0.6603160173456769,0.5758563542193458,0.4390764282863336,26.0
2025-03-25,401705613,MIA,GS,0.3964620844068909,0.3843325705701814,v1-backfill,1.0,-4.120163784983228,0.5934603022637268,0.4617149711748796,0.3793866308733747,0.3027464495964594,0.1986419102292484,26.0
2025-03-25,401705614,NY,DAL,0.7761052117983885,0.7049624891041387,v1-backfill,1.0,9.117648367309211,0.8962543625499417,0.8319435035759143,0.7813582801654175,0.6982931062851514,0.5559679347698185,15.0
2025-03-25,401705615,HOU,ATL,0.6827821785785305,0.6915388427637086,v1-backfill,1.0,6.273658965124408,0.8356497290647292,0.7458494520995919,0.6786750258636686,0.6020298564070173,0.4730093786167531,7.0
2025-03-25,401705616,UTAH,MEM,0.25062481392705,0.288240728868307,v1-backfill,0.0,-7.862504422603643,0.481653250408375,0.3359587942377746,0.2486657159621494,0.1938211281558124,0.122382212364352,-37.0
2025-03-25,401705617,POR,CLE,0.3200667621679187,0.3271099057429234,v1-backfill,0.0,-4.429443959519813,0.5820777993042369,0.437336969037873,0.3450066039148127,0.2797579358377021,0.1884788923137832,-11.0
2025-03-25,401705618,SAC,OKC,0.2371037502529544,0.2760309058555579,v1-backfill,0.0,-9.821935256472312,0.4239280992921007,0.2926906890076501,0.2184586714974322,0.1664609803199035,0.1013331132244445,-16.0
2025-03-26,401705619,PHI,WSH,0.6181027254605829,0.6792675772902049,v1-backfill,0.0,3.376373659820306,0.7805563916775808,0.6840364246251247,0.6173808942895459,0.5300871458759273,0.3933862378153423,-5.0
2025-03-26,401705620,BKN,TOR,0.5350542766941249,0.5367403827468912,v1-backfill,0.0,1.3096520849877695,0.7319718025474748,0.6208351738777511,0.5456351235764728,0.462503246450726,0.3357398122010664,-30.0
2025-03-26,401705621,IND,LAL,0.5836156113545428,0.6092839891015785,v1-backfill,0.0,3.379053746184138,0.786668468431903,0.6832768886866409,0.6093498012137132,0.5224249226213085,0.3867207065772984,-1.0
2025-03-26,401705622,NY,LAC,0.4253682422895024,0.6196020571119897,v1-backfill,0.0,-3.00074086660341,0.6186547370371356,0.4832208872556595,0.3961383803113587,0.3267734171502743,0.2265391598776592,-13.0
2025-03-26,401705623,DEN,MIL,0.8446088826189088,0.6420609078973155,v1-backfill,1.0,10.819341569013432,0.9194944997910676,0.8744599446930222,0.8404626800728885,0.757225943622721,0.6117343305850448,10.0
2025-03-26,401705624,PHX,BOS,0.3773256474687236,0.339751506524138,v1-backfill,0.0,-3.915251456504236,0.5930624490584967,0.4631034184629632,0.3822518849214372,0.3108981769312438,0.2105133170143481,-30.0
2025-03-27,401705625,CLE,SA,0.7900700023471589,0.8423710596282853,v1-backfill,1.0,9.93651999861641,0.8932146765708124,0.8278924258045653,0.77678924955624,0.7064664047664344,0.5805463006101528,8.0
2025-03-27,401705626,ORL,DAL,0.5624311173228547,0.5758080882536171,v1-backfill,0.0,3.788151796355134,0.7749713284927213,0.6668635406203587,0.5898118704856619,0.5207279304832892,0.4057090859608624,-9.0
2025-03-27,401705627,WSH,IND,0.1975957805250102,0.258263321430863,v1-backfill,0.0,-10.837991633732315,0.3909903680256429,0.2558461679486924,0.179925960062295,0.1386107597572489,0.0858801185254609,-53.0
2025-03-27,401705628,MIA,ATL,0.4865161238904434,0.5131292837233448,v1-backfill,1.0,-0.8319893880929872,0.6838744988421646,0.5633713878546726,0.4840974220250043,0.3987004140976583,0.275672676371191,10.0
2025-03-27,401705629,CHI,LAL,0.4334420785241066,0.4606586479221835,v1-backfill,1.0,-0.5514765970387288,0.6831813660283013,0.5496024596192032,0.4586987305739158,0.3892007455303858,0.2830107859036117,2.0
2025-03-27,401705630,OKC,MEM,0.7905799803414983,0.8101775671013066,v1-backfill,1.0,9.963716194270846,0.9023729301930123,0.8431585235778384,0.7969933434966221,0.7192431075652483,0.5827780097587094,21.0
2025-03-27,401705631,UTAH,HOU,0.2151253747762991,0.2342897642829558,v1-backfill,0.0,-10.71977710351864,0.3979058776175013,0.2680459748472689,0.1956276461032309,0.1474444218948223,0.0882012529045731,-11.0
2025-03-27,401705632,SAC,POR,0.663197021002935,0.6117535849210631,v1-backfill,1.0,2.8834636845798824,0.7822274950363596,0.698077129389866,0.642469285447422,0.5350453485321442,0.3769193833048335,21.0
2025-03-28,401705633,DET,CLE,0.3659871706146013,0.3762386091964573,v1-backfill,1.0,-3.328775590462789,0.6131323136074304,0.4691356370843595,0.3751404654949928,0.3081512351288691,0.2121271965295479,11.0
2025-03-28,401705634,BKN,LAC,0.1740857663311454,0.3110923191369115,v1-backfill,0.0,-10.856771976034858,0.3912638586652103,0.2436295756863373,0.1587238404374353,0.1199755114192498,0.072100629361327,-32.0
2025-03-28,401705635,TOR,CHA,0.7127784127533617,0.7059794631332553,v1-backfill,1.0,7.056594575403274,0.8574874028321693,0.7786728454997562,0.7194393190254281,0.6356191260704043,0.4958392778026415,11.0
2025-03-28,401705636,MIL,NY,0.583421896767761,0.5531405868835756,v1-backfill,0.0,2.843349777180867,0.7639437208526797,0.658877100627597,0.586016065356733,0.5058546618784263,0.3788901656990255,-9.0
2025-03-28,401705637,MIN,PHX,0.7371946480587501,0.6753748121709302,v1-backfill,1.0,8.26591512514643,0.8739770340187932,0.7993365775863237,0.7417004069999379,0.6643476934905326,0.5310825519601723,15.0
2025-03-28,401705638,NO,GS,0.1561687221832131,0.345642254647143,v1-backfill,0.0,-11.737652912952893,0.3663485294326453,0.2304817635692562,0.1548273083403462,0.1158093185268821,0.0684429888687246,-16.0
2025-03-28,401705639,DEN,UTAH,0.915341737095988,0.8821893814083964,v1-backfill,1.0,16.640858659031903,0.96704185622113,0.9400269310353264,0.9160315509420442,0.8647411477210081,0.7620531803590607,36.0
2025-03-29,401705640,ORL,SAC,0.4272302089276434,0.5298746836978471,v1-backfill,1.0,-1.304347055504964,0.6627895212914907,0.527960092272913,0.437844000339662,0.3692279984760724,0.265685047343363,30.0
2025-03-29,401705641,WSH,BKN,0.639376445040421,0.5264342060834634,v1-backfill,0.0,3.5426898745655144,0.7850726628302854,0.6898604721871004,0.6239427572127111,0.5357793278105355,0.3976849464786606,-3.0
2025-03-29,401705642,PHI,MIA,0.3353464670352429,0.4807034493487991,v1-backfill,0.0,-5.397895401807024,0.553588397544329,0.4098344218865662,0.3201748370271673,0.256927277583091,0.1701357022048601,-23.0
2025-03-29,401705643,CHI,DAL,0.5974500501271625,0.589632283726032,v1-backfill,0.0,3.992920515368885,0.7980686366485434,0.6961343317963894,0.6221433785856888,0.5381124604914793,0.4044485190954169,-1.0
2025-03-29,401705644,MEM,LAL,0.5850320180279729,0.5513019266321127,v1-backfill,0.0,3.802426849923139,0.785224495464099,0.6771686904970184,0.59883214392781,0.5237730884241946,0.4014229246855016,-7.0
2025-03-29,401705645,OKC,IND,0.7684262004321958,0.7835596177026407,v1-backfill,1.0,9.474428880098891,0.8882383902043538,0.8206507770765658,0.7680206207085696,0.6955549782538608,0.5672120901996975,21.0
2025-03-29,401705646,SA,BOS,0.207769561654474,0.2607405451040837,v1-backfill,0.0,-8.99068559536357,0.444222358636329,0.2920785195551132,0.2016046125084211,0.1594465761690135,0.1030961650641423,-10.0
2025-03-30,401705647,CLE,LAC,0.687908942670804,0.7097122880980411,v1-backfill,1.0,5.577033714786452,0.8252722459801244,0.7357704723663937,0.6704470673697474,0.5885390827466904,0.4539366450608821,5.0
2025-03-30,401705648,NY,POR,0.6726969455831614,0.7245559698719577,v1-backfill,1.0,4.429790060096316,0.8043633951747995,0.720179504789512,0.6624856106315941,0.5704694779181688,0.425485060014193,17.0
2025-03-30,401705649,MIL,ATL,0.573486940596,0.6614811578867185,v1-backfill,0.0,1.901682185970798,0.75191728777623,0.6444779238522538,0.5706818782579175,0.4820293554480212,0.3478126706928895,-21.0
2025-03-30,401705650,MIN,DET,0.7298752632417892,0.625155384974973,v1-backfill,1.0,6.697681738638229,0.8599963281506627,0.7841633109369291,0.7276277069753699,0.6343900019099342,0.4834826326751482,19.0
2025-03-30,401705651,NO,CHA,0.6180765958681418,0.6697235210853053,v1-backfill,1.0,3.857667411397694,0.7945397674506016,0.6975104545491733,0.628784233428611,0.5412245039020893,0.4033831990747972,4.0
2025-03-30,401705652,SA,GS,0.2930152490793739,0.3985759262484663,v1-backfill,0.0,-6.72799268974163,0.5140061589298482,0.3745718705788726,0.2905344325603936,0.2297133928320439,0.1484593491672683,-42.0
2025-03-30,401705653,PHI,TOR,0.2807729942540948,0.5031193102617479,v1-backfill,0.0,-8.292413708727771,0.4703903723191249,0.338301158560421,0.2617580758100711,0.2007085416064465,0.1234182141697616,-18.0
2025-03-30,401705654,PHX,HOU,0.435574966917656,0.4500838139876662,v1-backfill,0.0,-2.9221213807880515,0.6239769374592397,0.5011672421450506,0.4242397263199401,0.3439438712739144,0.2316526216715659,-39.0
2025-03-31,401705655,CHA,UTAH,0.5040098293625696,0.5966612199388686,v1-backfill,1.0,1.0492981201758615,0.7184424371752082,0.5978858228774487,0.5154065138262289,0.4432944059774346,0.3299561447032903,4.0
2025-03-31,401705656,IND,SAC,0.6153507913820646,0.6834784157722391,v1-backfill,1.0,3.788935061812425,0.7933659538642426,0.6960950423072771,0.6272776590076018,0.5393818797836242,0.4013077014066805,2.0
2025-03-31,401705657,ORL,LAC,0.360499128500416,0.4500027883915586,v1-backfill,0.0,-3.419452809137604,0.6074937704612118,0.456206415805156,0.3563167567115551,0.2970550503494904,0.2096406557703724,-9.0
2025-03-31,401705658,WSH,MIA,0.3272432010894723,0.3837487426372932,v1-backfill,0.0,-5.583411050847252,0.5509384801090792,0.3992105009450082,0.3031681091953664,0.2422457412809008,0.1592921292281676,-26.0
2025-03-31,401705659,MEM,BOS,0.4453219671033134,0.3653483152742219,v1-backfill,0.0,-1.3173455058386745,0.6690001664743069,0.5316164516377035,0.4386249739921421,0.3662440232775737,0.2591505411723077,-14.0
2025-03-31,401705660,OKC,CHI,0.8637631337692823,0.8611227261190163,v1-backfill,1.0,13.962046269291408,0.9481965276353926,0.9075559478412428,0.8721740319123852,0.8103326677973037,0.6927508938415331,28.0
2025-03-31,401705661,DAL,BKN,0.8483523591108082,0.7462483514913911,v1-backfill,0.0,10.810179106347723,0.9211001314791408,0.8771870135198729,0.8441019222028908,0.7592923244428197,0.6116409945489188,-4.0
2025-03-31,401705662,LAL,HOU,0.5952761654397095,0.5567291778700352,v1-backfill,1.0,1.1683721605344335,0.7334755695813127,0.6266402016831866,0.5551740962144418,0.4648297307679553,0.3304340911315127,6.0
2025-04-01,401705554,SA,ORL,0.5479491637318671,0.5362655710221477,v1-backfill,0.0,0.5990837894189758,0.7095931845592498,0.5960275061671964,0.5206840653616828,0.4417706577497883,0.3212076865823433,-11.0
2025-04-01,401705663,ATL,POR,0.633517312329627,0.6212936457275932,v1-backfill,0.0,4.0207617379583205,0.8003420078663516,0.7072800726906303,0.6416749417182828,0.5504852496904291,0.4079346189789608,-14.0
2025-04-01,401705664,NY,PHI,0.862855921615995,0.8382930970033986,v1-backfill,1.0,14.134064331175376,0.9463219263899054,0.906094575034374,0.8717841713210795,0.811922853291571,0.6972662786213988,14.0
2025-04-01,401705665,CHI,TOR,0.6582790178816654,0.6510680174798056,v1-backfill,1.0,3.786931431978685,0.7955959097153874,0.7107834613106905,0.6533823128095381,0.5554717501376278,0.4052688504227843,19.0
2025-04-01,401705666,MEM,GS,0.5467158304209241,0.5140377733175474,v1-backfill,0.0,0.2984092753438538,0.7109630541999119,0.5977676877695801,0.5226334327739202,0.4356103998126764,0.3073042429813555,-9.0
2025-04-01,401705667,MIL,PHX,0.7483108310162034,0.6481628482806013,v1-backfill,1.0,8.25212570862081,0.8770123343367353,0.8068304481364716,0.7534333814045211,0.6714963390895597,0.5320243306410458,10.0
2025-04-01,401705668,DEN,MIN,0.5972698704203679,0.6261128933939865,v1-backfill,0.0,2.0265289847328782,0.7582253874366393,0.6538113045712748,0.582163156916435,0.4890924364250127,0.3496987924771959,-1.0
2025-04-02,401705669,CLE,NY,0.7650255093836563,0.6963190299392822,v1-backfill,1.0,8.871093887171634,0.8840879643906319,0.8120677137529241,0.7553644239968468,0.6797333485749825,0.547934737026301,19.0
2025-04-02,401705670,IND,CHA,0.9115174154945582,0.8567119202872772,v1-backfill,1.0,15.247206338089702,0.9650516018916316,0.9384742998954292,0.9156577734810614,0.852870155098689,0.7325711049722857,14.0
2025-04-02,401705671,WSH,SAC,0.199710523208296,0.3289548465038404,v1-backfill,1.0,-9.89647829256948,0.4202073104595167,0.2744423129690035,0.1897902101221845,0.1451492699182601,0.0888831691381714,5.0
2025-04-02,401705672,BOS,MIA,0.7911226394682647,0.841354147888953,v1-backfill,0.0,9.8506201649347,0.8974006656040906,0.8339447859858014,0.7840784562959732,0.7097391281178702,0.578248503765906,-21.0
2025-04-02,401705673,HOU,UTAH,0.8053816346635331,0.8772675878127899,v1-backfill,1.0,12.906400969331347,0.9248681608919792,0.8733157758548055,0.8310050075206546,0.772644549603488,0.6614361623466716,38.0
2025-04-02,401705674,OKC,DET,0.8645696357838951,0.8251919418594318,v1-backfill,1.0,12.022524574716735,0.9413590728989776,0.9018343806951992,0.8696411736102414,0.7884899328686525,0.6443387335095949,16.0
2025-04-02,401705675,DAL,ATL,0.6297350240723941,0.5902116263481619,v1-backfill,1.0,2.0997094984776457,0.7591277261358516,0.6634285115780527,0.5996020728672616,0.5014796986895941,0.3558287218806498,2.0
2025-04-02,401705676,DEN,SA,0.5358857628473691,0.7916328410757195,v1-backfill,0.0,1.0733653792130573,0.7128281150642146,0.5889266538847822,0.5039345640760141,0.4382493611846362,0.3325259511243426,-7.0
2025-04-02,401705677,LAC,NO,0.8889169518643837,0.8018323771439583,v1-backfill,1.0,16.503646899098094,0.9571765934431984,0.9260176944809342,0.8997861376288238,0.8519835509658502,0.7552410688069188,16.0
2025-04-03,401705678,WSH,ORL,0.2058705310942807,0.366082068312911,v1-backfill,0.0,-11.804096481253962,0.3651935861091563,0.2433583364064049,0.1773711932883775,0.1358938576328994,0.0834548714438226,-12.0
2025-04-03,401705679,BKN,MIN,0.1109061397031356,0.3087509343415663,v1-backfill,0.0,-15.655971649727784,0.2621243205063521,0.1543178570957667,0.0995142471186626,0.0726722668419769,0.0413506149524702,-15.0
2025-04-03,401705680,MIA,MEM,0.3153987024766997,0.5280171164663315,v1-backfill,0.0,-5.64856007290318,0.5380104695483304,0.4076992184913381,0.3295442417220466,0.2688114283910047,0.1829002146241758,-2.0
2025-04-03,401705681,PHI,MIL,0.2562798220058429,0.3358373505743644,v1-backfill,0.0,-8.443039563094699,0.4645977112903477,0.3252699093214088,0.2435847427730622,0.187971056475748,0.1167823429422696,-13.0
2025-04-03,401705682,TOR,POR,0.4163828124267532,0.5134832127059823,v1-backfill,0.0,-3.0191856467373777,0.6198962356662968,0.4859716326296721,0.4000764295422431,0.3280995317099912,0.2252453038635547,-9.0
2025-04-03,401705683,LAL,GS,0.5685387090803773,0.5803734753462887,v1-backfill,0.0,1.004795626488634,0.7295039774525998,0.6210691524405204,0.548531435214203,0.4588603428180349,0.3257004967689369,-7.0
2025-04-04,401705684,CHA,SAC,0.2041572732877044,0.3621280896383982,v1-backfill,0.0,-9.972910134624463,0.4173915361448007,0.2765293537153854,0.1955855071622255,0.1502898088896197,0.0927332737946885,-23.0
2025-04-04,401705685,IND,UTAH,0.8811968409276425,0.8736063434216393,v1-backfill,1.0,15.074606729314736,0.9592728514230562,0.9267731806915512,0.8982589814296298,0.8388602629227446,0.7241201714084395,28.0
2025-04-04,401705686,BOS,PHX,0.8350444610985391,0.8178269824469727,v1-backfill,1.0,12.677192147154852,0.934788624206056,0.8864025656921143,0.8453154367620991,0.7795291027109088,0.6571665222100862,20.0
2025-04-04,401705687,TOR,DET,0.3021530316350138,0.4268796432267588,v1-backfill,0.0,-7.558912598591665,0.4882142973010192,0.3569672463138268,0.2803302142341436,0.2207044521374885,0.1416495027701104,-12.0
2025-04-04,401705688,CHI,POR,0.6823561834375789,0.5864423316101386,v1-backfill,1.0,5.653837042234737,0.8324581432352652,0.74564054324341,0.6819999995669362,0.5952251534919729,0.4544564785787408,5.0
2025-04-04,401705689,HOU,OKC,0.2721842967980784,0.3621643430735077,v1-backfill,1.0,-6.202374855754183,0.5317213483838963,0.3748935459589641,0.2758950558162743,0.2208802680215449,0.1457061955695667,14.0
2025-04-04,401705690,SA,CLE,0.185813343023687,0.2594750652563212,v1-backfill,0.0,-11.077237364113872,0.3845177441720923,0.2552055821573756,0.1835730605071837,0.1415447587296728,0.0878224048237246,-1.0
2025-04-04,401705691,GS,DEN,0.5817171556520322,0.6009183306919861,v1-backfill,1.0,3.153255638176523,0.7667952835197079,0.6623229335044664,0.5897081112540135,0.5128766598757645,0.3891949715886754,14.0
2025-04-04,401705692,LAL,NO,0.8787252988168107,0.800599722402791,v1-backfill,1.0,12.300402416810655,0.9458393846954308,0.9071040517402372,0.8747387045200911,0.7946463636071626,0.6516590574472771,16.0
2025-04-04,401705693,LAC,DAL,0.7866236761696438,0.6953493531061657,v1-backfill,1.0,10.851693787448328,0.912110584946028,0.8557551715908529,0.8108051015614192,0.738083971432251,0.607552051295015,23.0
2025-04-05,401705694,ATL,NY,0.4520460510426848,0.4355179393766747,v1-backfill,0.0,-0.8528484460794967,0.6797358633031914,0.5469449970902747,0.4570939024127431,0.3832263127279416,0.2730472851976323,-16.0
2025-04-05,401705695,DET,MEM,0.4756660570981439,0.6031656532337605,v1-backfill,0.0,-0.5557444829434832,0.678795366303524,0.5588874210249501,0.4805416112376794,0.4057449606315923,0.2925883611729459,-6.0
2025-04-05,401705696,PHI,MIN,0.1243693194116794,0.2642624904398388,v1-backfill,0.0,-14.079649677413682,0.3011612729071047,0.1773655213514071,0.1115980249056751,0.0805551907714917,0.0450074261380587,-5.0
2025-04-05,401705697,MIA,MIL,0.3680603876526741,0.4809507321505783,v1-backfill,0.0,-3.497204816433581,0.6030260546753906,0.4719522767073407,0.3895729147450034,0.3199399769418353,0.220165892666542,-6.0
2025-04-05,401705698,LAC,DAL,0.753672229383743,0.707105501585401,v1-backfill,1.0,9.972306902717976,0.8941334949715204,0.8265797146215832,0.7728060562486193,0.7038407676190305,0.5798884036432869,31.0
2025-04-06,401705699,CHA,CHI,0.2595224765321235,0.3375885402337688,v1-backfill,0.0,-7.919642483446361,0.4797505419491208,0.3318258775762329,0.242902579151232,0.1896748007636483,0.1201193669773939,-14.0
2025-04-06,401705700,BKN,TOR,0.3862310893685726,0.5383777494581764,v1-backfill,0.0,-3.9917679623740976,0.5915997387811389,0.4638301284286014,0.3848327787939282,0.3116514173538545,0.2095193527546188,-11.0
2025-04-06,401705701,OKC,LAL,0.8175344016650465,0.7824907176494982,v1-backfill,0.0,11.840244928604749,0.920271821432092,0.8679724680946003,0.8258592517002707,0.7587466198492716,0.6352291318774265,-27.0
2025-04-06,401705702,ATL,UTAH,0.7935767251836262,0.7908061700186348,v1-backfill,1.0,10.252444689137375,0.9131624944652592,0.8550158115877828,0.8077864263252018,0.7282327816405043,0.5889644469642624,13.0
2025-04-06,401705703,BOS,WSH,0.903095497336504,0.9219600469857656,v1-backfill,1.0,16.675197030914337,0.9652751459617548,0.9356537947230176,0.9088507872104604,0.8595479855722994,0.7601932352343381,34.0
2025-04-06,401705704,CLE,SAC,0.7482214933531666,0.8121184760146872,v1-backfill,0.0,9.688941499621848,0.8891308891762978,0.8155330341653202,0.7559719899807201,0.6893463886740896,0.5692113419412996,-7.0
2025-04-06,401705705,POR,SA,0.4963010339901836,0.6524821551309214,v1-backfill,1.0,0.4453089619069992,0.6948426452036918,0.5758478719061392,0.4969771383014163,0.4294326461730254,0.3222179085702248,11.0
2025-04-06,401705706,NY,PHX,0.7480385584204214,0.7325110068658012,v1-backfill,1.0,7.636564183301258,0.8747502241096516,0.8033227685415405,0.7489916082437946,0.6597061270284694,0.511854503671256,14.0
2025-04-06,401705708,DEN,IND,0.5866990721815498,0.5785112063312347,v1-backfill,0.0,2.380220083473624,0.7566188278374746,0.6487391800280276,0.5740362563777717,0.4920227190644274,0.3640547829900837,-5.0
2025-04-06,401705709,GS,HOU,0.6256541640955001,0.5868098096583886,v1-backfill,0.0,2.8500651636399734,0.7711680031427322,0.679907836288085,0.6189648637542791,0.524670183128341,0.380879831458476,-10.0
2025-04-06,401754706,NO,MIL,0.3378445370611418,0.3560967586889185,v1-backfill,0.0,-5.928264067618954,0.5285739843124554,0.4024648088465519,0.3279588210398966,0.2677634359304104,0.1824654053137941,-4.0
2025-04-07,401705710,DET,SAC,0.6571161129729074,0.6242292063517585,v1-backfill,0.0,6.385403574148371,0.8322584013318011,0.7359994664748747,0.662599499063952,0.5934509656710474,0.4743423887625883,-10.0
2025-04-07,401705711,MIA,PHI,0.7787857933960595,0.7296721223141697,v1-backfill,1.0,10.633674209801306,0.9090054788587758,0.8484588414899183,0.7994112482002622,0.7279123067502272,0.5994807002194421,12.0
2025-04-08,401705712,CHA,MEM,0.1553093632702534,0.2811609042370047,v1-backfill,0.0,-12.30713733614295,0.3509057457102895,0.2199035251158496,0.1480645975094287,0.1095274218942858,0.0635996740440894,-24.0
2025-04-08,401705713,CLE,CHI,0.8607628243980279,0.7886370850816123,v1-backfill,1.0,14.109609453702893,0.941173243683477,0.8970852651465898,0.8594812859673351,0.8030439817436158,0.693853872078334,22.0
2025-04-08,401705714,IND,WSH,0.9304989060835896,0.8747508150377862,v1-backfill,1.0,17.110110184548148,0.975398931517521,0.955045836574114,0.9368898853899804,0.8838197190556112,0.7778244798409765,6.0
2025-04-08,401705715,ORL,ATL,0.5362993196848317,0.5931369931824138,v1-backfill,1.0,1.7147220460531614,0.7393497757429885,0.625498015781696,0.5470639665302623,0.4684339289134263,0.346002770845766,7.0
2025-04-08,401705716,BKN,NO,0.4462501667876797,0.5729691020858848,v1-backfill,1.0,-1.53280208868492,0.6628858156301276,0.5324330197960578,0.4461869230724188,0.369255050608008,0.2573887415657872,5.0
2025-04-08,401705717,NY,BOS,0.4079966117970766,0.4588396530388886,v1-backfill,0.0,-3.185877006162432,0.6171849876786162,0.4886801596761528,0.4075021452519154,0.3303806636274447,0.222524755786381,-2.0
2025-04-08,401705718,MIL,MIN,0.4580196063044418,0.529459919624032,v1-backfill,1.0,-2.4899152082916283,0.6325766841199838,0.5142951801420725,0.4405297553106989,0.3605113823215386,0.246623821386234,7.0
2025-04-08,401705719,OKC,LAL,0.7677483516430617,0.7569629514139049,v1-backfill,1.0,9.097819290270404,0.8938669809898612,0.8239885860624465,0.7676325740701463,0.6891186923041872,0.5531071910418336,16.0
2025-04-08,401705720,PHX,GS,0.2840205515468349,0.4163820510572582,v1-backfill,0.0,-7.68949429116137,0.482628823385532,0.342978670875104,0.2602637999394767,0.2069533609518166,0.1350015144940612,-38.0
2025-04-08,401705721,LAC,SA,0.7889984632598779,0.7824621344713489,v1-backfill,1.0,9.825228103256322,0.9061938586894602,0.8484996860912685,0.803264487591796,0.7209186879225873,0.5783604065655253,5.0
2025-04-09,401705722,ORL,BOS,0.5792409487236706,0.3039420449019723,v1-backfill,1.0,3.0556294153526498,0.7641878856810017,0.6575863896830518,0.5832536496570226,0.5077564649585585,0.3859635563744122,20.0
2025-04-09,401705723,WSH,PHI,0.394874701267724,0.538154802276214,v1-backfill,0.0,-2.719155187158094,0.6241410005663095,0.4825024178807634,0.3896736719561955,0.3260615065592014,0.2315472641886019,-19.0
2025-04-09,401705724,TOR,CHA,0.9048695717596232,0.7318608402031798,v1-backfill,1.0,15.346537240568992,0.9606658617374968,0.9315996572767268,0.9069626601254336,0.8477494870109826,0.7330421420632336,30.0
2025-04-09,401705725,DAL,LAL,0.4906273967723321,0.4468721183902849,v1-backfill,0.0,-2.13298876831636,0.6437307284298981,0.5245070324072271,0.4492643031716822,0.3680681094551705,0.2522606844795799,-15.0
2025-04-09,401705726,CHI,MIA,0.5217057932925648,0.6292204779960726,v1-backfill,1.0,0.0709292525116982,0.6991251026497802,0.581537287112128,0.5035411631307999,0.4242464843906513,0.304806162906986,8.0
2025-04-09,401705728,UTAH,POR,0.3985181069881244,0.32253596742399,v1-backfill,1.0,-5.648463130887343,0.5468272255087645,0.4263468645920584,0.3552893734128085,0.279924252680212,0.1798713123205465,7.0
2025-04-09,401705729,GS,SA,0.8433635387366125,0.7941098318292181,v1-backfill,0.0,11.99103206770488,0.927435235211316,0.881395438123576,0.8448338470278378,0.7729984773746335,0.642277673998644,-3.0
2025-04-09,401705730,PHX,OKC,0.2310457974854607,0.2370671000130877,v1-backfill,0.0,-10.529074389661057,0.4010954502448002,0.2809974347991852,0.21524359120684,0.1678601795024835,0.1060820168891575,-13.0
2025-04-09,401705731,SAC,DEN,0.42425225349553,0.5059182075417047,v1-backfill,0.0,-2.252294843262252,0.6322779773743155,0.5094811949419142,0.4320340756306387,0.3607796917273894,0.255330636481579,-8.0
2025-04-09,401705732,LAC,HOU,0.7699015561148074,0.5624999560816919,v1-backfill,1.0,7.867983658127319,0.8795688435425818,0.8124552847381672,0.7618653332236112,0.6706307717171761,0.5197642162141086,17.0
2025-04-10,401705727,MIL,NO,0.9131796988276536,0.8071172250868729,v1-backfill,1.0,16.40865974379082,0.9687540400271116,0.9420005833008976,0.9177501646251072,0.8640538672879918,0.7575344518808536,25.0
2025-04-10,401705733,DET,NY,0.5834590073299609,0.4870501601248502,v1-backfill,1.0,3.8483195900536886,0.7912539163445725,0.6753891750829174,0.5881869832901111,0.5155460760244586,0.3965791782075082,9.0
2025-04-10,401705734,IND,CLE,0.6917341729732644,0.4708090956606004,v1-backfill,1.0,5.753198005650713,0.8398920223591753,0.7588961336085254,0.7000565277245244,0.6063242081120522,0.456792048422279,2.0
2025-04-10,401705735,BKN,ATL,0.2358118145761529,0.4566984487984746,v1-backfill,0.0,-7.979044341694783,0.477079848027372,0.3266407424953966,0.235898974672425,0.1853339674071269,0.1185418661229222,-24.0
2025-04-10,401705736,MEM,MIN,0.5291783947567495,0.5186197928066806,v1-backfill,0.0,0.3469061819004322,0.7141767946987635,0.5987753288548466,0.5213912715961818,0.4342047280057616,0.3058721159878836,-16.0
2025-04-11,401705737,DET,MIL,0.5587975145852092,0.5308398258264094,v1-backfill,0.0,2.3235756068935167,0.757428502182665,0.6347042374604767,0.5455478607906906,0.4720077708812529,0.354953542079337,-6.0
2025-04-11,401705738,IND,ORL,0.7384771834461863,0.7177351744021195,v1-backfill,0.0,5.666436736944983,0.8206941192797647,0.7467362091291307,0.6967826534278154,0.6096372188535352,0.4674863924134121,-14.0
2025-04-11,401705739,PHI,ATL,0.2431252313264563,0.4094566146656353,v1-backfill,0.0,-9.03956948190769,0.4456832516344936,0.3068035268966597,0.226225980671395,0.1748241644624653,0.1088643793985051,-14.0
2025-04-11,401705740,BOS,CHA,0.9500894077776004,0.9250326296067628,v1-backfill,1.0,20.396765002110744,0.9828242089160552,0.967641901299132,0.9536713487834152,0.9184453750794552,0.8420685322172227,36.0
2025-04-11,401705741,NY,CLE,0.4988135380705734,0.4651622386968532,v1-backfill,0.0,-0.6353797543269737,0.6753818087073008,0.5580199379457532,0.4821266696863145,0.4068975405045946,0.2931914410540157,-6.0
2025-04-11,401705742,CHI,WSH,0.8577618337209896,0.8179365483870612,v1-backfill,1.0,13.232192976381636,0.938441102190319,0.8984017909425112,0.866275265208151,0.8002098585811631,0.6767282735578704,30.0
2025-04-11,401705743,NO,MIA,0.1614964554690255,0.4593966601075959,v1-backfill,0.0,-13.306716980629808,0.3246279691598452,0.2069526591011465,0.1446807302781181,0.1078501537213484,0.0633935307725419,-49.0
2025-04-11,401705744,DAL,TOR,0.7625735398087606,0.6559656121887701,v1-backfill,1.0,6.947136491194879,0.8656778677854493,0.7970060732141239,0.746921897639392,0.6495573410070216,0.4928483481177599,22.0
2025-04-11,401705745,MIN,BKN,0.9443491106442572,0.8368126829687603,v1-backfill,1.0,19.17855619665291,0.978987638508947,0.961148377715759,0.9450423034503076,0.904476382843136,0.818897514837673,26.0
2025-04-11,401705746,DEN,MEM,0.6834657895749192,0.6440738799609271,v1-backfill,1.0,5.409839555610995,0.821083840665754,0.7334382831427261,0.6705230104271476,0.5871725721159491,0.4509476068870864,8.0
2025-04-11,401705747,UTAH,OKC,0.2455588534892852,0.1098843574125515,v1-backfill,0.0,-9.418403914972176,0.4334648801665897,0.3021986081310132,0.2276192535969155,0.1768643149546027,0.1111123132828583,-34.0
2025-04-11,401705748,PHX,SA,0.6369119141373578,0.6213241814590419,v1-backfill,1.0,3.429158633118014,0.7788754102495065,0.6843212966514031,0.6196616222765267,0.5333251713552458,0.3974350565332248,19.0
2025-04-11,401705749,POR,GS,0.2207966006217445,0.4305202723932898,v1-backfill,0.0,-9.07817962623817,0.4414653453577248,0.2943428378511249,0.2077963469970386,0.1639523805588408,0.1055975256193955,-17.0
2025-04-11,401705750,SAC,LAC,0.3787263182352698,0.4480658932317657,v1-backfill,0.0,-4.370355582903306,0.582142497577916,0.4441722604980483,0.357458292259349,0.2895949204456703,0.1948163271778417,-1.0
2025-04-11,401705751,LAL,HOU,0.7830024867005025,0.5699148318948466,v1-backfill,1.0,9.370604455963626,0.8916932036953283,0.8283374514416368,0.7796575951770577,0.7016737818398809,0.565736711582427,31.0
2025-04-13,401705752,ATL,ORL,0.4521644099093259,0.5469711897351428,v1-backfill,1.0,-3.216097640068881,0.6095710850104288,0.488191114909964,0.413286058473361,0.3390114481472683,0.2328269130443279,12.0
2025-04-13,401705753,BOS,CHA,0.9029142080402284,0.9259846774797668,v1-backfill,1.0,15.58502690803966,0.9637971465607756,0.9350309519301612,0.9098414782289448,0.8516401415607139,0.7383834936310336,7.0
2025-04-13,401705754,BKN,NY,0.4816553029878232,0.3044459768311233,v1-backfill,0.0,-1.144482273140401,0.6598331239335944,0.5405287871072839,0.4641216863198706,0.3919329083000538,0.2826923243066898,-8.0
2025-04-13,401705755,CLE,IND,0.4914562746444331,0.6940538380111576,v1-backfill,0.0,-0.7332559445653493,0.6711693491851934,0.5514506016435308,0.4738593174577903,0.4013902614321327,0.2910387705275298,-8.0
2025-04-13,401705756,MIA,WSH,0.7534046800629649,0.7874669177705237,v1-backfill,0.0,9.29813867894728,0.8908621288202891,0.8272371350417493,0.7784166740530771,0.7000289424410691,0.5636440392440286,-1.0
2025-04-13,401705757,PHI,CHI,0.3039292915068197,0.3601917635628879,v1-backfill,0.0,-7.278723530579192,0.5003643418994468,0.3655695245576953,0.2857418270900773,0.2214609755059158,0.1385561105393444,-20.0
2025-04-13,401705758,MIL,DET,0.3354877527730716,0.6603924831089354,v1-backfill,1.0,-7.111828211264154,0.4957117299004104,0.3797933859473433,0.314071836439839,0.253623317435421,0.1697053931647064,7.0
2025-04-13,401705759,HOU,DEN,0.4324390592522728,0.6047855007425634,v1-backfill,0.0,-0.7242564098711197,0.677763847899337,0.5397534261326007,0.4453244579681845,0.3793342064282893,0.2776907346025833,-15.0
2025-04-13,401705760,MEM,DAL,0.4116500548667463,0.6423710897057119,v1-backfill,1.0,-2.815886820425769,0.6112622692842096,0.4820808877186595,0.4007300484290979,0.3386643313533328,0.2445948545995642,35.0
2025-04-13,401705761,MIN,UTAH,0.923561650918722,0.8830699509226626,v1-backfill,1.0,18.34401539285351,0.9755884522174018,0.9541574649568122,0.934500984316858,0.8908383617689334,0.8001988819489491,11.0
2025-04-13,401705762,NO,OKC,0.1534485949796494,0.1436461418180166,v1-backfill,0.0,-12.994499268507118,0.3313874433553424,0.2083492371165333,0.1423870110741072,0.1068987995392412,0.0635499838659827,-15.0
2025-04-13,401705763,SA,TOR,0.6692696459159687,0.5966886980015648,v1-backfill,1.0,5.240542493838788,0.8256303400327976,0.7356284929035632,0.6697513773340302,0.5821994782208711,0.4414145270014566,7.0
2025-04-13,401705764,GS,LAC,0.5065338287378115,0.5646536592393607,v1-backfill,0.0,0.3336473575676058,0.7137324843885396,0.5904195928950721,0.5058784461258148,0.4242660248636064,0.3024557676442509,-5.0
2025-04-13,401705765,POR,LAL,0.6418515223286665,0.4031653080085711,v1-backfill,1.0,6.116278825556698,0.8244221616719953,0.725001583030803,0.6495884894267777,0.5825885349929296,0.4667966970313352,28.0
2025-04-13,401705766,SAC,PHX,0.7928550986745285,0.6242185903648003,v1-backfill,1.0,10.38193547102492,0.911066335787869,0.8532060465935438,0.8067751180872512,0.7296378662022763,0.5935070569778186,11.0
2025-04-19,401767817,IND,MIL,0.6590782279905668,0.6139709249488663,v1-backfill,1.0,4.64870673503704,0.8171800221762167,0.7244266740018328,0.6569729606967496,0.5660072580859463,0.4225245726959,19.0
2025-04-19,401767819,DEN,LAC,0.5617077126905089,0.5502371531082207,v1-backfill,1.0,0.8755578627909246,0.7248189292028915,0.6148485481247656,0.5413603821211186,0.4537177277901079,0.3230821679576394,2.0
2025-04-19,401767820,NY,DET,0.6373745713493484,0.6711666259138097,v1-backfill,1.0,3.5848966314196526,0.7969426693078021,0.7049483319472124,0.6407515063367565,0.5424084555379497,0.3928541762960926,11.0
2025-04-19,401767821,LAL,MIN,0.4907829137778662,0.568097337310809,v1-backfill,0.0,-0.627991355891381,0.6829101088041247,0.563354388270812,0.4849849310040792,0.404828713819147,0.2863031761857104,-22.0
2025-04-20,401767816,CLE,MIA,0.7777695469854776,0.8225462812124964,v1-backfill,1.0,9.03392424171036,0.8911595833131291,0.8239552415350762,0.7711789945628305,0.6913152669870162,0.5534495940363042,21.0
2025-04-20,401767818,OKC,MEM,0.7458960363788766,0.8206871724602518,v1-backfill,1.0,8.116942556675392,0.8769844158994363,0.8035983078315199,0.7467664606772713,0.664960878594143,0.526008565525682,51.0
2025-04-20,401767822,BOS,ORL,0.7958370112273355,0.7990703679431842,v1-backfill,1.0,8.851737917442769,0.8945198756489517,0.8321566411334355,0.7840348136010629,0.6966898195225439,0.5490610602998163,17.0
2025-04-20,401767823,HOU,GS,0.5126123480453574,0.5889462464733,v1-backfill,0.0,-0.0189149222600093,0.7010804655108533,0.5801921659159585,0.4990837566850818,0.418300024201199,0.2978796610651953,-10.0
2025-04-21,401768041,NY,DET,0.6439333980820616,0.6843940953027962,v1-backfill,0.0,3.9888452855352257,0.8090573437856518,0.7181663778660532,0.6536026150897278,0.5538298874323253,0.4017985961472184,-6.0
2025-04-21,401768061,DEN,LAC,0.575992758787923,0.570643798594171,v1-backfill,0.0,1.599550278106176,0.7509388735227934,0.6416600924794152,0.5662582321434869,0.4728865526885263,0.3346947036247565,-3.0
2025-04-22,401767903,OKC,MEM,0.7901775047247098,0.8254965724406585,v1-backfill,1.0,9.721628084993991,0.9096861524725888,0.8515456856827497,0.8050951689561697,0.7199268175792062,0.5737917112783172,19.0
2025-04-22,401767915,LAL,MIN,0.5239189685358779,0.5422602176418531,v1-backfill,1.0,-0.3501835672885871,0.7012954585629211,0.5837356687602107,0.5055763487027327,0.4141803720599089,0.2838387191052117,9.0
2025-04-22,401768047,IND,MIL,0.6074200936856919,0.6306820825497038,v1-backfill,1.0,4.161335011534783,0.8053331896226636,0.701320362106819,0.6241811783052462,0.5399802691738389,0.4059897412715837,8.0
2025-04-23,401767909,HOU,GS,0.450056129895252,0.5624528941203929,v1-backfill,1.0,-1.4074624765464492,0.6704462608306867,0.5324271338060615,0.4387177950506572,0.3633633142743601,0.2536215348509389,15.0
2025-04-23,401768029,BOS,ORL,0.783409082603972,0.8049472732265627,v1-backfill,1.0,8.11811107844292,0.884215633681992,0.8181668661119831,0.7679212198207657,0.677341693509921,0.5268583521602619,9.0
2025-04-23,401768035,CLE,MIA,0.8196823568203913,0.8272673787345852,v1-backfill,1.0,10.922148781691051,0.9217382812037472,0.867290365726428,0.8223370719888345,0.7452512048946857,0.6084869530153589,9.0
2025-04-24,401767904,MEM,OKC,0.3140464732701169,0.289994672994014,v1-backfill,0.0,-6.5384667979492495,0.5209184409088686,0.3791331671646581,0.292902984424256,0.2310550278050179,0.1487672768051293,-6.0
2025-04-24,401768042,DET,NY,0.4870908798819137,0.5106998569825584,v1-backfill,0.0,0.2638555043883794,0.7091722380994521,0.5777260253750507,0.4860755405610964,0.4122792107393243,0.2996055406113292,-2.0
2025-04-24,401768062,LAC,DEN,0.5595944141638196,0.6251378170148761,v1-backfill,1.0,2.565442670470775,0.7620714523678545,0.6495294056002767,0.5697693716811416,0.490613234283357,0.3659011941990113,34.0
2025-04-25,401768030,ORL,BOS,0.2267267254636316,0.3180687324946569,v1-backfill,1.0,-7.653236155998961,0.4839465048099928,0.329534508849114,0.2353218872114319,0.1889233156831564,0.1251990276864364,2.0
2025-04-25,401768048,MIL,IND,0.536315669560864,0.5218861525885086,v1-backfill,1.0,0.2465341871303765,0.7144105342078553,0.5985032617370833,0.5206437578721321,0.4311690278276951,0.3008917848941931,16.0
2025-04-25,401768056,MIN,LAL,0.6422485563718842,0.6075467280873995,v1-backfill,1.0,4.897789826279324,0.8067158349102802,0.7120466723573741,0.6440935137568491,0.5655180683068879,0.4363339132976134,12.0
2025-04-26,401767905,MEM,OKC,0.2312785496421734,0.279120398229894,v1-backfill,0.0,-8.913898684711675,0.4503222444043374,0.3043850680115902,0.218346485385596,0.1680785369461415,0.1040074370794358,-2.0
2025-04-26,401767910,GS,HOU,0.5506932813254063,0.5888112589932537,v1-backfill,1.0,1.7177396626715336,0.7363171888978848,0.6263926931038539,0.5518760529715805,0.4729995342196845,0.3499422180369806,11.0
2025-04-26,401768036,MIA,CLE,0.334776225128892,0.2875268266287297,v1-backfill,0.0,-5.8958524630028855,0.5367009706808622,0.4073187414728555,0.3299425240987428,0.2631293962955323,0.172474212692263,-37.0
2025-04-26,401768063,LAC,DEN,0.5941131616315137,0.6411745918805402,v1-backfill,0.0,4.425294239770848,0.8100683273377065,0.7062316939342946,0.6285404554169823,0.5459918021549085,0.4134555858301245,-2.0
2025-04-27,401768031,ORL,BOS,0.2507237807979959,0.3459148283469802,v1-backfill,0.0,-6.356314945001342,0.5282410236180697,0.3686171697073833,0.2675320552865176,0.21351990047294,0.1401321641571336,-9.0
2025-04-27,401768043,DET,NY,0.4711414605192218,0.4871856998940628,v1-backfill,0.0,-0.2260240369951525,0.7012332673845533,0.5658059215363151,0.4712821272871689,0.3958622334901991,0.2829476780442951,-1.0
2025-04-27,401768049,MIL,IND,0.5316893597388267,0.5438055049366293,v1-backfill,0.0,0.9811750517018494,0.7339088479891092,0.6158741054221663,0.5341174865088086,0.4469147697407111,0.317356180060566,-26.0
2025-04-27,401768057,MIN,LAL,0.5971337083016105,0.6246433432765858,v1-backfill,1.0,4.039650855040896,0.8018355214692765,0.6949585538362233,0.6154101264031742,0.5332866678681414,0.4021279147719897,3.0
2025-04-28,401767911,GS,HOU,0.6247877933620861,0.6070185930497296,v1-backfill,1.0,4.024787461915944,0.8054763250949304,0.7074586873904679,0.6363586693502583,0.5451202855778686,0.4029339098662407,3.0
2025-04-28,401768037,MIA,CLE,0.3384536434523189,0.2768000185007977,v1-backfill,0.0,-5.895470669124919,0.5425777360799453,0.4032197525488905,0.3177377617039109,0.249156244931423,0.158870497490309,-55.0
2025-04-29,401768032,BOS,ORL,0.7941738682806454,0.8008380429854032,v1-backfill,1.0,9.20081870864972,0.8935993732027221,0.8323901453288178,0.7856708738875381,0.7030962551092329,0.5611477043250584,31.0
2025-04-29,401768044,NY,DET,0.675020617645787,0.6967326230548909,v1-backfill,0.0,4.609759226371359,0.8195036528600521,0.7352628381934732,0.6758482580411859,0.57646206540164,0.4229593035622947,-3.0
2025-04-29,401768050,IND,MIL,0.6296345638138671,0.6491433400545163,v1-backfill,1.0,4.792674921725505,0.8172301552796659,0.7200841114363976,0.648181724926335,0.5629467964989703,0.4261541232045078,1.0
2025-04-29,401768064,DEN,LAC,0.51394786333446,0.5568576028117641,v1-backfill,1.0,-0.3662247877718831,0.6925507368098159,0.5723528865178131,0.492616569034048,0.410608705423205,0.2896870006400475,16.0
2025-04-30,401767912,HOU,GS,0.4389860743226847,0.5457686593786765,v1-backfill,1.0,-1.2258719827047644,0.6604346619041853,0.5238199017484555,0.4323202706190668,0.3683849697915829,0.2698360785160272,15.0
2025-04-30,401768058,LAL,MIN,0.4686181724331548,0.5280525346386644,v1-backfill,0.0,-2.1820429631693337,0.6402391666627923,0.5226281445346972,0.4489354438471334,0.368962162373129,0.2542116880882905,-7.0
2025-05-01,401768045,DET,NY,0.4666062517556645,0.4968329279908634,v1-backfill,0.0,-0.3527187944961838,0.6936742227877701,0.5597039839980621,0.4673696919385142,0.3941480688269181,0.2836430347267094,-3.0
2025-05-01,401768065,LAC,DEN,0.5221575627279076,0.594048502386458,v1-backfill,1.0,1.5265867837184288,0.7369898858218957,0.6155541450642923,0.5302370866767269,0.4546845393568296,0.3366871779849081,6.0
2025-05-02,401767913,GS,HOU,0.6144598420182101,0.6043239242734114,v1-backfill,0.0,3.2130617889500925,0.7728221764020171,0.6748905598569693,0.6077331588817341,0.5237366943142545,0.3911652499913818,-8.0
2025-05-03,401768066,DEN,LAC,0.5336116815450295,0.5585474949412429,v1-backfill,1.0,0.7380178696322854,0.7206143463383103,0.6050772922466281,0.5269708472730674,0.4434501265535693,0.3179489545379866,19.0
2025-05-04,401767914,HOU,GS,0.4825608074345194,0.5935309667180128,v1-backfill,0.0,0.0958489060379994,0.6948819789294144,0.5703894934728795,0.4866125887069135,0.4156004056788479,0.3056220679270964,-14.0
2025-05-04,401769689,CLE,IND,0.6153617849600521,0.660962229274424,v1-backfill,0.0,4.333024503747849,0.8034879275861913,0.704029146608611,0.6317644659645693,0.5486750164453509,0.4153326752821781,-9.0
2025-05-05,401769746,BOS,NY,0.6883342618165066,0.718106566749922,v1-backfill,0.0,6.029301781872825,0.8438314888904785,0.7592727810816415,0.6962405488415965,0.6074028352613428,0.4634192528248791,-3.0
2025-05-05,401769820,OKC,DEN,0.7345389114583561,0.7707419344957467,v1-backfill,0.0,7.621192557727461,0.8699562246037275,0.794416885706195,0.7365376135280982,0.652437432204427,0.5113332998127685,-2.0
2025-05-06,401769740,CLE,IND,0.5138412995303286,0.6331679124111816,v1-backfill,0.0,0.9536314971266452,0.7284261076293668,0.6043113351389415,0.5174300866423457,0.4383597372652816,0.3179214545916798,-1.0
2025-05-06,401769837,MIN,GS,0.5959821111942974,0.6297899428203173,v1-backfill,0.0,3.301663559177462,0.7753216757191583,0.6711582063103345,0.5978684514524423,0.5178160407252888,0.3901088137484969,-11.0
2025-05-07,401769747,BOS,NY,0.6687797271904958,0.6905749809651993,v1-backfill,0.0,5.173405302457416,0.8296117811243098,0.7386637975258266,0.6712401587091668,0.5805851795794315,0.4363807707950158,-1.0
2025-05-07,401769821,OKC,DEN,0.7043421001507894,0.7446975797384762,v1-backfill,1.0,6.476807532819176,0.8524135447603305,0.7668145083476661,0.7012670397539283,0.6156372538101065,0.4748962371228086,43.0
2025-05-08,401769838,MIN,GS,0.6504789642825078,0.6023590367460782,v1-backfill,1.0,4.69324007673492,0.8172332600385103,0.721267395217193,0.650568053942764,0.5626875062935519,0.422905701495771,24.0
2025-05-09,401769741,IND,CLE,0.496553338106218,0.5650241429310561,v1-backfill,0.0,-0.5519652082773598,0.6929256117199903,0.5718468424077969,0.4912980463072528,0.4050002666655526,0.2804571323685874,-22.0
2025-05-09,401769822,DEN,OKC,0.3831706200104971,0.3948949463751275,v1-backfill,1.0,-3.9935571593827177,0.5951326089719666,0.4585234700691222,0.3720878428840831,0.3003513774931023,0.200837502238679,9.0
2025-05-10,401769748,NY,BOS,0.449944085655366,0.5037937727065909,v1-backfill,0.0,-1.2965938472734706,0.6725858568214395,0.5422346939956709,0.4552371434027029,0.3752748480811334,0.2598741882231524,-22.0
2025-05-10,401769839,GS,MIN,0.4348763394430244,0.5503842093374907,v1-backfill,0.0,-2.5139087664308333,0.6289556684475773,0.5019984117361067,0.4213193622961329,0.3492449010649833,0.2441098542798766,-5.0
2025-05-11,401769742,IND,CLE,0.5255819988805025,0.5392929708455536,v1-backfill,1.0,-0.559706098126167,0.696482181240975,0.5811636229184391,0.5053819027109815,0.4114807721272722,0.2791116164278897,20.0
2025-05-11,401769823,DEN,OKC,0.4013449799949459,0.4218172469679158,v1-backfill,0.0,-3.0187653494770443,0.6264610295751948,0.49086799991424,0.4030721184850441,0.325594478903161,0.2179743623181607,-5.0
2025-05-12,401769749,NY,BOS,0.4299796243188194,0.4806030243156163,v1-backfill,1.0,-2.1811671625869247,0.6497636222757848,0.5143230843334321,0.4247991363290069,0.3469378092751767,0.2365416215811412,8.0
2025-05-12,401769840,GS,MIN,0.4153461665466146,0.5251883245875812,v1-backfill,0.0,-2.6306079910569986,0.6371935735400645,0.5000332478980505,0.4100449602394646,0.3335685672624126,0.225937316429987,-7.0
2025-05-13,401769743,CLE,IND,0.6360213478064607,0.6102619674645211,v1-backfill,0.0,4.390173010312159,0.8090935172672977,0.7100458804174281,0.6374062142659647,0.5514350621008799,0.4146201478313488,-9.0
2025-05-13,401769990,OKC,DEN,0.712149710487918,0.7472114761365589,v1-backfill,1.0,6.972369236649436,0.8567838928111271,0.7750197978159233,0.7127988277894819,0.6300218889338142,0.4918452525562385,7.0
2025-05-14,401769750,BOS,NY,0.5680388417040619,0.6621132714757938,v1-backfill,1.0,2.177099537621228,0.755974715407323,0.6413487843991142,0.560315973901106,0.4793255383960342,0.3534691310854421,25.0
2025-05-14,401769987,MIN,GS,0.6881291975683284,0.6652279994143678,v1-backfill,1.0,6.529061602962325,0.8385355775592906,0.7548064042439226,0.6934129477609765,0.615191664082623,0.4834737207809849,11.0
2025-05-15,401769991,DEN,OKC,0.4473528337006164,0.3918399028868631,v1-backfill,1.0,-2.2222065838198928,0.646301611563714,0.5230351338631796,0.4442483128104299,0.3605483439236731,0.2432645813280595,12.0
2025-05-16,401769751,NY,BOS,0.5204775772899695,0.4889539382603193,v1-backfill,1.0,0.2599314768859102,0.7140471971093014,0.5933055892199119,0.5110966059805487,0.4256805661949778,0.2999256426348467,38.0
2025-05-18,401769992,OKC,DEN,0.6812295018805813,0.734647783827378,v1-backfill,1.0,6.014510479937579,0.836432456769038,0.7440491288976048,0.6740443104668059,0.594660321610773,0.4627142673252986,32.0
2025-05-20,401773148,OKC,MIN,0.7209575385288093,0.7116241265542591,v1-backfill,1.0,6.909422221716457,0.8589364640119899,0.7790896668768059,0.7185327767119428,0.6322512800620597,0.4896963350457479,26.0
2025-05-21,401772989,NY,IND,0.5041625396889222,0.5316465083370282,v1-backfill,0.0,0.7734530542656888,0.7250289056774165,0.5986287352432532,0.5099637692390678,0.4312769275599318,0.3118491738359274,-3.0
2025-05-22,401773149,OKC,MIN,0.7533558002757899,0.7224016323885624,v1-backfill,1.0,8.12775052139876,0.8848155061948999,0.8154296150934324,0.7614844908821196,0.6730180078187354,0.5253621226254228,15.0
2025-05-23,401772990,NY,IND,0.5058335527738077,0.5072051436118048,v1-backfill,0.0,0.7559869253633176,0.72677611360634,0.6011267778620383,0.5129753620656327,0.4319953255674801,0.3101295237308668,-5.0
2025-05-24,401773150,MIN,OKC,0.3453504582657741,0.4214641256685499,v1-backfill,1.0,-5.124229292630515,0.5611236306539242,0.4208540991733218,0.3335672182461459,0.2680199338498535,0.1778595393152619,42.0
2025-05-25,401772991,IND,NY,0.658840420906804,0.68035062503581,v1-backfill,0.0,4.26327162100549,0.8078979582019361,0.7178230009048129,0.6541871343883714,0.5603243183122563,0.4140853080396756,-6.0
2025-05-26,401773151,MIN,OKC,0.3511121262313679,0.4476437141697272,v1-backfill,0.0,-3.3511898211240587,0.616484918862558,0.470500532734432,0.3745081072511113,0.3050225685342791,0.2070115971571687,-2.0
2025-05-27,401772992,IND,NY,0.6617351497347587,0.6525026999983006,v1-backfill,1.0,4.040660787126941,0.8098647792290321,0.7187054092534956,0.6537814040855802,0.5546952473664997,0.4033130858810055,9.0
2025-05-28,401773152,OKC,MIN,0.7260271561409953,0.7277883116524875,v1-backfill,1.0,6.811356595658534,0.853823509039137,0.7733619701419915,0.7130010377096235,0.6284661591834196,0.4882466934750361,30.0
2025-05-29,401772993,NY,IND,0.4635829568695545,0.4991764451821881,v1-backfill,1.0,-0.4702287627143979,0.6895786362007759,0.558423600343955,0.4691053006275963,0.3946314598171225,0.2827950328974127,17.0
2025-05-31,401772994,IND,NY,0.6511273519328403,0.6460713579052999,v1-backfill,1.0,3.699188868797594,0.7949880234801323,0.700733421807839,0.6346139490527146,0.5417094233757473,0.3979879558298901,17.0
2025-06-05,401766122,OKC,IND,0.7269983846134729,0.7066059485161282,v1-backfill,0.0,8.020530185904388,0.8746157952063931,0.797892121604192,0.7378616320463349,0.6580682042699908,0.5220225077226238,-1.0
2025-06-08,401766123,OKC,IND,0.6955306459439082,0.6789160651780788,v1-backfill,1.0,6.923264849697608,0.8576962856812664,0.7712507571152418,0.7038133234144877,0.6229728512465145,0.4875792489895822,16.0
2025-06-11,401766124,IND,OKC,0.3736618884836443,0.4707421488181868,v1-backfill,1.0,-4.480757421092344,0.5803604861468422,0.4468807212765666,0.363939515410173,0.2921504958710306,0.1935737481991177,9.0
2025-06-13,401766125,IND,OKC,0.4078846982818386,0.4950820696030323,v1-backfill,0.0,-3.141399172863915,0.623503731972384,0.4924374837114598,0.408694652743658,0.3277701752074236,0.2168394865919665,-7.0
2025-06-16,401766126,OKC,IND,0.7383819155168961,0.6903263319554315,v1-backfill,1.0,7.86831128031444,0.8711449749628533,0.7961097163305827,0.7385597462555382,0.6572067035508333,0.5192459138875206,11.0
2025-06-19,401766127,IND,OKC,0.3927924177294657,0.4581198944911812,v1-backfill,1.0,-3.883638238084212,0.5976858324147141,0.4670334485783743,0.3853352963579567,0.3103822549177787,0.2068144657967572,17.0
2025-06-22,401766128,OKC,IND,0.6882794903167757,0.6811086447425907,v1-backfill,1.0,6.098531783299711,0.8379032030545035,0.7488151642122384,0.6820225157301031,0.6009297938161684,0.4665379154999587,12.0
2025-10-21,401809243,OKC,HOU,0.6167228288066018,0.6956914119390673,v1-backfill,1.0,7.399733255298749,0.8777097853078973,0.7931313195595622,0.7234786333537271,0.6382796650915482,0.4966648103847081,1.0
2025-10-21,401809244,LAL,GS,0.50345479357318,0.5811374329757987,v1-backfill,0.0,-0.7094037191812284,0.7015334118050353,0.5792469809992984,0.4968384745345884,0.3987071720886209,0.2640373457492586,-10.0
2025-10-22,401809234,NY,CLE,0.4911151341784542,0.5535484215909284,v1-backfill,1.0,0.1590897428472413,0.7253546213665939,0.5904365600828358,0.4934872451479635,0.4067249579562614,0.2815586682903705,8.0
2025-10-22,401809235,DAL,SA,0.5274815313872513,0.6151167110810289,v1-backfill,0.0,1.5685422092808166,0.7623457019495186,0.6412385490678504,0.5530191097258037,0.4585823879869475,0.3207298657124418,-33.0
2025-10-22,401809933,CHA,BKN,0.5664418895841762,0.5411828443359181,v1-backfill,1.0,2.9821970512556515,0.8024299569742992,0.7036271739967819,0.6321590654365582,0.5204797750725063,0.359685044492002,19.0
2025-10-22,401809934,ORL,MIA,0.6322457152014628,0.6262396983719091,v1-backfill,1.0,7.3991673879307,0.8879171428752151,0.8165173894139571,0.7597220564338508,0.658738445454003,0.4972473337028241,4.0
2025-10-22,401809935,ATL,TOR,0.5835553688062511,0.6369182135315334,v1-backfill,0.0,4.300709874809154,0.8322036040263437,0.7418311602384536,0.6746030441718331,0.5635281858029725,0.3990421042109136,-20.0
2025-10-22,401809936,BOS,PHI,0.6108833480837528,0.780574933481322,v1-backfill,0.0,8.70273252402279,0.8931358092489723,0.8086175255610125,0.7347645585123397,0.6613336325868708,0.5333027023518423,-1.0
2025-10-22,401809937,CHI,DET,0.4840706528893731,0.5892737629777006,v1-backfill,1.0,-0.5568660405696306,0.7076410350978297,0.5736097804301133,0.479682446806329,0.3892821585155869,0.2626243477813052,4.0
2025-10-22,401809938,MEM,NO,0.585955446394488,0.6886174349190824,v1-backfill,1.0,6.852043933024722,0.8651870296348899,0.7690094244601122,0.6887351977863152,0.6099620019084744,0.4778617806286925,6.0
2025-10-22,401809939,MIL,WSH,0.6819605556227191,0.743251600653754,v1-backfill,1.0,10.0754587560231,0.9284698417377172,0.8756734867820972,0.8309453444276481,0.738155469425915,0.581433486558117,13.0
2025-10-22,401809940,UTAH,LAC,0.3115218234247048,0.373148773937081,v1-backfill,1.0,-10.968200528119269,0.392581650407281,0.2496874004136876,0.1681742265022299,0.1209568847134767,0.067200205807675,21.0
2025-10-22,401809941,PHX,SAC,0.4778310132600237,0.5571798571207691,v1-backfill,1.0,-0.9107703729070176,0.6961453757251249,0.5567755606722408,0.4590899056076332,0.3742082410566602,0.2543020297793462,4.0
2025-10-22,401809942,POR,MIN,0.4056414642654189,0.4773718085289547,v1-backfill,0.0,-5.1901318017617815,0.5727301799109847,0.421389782333795,0.3241618212668533,0.2500732135220671,0.1552867892289128,-4.0
2025-10-23,401809236,IND,OKC,0.4712582346713223,0.5203006159165565,v1-backfill,0.0,-1.76181910420208,0.6716901981847891,0.5395608768538155,0.4510557561476713,0.3604257437350618,0.2370146821506011,-6.0
2025-10-23,401809237,GS,DEN,0.4798581552142492,0.5693982660713807,v1-backfill,1.0,-0.0364053202432685,0.7194591847500222,0.5758555868076742,0.471072877538821,0.3916085886767828,0.2750455196881168,6.0
2025-10-24,401809943,ORL,ATL,0.6167426563876895,0.6137942693898855,v1-backfill,0.0,6.050667735337441,0.8599257279379311,0.7760663739395647,0.7110310438687203,0.6120036097932235,0.4561171270790044,-4.0
2025-10-24,401809944,BKN,CLE,0.2947572898675961,0.3850531840669774,v1-backfill,0.0,-11.763683412358484,0.3695981855071636,0.2357095267613242,0.1613375016249865,0.1153120333457098,0.0634377419518267,-7.0
2025-10-24,401809945,NY,BOS,0.6085941885937193,0.5707551727818088,v1-backfill,1.0,6.081443654865518,0.8611181466057567,0.7751554539429224,0.7075808611788135,0.6100487259164638,0.4559716837380914,10.0
2025-10-24,401809946,TOR,MIL,0.4736325294040516,0.4899182749795435,v1-backfill,0.0,-0.3261971266919241,0.7080789722157624,0.5697024757540827,0.4715571807890255,0.3903233332236286,0.272159170433631,-6.0
2025-10-24,401809947,HOU,DET,0.614907116498012,0.6361235865778825,v1-backfill,0.0,6.014840677805163,0.858410099365774,0.7777268666602977,0.7163741025704158,0.6151635060663246,0.4566254613557018,-4.0
2025-10-24,401809948,MEM,MIA,0.5280096295956428,0.6529744851202451,v1-backfill,0.0,2.2076975664587524,0.7749123671314823,0.6580889913213148,0.572401401668512,0.4794756579567189,0.3411130149053137,-32.0
2025-10-24,401809949,NO,SA,0.4387117340924674,0.5114579545381074,v1-backfill,0.0,-4.159786983669044,0.6018438443781406,0.4676669649555258,0.3828032275223504,0.29642482670379,0.1851915935282511,-4.0
2025-10-24,401809950,DAL,WSH,0.6183489790479382,0.6884699733862834,v1-backfill,0.0,6.452643098189688,0.864123737954892,0.7797056333665726,0.7132433500001673,0.6194961590390884,0.4690193621932465,-10.0
2025-10-24,401809951,LAL,MIN,0.5059252179614122,0.5152563534282173,v1-backfill,1.0,-1.1059575788841371,0.6927349218186777,0.5793199909236516,0.5054878188136308,0.3979679006430932,0.25541461707483,18.0
2025-10-24,401809952,POR,GS,0.4648386170508805,0.4852994675349389,v1-backfill,1.0,-1.730346521209019,0.6684621064131598,0.5306476668255157,0.4373166651391553,0.3552392919124807,0.2400376241316507,20.0
2025-10-24,401809953,SAC,UTAH,0.6954978529281064,0.6927106469506137,v1-backfill,1.0,9.90649611621188,0.9210086478326672,0.8659227054449019,0.8203961948236168,0.7303259079899295,0.5774344637733774,1.0
2025-10-24,401809954,LAC,PHX,0.7141935504713979,0.6594165805688307,v1-backfill,1.0,10.376710917858905,0.9301900618141036,0.8807611983943134,0.8396407007993498,0.7480199412768952,0.5922178770574648,27.0
2025-10-25,401809955,ORL,CHI,0.5092244105993818,0.561707116455447,v1-backfill,0.0,0.5314933824710302,0.7278278893589645,0.6063219505665688,0.5219713595804726,0.4317551907777667,0.3006998446001425,-12.0
2025-10-25,401809956,ATL,OKC,0.3059846670716954,0.3860011014829365,v1-backfill,0.0,-10.628857891783838,0.4038420490289736,0.2748779535354116,0.2029040987500017,0.1488130422564649,0.0852500675059064,-17.0
2025-10-25,401809957,PHI,CHA,0.6427877983995979,0.6194406579874632,v1-backfill,1.0,6.86504882852962,0.8782821530518635,0.8053440575411794,0.7487571024795452,0.6449935909083978,0.4813726950731098,4.0
2025-10-25,401809958,MEM,IND,0.3995323547149804,0.4860613127349219,v1-backfill,1.0,-5.207589901315935,0.56751262520644,0.4199753382070766,0.3263059220673435,0.2553884367652536,0.1623408289264436,25.0
2025-10-25,401809959,DEN,PHX,0.7590722168192492,0.6752577455544936,v1-backfill,1.0,13.35716969232422,0.9541020648899036,0.9191284429467556,0.8890769804718673,0.8157104067041738,0.6811955704572433,22.0
2025-10-26,401809960,SA,BKN,0.6738222866728333,0.6755454851211753,v1-backfill,1.0,9.731180774173117,0.9072775717510452,0.8426793662738201,0.7893138526686191,0.7097425802108732,0.5713402176541268,11.0
2025-10-26,401809961,DET,BOS,0.5335045541059754,0.507874971962213,v1-backfill,1.0,1.796677816428672,0.760868266975517,0.6463954254175622,0.5649135489491555,0.4718328047688809,0.3340317270643113,6.0
2025-10-26,401809962,CLE,MIL,0.641657723248006,0.6263110853048788,v1-backfill,1.0,7.258583656590302,0.8781008568924884,0.7992635509112216,0.7361562099936619,0.6441078138701376,0.4939481835625432,5.0
2025-10-26,401809963,MIA,NY,0.3834746368347242,0.4564437725865481,v1-backfill,1.0,-6.17937805564083,0.5366217477065803,0.395091285343075,0.3082113768715188,0.2386926518867907,0.149151926492357,8.0
2025-10-26,401809964,WSH,CHA,0.6060738766191006,0.6005163340641344,v1-backfill,0.0,5.716375635421961,0.8429368025811166,0.743307230050359,0.6641954461848973,0.5814521838616039,0.4463127840087639,-26.0
2025-10-26,401809965,MIN,IND,0.6515352929779754,0.5859679000862723,v1-backfill,1.0,8.961099760265729,0.8857903913367262,0.80870099344319,0.7458726549145229,0.6738963936767322,0.5471909988978805,4.0
2025-10-26,401809966,DAL,TOR,0.4396250640232524,0.5976213459098594,v1-backfill,1.0,-3.1663434881500767,0.6284443123805864,0.486699180052727,0.3934266118447243,0.313851407660296,0.2058217571132361,10.0
2025-10-26,401809967,LAC,POR,0.676218501431738,0.6637902362930529,v1-backfill,1.0,7.39221008437025,0.8884540246015692,0.8221205677702786,0.7708158074658108,0.6654258479811237,0.4984758505427545,7.0
2025-10-26,401809968,SAC,LAL,0.543835786244618,0.5397048941593546,v1-backfill,0.0,2.5326048483952457,0.7781486584603979,0.6653592553535717,0.5832709126993678,0.4919496557319456,0.3540960077404879,-7.0
2025-10-27,401809245,DET,CLE,0.447802799495495,0.494934185193371,v1-backfill,0.0,-1.83393131397348,0.6616586967526342,0.5193869010249867,0.4226565069771609,0.3475986846409823,0.2397626020530701,-21.0
2025-10-27,401809246,MIN,DEN,0.425977975906686,0.6087317572101323,v1-backfill,0.0,-2.769076999502491,0.6375076933043756,0.4899927608811993,0.390810961538432,0.3176731389113773,0.2148911449395683,-13.0
2025-10-27,401809969,PHI,ORL,0.4149605260854271,0.5175922014384504,v1-backfill,1.0,-5.046168258716241,0.5689532089908286,0.4392648797558382,0.3600085894292886,0.2816213995817051,0.1788664212792215,12.0
2025-10-27,401809970,CHI,ATL,0.5564953058067414,0.630603390206013,v1-backfill,1.0,3.348812048135039,0.7890562121865946,0.6819175526754954,0.6039705095510398,0.5174605780967789,0.3825967850668114,5.0
2025-10-27,401809971,HOU,BKN,0.8135791183454936,0.7269484701313702,v1-backfill,1.0,16.40949523685954,0.9735635586439256,0.9486836704426276,0.925088120180817,0.8692030246287893,0.7590940053769905,28.0
2025-10-27,401809972,NO,BOS,0.3521320675043248,0.3924901086822359,v1-backfill,0.0,-8.217626203915184,0.4729480007705668,0.3355462514335197,0.254950100810502,0.1952342413031884,0.1198010292415234,-32.0
2025-10-27,401809973,SA,TOR,0.5470045921447553,0.6371116271980419,v1-backfill,1.0,2.3317123503480293,0.7687891923285505,0.656497988189169,0.5761459723415854,0.4871892294950533,0.3522068287707041,18.0
2025-10-27,401809974,DAL,OKC,0.2464542350533841,0.3512783395922046,v1-backfill,0.0,-13.39757848584332,0.325537087182435,0.2084053116342712,0.1464689056713398,0.103942495950765,0.0565522932280691,-7.0
2025-10-27,401809975,UTAH,PHX,0.5052240486570462,0.4862590149062731,v1-backfill,1.0,0.1999005149698369,0.7185527049220035,0.600986440860706,0.5212346982697917,0.4280039623521965,0.2944558359515007,4.0
2025-10-27,401809976,GS,MEM,0.6713065728576622,0.6297997040477447,v1-backfill,1.0,9.16806232082772,0.8905032542124063,0.819810366472307,0.7632635142015627,0.6877651636411619,0.5557549959726936,13.0
2025-10-27,401809977,LAL,POR,0.5692821707664983,0.6599019915686589,v1-backfill,0.0,1.4411948838677642,0.7534485116839434,0.6545943699273288,0.5884616133923308,0.4813285582298738,0.3289957508872121,-14.0
2025-10-28,401809978,WSH,PHI,0.4564549801572627,0.5239784234021065,v1-backfill,0.0,-1.9585577183327123,0.6621177573184328,0.5173925357387777,0.4183659373296078,0.3414554539067857,0.2325446896982698,-5.0
2025-10-28,401809979,MIA,CHA,0.6675944630636759,0.6804518273740598,v1-backfill,1.0,8.819596498190656,0.891053558211574,0.8179997449322408,0.7586266716719783,0.6797227529662746,0.5436805597292153,27.0
2025-10-28,401809980,MIL,NY,0.4962133389038189,0.5582486311419352,v1-backfill,1.0,-1.1545719793273408,0.6852032714059536,0.5668931170172715,0.4894214795939581,0.3923012152807841,0.2593004200065257,10.0
2025-10-28,401809981,OKC,SAC,0.6062727357686282,0.7772429197898721,v1-backfill,1.0,6.358689234009065,0.844478199611356,0.7496923822921243,0.675649957113434,0.5988831972727722,0.4698916643099638,6.0
2025-10-28,401809982,GS,LAC,0.4874272483423962,0.58007243393597,v1-backfill,1.0,0.3715731000602993,0.7285378148850951,0.5941843137757612,0.4973742186194368,0.41272538556136,0.2889942895849012,19.0
2025-10-29,401809983,BOS,CLE,0.4380098649279608,0.5482328194937569,v1-backfill,1.0,-2.1103442818692244,0.6432326939921614,0.5045714366914478,0.4127661245193702,0.3448487119315683,0.2442465515630322,20.0
2025-10-29,401809984,DET,ORL,0.5736340148862918,0.6238552930496691,v1-backfill,1.0,3.550787956841338,0.7983970218647831,0.6944327228469892,0.6183617145872531,0.5269754741792338,0.3860796220866834,19.0
2025-10-29,401809985,BKN,ATL,0.2863817512990035,0.480386170057747,v1-backfill,0.0,-9.539226375422604,0.4312435861498882,0.2903662072917529,0.2088835168587094,0.1600880625329263,0.09836325071017,-5.0
2025-10-29,401809986,TOR,HOU,0.3462083515443711,0.4708581890482038,v1-backfill,0.0,-7.6186564065817,0.4872515124669673,0.3463356072329355,0.2624453264829782,0.2063489104556353,0.1321489920750456,-18.0
2025-10-29,401809987,CHI,SAC,0.6038857091305811,0.6412124234882844,v1-backfill,1.0,4.625280772663536,0.8233696031695619,0.7288112769451751,0.6586319049128037,0.5643266572115995,0.4172918090354904,13.0
2025-10-29,401809988,DAL,IND,0.4683488642959749,0.4588994629061456,v1-backfill,1.0,-1.35991829511475,0.6748384369816274,0.5445092370032304,0.4573296372211153,0.3735862775729003,0.2548019588305863,2.0
2025-10-29,401809989,DEN,NO,0.7841343033089712,0.7733801147125959,v1-backfill,1.0,14.94714180705173,0.9593617674133428,0.9237084064529434,0.8910172156081511,0.8321969196567458,0.7185312720218865,34.0
2025-10-29,401809990,UTAH,POR,0.4013969613852685,0.4723817005657241,v1-backfill,0.0,-5.195456702902334,0.566284192088548,0.4326758719984826,0.3504499378664357,0.2726008905288392,0.1715579907407619,-2.0
2025-10-29,401809991,MIN,LAL,0.6279018455882628,0.6303168043045237,v1-backfill,0.0,6.636050572957878,0.8458051518332642,0.7583535593753645,0.6919777194516252,0.6137877346905334,0.4821881492324327,-1.0
2025-10-29,401809992,PHX,MEM,0.4711164380390794,0.5338554766954973,v1-backfill,0.0,-0.900740696452945,0.6903535676020601,0.556176505906602,0.4639972279066544,0.3806512260910696,0.2614728793318626,-1.0
2025-10-30,401809993,CHA,ORL,0.4202380837972358,0.4908667550705156,v1-backfill,0.0,-4.212005045103952,0.5938712886591296,0.4630712600317243,0.3814876572065563,0.3009186132444204,0.193732898300545,-16.0
2025-10-30,401809994,MIL,GS,0.3741486279427217,0.5676298713143899,v1-backfill,1.0,-6.457482688536995,0.520753570755829,0.3890769923316816,0.3106925101277396,0.2464912251565892,0.1601946717378763,10.0
2025-10-30,401809995,OKC,WSH,0.8508481175850167,0.8603822686699473,v1-backfill,1.0,17.22740221525055,0.9746035284070248,0.9514073583997912,0.929725413020576,0.8791848590172583,0.7773793295627734,19.0
2025-10-30,401809996,SA,MIA,0.5768973892580775,0.5979259534893242,v1-backfill,1.0,3.438593751503746,0.7997951959019864,0.6972427612821799,0.6223941410295886,0.5265546509569128,0.3809838749029796,6.0
2025-10-31,401809502,IND,ATL,0.589192938470121,0.6648465815291064,v1-backfill,0.0,3.63109837474227,0.8014581828429561,0.6986476983722443,0.6233033655358055,0.5305056966037973,0.3878117883162754,-20.0
2025-10-31,401809503,PHI,BOS,0.4759819712178595,0.4256522210064228,v1-backfill,0.0,-3.132901533667928,0.6346837243677677,0.5225803859287056,0.4536686044016452,0.3473602630863355,0.2131028154650502,-1.0
2025-10-31,401809504,CLE,TOR,0.6096681733291303,0.7585296353935078,v1-backfill,0.0,4.910245088685329,0.8223046303349291,0.7219557363630944,0.6459190179184574,0.561905707699911,0.4265881442025726,-11.0
2025-10-31,401809505,CHI,NY,0.482223032651198,0.5634281184998384,v1-backfill,1.0,-1.2146206803718993,0.6876041983662133,0.5625010477193569,0.4788418010007957,0.3824188969943953,0.25125049962403,10.0
2025-10-31,401809506,MEM,LAL,0.4013281341301972,0.5498606858226035,v1-backfill,0.0,-3.397997266784898,0.6164638148983046,0.4689047192403304,0.3715356100031262,0.301894686664276,0.2040937955832807,-5.0
2025-10-31,401809507,PHX,UTAH,0.5836244478928252,0.6559859296160224,v1-backfill,1.0,3.563542938375956,0.8034494629873824,0.6976866059237716,0.6190370058950452,0.5256759475159312,0.3827853284195195,22.0
2025-10-31,401809508,POR,DEN,0.3495146556521972,0.4920975669809908,v1-backfill,1.0,-4.834198134882033,0.5767523565429544,0.4125291115605971,0.3038601276985425,0.2459628113542558,0.1652307270763865,2.0
2025-10-31,401809509,LAC,NO,0.8018381580140812,0.7587891910837304,v1-backfill,1.0,14.06709735900808,0.9571140415236772,0.9210029672263828,0.8885254579353307,0.8222942663834291,0.6978281925176882,2.0
2025-11-01,401809997,MIL,SAC,0.7059934569862123,0.6785002932609072,v1-backfill,0.0,7.555298480287966,0.88861040264053,0.8200515954638392,0.7662819090347254,0.665493063714149,0.5037507279304577,-2.0
2025-11-01,401809998,CHA,MIN,0.3002675117676628,0.3691441728588237,v1-backfill,0.0,-8.851261002624303,0.4571069599985693,0.3227834896235411,0.2451147107307315,0.1826092630073667,0.1072357238269213,-17.0
2025-11-01,401809999,IND,GS,0.3435928748345251,0.570464743315017,v1-backfill,1.0,-7.034779407217407,0.5106815937995267,0.3709426855423817,0.2868343336190614,0.2199129196710845,0.1352041044726447,5.0
2025-11-01,401810000,WSH,ORL,0.3456309821802429,0.4596316746066295,v1-backfill,0.0,-6.51406581958978,0.5224887110466424,0.380286008736451,0.2936438596708427,0.2309082027969543,0.1479077254098965,-31.0
2025-11-01,401810001,BOS,HOU,0.4231369785904499,0.6379275752815848,v1-backfill,0.0,-2.216820759785125,0.650739971799977,0.4999386081009062,0.3964674796340465,0.3278885718351516,0.2282972422471896,-27.0
2025-11-01,401810002,DET,DAL,0.6957369510321129,0.549860684863266,v1-backfill,1.0,9.04702127690016,0.903797605135171,0.8314563261790808,0.7696622604015088,0.6876197209141043,0.547155668029759,12.0
2025-11-02,401810003,OKC,NO,0.8376280682915994,0.8556535343742802,v1-backfill,1.0,16.037565314434325,0.9666033418008598,0.9359337754339312,0.9071910211746776,0.8530866394875185,0.7461929723043964,31.0
2025-11-02,401810004,BKN,PHI,0.4749940486519098,0.5190121307323796,v1-backfill,0.0,-1.1662199448304404,0.6834444674444047,0.5541886924457732,0.4671843100069165,0.3795612242899479,0.2565394332532,-24.0
2025-11-02,401810005,CHA,UTAH,0.4164268781602805,0.5713404345478881,v1-backfill,1.0,-3.39889882852921,0.6109242679495892,0.4776595678693351,0.3929448514656066,0.3193349914090444,0.2159336437888734,23.0
2025-11-02,401810006,CLE,ATL,0.6313596678244762,0.6735002307834012,v1-backfill,1.0,4.928081828172755,0.8322154066043881,0.7368385386328096,0.6643822238530499,0.5706847907271769,0.4238245480682714,8.0
2025-11-02,401810007,TOR,MEM,0.5845860521604584,0.5100682335134896,v1-backfill,1.0,2.8739920957591645,0.7843144712198779,0.6835877808040165,0.61252992994696,0.5148209503028206,0.3683575423441643,13.0
2025-11-02,401810008,NY,CHI,0.5965595507735947,0.587894782443431,v1-backfill,1.0,4.384863847252124,0.8140384002484459,0.710192615648966,0.6318510907794943,0.5460607262701649,0.4098384912936111,12.0
2025-11-02,401810009,PHX,SA,0.436376418292528,0.5324251045185695,v1-backfill,1.0,-1.946302696451544,0.6612794214032502,0.5188502822048937,0.4220134103279775,0.3444764087700069,0.2346520189229962,12.0
2025-11-02,401810010,LAL,MIA,0.6443144035587145,0.6743064161729452,v1-backfill,1.0,5.889119973950054,0.8405250054654281,0.7546881918914401,0.6908495229294018,0.6024986535753322,0.4594095553103687,10.0
2025-11-03,401810011,BKN,MIN,0.1825868999946533,0.3538208088222604,v1-backfill,0.0,-12.843019608121704,0.3365078815870721,0.2047758622712918,0.1328304566201231,0.095065660861695,0.0524097676968636,-16.0
2025-11-03,401810012,IND,MIL,0.4363170790681541,0.5937177830417084,v1-backfill,0.0,-1.982996151746208,0.6571236389234721,0.516051211664203,0.4208473200469295,0.3452467025923708,0.2371469100469497,-2.0
2025-11-03,401810013,BOS,UTAH,0.8173999219327834,0.7875406298375136,v1-backfill,0.0,14.731730596998975,0.9489669935148004,0.9071195108560696,0.8699424618220849,0.8154916482788064,0.709027392725707,-2.0
2025-11-03,401810014,NY,WSH,0.8304245198306449,0.7832454422717613,v1-backfill,1.0,13.615812399649135,0.9556398107182716,0.9204476603326666,0.8896534065413199,0.8186844336474811,0.6874728500613114,17.0
2025-11-03,401810015,HOU,DAL,0.7725366895378728,0.6847858494040431,v1-backfill,1.0,12.03962664821502,0.9350090372565488,0.8889928845049602,0.8507116948752359,0.7764027654455413,0.6421054398401994,8.0
2025-11-03,401810016,MEM,DET,0.3934651498906075,0.5535680406661694,v1-backfill,0.0,-4.25243019549384,0.5894600526624743,0.4515394460797906,0.3643920215084268,0.2920549758377653,0.1930104509575646,-8.0
2025-11-03,401810017,DEN,SAC,0.7282081381557007,0.6768091388083707,v1-backfill,1.0,9.480233548009856,0.9062068143675294,0.8451984721536819,0.796245884013853,0.7112694898536264,0.5658318318726919,6.0
2025-11-03,401810018,POR,LAL,0.6935089049619577,0.5252455465319144,v1-backfill,0.0,8.089730278109588,0.8739551954520897,0.8008541714128993,0.7448782788292186,0.6640464821165937,0.5263691713872033,-8.0
2025-11-03,401810019,LAC,MIA,0.7491717759237678,0.6840941019212423,v1-backfill,0.0,8.440167743307546,0.9071837804792224,0.8484764951317949,0.801914651568463,0.6983109210261028,0.5310725384457257,-1.0
2025-11-04,401810020,TOR,MIL,0.5542130046358591,0.458166716933946,v1-backfill,1.0,2.0183946968519635,0.7605298341110142,0.645601292466856,0.5637187165277054,0.4762504372806516,0.343768998726375,28.0
2025-11-04,401810021,ATL,ORL,0.5027288644298971,0.596198684706903,v1-backfill,1.0,0.1020335465324873,0.7152140321889615,0.5930874986632675,0.5094896316578158,0.4201817167953874,0.2911852706185941,15.0
2025-11-04,401810022,CHI,PHI,0.6091740992780226,0.6876539119170381,v1-backfill,1.0,5.218378057815799,0.8271693296743237,0.7246622420674664,0.6454633944630173,0.5654243362118672,0.4345096758421181,2.0
2025-11-04,401810023,NO,CHA,0.5759507900420838,0.5881400920859196,v1-backfill,1.0,2.2003288463044486,0.7584091921438215,0.6526628870847617,0.5797598266062727,0.491276710893513,0.3564384918094609,4.0
2025-11-04,401810024,GS,PHX,0.7603431007449938,0.6776562255864764,v1-backfill,1.0,9.738971150324868,0.9041239449905152,0.8428046965234953,0.7939473718387215,0.7137461658789191,0.5743270943841633,11.0
2025-11-04,401810025,LAC,OKC,0.3450059150070675,0.4206566982218263,v1-backfill,0.0,-7.013347185169547,0.5111988371537073,0.3804161756243138,0.3031448348640843,0.2318895526621998,0.142046469872543,-19.0
2025-11-05,401810026,CLE,PHI,0.7963644275160059,0.7387346113410732,v1-backfill,1.0,11.514857506119014,0.9263695787323885,0.8743096849943213,0.831027086490056,0.7577226982700968,0.6255746791463341,11.0
2025-11-05,401810027,DET,UTAH,0.8332852291618542,0.7384045830591366,v1-backfill,1.0,13.10007853801937,0.9460778459521018,0.9064635213457484,0.872972068488654,0.8024978128700047,0.6725819844172131,11.0
2025-11-05,401810028,IND,BKN,0.7382872460458068,0.768769505169317,v1-backfill,0.0,9.69871990852122,0.9017564842270772,0.8353579646723486,0.7812129638672304,0.7048503405990965,0.5708936336451728,-9.0
2025-11-05,401810029,BOS,WSH,0.8026660823592687,0.7890783891326205,v1-backfill,1.0,12.783113696516082,0.9418484694784324,0.8939622560971259,0.8513375429921597,0.7839640989859752,0.6591575086624095,29.0
2025-11-05,401810030,NY,MIN,0.5647946914325448,0.5694427124030172,v1-backfill,1.0,2.467660446383533,0.7724390543370834,0.661681483337478,0.5823640558622727,0.492422028456891,0.3559587204177051,23.0
2025-11-05,401810031,MEM,HOU,0.3671067170734161,0.496910108307283,v1-backfill,0.0,-4.918352625112227,0.5713210994160756,0.4227403429075828,0.3279375051552422,0.2624942198275016,0.1731019540589435,-15.0
2025-11-05,401810032,DAL,NO,0.7520543867737463,0.6631714121431853,v1-backfill,0.0,9.550273588883297,0.901926020729806,0.8367803733590384,0.7840453177407788,0.7048207434113306,0.5671108706027473,-2.0
2025-11-05,401810033,DEN,MIA,0.7701038699601124,0.688604566234062,v1-backfill,1.0,10.124954067204822,0.9187910341884272,0.8672027143668537,0.8262138068849723,0.7379504110864636,0.586930841125065,10.0
2025-11-05,401810034,LAL,SA,0.5604921568746642,0.6734123719050018,v1-backfill,1.0,3.140283852587445,0.7789387191832506,0.6653043571801956,0.5822579048607935,0.5032707109740362,0.3778136563483894,2.0
2025-11-05,401810035,POR,OKC,0.3982140241837233,0.3604435039289046,v1-backfill,1.0,-2.9985697843164125,0.6253476476032702,0.4815024886059221,0.3866483616714494,0.316491894881406,0.2165957656639219,2.0
2025-11-05,401810036,SAC,GS,0.4829465849418739,0.4982326283510767,v1-backfill,1.0,-1.6269890199801065,0.6628402279852192,0.5368835920642606,0.4545659976457549,0.3722444885889087,0.2549319285367056,5.0
2025-11-06,401810037,PHX,LAC,0.4892390430265656,0.4933134242566447,v1-backfill,1.0,0.7096910379203507,0.7200319872996345,0.5930392368766295,0.5043810107901381,0.4285833809199668,0.312423232077851,13.0
2025-11-07,401809510,ORL,BOS,0.5848953150316524,0.4816639131919725,v1-backfill,1.0,1.670663047183603,0.756448098818947,0.6571046298812537,0.590258337189975,0.4866230564640556,0.3370321870248056,13.0
2025-11-07,401809511,WSH,CLE,0.1503267672674479,0.3115195691526957,v1-backfill,0.0,-12.645114128392262,0.3394690153489785,0.2006169577303952,0.1236892393754118,0.0903639824302158,0.0514507757048425,-33.0
2025-11-07,401809512,ATL,TOR,0.5753755055006824,0.6314234113160194,v1-backfill,0.0,2.221814257872801,0.7699568964810837,0.6624865013638938,0.5866614750131792,0.4907001273997782,0.3482320625522252,-12.0
2025-11-07,401809773,BKN,DET,0.2217071813470525,0.3959641298083332,v1-backfill,0.0,-10.15531192246604,0.4147644147012855,0.2748645344118794,0.1947179293533776,0.1459151035189072,0.0864880202080552,-18.0
2025-11-07,401809774,SA,HOU,0.3898073081612216,0.4886454048357574,v1-backfill,1.0,-4.906691906305518,0.5725889600841636,0.4398872693478811,0.3580278649332706,0.2815382417773427,0.1803401226547717,11.0
2025-11-07,401809775,MIA,CHA,0.79301539304645,0.7025920185573079,v1-backfill,1.0,10.70868243346936,0.9155977625389616,0.8598487951214896,0.814827398994246,0.7385098562576718,0.6030782761695223,18.0
2025-11-07,401809776,MEM,DAL,0.6870747317077952,0.6204560203978853,v1-backfill,1.0,6.850495649590227,0.864533686332799,0.7819092473122701,0.717347110181846,0.6288862888068086,0.4839425673401125,14.0
2025-11-07,401809777,MIL,CHI,0.5575974583092724,0.5882703290989034,v1-backfill,1.0,1.444405641850837,0.7522743181275107,0.6393623143857874,0.5603987125284579,0.4648953529974043,0.3253730443473285,16.0
2025-11-07,401809778,MIN,UTAH,0.8138904963925263,0.7721639956388645,v1-backfill,1.0,10.970617412283826,0.9270479599124944,0.8774478504178687,0.8368983665664851,0.7550129325245174,0.6114062361108169,40.0
2025-11-07,401809779,DEN,GS,0.6938466544109522,0.6274091548839189,v1-backfill,1.0,6.932407453653955,0.8638388644805738,0.7889156817996346,0.7327169542984121,0.6405516240371467,0.4904867892685628,25.0
2025-11-07,401809780,SAC,OKC,0.262515550178927,0.3635411084053404,v1-backfill,0.0,-8.326322835732805,0.4688697916640853,0.3277312702447181,0.2445010535079607,0.1880715230661554,0.1162393821883106,-31.0
2025-11-08,401810038,WSH,DAL,0.3955948978693481,0.4774555062172017,v1-backfill,0.0,-3.5150208867894297,0.6072462910938643,0.4710160944587472,0.3840732928971436,0.3128910896997194,0.21243991608536,-6.0
2025-11-08,401810039,PHI,TOR,0.5998909019526071,0.5408382029238774,v1-backfill,1.0,2.320585940061701,0.7723788633764513,0.6700212858791453,0.598781071934554,0.4992887945521481,0.3524769034043855,10.0
2025-11-08,401810040,ATL,LAL,0.2998296422636429,0.4787800850135011,v1-backfill,1.0,-6.582701399737696,0.519563525267954,0.3790463036944137,0.2938818024703098,0.2315655113946727,0.1488213433385785,20.0
2025-11-08,401810041,CLE,CHI,0.6315620146508943,0.6522075219993316,v1-backfill,1.0,4.427566907816888,0.812517276524981,0.7144595503775366,0.6423263092424976,0.554092547732947,0.4145415519186533,6.0
2025-11-08,401810042,MIA,POR,0.4137883421255375,0.5494783507747862,v1-backfill,1.0,-3.267071058200629,0.6127076061365105,0.4872074545700388,0.4087832464906838,0.3322644290217396,0.2247417039676279,5.0
2025-11-08,401810043,SA,NO,0.827109177152414,0.6914614033997502,v1-backfill,1.0,11.078485854874938,0.934929887556244,0.8914188183134025,0.8560977849682508,0.7680708652973632,0.6158066078933768,7.0
2025-11-08,401810044,DEN,IND,0.6783155206878486,0.6563151499690155,v1-backfill,1.0,6.019403927461026,0.8476236549210903,0.7696053209680598,0.712672561443844,0.6166836548309806,0.4638549875994565,17.0
2025-11-08,401810045,LAC,PHX,0.6868117843681433,0.6511705137348279,v1-backfill,0.0,4.883018697233592,0.8345577370166175,0.7525553903588799,0.6934353400463685,0.5869435056851848,0.4250322432520671,-11.0
2025-11-09,401810046,MIL,HOU,0.4774299928717814,0.5808407131838099,v1-backfill,0.0,-1.4975288257761497,0.6715906911773717,0.547621005212689,0.466326852313535,0.3774850207277942,0.2535966842363987,-7.0
2025-11-09,401810047,NY,BKN,0.8931578986762267,0.7854555907681076,v1-backfill,1.0,15.404384386868964,0.9700101747782583,0.9435495757056662,0.9192220767411776,0.8563543129933531,0.7358303511175123,36.0
2025-11-09,401810048,ORL,BOS,0.6204999718208644,0.5055257207574626,v1-backfill,0.0,2.619285865881529,0.785649974633649,0.6902942314946918,0.6241795601918094,0.5152419081573328,0.3576135763145222,-4.0
2025-11-09,401810049,MEM,OKC,0.2532247350403509,0.3455163925125493,v1-backfill,0.0,-7.381877299572851,0.4959810941420113,0.3479931300243984,0.258199099418617,0.2026563576483275,0.1294157563944367,-14.0
2025-11-09,401810050,PHI,DET,0.3300842645082203,0.4644026104144462,v1-backfill,0.0,-5.329509175988903,0.5607119725797304,0.4127987832279345,0.3192716726813718,0.2526677935867966,0.1635409835875371,-3.0
2025-11-09,401810051,GS,IND,0.7767118081687446,0.6068776978907838,v1-backfill,1.0,10.076065430357051,0.905128805393576,0.8421707347055009,0.791227027820745,0.7160219921924478,0.5830895920987957,31.0
2025-11-09,401810052,SAC,MIN,0.4393728167649607,0.4835959855049689,v1-backfill,0.0,-2.113426031400871,0.6519029570583343,0.5227606779617759,0.4385513756316564,0.3560557033132182,0.240380101376622,-27.0
2025-11-10,401810053,CHA,LAL,0.1688940530396654,0.3464349757411332,v1-backfill,0.0,-10.971674119987576,0.3884746332088857,0.2423866591948307,0.1587097512375202,0.1190709143427154,0.0707082115170703,-10.0
2025-11-10,401810054,DET,WSH,0.8082922236006022,0.8001781996257522,v1-backfill,1.0,10.982087916582634,0.9166645218158602,0.8632833296049321,0.8207234934887068,0.7458554626059776,0.6120642758004158,2.0
2025-11-10,401810055,ORL,POR,0.4980242519176178,0.5521847114285187,v1-backfill,1.0,-0.7119157380318253,0.6919112574989067,0.5726598397297564,0.4938126131727445,0.4030272653629115,0.2744717563988497,3.0
2025-11-10,401810056,MIA,CLE,0.3425227074802383,0.453524649856285,v1-backfill,1.0,-4.745927612991563,0.56870255183102,0.4311693140046699,0.3456443065809898,0.2811400817845138,0.1903817947524181,2.0
2025-11-10,401810057,CHI,SA,0.483603154002537,0.6165946251492518,v1-backfill,0.0,-0.1357246958622768,0.6897649270734777,0.5636217981427191,0.478833418026478,0.4080597855552296,0.2989480665362717,-4.0
2025-11-10,401810058,DAL,MIL,0.3660684346597651,0.4697332182302201,v1-backfill,0.0,-4.2306482269261805,0.5806382214617587,0.4408449678505898,0.3527265946376366,0.2911569125564992,0.2020731240143033,-2.0
2025-11-10,401810059,PHX,NO,0.7552546441929501,0.6826418093512938,v1-backfill,1.0,9.892601642687556,0.90344216152237,0.8366129503519417,0.7815603512476632,0.7072353858831153,0.575877028833559,23.0
2025-11-10,401810060,UTAH,MIN,0.2855647388702845,0.3506222605154803,v1-backfill,0.0,-7.695828453370638,0.4856740333519765,0.3438523337862522,0.259342803848873,0.2031054468613913,0.1292376363279259,-7.0
2025-11-10,401810061,LAC,ATL,0.597640708350885,0.6048650358419471,v1-backfill,0.0,2.5378311975629204,0.7659653290589865,0.6672622674603149,0.6000858540953926,0.5081177676601972,0.3681834197185454,-3.0
2025-11-11,401810062,BKN,TOR,0.1779384668561076,0.4690196369680282,v1-backfill,0.0,-9.843719612083774,0.4229636193099303,0.2681069985703965,0.17653443532453,0.1338315730694316,0.0808071871203931,-10.0
2025-11-11,401810063,NY,MEM,0.7441415542182981,0.6926053756266073,v1-backfill,1.0,7.924271278787009,0.8859222527134729,0.8192803863165772,0.7681030751265923,0.6738291362203004,0.5191305483937617,13.0
2025-11-11,401810064,PHI,BOS,0.4788976249194695,0.4327872380309154,v1-backfill,1.0,-1.5511387881991316,0.6664868284337601,0.5537405219026198,0.4823614373532593,0.3898413628667965,0.2612054589199858,2.0
2025-11-11,401810065,OKC,GS,0.7235851462862396,0.7415787310715801,v1-backfill,1.0,7.086121450830381,0.8631613958816171,0.786951270673923,0.7295181609969277,0.6412004394364652,0.4956509539644351,24.0
2025-11-11,401810066,UTAH,IND,0.2890766979449259,0.4189224147885275,v1-backfill,1.0,-5.761079453376626,0.5448806546176579,0.3983556979821432,0.306974127339174,0.2442052882298022,0.1594191175723522,24.0
2025-11-11,401810067,SAC,DEN,0.2995463844693658,0.4416751200922625,v1-backfill,0.0,-6.709183348358558,0.518684166006722,0.3732508000843487,0.2842598614810587,0.221537476036607,0.1398548437717501,-14.0
2025-11-12,401810068,CHA,MIL,0.458979916023782,0.3565086129743273,v1-backfill,1.0,-1.4776982254817217,0.659395904222355,0.5456978978966448,0.4739977081286784,0.3911406283721992,0.2713267451976669,11.0
2025-11-12,401810069,DET,CHI,0.2854413010905289,0.6314013518152203,v1-backfill,1.0,-6.018636929383948,0.5328630618784929,0.3788793293404789,0.2821507035554577,0.2294326296665951,0.1552957397527145,11.0
2025-11-12,401810070,NY,ORL,0.6631915848767579,0.688959243223348,v1-backfill,0.0,5.3345563797173785,0.8243574431070124,0.7386452696518773,0.6772046877583497,0.5892311862557318,0.4474776156658724,-17.0
2025-11-12,401810071,BOS,MEM,0.6516847802754258,0.6774329493737655,v1-backfill,1.0,5.625845878685191,0.821242872342175,0.7244143673992547,0.652224707052827,0.5781590793945853,0.4536863586395049,36.0
2025-11-12,401810072,MIA,CLE,0.6493992790341807,0.4785693629932347,v1-backfill,0.0,4.244877869997966,0.8093426671670378,0.7170680362497487,0.6511232412530517,0.557404359999801,0.4115514495752272,-14.0
2025-11-12,401810073,HOU,WSH,0.89163414839666,0.8145921596262411,v1-backfill,1.0,15.747974139892772,0.964988392386624,0.9362090256957784,0.9106130407507348,0.8534903271279478,0.7418557121331141,23.0
2025-11-12,401810074,NO,POR,0.233433426207844,0.4575578210354593,v1-backfill,0.0,-9.351750979881064,0.4381015182489721,0.3021637826055444,0.2240368916739001,0.1707179688783366,0.103930903447877,-8.0
2025-11-12,401810075,SA,GS,0.6332559683452398,0.5542333419214848,v1-backfill,0.0,3.092095864091413,0.7815167119286881,0.686852140974215,0.6218200756896843,0.5267723564324692,0.3820117541160967,-5.0
2025-11-12,401810076,DAL,PHX,0.4352471639051005,0.5249015922480994,v1-backfill,0.0,-2.236705597327208,0.6485284504971675,0.5140809406849746,0.4255315076114374,0.3466865622851577,0.2354092493231519,-9.0
2025-11-12,401810077,OKC,LAL,0.6927995043100443,0.7189709755465417,v1-backfill,1.0,6.762548329005055,0.8523305470918106,0.7689796369291025,0.7058350668630629,0.6233028197662479,0.4858219066647447,29.0
2025-11-12,401810078,SAC,ATL,0.3730813510838142,0.5341068599443627,v1-backfill,0.0,-4.899229104370742,0.5708846011468086,0.4414553517059654,0.3622991676354529,0.2862256689789738,0.1847403753578922,-33.0
2025-11-12,401810079,LAC,DEN,0.3965978773277862,0.4655526770262485,v1-backfill,0.0,-4.5878512701984375,0.5851012572278648,0.4522096759986446,0.3694599569427113,0.2883859350704003,0.1825156375035083,-14.0
2025-11-13,401810080,CLE,TOR,0.579498974590708,0.7230059085081377,v1-backfill,0.0,2.84236968332186,0.7692872893862288,0.6610242918736995,0.5845176086599883,0.5027317451975564,0.3741915662357407,-13.0
2025-11-13,401810081,PHX,IND,0.4356233618933696,0.5821658799251199,v1-backfill,1.0,-1.1950359009346334,0.668578705190709,0.5408399772988269,0.4564995294394411,0.3808462004363875,0.2690973695747147,35.0
2025-11-13,401810082,UTAH,ATL,0.4329454705097242,0.422570087497291,v1-backfill,0.0,-2.83294910943558,0.624319965298722,0.499276246545068,0.4204918451103712,0.3436055112196853,0.2344806034596917,-10.0
2025-11-14,401809781,NY,MIA,0.6754326300247357,0.6670211942626332,v1-backfill,1.0,5.3640492308944285,0.8241459824078617,0.7388048410756917,0.6777545185672745,0.5901907693606974,0.4488448131866735,8.0
2025-11-14,401809782,ORL,BKN,0.8193101878994887,0.735432666018687,v1-backfill,1.0,12.049151846535567,0.927006738854811,0.8745397676142488,0.8306048952995971,0.7633263857300399,0.6394038821450176,7.0
2025-11-14,401809783,DET,PHI,0.410672208560386,0.7148513001757947,v1-backfill,1.0,-1.706921291321783,0.6636643563341306,0.519318935471409,0.4204851283081244,0.3483462637682134,0.2432384524058324,9.0
2025-11-14,401809784,HOU,POR,0.7312042205238288,0.6624188282914508,v1-backfill,1.0,6.907250221970799,0.869955127839432,0.7958115601543876,0.7394199231503809,0.6425482619683304,0.4868893607880878,24.0
2025-11-14,401809785,MIL,CHA,0.7618466753461733,0.7618393529294858,v1-backfill,1.0,8.505152728662518,0.8848963249865869,0.8135453303506482,0.7574227138799285,0.6759007156768136,0.5367168937901697,13.0
2025-11-14,401809786,MIN,SAC,0.7176757483116339,0.7246534713095532,v1-backfill,1.0,8.11535738272807,0.86603836527539,0.7904364456680594,0.7331658010598313,0.658259639472259,0.5284577991227136,14.0
2025-11-14,401809787,NO,LAL,0.1660760829447373,0.3623158665753245,v1-backfill,0.0,-10.322396240311376,0.4075975747909682,0.2574516435211774,0.1700619686475192,0.1290454676726594,0.0780341492193702,-14.0
2025-11-14,401809788,DAL,LAC,0.4197369169604802,0.5050778259999572,v1-backfill,0.0,-1.980795852319644,0.6534807869305017,0.5179258736930823,0.4279838491369345,0.3519157225581817,0.2426662188302788,-6.0
2025-11-14,401809789,SA,GS,0.6134261796901691,0.5288919318051571,v1-backfill,0.0,2.7547840509211143,0.7783704510772069,0.6813429314193667,0.614446287709007,0.5161509300976898,0.3689684030664312,-1.0
2025-11-15,401810083,CLE,MEM,0.7046548465527915,0.7188123995834621,v1-backfill,1.0,6.517534840690192,0.8511601220044707,0.7722316503047463,0.7138646094474624,0.6250432595923908,0.4799200667389326,8.0
2025-11-15,401810084,CHA,OKC,0.0933212538305399,0.2173648695932999,v1-backfill,0.0,-16.685131268627448,0.2389290127386083,0.1393611789644221,0.0899422622326526,0.0642465825010136,0.0353124922935421,-13.0
2025-11-15,401810085,IND,TOR,0.3783261048369332,0.5931179909473497,v1-backfill,0.0,-4.067670086063711,0.5923632180636541,0.4484698598634643,0.3561264824903619,0.2898120321397543,0.1964186624303544,-18.0
2025-11-15,401810086,MIL,LAL,0.5442693301707617,0.5479908834095164,v1-backfill,0.0,1.4202924935428918,0.7321349611337237,0.6163702991888778,0.5369136571616585,0.4589891691957941,0.3380710932605072,-24.0
2025-11-15,401810087,MIN,DEN,0.3938517498108369,0.5596736561625802,v1-backfill,0.0,-2.4764375233522014,0.639443542915157,0.4972529691494445,0.4026540348498896,0.3315851397816099,0.2292222715052979,-11.0
2025-11-16,401810088,BOS,LAC,0.6013985235828095,0.6464849009619633,v1-backfill,1.0,5.394041572526499,0.8193980256499671,0.7126227409274465,0.6302316394419059,0.560176222128348,0.4416924561657188,3.0
2025-11-16,401810089,SA,SAC,0.5777775917073441,0.6339977439327856,v1-backfill,1.0,2.6898688697192616,0.7665860962401219,0.659055332694727,0.5835677761846342,0.5002289669058788,0.3701732668984798,13.0
2025-11-16,401810090,WSH,BKN,0.5805950877698697,0.5593741049938324,v1-backfill,0.0,2.2490490880388414,0.7593504161406268,0.6517507024259005,0.5770131303843054,0.4901137121996397,0.3570439530352466,-23.0
2025-11-16,401810091,HOU,ORL,0.7628185678921195,0.6710414984832068,v1-backfill,1.0,8.435495174480149,0.8907201014391675,0.8251575071624551,0.7742682620078345,0.6847733961493648,0.5351702370387823,4.0
2025-11-16,401810092,NO,GS,0.2035833764631539,0.3631055725112619,v1-backfill,0.0,-10.145307955435989,0.4151275156751625,0.278958875551053,0.2014958201534239,0.1514021136856365,0.0901267403612955,-18.0
2025-11-16,401810093,DAL,POR,0.4673468644371767,0.4893063714964864,v1-backfill,1.0,-1.5894499697858129,0.6684146647692663,0.5416039512165796,0.4580906898912165,0.3718873561322952,0.25103234800394,5.0
2025-11-16,401810094,PHX,ATL,0.4999539389415092,0.5595073897629378,v1-backfill,0.0,0.3620806094623274,0.7177632144985541,0.5952639489116783,0.5110595209260773,0.426153804499232,0.3008596969198833,-2.0
2025-11-16,401810095,UTAH,CHI,0.2835450963449172,0.4244245622719022,v1-backfill,1.0,-5.46327413939785,0.5524975078148537,0.3990955063304854,0.3015548454284804,0.2435373613015475,0.1629809212293979,3.0
2025-11-17,401810096,CLE,MIL,0.7083588396641407,0.6512650811003406,v1-backfill,1.0,7.239892320196237,0.8605777240438929,0.7817002394257003,0.7218904970178708,0.6392485806365952,0.5006993110834688,12.0
2025-11-17,401810097,DET,IND,0.6001488033110275,0.6837507517923652,v1-backfill,1.0,4.2662566757369,0.8084401173879501,0.7045615808788352,0.6270827360315678,0.5427140832942324,0.4083373748572585,15.0
2025-11-17,401810098,PHI,LAC,0.5829766235479502,0.5171980512738276,v1-backfill,1.0,2.6789925627672098,0.7685013336920381,0.6593366217916637,0.5820561707629807,0.4982540679013994,0.3678477597864131,2.0
2025-11-17,401810099,MIA,NY,0.4418884398138297,0.4836796960802411,v1-backfill,1.0,-1.318738396164747,0.6658122755122462,0.5293456015750009,0.4374848493696253,0.3671341334084625,0.2620026872053727,2.0
2025-11-17,401810100,TOR,CHA,0.7845926461455999,0.7317079261135317,v1-backfill,1.0,9.98626214955225,0.9008749506725756,0.8384646651826193,0.7890596336262122,0.7142441662872765,0.5819131907331443,2.0
2025-11-17,401810101,MIN,DAL,0.865307059412309,0.7468726653981819,v1-backfill,1.0,13.174642236918665,0.9389199801419224,0.8982225024080301,0.8652352724108666,0.79876400924891,0.6747417331983157,24.0
2025-11-17,401810102,NO,OKC,0.0834593889585889,0.2145181097566216,v1-backfill,0.0,-17.98408940446282,0.2119464381686245,0.1230226743856847,0.0802196288763419,0.0553958256420634,0.0288930272399798,-17.0
2025-11-17,401810103,DEN,CHI,0.8253924528843144,0.7196074954881967,v1-backfill,0.0,11.233238482007188,0.9244740680055694,0.8719537733005864,0.8286005910507401,0.7529840201012644,0.6178692609514458,-3.0
2025-11-18,401810104,ORL,GS,0.4636540228492324,0.4999637722085016,v1-backfill,1.0,-1.03453769183983,0.6759500190248542,0.548588588936928,0.4639510416122462,0.3853801521189227,0.2703069146195458,8.0
2025-11-18,401810105,BKN,BOS,0.2350864168502026,0.3483802432749839,v1-backfill,0.0,-9.732949962903868,0.4290005427730862,0.2985869345813663,0.2247715974622907,0.168407828465022,0.0997932249941978,-14.0
2025-11-18,401810106,ATL,DET,0.540986602166745,0.5414599741030749,v1-backfill,0.0,0.5521758534647514,0.7161428721164559,0.6006458379980388,0.5229953030152371,0.4389675835218117,0.3133553637185902,-8.0
2025-11-18,401810107,SA,MEM,0.6090562377805743,0.6343437606874548,v1-backfill,1.0,3.1700529058543685,0.7857219322399278,0.689743390446531,0.6230359666223642,0.5272936199730203,0.3817606484563501,10.0
2025-11-18,401810108,LAL,UTAH,0.8337253889842384,0.7872091850886751,v1-backfill,1.0,11.377038792042407,0.9219054511818892,0.8711015750826855,0.830334682412398,0.7564468137653906,0.6235485594214588,14.0
2025-11-18,401810109,POR,PHX,0.5675987598800095,0.5770462982617806,v1-backfill,0.0,1.6503364552373707,0.7399567155631039,0.6295784139712615,0.5542897316116545,0.4716069939517447,0.3445553308659918,-17.0
2025-11-19,401810110,CLE,HOU,0.5080243746967859,0.600502645821237,v1-backfill,0.0,0.0348417752697223,0.7065946498452085,0.5856173271467212,0.5039152146374032,0.4197380232969216,0.2957846407797267,-10.0
2025-11-19,401810111,IND,CHA,0.6547290124795188,0.7152690710270655,v1-backfill,1.0,4.22919449234313,0.8075468849787799,0.7102003047574772,0.6394860100312535,0.550314816485157,0.4100022061189042,9.0
2025-11-19,401810112,MIA,GS,0.7533230365832169,0.5105812570869019,v1-backfill,1.0,8.114572403520874,0.8718747881796606,0.8018009036063124,0.7493633041932538,0.6680460206500539,0.529541199405005,14.0
2025-11-19,401810113,PHI,TOR,0.4059724023443524,0.5216972499272912,v1-backfill,0.0,-3.007100827479012,0.62684699481793,0.4927146149290095,0.4061366816857283,0.3276039068018336,0.21880435485811,-9.0
2025-11-19,401810114,MIN,WSH,0.911840539416072,0.835456405262477,v1-backfill,1.0,16.97910784344069,0.9705258515670224,0.9443951620120516,0.9203160922362056,0.8703240643801158,0.7696081690783567,11.0
2025-11-19,401810115,NO,DEN,0.1557674201589539,0.2998961759970128,v1-backfill,0.0,-11.778859068936406,0.3638905059028704,0.2297424055098561,0.1553602604339886,0.1181880526885523,0.0717587218002421,-7.0
2025-11-19,401810116,OKC,SAC,0.8652319395317422,0.8365173160877276,v1-backfill,1.0,15.047932034328037,0.9509029063725368,0.9110179724112876,0.8757368065302278,0.8223957985348944,0.7174849439004765,14.0
2025-11-19,401810117,DAL,NY,0.2821212537520091,0.4196668371452858,v1-backfill,0.0,-7.779875167718218,0.4806672642348936,0.3485058536779123,0.2714980706931589,0.2145275606519335,0.1385029703076748,-2.0
2025-11-19,401810118,POR,CHI,0.323758911173568,0.542875640271966,v1-backfill,0.0,-4.507423178639866,0.5729894950617676,0.428288011560428,0.3366096615370813,0.2782624755695057,0.1936015630135323,-1.0
2025-11-20,401810119,ORL,LAC,0.6042356179969882,0.6062566073026738,v1-backfill,1.0,4.601738027266998,0.8083646160964673,0.7028549488028184,0.6236958382750987,0.5464106820437895,0.419972067617127,28.0
2025-11-20,401810120,MEM,SAC,0.5636142275669093,0.5969314257935368,v1-backfill,1.0,2.1375799303778447,0.7551761146473407,0.6376687203505967,0.5539463460441266,0.4747557154552306,0.3512182826028521,41.0
2025-11-20,401810121,MIL,PHI,0.5506832000042383,0.6831001943040236,v1-backfill,0.0,1.5419987662172217,0.7327238602714563,0.612311492346619,0.5284503266884654,0.4555251218771023,0.3403664093278625,-9.0
2025-11-20,401810122,SA,ATL,0.4841080587949904,0.5606294818290265,v1-backfill,1.0,-1.0614535655673398,0.6794461438905774,0.5615768503334135,0.4849395266093857,0.396031288216769,0.2699864450167387,9.0
2025-11-21,401809790,CLE,IND,0.7740790819344987,0.7016143382231136,v1-backfill,1.0,8.780503308514046,0.8933323235835644,0.829413691716388,0.779824486208599,0.6930758820271293,0.5463915123410475,11.0
2025-11-21,401809791,BOS,BKN,0.8139724284481166,0.7991702071194184,v1-backfill,0.0,12.439116940243668,0.9287058864897648,0.8733266723759545,0.8253288985170104,0.7632429307883285,0.6468195690397568,-8.0
2025-11-21,401809792,TOR,WSH,0.8955165714574821,0.7846614740185872,v1-backfill,1.0,15.806134787609432,0.9624279753555792,0.9311089835529092,0.9030733120996206,0.8484737190061171,0.7409162659944756,30.0
2025-11-21,401809793,CHI,MIA,0.5778240912908695,0.6068497337238533,v1-backfill,0.0,2.5981765622368727,0.7560521070706526,0.6466457326114395,0.5705716432321803,0.4940882322650957,0.3721204279500105,-36.0
2025-11-21,401809794,DAL,NO,0.6328243191778797,0.6514095760885569,v1-backfill,1.0,3.7787216396827534,0.7983235640433706,0.6991016489623533,0.6277632020502636,0.5375463996365722,0.3970673557897538,3.0
2025-11-21,401809795,PHX,MIN,0.3625765691466159,0.4880712725129383,v1-backfill,1.0,-3.639209243785387,0.6004119991249566,0.4625340711244777,0.3746841236924556,0.3079972179121933,0.2122756997010418,1.0
2025-11-21,401809796,HOU,DEN,0.4987270460741014,0.563754155026748,v1-backfill,0.0,0.6757996916782298,0.7197073809862377,0.5950613735294896,0.5086493461729874,0.4307464796833818,0.3121841165313634,-3.0
2025-11-21,401809797,UTAH,OKC,0.1379660445793659,0.2220528395373171,v1-backfill,0.0,-13.072333452204273,0.3295949959731789,0.2046251372994528,0.1374185306934737,0.1015497381656069,0.0588732000079126,-32.0
2025-11-21,401809798,GS,POR,0.7850586094277447,0.677663042834797,v1-backfill,0.0,8.534470735625519,0.871978784673534,0.8115097051908354,0.7686765105991623,0.687578872282478,0.5483213878920629,-4.0
2025-11-22,401810123,CHA,LAC,0.4535932759941497,0.4302088087574873,v1-backfill,0.0,-0.6648618988308845,0.6866018863320742,0.55590693974117,0.4672997839940651,0.3905431049593507,0.2767709717638673,-15.0
2025-11-22,401810124,ORL,NY,0.436232094091937,0.5192533455977019,v1-backfill,1.0,-0.9062038440481386,0.6798317619096603,0.5425104679557994,0.4485063930174196,0.3764846212314899,0.2687982750518688,12.0
2025-11-22,401810125,NO,ATL,0.2300395219080747,0.3831229251519447,v1-backfill,0.0,-9.036427806167575,0.4427000088462278,0.3042173033510585,0.2240499431828615,0.1765102920932452,0.1134063497274336,-17.0
2025-11-22,401810126,CHI,WSH,0.886067751450211,0.7872421545487738,v1-backfill,1.0,14.317527282131152,0.9508121801238952,0.9150918553301816,0.8850457920435832,0.8230348767772795,0.7048071175445884,1.0
2025-11-22,401810127,MIL,DET,0.2889377827619601,0.4990893490669768,v1-backfill,0.0,-7.378947096464709,0.4968150942897037,0.3583439038775495,0.2758779642288548,0.2145032268594603,0.1349020483339783,-13.0
2025-11-22,401810128,DAL,MEM,0.4657731354841369,0.5410814479982619,v1-backfill,0.0,-1.6273179906282893,0.6605497368330506,0.5382738691512592,0.4592955439053156,0.3767577068968341,0.2587566345198357,-6.0
2025-11-22,401810129,DEN,SAC,0.8376790571607781,0.7815359965581667,v1-backfill,0.0,13.221048276864234,0.9315117837869484,0.8860695666203081,0.8493017621322991,0.7884741802081061,0.6730883738838982,-5.0
2025-11-23,401810130,PHI,MIA,0.4768230129346637,0.5087661295861771,v1-backfill,0.0,-1.0471292870810167,0.6763159224072886,0.5547461782025755,0.4751572968865681,0.3920721504245572,0.271943415924322,-10.0
2025-11-23,401810131,ATL,CHA,0.822751910414675,0.7749848486956133,v1-backfill,1.0,10.153133657804853,0.9088636708496244,0.854378126875024,0.8121466731958059,0.7309249335371728,0.5893380205286534,3.0
2025-11-23,401810132,BOS,ORL,0.6623009632920365,0.6236177306634177,v1-backfill,1.0,6.112229818562962,0.829034675478325,0.7317375293377059,0.6577888093584469,0.5870688529398641,0.4662888080733034,9.0
2025-11-23,401810133,CLE,LAC,0.7341712646678945,0.6994424876651701,v1-backfill,1.0,7.817331813693129,0.8695175628555282,0.7935516864196246,0.7352931662081296,0.654645564727251,0.5177093741544432,15.0
2025-11-23,401810134,TOR,BKN,0.8251637587634884,0.7400818761666971,v1-backfill,1.0,10.88776872569201,0.9221922910135716,0.8705221476238494,0.8287000957448065,0.7492097541489958,0.6090488739587819,10.0
2025-11-23,401810135,OKC,POR,0.8904155010787598,0.8169985504836714,v1-backfill,1.0,14.139076426944396,0.9525199266052624,0.9185146773553864,0.8900841371702026,0.8248488357153545,0.7017653739020643,27.0
2025-11-23,401810136,PHX,SA,0.5568461586487616,0.5860038506068704,v1-backfill,1.0,2.38183800700915,0.7624774903192485,0.6496875739414609,0.5696385093936502,0.4867711084873715,0.358289211957263,9.0
2025-11-23,401810137,UTAH,LAL,0.2002330994695002,0.3369181908289757,v1-backfill,0.0,-8.283099562095613,0.4683676760703049,0.305775092326949,0.2059266890970277,0.162711817125199,0.105045856272475,-2.0
2025-11-24,401810138,IND,DET,0.3627657427395495,0.441361499319074,v1-backfill,0.0,-4.678936382267777,0.576758073407227,0.4360435793499475,0.3474168333937515,0.2781063775467152,0.1834192560224023,-5.0
2025-11-24,401810139,TOR,CLE,0.5458122845876516,0.494456274774379,v1-backfill,1.0,1.955236202527126,0.7419202662242977,0.6237482867876847,0.540970938193625,0.4679590025445674,0.3517929037751838,11.0
2025-11-24,401810140,BKN,NY,0.1875940745907694,0.3572540489758566,v1-backfill,0.0,-11.070023726177585,0.3861929401395168,0.2568874020852207,0.1852099380449237,0.1410124194006184,0.085730386887304,-13.0
2025-11-24,401810141,MIA,DAL,0.7279156227938043,0.711677505979168,v1-backfill,1.0,7.20674054617669,0.851705512648731,0.7818048514582089,0.7323277276707342,0.6485183418971407,0.5079979942443046,4.0
2025-11-24,401810142,MEM,DEN,0.3246019549911719,0.4156901855853626,v1-backfill,0.0,-5.287190933795704,0.5527573719555062,0.4126524975567446,0.3259944281503901,0.2646927407038681,0.1787226868800096,-10.0
2025-11-24,401810143,MIL,POR,0.5912941879744018,0.6179916382267836,v1-backfill,0.0,1.5098580739592435,0.7419495715334519,0.6374564952535244,0.5673181227086342,0.4760725951139525,0.3397256536203399,-12.0
2025-11-24,401810144,NO,CHI,0.3845840086270887,0.379436797272831,v1-backfill,1.0,-3.3054944392518006,0.6053038714142295,0.4765773118620157,0.3959783183480526,0.3276571060900647,0.2283386788120328,13.0
2025-11-24,401810145,PHX,HOU,0.2722329623352544,0.5117318472711867,v1-backfill,0.0,-7.637226716163838,0.4846400005146567,0.3503035273719221,0.2715081811649458,0.2150788761054599,0.1394345699262771,-22.0
2025-11-24,401810146,GS,UTAH,0.8517536870452267,0.757410204432737,v1-backfill,1.0,11.598387874090148,0.9286780958615112,0.8819140625495564,0.8442651832747567,0.7677569955650926,0.6307974156825206,17.0
2025-11-24,401810147,SAC,MIN,0.2909081089532431,0.4301379720129757,v1-backfill,1.0,-7.356188636398698,0.4958168610702159,0.3592714018259706,0.2783193340127768,0.2180891247636978,0.1388983906166605,5.0
2025-11-25,401809799,WSH,ATL,0.1935681869125358,0.3246529052941191,v1-backfill,1.0,-11.349083962166908,0.3793463156887948,0.2547389097066176,0.1864959767202766,0.141237244597122,0.085137647913444,19.0
2025-11-25,401809800,PHI,ORL,0.515019709750197,0.4984169648797421,v1-backfill,0.0,-0.390459007495556,0.6942100622738165,0.5813199934271545,0.5078253672268629,0.418914378724338,0.2904292873951466,-41.0
2025-11-25,401809801,LAL,LAC,0.6650904713089736,0.7095545156904424,v1-backfill,1.0,6.403057150069248,0.8304193763406571,0.7434527056535758,0.6799517159028108,0.6062861488515633,0.4807550351894157,17.0
2025-11-26,401809802,BOS,DET,0.4243415768537735,0.5365943886768562,v1-backfill,1.0,-1.5387155432828932,0.6633970493881836,0.524602147545246,0.4308654779915184,0.3590552862182851,0.2532177642076009,3.0
2025-11-26,401809803,CHA,NY,0.3039422204970998,0.319285737623369,v1-backfill,0.0,-6.3996049835040925,0.5256824754742364,0.3868298362680211,0.3026520821082661,0.2379328399501742,0.1523457347404596,-28.0
2025-11-26,401809804,MIA,MIL,0.8030077546149504,0.6306887123049335,v1-backfill,1.0,10.843109639266007,0.9121505591071204,0.8572562268182874,0.8139359438583778,0.7402231157870928,0.6082456095631585,3.0
2025-11-26,401809805,TOR,IND,0.6853879784146438,0.6586521986806229,v1-backfill,1.0,6.341419423857339,0.843729743567576,0.7605504940595931,0.6989520987943684,0.6144740745261098,0.475180954922675,2.0
2025-11-26,401809806,OKC,MIN,0.7626808032087404,0.7485537428534659,v1-backfill,1.0,8.52292998817987,0.8864845398535018,0.8207780356427485,0.7705032467790492,0.6846876828165928,0.5396329596971773,8.0
2025-11-26,401809807,NO,MEM,0.4418333332531985,0.4578381763024715,v1-backfill,0.0,-2.0312941968602454,0.6534786003089152,0.5265110799486128,0.4440524287123125,0.3607598774666846,0.2438229399969598,-5.0
2025-11-26,401809808,GS,HOU,0.5358581816410775,0.520261805722343,v1-backfill,0.0,-0.0692528386588744,0.7060858655544386,0.5911804965822137,0.5149552797627666,0.4244661129955746,0.2938952633448246,-4.0
2025-11-26,401809809,POR,SA,0.4701936388684449,0.5621529657035547,v1-backfill,0.0,0.1719553822401636,0.6917160245931497,0.5609042273296712,0.4716879891741295,0.408376975405452,0.3074592294512005,-13.0
2025-11-26,401809810,SAC,PHX,0.488629400911889,0.5197424163477565,v1-backfill,0.0,-1.399583127353523,0.6657549967340506,0.5485924064694447,0.4735700787486686,0.3886699841288476,0.2671710637030985,-12.0
2025-11-28,401809811,ATL,CLE,0.3755689667767791,0.5022968475765008,v1-backfill,1.0,-3.348225089910993,0.6107841223605784,0.466711068197362,0.3728343128906977,0.3076146202688114,0.2133323143969027,7.0
2025-11-28,401809812,BKN,PHI,0.338903402878812,0.4979661811029529,v1-backfill,0.0,-4.229674461783679,0.5905286314567562,0.4403064408756152,0.3427054036324764,0.2779682330105393,0.1873584342853116,-12.0
2025-11-28,401809813,CHA,CHI,0.3184357218358413,0.3813250444055769,v1-backfill,1.0,-4.752194194173022,0.5738754588419194,0.4260436459379923,0.3316912850133658,0.2678708675281406,0.1792601046798189,7.0
2025-11-28,401809814,DET,ORL,0.59242882924347,0.6647256653547873,v1-backfill,0.0,2.813397034409176,0.7720056408821103,0.663636796140181,0.586698771975579,0.5025013509926505,0.371330848471583,-3.0
2025-11-28,401809815,IND,WSH,0.7518347435075623,0.7344381900813713,v1-backfill,1.0,8.458046487938928,0.8810258237736812,0.8078285110358926,0.7504304119813346,0.6713679609371523,0.5355511352272517,33.0
2025-11-28,401809816,NY,MIL,0.6767645672109636,0.68288698321587,v1-backfill,1.0,7.116661634664599,0.851789815020504,0.7646965922732173,0.6976561982279756,0.6231724148070217,0.4957072380710355,9.0
2025-11-28,401809817,OKC,PHX,0.8552780413652121,0.7894360240754711,v1-backfill,1.0,11.743592080197525,0.9327521716107804,0.8888423435218152,0.8535528809245152,0.775343733669731,0.6357450993934411,4.0
2025-11-28,401809818,DEN,SA,0.7489903936468101,0.6962562428720144,v1-backfill,0.0,8.202396040677606,0.8756628925313785,0.8042033179458542,0.7496807759457796,0.6685418872262032,0.5302355741004342,-3.0
2025-11-28,401809819,UTAH,SAC,0.515774204925611,0.4875583098533427,v1-backfill,1.0,1.3941169523764143,0.736557520442947,0.6141662628414464,0.527986519995423,0.4507637031767937,0.3312619621637001,9.0
2025-11-28,401809820,LAL,DAL,0.8120913024785565,0.7851526079400135,v1-backfill,1.0,10.208524841655365,0.9120953013339492,0.8608449289277437,0.8215185321457271,0.7374743952752733,0.5918918323079059,10.0
2025-11-28,401809821,LAC,MEM,0.6385915028897394,0.5947929983902871,v1-backfill,0.0,3.0949412965282503,0.7837602664345085,0.6942110286677871,0.6336441606867927,0.5333928263131682,0.3826518308274378,-5.0
2025-11-29,401810148,MIN,BOS,0.6441141280704312,0.5744360445525739,v1-backfill,1.0,4.147726536609169,0.8011200474782271,0.7078649616665319,0.6419818917034954,0.552828970477031,0.4123476671051227,4.0
2025-11-29,401810149,CHA,TOR,0.273665955860817,0.356457367794831,v1-backfill,1.0,-7.702216138290376,0.4857507308868921,0.3511318774424272,0.272077514733827,0.2122402940631731,0.1341877976645763,7.0
2025-11-29,401810150,IND,CHI,0.5041720029357869,0.5537594560721264,v1-backfill,1.0,0.6594320270984824,0.7168112340489448,0.5921072188398409,0.5059526504056415,0.4299721411309762,0.3135021231982166,2.0
2025-11-29,401810151,MIA,DET,0.6990245691611255,0.5335883454427579,v1-backfill,0.0,5.932441749080375,0.8331897248195114,0.7511503694557032,0.6921734817435938,0.6065183631167603,0.4663267004549015,-3.0
2025-11-29,401810152,MIL,BKN,0.8470446124403862,0.7247740723470564,v1-backfill,1.0,10.799775178996848,0.9202561293370372,0.8720866434944474,0.834594756872697,0.7526437164412572,0.6090619338261014,17.0
2025-11-29,401810153,GS,NO,0.7601542289483305,0.7756050239583903,v1-backfill,1.0,9.723106393373117,0.8865477448115824,0.8162720936297816,0.7610119289528706,0.693891083180827,0.5728868092850444,8.0
2025-11-29,401810154,PHX,DEN,0.3541051480267408,0.4833263234847547,v1-backfill,0.0,-4.901211791419559,0.5643170898198462,0.4279522696192012,0.343629580031929,0.2787675075838671,0.1879527395145132,-18.0
2025-11-29,401810155,LAC,DAL,0.8115609688416654,0.6591750538716646,v1-backfill,0.0,8.91373599507846,0.9033588781168144,0.8468930067892929,0.8035272045939135,0.7083785391265249,0.5504930019609936,-4.0
2025-11-30,401810156,UTAH,HOU,0.2437404890324782,0.3191978486211421,v1-backfill,0.0,-9.618841980481688,0.4319751370467089,0.303181774503128,0.2304223785903283,0.173660078815525,0.1038747630808783,-28.0
2025-11-30,401810157,CLE,BOS,0.8038772528654309,0.6032026081696837,v1-backfill,0.0,8.678841232625286,0.8930282896580878,0.8330101370448267,0.7876487098439485,0.6969210135702679,0.5450985388566393,-2.0
2025-11-30,401810158,NY,TOR,0.7450903922847176,0.6461097467102511,v1-backfill,1.0,7.808570802122528,0.8750851836759025,0.8011174361907497,0.7440057921601492,0.6589650367340205,0.5163271120416052,22.0
2025-11-30,401810159,PHI,ATL,0.5314671434152036,0.4830926284075395,v1-backfill,0.0,0.7502835495490778,0.725674514072011,0.6108842896267832,0.5329694361012661,0.4449882320101388,0.3148311877217591,-8.0
2025-11-30,401810160,POR,OKC,0.1462587564386662,0.2939061597296495,v1-backfill,0.0,-10.251593067158954,0.4066659288308925,0.2482678728339052,0.1547387415728433,0.1210644912311411,0.0769104775275515,-8.0
2025-11-30,401810161,MIN,SA,0.6358638676764747,0.6299629667715743,v1-backfill,1.0,4.123142728229599,0.8055086461347158,0.7076790386670738,0.6367617948409375,0.5472881014725453,0.4068702736786375,13.0
2025-11-30,401810162,SAC,MEM,0.4709392055716916,0.5361201768370425,v1-backfill,0.0,-1.7228733518759969,0.6603245873998864,0.537533279874459,0.4581319786616606,0.3736154863008982,0.254112075157047,-8.0
2025-11-30,401810163,LAL,NO,0.9206401104929248,0.8353983295783146,v1-backfill,1.0,15.432551941381613,0.965002404414,0.9381527103998084,0.9150114058108152,0.8540813942431447,0.7365667671160404,12.0
2025-12-01,401810164,DET,ATL,0.7064415441184599,0.6485056196394889,v1-backfill,1.0,6.525695673723789,0.8372079006193918,0.7567901596615075,0.6988846400845433,0.6193134974733726,0.4856926478789184,1.0
2025-12-01,401810165,IND,CLE,0.473568306244355,0.473664424885913,v1-backfill,0.0,-0.6141342819068285,0.6789910566311493,0.5488829876167768,0.4615237518665525,0.3917159004996885,0.2849866967941886,-16.0
2025-12-01,401810166,WSH,MIL,0.2483857047166167,0.3850186490181808,v1-backfill,1.0,-8.059645829573961,0.4722462212734417,0.3316829121884631,0.2487386882327588,0.1967539373908017,0.1272499529641175,3.0
2025-12-01,401810167,BKN,CHA,0.4246329009716189,0.5723075315439371,v1-backfill,1.0,-2.5160930259312746,0.6259346787922047,0.4980188944763554,0.4167456393748635,0.3479409869590361,0.2461586175654941,13.0
2025-12-01,401810168,MIA,LAC,0.6685616706767318,0.6699134861187905,v1-backfill,1.0,7.471891554910224,0.8459195957745794,0.7584628570209223,0.6920621792328516,0.6254574592508696,0.508122682783956,17.0
2025-12-01,401810169,ORL,CHI,0.6514173957974441,0.6469787623970829,v1-backfill,1.0,7.26265494159745,0.8425660896453859,0.7498203154022852,0.6783571839631802,0.6137778071406421,0.4996761086237802,5.0
2025-12-01,401810170,DEN,DAL,0.822832415601059,0.7885045215006528,v1-backfill,0.0,13.218809267177672,0.925974533275635,0.8750953524713598,0.8333068757811958,0.7771364533947481,0.6690980283555769,-10.0
2025-12-01,401810171,UTAH,HOU,0.2267694026298325,0.3065583408601012,v1-backfill,1.0,-10.567316335441223,0.4035386892225076,0.2750731804245359,0.2034580798758667,0.1523993808390301,0.090269867976991,8.0
2025-12-01,401810172,LAL,PHX,0.7271495157716245,0.6943566944793527,v1-backfill,0.0,5.872806536112959,0.8414301087458772,0.7699376828267874,0.7201334547525793,0.6211760304247034,0.4646835801436507,-17.0
2025-12-02,401810173,PHI,WSH,0.7882468379939371,0.7016070078464199,v1-backfill,1.0,10.311834836046724,0.9030622862615338,0.8356951328097724,0.7801017099515261,0.7113795124429501,0.587450058515121,19.0
2025-12-02,401810174,TOR,POR,0.6732688421898921,0.6396226234994989,v1-backfill,1.0,4.604945368312332,0.8065199706284114,0.7247575995610848,0.6690726480072064,0.577315494460936,0.4321109874460458,3.0
2025-12-02,401810175,BOS,NY,0.4017638769968392,0.5731581069912798,v1-backfill,1.0,-2.965998894063019,0.6201265489167719,0.4837275154748554,0.3957172609427478,0.326446926716428,0.2263371036253237,6.0
2025-12-02,401810176,NO,MIN,0.1667068999554591,0.3078413150542358,v1-backfill,0.0,-12.538447421044047,0.3439325088458845,0.2261345722311211,0.1633523934225864,0.1262016729917995,0.0785518871557267,-7.0
2025-12-02,401810177,SA,MEM,0.5949204084428181,0.6241992487109883,v1-backfill,1.0,3.1107251542299323,0.7724069845240298,0.6698887083647997,0.598493871230129,0.5158110726714452,0.3852932283419529,7.0
2025-12-02,401810178,GS,OKC,0.2067429478364708,0.3488910192304091,v1-backfill,0.0,-8.390002429551451,0.4651400149065958,0.3071813910824011,0.2111744888787615,0.1658144521470426,0.1059583083237768,-12.0
2025-12-03,401810179,CLE,POR,0.8084403489991699,0.7076533645003136,v1-backfill,0.0,9.1927805413359,0.896079191709019,0.8395462387285646,0.7973289275286819,0.7104201098767974,0.5625836388633539,-12.0
2025-12-03,401810180,IND,DEN,0.3009434962351039,0.4242689041873248,v1-backfill,0.0,-6.315777767946768,0.5271497587552585,0.3842892188874671,0.296875290224795,0.2352732452819355,0.1526320991111527,-15.0
2025-12-03,401810181,ORL,SA,0.695245670807294,0.6000879008120503,v1-backfill,0.0,6.802091443689575,0.8469484693285576,0.7616881269115154,0.6974285533938689,0.6196929896125548,0.488325353754225,-2.0
2025-12-03,401810182,ATL,LAC,0.5186484387384759,0.678711181965905,v1-backfill,0.0,1.1973025827526618,0.7221504724797204,0.6017456443117458,0.5190263920134183,0.4470008104248375,0.3334794071575297,-23.0
2025-12-03,401810183,NY,CHA,0.8172734695090174,0.8103478239767844,v1-backfill,1.0,10.645840793432988,0.917356403927256,0.8642885835769967,0.8219355156489746,0.7423670324718433,0.6024172278099996,15.0
2025-12-03,401810184,CHI,BKN,0.7700136443914749,0.7196196665758671,v1-backfill,0.0,7.687572203015684,0.8746644175751185,0.8085524155695755,0.7597620192328227,0.667770210836439,0.5161722686235521,-10.0
2025-12-03,401810185,HOU,SAC,0.8058454921897992,0.7617641695548716,v1-backfill,1.0,13.500904806994006,0.9237255386321844,0.8694533142866554,0.8242070870233531,0.7729356962768739,0.6725535954814021,26.0
2025-12-03,401810186,MIL,DET,0.4157560332934096,0.43406686649511,v1-backfill,1.0,-3.905721233047757,0.599531159257805,0.4736622283570389,0.395731748284349,0.3152371176556056,0.2062432725753167,4.0
2025-12-03,401810187,DAL,MIA,0.4042345053986658,0.458196748688966,v1-backfill,1.0,-3.512184732412288,0.6063385356232671,0.4795905312158741,0.4005412621084592,0.3246110330847427,0.2184978517046312,10.0
2025-12-04,401810188,PHI,GS,0.629840053484244,0.4784141579659692,v1-backfill,1.0,3.7572489033267935,0.7907878373053419,0.699166514531815,0.6359899875690825,0.545534399151159,0.4041715315579605,1.0
2025-12-04,401810189,WSH,BOS,0.3001508146326342,0.285945495445931,v1-backfill,0.0,-8.909355187040244,0.4553552650948333,0.3432551889910322,0.2814789327872009,0.2137274549996621,0.1293745373432645,-45.0
2025-12-04,401810190,BKN,UTAH,0.3419662604561037,0.5652422685266767,v1-backfill,0.0,-5.349315158833967,0.5482420788210561,0.418479625292031,0.3402451527358168,0.2765631905653905,0.1870740645120044,-13.0
2025-12-04,401810191,TOR,LAL,0.5039507851132471,0.5015478956545625,v1-backfill,0.0,1.2444537152060509,0.7208170785668883,0.600859189430599,0.518690176990601,0.4482069807703299,0.3363209767590883,-3.0
2025-12-04,401810192,NO,MIN,0.1816091609241965,0.2958919919306275,v1-backfill,0.0,-10.533047342386508,0.4024266758969452,0.2617514568142728,0.1814894112497785,0.1365396557899924,0.0814411608322795,-9.0
2025-12-05,401810193,BOS,LAL,0.6486903100132043,0.5655209041018897,v1-backfill,1.0,5.7227558806842085,0.8227343600426371,0.7265233614807444,0.6547392816132096,0.5809294813829268,0.4566155781749214,21.0
2025-12-05,401810194,ORL,MIA,0.6019717830348209,0.595203379659494,v1-backfill,1.0,3.5360308419040307,0.7878683369087739,0.6873599379990549,0.616084983079913,0.5293724610334838,0.3933662002139115,1.0
2025-12-05,401810195,ATL,DEN,0.436149531099006,0.4777022855738521,v1-backfill,0.0,-2.6232640976092867,0.6366586902206675,0.5076362281195308,0.4246797162683671,0.34344297241878,0.2303610043803899,-1.0
2025-12-05,401810196,CLE,SA,0.6509308160481685,0.6081662867036614,v1-backfill,1.0,4.549333458942265,0.806037450070336,0.7143002758828645,0.6492871416189024,0.563236382830137,0.4254911219684877,13.0
2025-12-05,401810197,DET,POR,0.7530310316918315,0.706424381028588,v1-backfill,1.0,7.758616419529616,0.8729270322747628,0.8033044676482596,0.7511685803380275,0.663628257902707,0.5176565572617661,6.0
2025-12-05,401810198,NY,UTAH,0.8270364872998486,0.7762262999184442,v1-backfill,1.0,10.943936562792036,0.9194588283809872,0.8658669337670386,0.8224529659971717,0.7460579003879059,0.6101888429913622,34.0
2025-12-05,401810199,TOR,CHA,0.7632248453379513,0.7639154267631828,v1-backfill,0.0,8.38937104426251,0.8835262798131072,0.8161138302876046,0.7645356933639995,0.6794113565813016,0.535511729813481,-25.0
2025-12-05,401810200,CHI,IND,0.6165746662242539,0.593055594306843,v1-backfill,0.0,2.541655392954108,0.7752336419714152,0.6766473797177678,0.6086312472952403,0.5091618493888296,0.3614365059783289,-15.0
2025-12-05,401810201,HOU,PHX,0.7346239728543552,0.6738350464771251,v1-backfill,1.0,8.710350539627457,0.8778582832923298,0.802893639389,0.7441675921066315,0.6711568187442597,0.5432094895920688,19.0
2025-12-05,401810202,MEM,LAC,0.4908925896814859,0.6129889746584746,v1-backfill,1.0,1.0014457096964966,0.7265521719994404,0.5952605640581217,0.5017052601009301,0.430062514434342,0.3182563756991493,9.0
2025-12-05,401810203,MIL,PHI,0.5409930817468278,0.6254671260783019,v1-backfill,0.0,0.962615644586867,0.7218385418105951,0.6087152471277802,0.5326734029595181,0.4514620227736626,0.3276574107160186,-15.0
2025-12-05,401810204,OKC,DAL,0.8803654725933119,0.8594727943070221,v1-backfill,1.0,13.493631846806448,0.9473285877470108,0.9097453308315848,0.8783742007464374,0.8104272591599772,0.68386141291503,21.0
2025-12-06,401810205,BKN,NO,0.5125580326999115,0.6197386485987627,v1-backfill,1.0,0.1910477453270109,0.7035788409571032,0.5877447589557293,0.510914778904162,0.4294642567888574,0.3073439865562499,18.0
2025-12-06,401810206,WSH,ATL,0.2152053961523335,0.358666956154764,v1-backfill,0.0,-10.279241489621407,0.4098902158788962,0.2793700024467744,0.2061098700751023,0.157162481489517,0.0957812048000083,-15.0
2025-12-06,401810207,CLE,GS,0.7094276696952375,0.6445569859091919,v1-backfill,0.0,6.075997000556171,0.845747949398007,0.7679451223212669,0.7114875456070747,0.6175985300553261,0.4670917851961294,-5.0
2025-12-06,401810208,DET,MIL,0.8077835930136993,0.7183822384977531,v1-backfill,1.0,11.425556243094174,0.9152962031922364,0.8585620436574939,0.8124743964690149,0.7452798441784327,0.6221494113143393,12.0
2025-12-06,401810209,MIA,SAC,0.708166038699739,0.6880754180827607,v1-backfill,0.0,6.422244633862627,0.8473932756307881,0.7705169487809528,0.7147578122999528,0.6252491533640511,0.4793033628138455,-16.0
2025-12-06,401810210,MIN,LAC,0.7270303302874446,0.7315721171662612,v1-backfill,1.0,9.18275399153766,0.8743760625002502,0.7939780644257592,0.7299018476840924,0.6674296829937921,0.5539366513006349,3.0
2025-12-06,401810211,DAL,HOU,0.3857051630424887,0.3802175842235678,v1-backfill,1.0,-5.955848163325824,0.5381220774117368,0.4201105304534284,0.3512719156228016,0.2757461791374087,0.1761307008176364,13.0
2025-12-07,401810212,NY,ORL,0.5171464738152318,0.6366964057213624,v1-backfill,1.0,0.8090504236220113,0.7231820335541332,0.6049386790062683,0.5241090846441789,0.4419209135342185,0.3179273723671927,6.0
2025-12-07,401810213,TOR,BOS,0.4995921553415697,0.4713352627666534,v1-backfill,0.0,-0.9829429273729796,0.671786055101944,0.5552542100067251,0.4803321402807226,0.3997800240371241,0.2813470538704573,-8.0
2025-12-07,401810214,CHA,DEN,0.1469805874022138,0.2892795024062541,v1-backfill,0.0,-12.4515607788489,0.346506385374883,0.2162312370555426,0.1450097465207168,0.1075329411655286,0.0626862128976512,-9.0
2025-12-07,401810215,MEM,POR,0.6474854832369302,0.6072108041132297,v1-backfill,1.0,3.8440389700611535,0.8018011491212697,0.7091908955508748,0.643846098753489,0.54771801581744,0.4000538804536782,23.0
2025-12-07,401810216,CHI,GS,0.5544038973104147,0.49109228495337,v1-backfill,0.0,0.7746567161147162,0.723933193617781,0.6107172334833864,0.5343967916611881,0.4473708170908337,0.3179475391208106,-32.0
2025-12-07,401810217,PHI,LAL,0.4562624730567987,0.4223635684380891,v1-backfill,0.0,-1.1390270376818012,0.6633010032350489,0.5382157308320177,0.4566155316524017,0.385067224065898,0.2770940326388614,-4.0
2025-12-07,401810218,UTAH,OKC,0.1553932859311727,0.2031925537498546,v1-backfill,0.0,-12.455996255355643,0.3431905886622362,0.2194541602311799,0.1527402330692412,0.1196330081916958,0.0761377659699166,-30.0
2025-12-08,401810219,IND,SAC,0.5975683759736508,0.6206103513892474,v1-backfill,1.0,3.041909641396881,0.7782966771465228,0.6754715784136132,0.6031131772090444,0.5150817871370912,0.3787553195684437,11.0
2025-12-08,401810220,MIN,PHX,0.7471656141388393,0.6711276581062671,v1-backfill,0.0,7.696105395172251,0.8730618275384415,0.8009480751182405,0.7461775517362592,0.6592425414850216,0.5142681769879585,-3.0
2025-12-08,401810221,NO,SA,0.2337868368665252,0.331852140084847,v1-backfill,0.0,-8.49927170609653,0.4597712068345256,0.3162926273977749,0.2316952787372503,0.1822548637647867,0.1168058485144705,-3.0
2025-12-09,401809833,ORL,MIA,0.5177160383682192,0.62010579068916,v1-backfill,1.0,0.9357028999960582,0.7267712252002628,0.6074229540845927,0.5252017498551813,0.4436869627938578,0.3202357088266814,9.0
2025-12-09,401809834,TOR,NY,0.3618787442352315,0.4662028866661437,v1-backfill,0.0,-4.747450433683954,0.5745021790334991,0.4344824607022253,0.3465716431844346,0.2772771052781521,0.1827066626959445,-16.0
2025-12-10,401809835,OKC,PHX,0.86553178867806,0.8021790164552395,v1-backfill,1.0,11.97945909571498,0.9366731317729536,0.8951852878491946,0.861795661440582,0.7833146091867034,0.6430041175007556,49.0
2025-12-10,401809836,LAL,SA,0.6309113729080955,0.6571644781075381,v1-backfill,0.0,3.963089720474724,0.784476324163365,0.6895862504234894,0.6240334737836939,0.5438167574759574,0.4141173881771324,-13.0
2025-12-11,401836746,HOU,LAC,0.7279987249283955,0.7440926098974211,v1-backfill,1.0,10.02312245555841,0.8917993799163748,0.8158878172555963,0.7529863741377723,0.6905046740051565,0.5761050837674067,2.0
2025-12-11,401836747,MIL,BOS,0.3212789149758559,0.4186160425350499,v1-backfill,1.0,-7.045157374159209,0.5079959708703533,0.3773074278946533,0.3002483439191314,0.2321745551838795,0.144724921098151,15.0
2025-12-11,401836748,NO,POR,0.4395635987251672,0.4039078350785712,v1-backfill,1.0,-2.459480392362341,0.6419024111873011,0.5158085311430934,0.4349513821080086,0.3509691293150312,0.2345449711769964,23.0
2025-12-11,401836749,SAC,DEN,0.2105174158658574,0.3586701772666819,v1-backfill,0.0,-10.646553627576978,0.3969059819100115,0.271978213752776,0.2030217519922143,0.1580954442118853,0.09967218811942,-31.0
2025-12-12,401836750,CHA,CHI,0.3332761184893191,0.4789905356038408,v1-backfill,0.0,-3.634002110068828,0.6063070392558148,0.455166800871689,0.3555055162822428,0.2919122490161172,0.2008216315087417,-3.0
2025-12-12,401836751,DET,ATL,0.6696247583080223,0.6795169246184869,v1-backfill,1.0,6.178256644877944,0.8429285469446356,0.7521793214728163,0.6827945269016992,0.6012678851618074,0.4663322277006395,27.0
2025-12-12,401836752,PHI,IND,0.5861640742768831,0.5589942982801522,v1-backfill,1.0,2.677770533415,0.7673779483642168,0.6594680868757405,0.5835262878943099,0.4996390080588378,0.3690310507228315,10.0
2025-12-12,401836753,WSH,CLE,0.1166327309450047,0.2988640149753033,v1-backfill,0.0,-14.82604033975121,0.2840961945789357,0.1701731074290483,0.111140055187884,0.0792505124713431,0.0434413899179788,-4.0
2025-12-12,401836754,MEM,UTAH,0.7206008043912323,0.7081044647232844,v1-backfill,0.0,6.928451228265452,0.8594106725615849,0.7839404836381745,0.7278691288831769,0.6386471634156503,0.4921798472872831,-4.0
2025-12-12,401836795,DAL,BKN,0.7819800552748334,0.6801175934265796,v1-backfill,1.0,8.438587094226861,0.8903659539303697,0.8297839159279252,0.7842676031095327,0.6916352758647158,0.5378051372847901,8.0
2025-12-12,401836796,GS,MIN,0.607396156218884,0.536688916736446,v1-backfill,0.0,3.5106636041993653,0.7737201902792172,0.676402208432396,0.6097194416009795,0.5301773072623116,0.4021866430184264,-7.0
2025-12-13,401809837,ORL,NY,0.367572776625498,0.4278719984467651,v1-backfill,0.0,-3.1847518898214062,0.6245062682512551,0.4712506056772433,0.3681064490877906,0.3005228952338368,0.2047672446878861,-12.0
2025-12-13,401809838,OKC,SA,0.7384416072483616,0.7225187489649413,v1-backfill,0.0,8.284432012165926,0.884544957794233,0.8090021888905101,0.7482374264704181,0.6665396228614971,0.5276369308401704,-2.0
2025-12-14,401836797,IND,WSH,0.8326666057995706,0.7560713507714739,v1-backfill,0.0,12.11957806640831,0.9290310670760203,0.8782807666192867,0.8358785703530381,0.7676056742405829,0.6421106426008089,-19.0
2025-12-14,401836798,ATL,PHI,0.6074013306602334,0.6404241808427761,v1-backfill,1.0,3.2516642461780254,0.7813313968412324,0.6768226352451989,0.6024767865112125,0.5175929800795492,0.3845020159680972,3.0
2025-12-14,401836799,CLE,CHA,0.8454260234441001,0.802792272576151,v1-backfill,0.0,11.727892772642017,0.9290615622642052,0.8810402735773857,0.8418543155088425,0.7674957499800723,0.633493493202564,-8.0
2025-12-14,401836800,BKN,MIL,0.4085748199308072,0.4416413837198613,v1-backfill,1.0,-1.8427006781519355,0.6495195205899297,0.5084947000767385,0.4140371654610238,0.3484641661190973,0.249904317295042,45.0
2025-12-14,401836801,MIN,SAC,0.7178007737867316,0.7606322266821973,v1-backfill,1.0,8.126219882699719,0.8641328963577113,0.7868479615587117,0.7281203865692846,0.6553158827388048,0.528395314331238,14.0
2025-12-14,401836802,POR,GS,0.3627278622868328,0.494388310959863,v1-backfill,1.0,-3.291543878661837,0.608312922962113,0.4583172069199076,0.359491761823358,0.3016530801720679,0.2152365047728271,5.0
2025-12-14,401836804,CHI,NO,0.6272484461517984,0.7231374072245073,v1-backfill,0.0,3.1167312530470097,0.7803526175845636,0.6812712074001717,0.6122347063261804,0.5216196423582886,0.3819870107821579,-10.0
2025-12-14,401839699,PHX,LAL,0.4442051596701608,0.5067782511525052,v1-backfill,0.0,-0.1049723086328722,0.6945154840681287,0.554913662994308,0.4571940617963015,0.392343679364567,0.2909009786069125,-2.0
2025-12-15,401836803,BOS,DET,0.4703398073197544,0.5727863446345389,v1-backfill,0.0,-0.6470403649468679,0.6848076734072213,0.556847838131618,0.4708834887005205,0.3941837717698134,0.2801271333045978,-7.0
2025-12-15,401836805,UTAH,DAL,0.473865122442721,0.5212160447582762,v1-backfill,1.0,-0.6325555874861113,0.6780082094253523,0.5561472961664795,0.4761685860571024,0.4015428509503085,0.2889332114490904,7.0
2025-12-15,401836806,DEN,HOU,0.5489925468082159,0.6167987026618748,v1-backfill,1.0,0.7336207549040381,0.7216115813916792,0.6111731856019139,0.5375534828475544,0.4496814444609792,0.3191906146113528,3.0
2025-12-15,401836807,LAC,MEM,0.561263426710261,0.5350275888721484,v1-backfill,0.0,1.373731506053275,0.7318062440701646,0.6256720732317136,0.554979429580438,0.4701088532311052,0.3408705733030432,-18.0
2025-12-15,401839023,MIA,TOR,0.6063565720776092,0.6003493412374732,v1-backfill,0.0,2.9574131041845373,0.773711189467988,0.6728120279778228,0.6027969738415332,0.5151089704354215,0.379151271608047,-10.0
2025-12-17,401810222,CHI,CLE,0.4320019503536833,0.45313350698737,v1-backfill,1.0,-2.9377692390575296,0.6286076839909355,0.5012357047063706,0.4202342443188839,0.3373840861856264,0.2235920446878585,16.0
2025-12-17,401810223,MIN,MEM,0.6839411834207549,0.6965597045326214,v1-backfill,0.0,6.260166329828194,0.8402116107687623,0.754926250481289,0.6917019079112318,0.6093479410688358,0.4729223013899689,-6.0
2025-12-18,401810224,OKC,LAC,0.9155513581498788,0.8611738347426073,v1-backfill,1.0,16.260450191824464,0.9680000260950538,0.9424540111806472,0.9200365284066604,0.864709892367135,0.7555945106502201,21.0
2025-12-18,401810225,SA,WSH,0.9055313963172612,0.8251996684284357,v1-backfill,1.0,15.868534237237146,0.964231584743621,0.9351492528357536,0.9094135352490444,0.8536805386926297,0.7442098584829622,25.0
2025-12-18,401810226,CHA,ATL,0.2990344057223323,0.3989822690102442,v1-backfill,1.0,-5.453310819583569,0.5532494316528006,0.4023336481928763,0.3068115420084899,0.2467049458960039,0.1639155082920931,7.0
2025-12-18,401810227,IND,NY,0.3835150112389383,0.3984999117697784,v1-backfill,0.0,-3.843870451908417,0.5973833150760061,0.4586884159405759,0.3703634699892363,0.3017672975071754,0.2049383082321936,-1.0
2025-12-18,401810228,BKN,MIA,0.2782731001219802,0.4453002006418185,v1-backfill,0.0,-5.685319962168212,0.5451772806718669,0.3933560375223031,0.2976154461207906,0.2400211749873214,0.1602579485480301,-11.0
2025-12-18,401810229,MIL,TOR,0.400938051126028,0.5518884749508208,v1-backfill,0.0,-4.0666553544475725,0.5908264691124777,0.4674944999523253,0.3920821758162169,0.3151458007064466,0.209252308476891,-6.0
2025-12-18,401810230,NO,HOU,0.2641745085512185,0.2903233442603162,v1-backfill,1.0,-8.966539393034195,0.4499688522903388,0.3247560162117636,0.2539453353514334,0.194686219814062,0.1196836156436846,5.0
2025-12-18,401810231,DAL,DET,0.4133864300640278,0.3816815953887172,v1-backfill,1.0,-4.013400245175752,0.5920817538244094,0.4726441621814802,0.4002325149624675,0.3213946841194774,0.2130708825930555,2.0
2025-12-18,401810232,DEN,ORL,0.6885367279883952,0.6997505519896133,v1-backfill,1.0,6.470093054954562,0.8452491195770822,0.7608285547499302,0.6977172877412663,0.6152579430522395,0.4783469746456935,11.0
2025-12-18,401810233,PHX,GS,0.481015966355006,0.581901318987156,v1-backfill,1.0,-0.1241105065219052,0.7003895921023058,0.5741265442105459,0.4882155664999094,0.4092756829757922,0.2915554926065404,1.0
2025-12-18,401810234,UTAH,LAL,0.2932032211599265,0.3573878952364825,v1-backfill,0.0,-5.2162213191835765,0.5585860640067808,0.4003135279019884,0.2982356122262872,0.2439401701742602,0.1667372101607614,-8.0
2025-12-18,401810235,POR,SAC,0.7165617816954611,0.6363828627305188,v1-backfill,1.0,8.85674326720305,0.8778769058954562,0.7987630668056274,0.7353903394429709,0.6668077534348873,0.5449632472508332,1.0
2025-12-19,401810236,BOS,MIA,0.6979739827216273,0.6860607689124788,v1-backfill,1.0,7.5939549294070385,0.8655085405744424,0.7780366672373586,0.7078529482787157,0.6336258980695755,0.5059443657317647,13.0
2025-12-19,401810237,NY,PHI,0.7138209742225909,0.7557926831482095,v1-backfill,0.0,7.044134126244343,0.8568544313371395,0.7810615637179485,0.7250459607520602,0.6394011282222537,0.4971785462225061,-9.0
2025-12-19,401810238,ATL,SA,0.4238876576101985,0.505359929214241,v1-backfill,0.0,-2.879395773811257,0.6267457839767924,0.4915599501665538,0.4040907711211393,0.3299026868014398,0.2247881486702402,-28.0
2025-12-19,401810239,CLE,CHI,0.5087928979057085,0.6852611801690801,v1-backfill,0.0,0.9712532112435746,0.7236597620313784,0.5963127737141828,0.506903840357689,0.4339987867695735,0.3205075812467653,-11.0
2025-12-19,401810240,MIN,OKC,0.3648823257448934,0.3960248546656128,v1-backfill,1.0,-3.714130597337197,0.6046082722233175,0.455925086702708,0.3585469017605373,0.2927982609727214,0.1995945317831149,5.0
2025-12-20,401810241,DEN,HOU,0.585361078457959,0.6546603681989224,v1-backfill,0.0,1.7527543600663078,0.7516684732233754,0.6493870664989081,0.5803367385749459,0.4849746368999144,0.3436468341682077,-14.0
2025-12-20,401810242,PHI,DAL,0.4378696559806983,0.5993992138983523,v1-backfill,1.0,-1.020431302002513,0.6753620109435075,0.5412036016117494,0.450529816252018,0.3774250764879704,0.2685545514690894,7.0
2025-12-20,401810243,TOR,BOS,0.6076019626223569,0.4847463141170237,v1-backfill,0.0,2.600904358843435,0.7681791088474119,0.6628321177885446,0.5892374459169853,0.501431744629876,0.3664581329965504,-16.0
2025-12-20,401810244,NO,IND,0.5387868183688765,0.4739097071157121,v1-backfill,1.0,1.576916574425244,0.7455674462752102,0.632594954950645,0.5543180248068222,0.4674656350228385,0.3363942046254916,19.0
2025-12-20,401810245,DET,CHA,0.81157250580296,0.8135152895117933,v1-backfill,1.0,11.634812479094707,0.9192161786241616,0.8625604546551408,0.8156220979882361,0.7491886871258103,0.6269908043301927,26.0
2025-12-20,401810246,MEM,WSH,0.8343255987999475,0.7824583801009409,v1-backfill,0.0,12.1992169575026,0.930541009306471,0.8816262554381432,0.8410288108743708,0.7719800788291056,0.6452212137309378,-8.0
2025-12-20,401810247,GS,PHX,0.6137285506816234,0.5703245699657754,v1-backfill,1.0,3.4361761042212384,0.7861498149661409,0.6847331024821157,0.6127898131655721,0.5259711766746097,0.3901089687104099,3.0
2025-12-20,401810248,UTAH,ORL,0.2998327693054685,0.4365026742279674,v1-backfill,0.0,-5.86936118348104,0.5417969367374897,0.3939225210713129,0.3016315329040229,0.2398655684211994,0.1564902551418503,-1.0
2025-12-20,401810249,SAC,POR,0.4187483457762387,0.5160184917477469,v1-backfill,0.0,-3.47685388632224,0.6113467336928488,0.4854874200559459,0.4068543657507614,0.3260097434367839,0.2153650413754642,-5.0
2025-12-20,401810250,LAC,LAL,0.4376658156769541,0.3727410879331811,v1-backfill,1.0,-0.9212315601646548,0.6748945156930652,0.5341398892268848,0.4374708035189497,0.3714169557557366,0.2703627813588498,15.0
2025-12-21,401810251,ATL,CHI,0.6221374872505931,0.6243219263763083,v1-backfill,0.0,3.7410986728247178,0.7901621099039963,0.6908219169210053,0.6203963056921119,0.5352113347323215,0.4004627840473682,-2.0
2025-12-21,401810252,BKN,TOR,0.4090027912813901,0.4216676207564316,v1-backfill,1.0,-2.833094779647133,0.6267613509679052,0.4937389148498202,0.4081110224185882,0.3337374154541666,0.2280299677741425,15.0
2025-12-21,401810253,NY,MIA,0.7309537899690735,0.710992871850889,v1-backfill,1.0,7.958831209587565,0.8683986948941227,0.7964565914773605,0.7426304975925794,0.6620552551287958,0.5248086597532634,7.0
2025-12-21,401810254,WSH,SA,0.0789675234299807,0.2956949565471668,v1-backfill,0.0,-17.26693854005458,0.2228232751046729,0.1245462187757783,0.0761169919626525,0.055144706955751,0.0309869649205237,-11.0
2025-12-21,401810255,MIN,MIL,0.8262342073374066,0.7333785861329017,v1-backfill,1.0,12.009394282337984,0.9306689953750596,0.8798957655490274,0.8370300672233386,0.766948746312714,0.6389226329336489,3.0
2025-12-21,401810256,SAC,HOU,0.2107181928556327,0.3590894714392885,v1-backfill,1.0,-11.137860975510332,0.3849545260098479,0.2605478666168058,0.19228794116265,0.1466456398088893,0.0893939500286661,1.0
2025-12-22,401810257,CLE,CHA,0.7673999272970681,0.7510640888862874,v1-backfill,1.0,8.33438749515725,0.8869539713616217,0.8180093047638078,0.7641380477551183,0.6774132381137979,0.5316409206797902,7.0
2025-12-22,401810258,BOS,IND,0.7954445290726512,0.7574550621370967,v1-backfill,1.0,10.58398087077393,0.9070030035009224,0.8512913659130532,0.8080740113819458,0.7339376256123333,0.6016530626644659,8.0
2025-12-22,401810259,NO,DAL,0.4525813638321931,0.4806864215361021,v1-backfill,1.0,-0.5882397987398535,0.6877006669291844,0.55743374560888,0.469109774644438,0.3929031253721121,0.2794629532596209,6.0
2025-12-22,401810260,DEN,UTAH,0.8309561941165295,0.8148867083816611,v1-backfill,1.0,11.344355325164091,0.9265861292312244,0.8756334874850064,0.8336094179602844,0.7574891997630936,0.6214963884009637,23.0
2025-12-22,401810261,OKC,MEM,0.8495625010961662,0.8155584302109349,v1-backfill,1.0,11.692055119640308,0.9292590156567392,0.8825872293507453,0.8449145626690427,0.7692312774062439,0.633337016670758,16.0
2025-12-22,401810262,GS,ORL,0.6241607414838597,0.5680005356204559,v1-backfill,1.0,3.941607822896515,0.8000730236723889,0.6999153190438263,0.6274196887922819,0.5398300443847016,0.4020606702952571,23.0
2025-12-22,401810263,POR,DET,0.3079514579201481,0.4320934214225643,v1-backfill,0.0,-5.931777804873589,0.5345684246214047,0.3938491944573287,0.3077273758014949,0.2480789086697875,0.1655305502165428,-8.0
2025-12-23,401810264,CHA,WSH,0.6718176339737973,0.6296960876846698,v1-backfill,1.0,5.13123951088469,0.817038176602199,0.7322581221744016,0.6726174985051192,0.5851965223246011,0.4443561160916877,17.0
2025-12-23,401810265,PHI,BKN,0.7646219755252154,0.7020084529846637,v1-backfill,0.0,7.580827010159731,0.8801311978305624,0.8127002834374052,0.7616839344858553,0.6655762410625928,0.5092483760843994,-8.0
2025-12-23,401810266,ATL,CHI,0.6045530742265297,0.5969876463580355,v1-backfill,0.0,2.741686727724004,0.777755865211897,0.6734889435533056,0.599811836020761,0.5069313627713048,0.3661468378992123,-3.0
2025-12-23,401810267,CLE,NO,0.7085556836607072,0.7517696028208415,v1-backfill,1.0,6.113544642122848,0.840228411335982,0.7572422547024321,0.6963562040872137,0.6100672362175389,0.4688984343771115,23.0
2025-12-23,401810268,IND,MIL,0.527676042362661,0.5607064429310147,v1-backfill,0.0,0.8454923194419104,0.7199977580662029,0.6051190297802596,0.5276665150745483,0.446558534457059,0.3232823402307069,-17.0
2025-12-23,401810269,MIA,TOR,0.5948758740774428,0.5814905096275094,v1-backfill,0.0,3.299220955075783,0.7711105140623656,0.6684342845110889,0.597034173986375,0.5188007273567599,0.3930991185747908,-21.0
2025-12-23,401810270,DAL,DEN,0.4110027336529748,0.3564660536865632,v1-backfill,1.0,-4.719698176672617,0.5716737398041327,0.4565650798298723,0.3884702641429068,0.3098525436162037,0.2031508509628404,1.0
2025-12-23,401810271,MIN,NY,0.7118848061803607,0.5754173742051446,v1-backfill,1.0,6.256898358430728,0.8458378299861423,0.7681530969423672,0.7118008952566229,0.6209642088666418,0.4737478803099834,11.0
2025-12-23,401810272,SA,OKC,0.3797930190759264,0.4102878205433483,v1-backfill,1.0,-3.2211216253258845,0.6144358844039521,0.4687042991745144,0.3730995155966838,0.3087647268714854,0.2152185368233327,20.0
2025-12-23,401810273,PHX,LAL,0.514903749968206,0.4893897038903975,v1-backfill,1.0,1.8158650698337624,0.7417830520933703,0.6162796734104383,0.5264481819882266,0.4558391942250536,0.3432607372099583,24.0
2025-12-23,401810274,UTAH,MEM,0.3833588903086328,0.4661934028802982,v1-backfill,0.0,-3.563618618560989,0.5966547018439592,0.4587834370934891,0.3711961568507561,0.3098681424008476,0.2191710340055838,-9.0
2025-12-23,401810275,POR,ORL,0.4687843924216251,0.519725304623473,v1-backfill,0.0,-0.719373486652306,0.6777991957056839,0.5503316380512393,0.4654382105953644,0.3926233179086719,0.2826733948121147,-4.0
2025-12-23,401810276,SAC,DET,0.2811892590990789,0.3474134221671183,v1-backfill,0.0,-8.028177348741142,0.4737172423134551,0.3399983122540514,0.2621167263693462,0.2064363109047735,0.1325668808797329,-9.0
2025-12-23,401810277,LAC,HOU,0.3641536708841493,0.4185777972218953,v1-backfill,1.0,-5.982475147633966,0.5391053933555884,0.4194261831325958,0.3493026855603508,0.2723053155850762,0.1719828929531853,20.0
2025-12-25,401809238,NY,CLE,0.6133286417254494,0.6596678005749207,v1-backfill,1.0,5.000024585252115,0.8051219550071014,0.7010925572323634,0.6239684095608602,0.5538696154086455,0.4356846722517027,2.0
2025-12-25,401809239,OKC,SA,0.7188522082592228,0.720092846114311,v1-backfill,0.0,5.817998266315707,0.8377484974081735,0.7595570857371515,0.7037643690231234,0.6107081489095803,0.4616352907130372,-15.0
2025-12-25,401809240,GS,DAL,0.6644192526996066,0.6721131750178215,v1-backfill,1.0,5.954913556601523,0.8295850753985818,0.7419779339064374,0.6779508024949253,0.5983766040049213,0.4659772346482776,10.0
2025-12-25,401809241,LAL,HOU,0.5821338418518202,0.6054498215088505,v1-backfill,0.0,0.1697220542908164,0.7190718077704104,0.6205413457742612,0.5574381313786557,0.449501940297106,0.3000569679399183,-23.0
2025-12-25,401809242,DEN,MIN,0.5684132262766803,0.6012012239194918,v1-backfill,1.0,1.196938660734789,0.731146944771377,0.6289210161750969,0.5617263390311973,0.4710146621061148,0.3356744291510918,4.0
2025-12-26,401810278,ATL,MIA,0.6530328247425852,0.5864484070941919,v1-backfill,0.0,4.38676383262241,0.8115821457799766,0.7209468484178936,0.6563181452821863,0.5626610922902486,0.416464305015973,-15.0
2025-12-26,401810279,ORL,CHA,0.6579464814232784,0.7598765293362363,v1-backfill,0.0,5.7629807646870415,0.8193290876936189,0.722153064058265,0.6499010045996967,0.5791297075152295,0.4587103241521313,-15.0
2025-12-26,401810280,WSH,TOR,0.263651866103201,0.3729944725041415,v1-backfill,1.0,-7.108469054451663,0.502692861665158,0.3557719684365326,0.266464402665205,0.2110449803038901,0.1367786824468268,21.0
2025-12-26,401810281,IND,BOS,0.3052193486486222,0.3671824978864937,v1-backfill,0.0,-6.879007546016334,0.5114801855191496,0.3737327436258533,0.2911259674855885,0.2276215461805598,0.1444502632544523,-18.0
2025-12-26,401810282,CHI,PHI,0.5263281418631102,0.6105515973280939,v1-backfill,1.0,-0.5188565265220388,0.694001865913498,0.5858018788915481,0.5163270843977723,0.4212387637658944,0.286688589260301,7.0
2025-12-26,401810283,MEM,MIL,0.6868932122148007,0.6284869607108645,v1-backfill,1.0,6.056909274104719,0.838797820461859,0.7538349778094418,0.6911518469637776,0.6060971222873076,0.4666434776546122,21.0
2025-12-26,401810284,NO,PHX,0.4612474706061495,0.3949767175540257,v1-backfill,0.0,-1.4088025306460432,0.6627658819684913,0.5399626525207958,0.4603670653186735,0.3816044220379776,0.2667181979862421,-7.0
2025-12-26,401810285,UTAH,DET,0.2841192336503355,0.3058011054006619,v1-backfill,1.0,-7.653186511666623,0.4894886094169581,0.3546212239647931,0.2752191112939335,0.2122439447389379,0.1317233690973114,2.0
2025-12-26,401810286,POR,LAC,0.517609617747304,0.5960041925584147,v1-backfill,0.0,1.7314046829908607,0.7444806391024601,0.617398776512977,0.5256626804935056,0.4527522003821904,0.3378166546165028,-16.0
2025-12-27,401810287,SAC,DAL,0.4977518560327248,0.5409351811791175,v1-backfill,1.0,-0.2457251094662815,0.702535717845842,0.5802647181864985,0.4977759806235581,0.411255568059773,0.2858550907540675,6.0
2025-12-27,401810288,ORL,DEN,0.297294193101798,0.4584562680760877,v1-backfill,1.0,-5.411360601769828,0.5526901461822227,0.4001284175010774,0.3032754035557157,0.2459886104084204,0.1658055438515666,1.0
2025-12-27,401810289,NO,PHX,0.4916174670995314,0.3777292729690227,v1-backfill,0.0,-0.839387968445009,0.6893568487233155,0.5633989748501439,0.4788147273245353,0.3918820277596515,0.2681297403203849,-9.0
2025-12-27,401810290,ATL,NY,0.3759362003568521,0.4113059305914656,v1-backfill,0.0,-4.431279965428441,0.5845873591254975,0.4498721895971002,0.36566996590938,0.2913804077279474,0.1907321062227762,-3.0
2025-12-27,401810291,MIA,IND,0.7046004746492055,0.6640869433531869,v1-backfill,1.0,6.735811576439404,0.8514255665314231,0.7669938687135026,0.7028599613168655,0.6211357553287826,0.484767893865775,26.0
2025-12-27,401810292,CHI,MIL,0.5882883443087721,0.6284361015731684,v1-backfill,0.0,3.2164212142712776,0.7849411449204471,0.6738730519126463,0.5925586843540395,0.5091541800520344,0.3783382210085143,-9.0
2025-12-27,401810293,HOU,CLE,0.4900872967840277,0.6472229822318568,v1-backfill,1.0,1.6981279610689377,0.7292860669292077,0.5985194987077722,0.505132471702219,0.4438492879237741,0.3429203861742272,17.0
2025-12-27,401810294,MIN,BKN,0.830284548386987,0.8002824323007552,v1-backfill,0.0,11.746995589922289,0.9242724525166014,0.8726918399867122,0.8304906287237477,0.7603860563781655,0.6325805285896517,-16.0
2025-12-27,401810295,SA,UTAH,0.8279776358312202,0.801040546174052,v1-backfill,0.0,12.06985689229933,0.9251090982139136,0.872430282587951,0.8287307699182807,0.7624929551744231,0.6400869259682119,-13.0
2025-12-28,401810296,TOR,GS,0.4353625905859156,0.5254396380869235,v1-backfill,1.0,-1.6607581374723432,0.6530336684012358,0.5216150718208931,0.4353408002085133,0.3647029893810561,0.2595049988886589,14.0
2025-12-28,401810297,OKC,PHI,0.8577107714451885,0.8274066978114928,v1-backfill,1.0,11.849006814185966,0.9344767661231788,0.8921785765477386,0.8583460471502035,0.7797044104153534,0.6393306572501978,25.0
2025-12-28,401810298,WSH,MEM,0.2533120957851229,0.3754513810439199,v1-backfill,1.0,-7.769409686433836,0.4842494927192463,0.3401687938153521,0.2539935804922554,0.1981908053472342,0.1253639160223688,4.0
2025-12-28,401810299,POR,BOS,0.337673962944345,0.3946762882417121,v1-backfill,1.0,-5.011923881929112,0.5626746429159204,0.4233521486500058,0.336739515120626,0.2721973381137496,0.1824321959068736,6.0
2025-12-28,401810300,LAC,DET,0.3824529988604881,0.4115892355474026,v1-backfill,1.0,-5.586286830662727,0.5523120279047954,0.4368772981829281,0.3693722366400574,0.2868836833445728,0.1801028849444037,13.0
2025-12-28,401810301,LAL,SAC,0.768739402186907,0.7531108356420979,v1-backfill,1.0,7.9632115790872415,0.8806938427729983,0.8102175131261293,0.7558542566709002,0.6678005327949914,0.5209561704119696,24.0
2025-12-29,401810302,CHA,MIL,0.4159510849563645,0.4869962694729081,v1-backfill,0.0,-1.4457473944708488,0.6593587509652251,0.5244101879789662,0.4344930649915446,0.3656488103492571,0.2621899771720455,-10.0
2025-12-29,401810303,WSH,PHX,0.2913848317900254,0.3495121982874987,v1-backfill,0.0,-7.707178859380692,0.4841415079060313,0.3603241881466282,0.2893138935708614,0.227221526583976,0.1452525605830019,-14.0
2025-12-29,401810304,BKN,GS,0.3700346310268525,0.4337240334611232,v1-backfill,0.0,-4.322878269078818,0.5853890433212505,0.4478511936912979,0.3612847909510876,0.2910634856691485,0.1940009589515854,-13.0
2025-12-29,401810305,MIA,DEN,0.4258272565890377,0.4302278356433743,v1-backfill,1.0,-2.295067464638736,0.6407978707429456,0.5070990904831539,0.4198260624893131,0.3463584570744747,0.2401691825531369,24.0
2025-12-29,401810306,TOR,ORL,0.4858907583969388,0.5388919847304121,v1-backfill,1.0,-0.6052532195545233,0.6790009442067206,0.5634471603336509,0.4888262720061535,0.4101138457792154,0.2925470216444701,1.0
2025-12-29,401810307,CHI,MIN,0.3976207830702738,0.4602922106950525,v1-backfill,0.0,-4.145847182579602,0.5905980588803995,0.4668372378385575,0.3910974833259567,0.3122960601370506,0.2051284511448479,-35.0
2025-12-29,401810308,HOU,IND,0.7955443459703587,0.773325398623798,v1-backfill,1.0,12.346085889492176,0.921699017903421,0.8657691075187164,0.8190624284853393,0.758710645407932,0.6449840470161546,7.0
2025-12-29,401810309,NO,NY,0.4141740795161894,0.2849891803319682,v1-backfill,0.0,-3.9311696149769815,0.5972489886351559,0.4774270969720167,0.4044422412934385,0.3223924465095542,0.2111575630553367,-5.0
2025-12-29,401810310,OKC,ATL,0.8893353188203884,0.8316639179930748,v1-backfill,1.0,15.266666387673002,0.955610619291084,0.9231803637231892,0.8958295746648268,0.8391718244670664,0.7286438616806543,11.0
2025-12-29,401810311,SA,CLE,0.6593630642455716,0.670549766918436,v1-backfill,0.0,5.803944297760914,0.8367839562393342,0.7431535618534081,0.6717674334322292,0.5896390244972731,0.4547048629260533,-12.0
2025-12-29,401810312,POR,DAL,0.5391299779465011,0.6151224181184209,v1-backfill,1.0,1.478968862979584,0.7392336439454644,0.625780788435608,0.5477293795214262,0.4640707884642373,0.3366203704562591,3.0
2025-12-30,401810313,MEM,PHI,0.5334513567866421,0.6337635772733965,v1-backfill,0.0,0.8639758891111429,0.7262020384458857,0.6114463800641416,0.5335116357252925,0.4476866066569235,0.3194490345992226,-3.0
2025-12-30,401810314,UTAH,BOS,0.375757663886418,0.3620720890750509,v1-backfill,0.0,-4.977645907048082,0.5664600873078848,0.4415438310831993,0.3661635280875251,0.2904592123369939,0.1887263230836774,-10.0
2025-12-30,401810315,LAL,DET,0.5117791465556404,0.5642956431664192,v1-backfill,0.0,-1.3044660907879813,0.6780263957754045,0.56674092459588,0.4957968280289279,0.3971384665210837,0.2622007450965403,-22.0
2025-12-30,401810316,LAC,SAC,0.7294313545856145,0.6577147853582768,v1-backfill,1.0,7.167656377828274,0.8646654597400429,0.7913702295380479,0.7367291292795269,0.646892688055071,0.4991739730679692,41.0
2025-12-31,401810317,CHA,GS,0.3023848216927208,0.3959064013146397,v1-backfill,0.0,-6.37217102947543,0.5240702018479767,0.3880291739910622,0.3061247284606413,0.2427700970290495,0.1576728639793691,-7.0
2025-12-31,401810318,ATL,MIN,0.4193694710027204,0.413533292425297,v1-backfill,1.0,-3.499515003188455,0.6094671704774537,0.4842429588133328,0.4062416831450155,0.326418857837606,0.2166191763631216,24.0
2025-12-31,401810319,IND,ORL,0.3454685891721873,0.4390079241479708,v1-backfill,0.0,-5.924776848811318,0.5396789918900091,0.411080796187507,0.3341653251118119,0.2624610502343633,0.1677942748977309,-2.0
2025-12-31,401810320,CLE,PHX,0.6753001271742066,0.5686959133548019,v1-backfill,1.0,3.908804596082064,0.80322353696428,0.7183623200656994,0.6601597157981169,0.558913579009133,0.4049020802802011,16.0
2025-12-31,401810321,CHI,NO,0.5038253532369111,0.7205247956739957,v1-backfill,1.0,-0.3287564083101859,0.6974946375419852,0.5778316968575702,0.4981389925093318,0.4122797535413635,0.2874144868627099,16.0
2025-12-31,401810322,SA,NY,0.6586274964433164,0.5431850496605645,v1-backfill,1.0,4.410960026291445,0.8141665039451605,0.7233008854935535,0.658118593379333,0.5632727425740666,0.4157316834769626,2.0
2025-12-31,401810323,TOR,DEN,0.6103717315368431,0.459747241879371,v1-backfill,0.0,3.526800015776927,0.7783203286539988,0.682024519085513,0.6158128042094891,0.5327985714108973,0.4006655694783853,-3.0
2025-12-31,401810324,MIL,WSH,0.8215718039692398,0.7365862339086541,v1-backfill,0.0,10.145489116091646,0.9091512332474214,0.8564448235953642,0.8160803799704648,0.7335163368807669,0.5900514265142083,-1.0
2025-12-31,401810325,OKC,POR,0.8956532696774128,0.8222524786040463,v1-backfill,1.0,13.828198260806849,0.9504336786742787,0.9188779206581008,0.8937830737834968,0.8248164247581875,0.6962739851775932,29.0
2026-01-01,401810326,BKN,HOU,0.233566253813126,0.3473957249336756,v1-backfill,0.0,-9.956034822126588,0.4210723095447839,0.295808812996491,0.2258964034047072,0.1715771714314473,0.1039119412131182,-24.0
2026-01-01,401810327,DET,MIA,0.6228336030763457,0.7061918527053513,v1-backfill,0.0,4.250741987994276,0.7929632586953146,0.694731295541311,0.6250352502418844,0.5464021646286832,0.4183772666648248,-6.0
2026-01-01,401810328,DAL,PHI,0.4534222395591651,0.5437832925607181,v1-backfill,0.0,-1.7780522136019092,0.6532073350009419,0.5265943610971002,0.44446073373577,0.3678135463538809,0.2563687801546828,-15.0
2026-01-01,401810329,SAC,BOS,0.2980569605595113,0.3488652556308326,v1-backfill,0.0,-7.276851370391455,0.4997584413759111,0.3641033246357015,0.2836494581868042,0.2206303753188322,0.1388416960508225,-14.0
2026-01-01,401810330,LAC,UTAH,0.8155050988411265,0.6737566794617764,v1-backfill,1.0,10.943431325604406,0.9182328140410728,0.8656067910323462,0.8235660985457675,0.7470920199914052,0.6110709214394018,17.0
2026-01-02,401810331,IND,SA,0.2612060089184846,0.3504939308493865,v1-backfill,0.0,-7.778037599501688,0.4821987804337088,0.3413391342437375,0.2577243051576232,0.2026758873207096,0.1298373564263212,-10.0
2026-01-02,401810332,WSH,BKN,0.7047274270097245,0.5432548073885002,v1-backfill,1.0,5.529892946833116,0.8352077188566309,0.7516600540594482,0.6909171982387069,0.5979359445910503,0.4498545893483054,20.0
2026-01-02,401810333,CLE,DEN,0.7711273969336997,0.4969980023939849,v1-backfill,1.0,7.383222393789046,0.8804348441852566,0.8170145781333072,0.7701112503368468,0.6674899080158873,0.5035164216367086,5.0
2026-01-02,401810334,NY,ATL,0.4994592314002264,0.7447439360900289,v1-backfill,0.0,1.3741719036508684,0.7246959448143315,0.5943490010275301,0.501938022230875,0.4377939484992005,0.3338842514184424,-12.0
2026-01-02,401810335,CHI,ORL,0.4001460726422432,0.5189980526347606,v1-backfill,1.0,-3.8824630270902873,0.6025045880331005,0.4758071601543542,0.397031118684757,0.3143140984309908,0.2035568297677362,7.0
2026-01-02,401810336,MIL,CHA,0.7259417406650563,0.6902166684818996,v1-backfill,1.0,5.8699932392340655,0.8472171756695241,0.7707658539706402,0.7154530560787886,0.6158313645255794,0.4589977430234933,1.0
2026-01-02,401810337,NO,POR,0.4459132889580301,0.4360942271623993,v1-backfill,0.0,-2.894400366133948,0.6257643019898833,0.5069885035492193,0.4332331359791275,0.3494562999496775,0.2333943952885335,-13.0
2026-01-02,401810338,PHX,SAC,0.7653977414022995,0.7363904879567352,v1-backfill,1.0,10.699785140320133,0.8938134120141412,0.8240779731413541,0.767897520664943,0.7083848026770967,0.5975797157922739,27.0
2026-01-02,401810339,GS,OKC,0.14833750980839,0.3755495171149087,v1-backfill,0.0,-12.600930144813557,0.338291937919236,0.2102038595990731,0.1406847576489088,0.1097324914286359,0.0693655994517992,-37.0
2026-01-02,401810340,LAL,MEM,0.6302596553195735,0.6832395915116363,v1-backfill,1.0,3.0795007964109247,0.7825122382016383,0.690709030709433,0.628210159750185,0.5301543643619216,0.3819648403728084,7.0
2026-01-03,401810341,MIA,MIN,0.4451438809963635,0.502649276214302,v1-backfill,0.0,-1.1400021100164928,0.6702010626441015,0.5377992404027769,0.4491850944204949,0.3764973813740945,0.2681343765296178,-10.0
2026-01-03,401810342,NY,PHI,0.5075248902510063,0.7178699431639176,v1-backfill,0.0,0.8551058891771994,0.7187067805504938,0.5996325701112462,0.5184884216463561,0.4413500268239269,0.3227051059592968,-11.0
2026-01-03,401810343,TOR,ATL,0.640185101798753,0.6072951911535784,v1-backfill,1.0,5.275347840403686,0.8165350026951018,0.7144806490786542,0.6376072435113412,0.5641611745325714,0.4412582201862144,17.0
2026-01-03,401810344,CHI,CHA,0.6280454489727971,0.7200408425103615,v1-backfill,0.0,3.220430202608763,0.7791968720702851,0.680735615727307,0.6124102718916319,0.5243210459246704,0.3871980115077237,-13.0
2026-01-03,401810345,SA,POR,0.7689424471883134,0.7207967111493989,v1-backfill,0.0,7.924294989934033,0.8700166331580773,0.8045653586706762,0.7571006085284574,0.6710932147331279,0.5265676988722618,-5.0
2026-01-03,401810346,DAL,HOU,0.410461674816174,0.3711306147520248,v1-backfill,1.0,-4.44026258000051,0.5835710220637215,0.4618426189324968,0.3880776354373896,0.3072682281525711,0.1990385504437091,6.0
2026-01-03,401810347,GS,UTAH,0.727699036931677,0.7327518796211385,v1-backfill,1.0,7.049606324650798,0.8603767582251476,0.7840880558636868,0.7270211030584509,0.6397674617943964,0.4955821713426298,9.0
2026-01-03,401810348,LAC,BOS,0.5200992230055372,0.4365135511242162,v1-backfill,0.0,0.0971996199873492,0.7118838090004345,0.5980132657080235,0.5222004763714767,0.4298559004546823,0.2969529061162807,-31.0
2026-01-04,401810349,CLE,DET,0.6002836279924775,0.5328248045545213,v1-backfill,0.0,2.203621660651616,0.7634528827816951,0.6621924473083833,0.5929203157067099,0.4973543592679311,0.3546671774276072,-4.0
2026-01-04,401810350,ORL,IND,0.7495894164768002,0.732003791492373,v1-backfill,1.0,9.597995891688916,0.8878358274623948,0.81446885698513,0.755461860018709,0.6881565107725413,0.5671352799631829,8.0
2026-01-04,401810351,BKN,DEN,0.3733474110944176,0.3165235977735346,v1-backfill,1.0,-4.197784125053639,0.586744565954179,0.4538942439578756,0.3710782359152752,0.3001711383116954,0.2014215897354449,12.0
2026-01-04,401810352,MIA,NO,0.6815219505573508,0.7626410355043095,v1-backfill,1.0,5.590336462319021,0.8317115452317926,0.7469776094502606,0.6855306630637742,0.5967081374338721,0.4534641720232609,19.0
2026-01-04,401810353,WSH,MIN,0.2487778258688305,0.3129522709124435,v1-backfill,0.0,-7.875818295053096,0.4810811659234777,0.3348080878144619,0.2470964144330806,0.1928214842420252,0.1219804635005813,-26.0
2026-01-04,401810354,PHX,OKC,0.231754067171774,0.3710405495759178,v1-backfill,1.0,-7.660058688008545,0.4871741207108431,0.3329250680309508,0.2386669482666699,0.1882233705521271,0.1211393755471502,3.0
2026-01-04,401810355,SAC,MIL,0.3716683567859158,0.4967080094172197,v1-backfill,0.0,-3.543028144630112,0.5978585492006423,0.461359891169576,0.3748342391439559,0.3121090203245044,0.2198083220628641,-17.0
2026-01-04,401810356,LAL,MEM,0.7149291331465707,0.6957306661096797,v1-backfill,1.0,5.433729175379676,0.8412016884728607,0.7646818696819274,0.7100838436366235,0.6061507909294593,0.445357452881467,6.0
2026-01-05,401810357,DET,NY,0.4870764429299776,0.6123544166355505,v1-backfill,1.0,-0.116362735696776,0.6990854628511654,0.5785483392592894,0.4979353536359766,0.4163626417253195,0.2953280250621565,31.0
2026-01-05,401810358,BOS,CHI,0.7528061554783846,0.7436159450032419,v1-backfill,1.0,11.02222911380315,0.8904795309650861,0.8206402136140046,0.7650624324137706,0.7100414600950342,0.6057703562430741,14.0
2026-01-05,401810359,TOR,ATL,0.5693813463539497,0.6244068563399898,v1-backfill,1.0,3.493286759947153,0.7813985631643141,0.665929863182707,0.5806691712017631,0.5076668858004176,0.3887839923611894,18.0
2026-01-05,401810360,HOU,PHX,0.6638904376438003,0.6209758311176121,v1-backfill,1.0,5.986672773869358,0.8294858051903444,0.7368957733290166,0.6678008474621178,0.5919702815672288,0.4645295081135769,3.0
2026-01-05,401810361,OKC,CHA,0.8992658609914681,0.878574408761713,v1-backfill,0.0,14.205671256221144,0.952536316125762,0.921169248725206,0.895832394441372,0.8298166436071135,0.7054201052799309,-27.0
2026-01-05,401810362,PHI,DEN,0.899714429598958,0.4596989215471508,v1-backfill,0.0,14.289277023290843,0.9561879409506984,0.9245904676720046,0.8980925631828066,0.8317633272292743,0.7068412619128114,-1.0
2026-01-05,401810363,LAC,GS,0.4941649040641059,0.5143113603628953,v1-backfill,1.0,-0.7591579230053114,0.6807973071248481,0.5653994131796936,0.4907774283598397,0.4067326467044317,0.2841880484186557,1.0
2026-01-05,401810364,POR,UTAH,0.5756516116500251,0.6919429728317831,v1-backfill,1.0,3.527475155531328,0.7708661208711696,0.6588794841979146,0.5785595831025641,0.5101633768095184,0.3966119935070067,20.0
2026-01-06,401810365,IND,CLE,0.3037259985251552,0.3948495270920899,v1-backfill,0.0,-6.686983470528142,0.5140633236432292,0.3763568308544438,0.2936558076877434,0.2331853168430381,0.1517714169383869,-4.0
2026-01-06,401810366,WSH,ORL,0.3073054026273747,0.3754198008237733,v1-backfill,1.0,-6.144024485240145,0.5334956490976492,0.3968654254604941,0.3140235155191229,0.2468946297241612,0.1581068617583415,8.0
2026-01-06,401810367,MEM,SA,0.2908593360572217,0.4475481763170576,v1-backfill,1.0,-6.686104773503651,0.5131054161071631,0.3710100614194362,0.2849438945919381,0.2278495979498433,0.1500053416706554,1.0
2026-01-06,401810368,MIN,MIA,0.6308673892275928,0.6856223817773681,v1-backfill,1.0,4.769843357894327,0.7940164775212922,0.7000993365701412,0.6344118341727909,0.5609412555298158,0.4381965037137251,28.0
2026-01-06,401810369,NO,LAL,0.3121906770250975,0.2936746242151743,v1-backfill,0.0,-4.928525485970991,0.5633504458565258,0.4143179951002979,0.3196843881300164,0.2624823184534973,0.1805562393716808,-8.0
2026-01-06,401810370,SAC,DAL,0.3417808126334239,0.5299287407767231,v1-backfill,0.0,-4.361996933368511,0.5826315449683053,0.4377117974524251,0.345192796088844,0.2813452677796498,0.1911671793922687,-2.0
2026-01-07,401810371,CHA,TOR,0.3804090333569072,0.4464248202863189,v1-backfill,0.0,-3.664304495302999,0.6029840612277568,0.4697766947771006,0.3856406529078889,0.3128414453905174,0.2109181586689678,-1.0
2026-01-07,401810372,DET,CHI,0.6487824727946638,0.7411740203754228,v1-backfill,1.0,6.3364376616129015,0.8298351251907385,0.7348546796446237,0.6632141619692586,0.5938059536181377,0.4743460002794039,15.0
2026-01-07,401810373,PHI,WSH,0.8736836645994432,0.7124748703126127,v1-backfill,1.0,14.530208499970165,0.948721331657833,0.9078885848887026,0.8720979055591707,0.8154247125213254,0.7055247129186539,21.0
2026-01-07,401810374,ATL,NO,0.779748416110085,0.7326885442617166,v1-backfill,1.0,8.80988236358436,0.8835996520600481,0.8182738738413894,0.7688957777992168,0.6884628767345382,0.5500107738447718,17.0
2026-01-07,401810375,BOS,DEN,0.7351229591069616,0.6129983199302084,v1-backfill,0.0,8.647585806197249,0.8808090500736752,0.8082864253459867,0.7516732310238817,0.6749015968035645,0.5418548056825119,-4.0
2026-01-07,401810376,BKN,ORL,0.4850734313754461,0.4324321054721424,v1-backfill,0.0,-0.4376551482951294,0.6920219541976399,0.5678163113633601,0.4845602937890468,0.4040201423977653,0.285189560411575,-1.0
2026-01-07,401810377,NY,LAC,0.5811696418820623,0.6818210202072509,v1-backfill,1.0,3.2433341886393343,0.7704293012090809,0.6621939754552378,0.5855766434824166,0.510345610160186,0.388685240168214,12.0
2026-01-07,401810378,SA,LAL,0.7682170803309456,0.5709471128568426,v1-backfill,1.0,9.5245977387437,0.8884818106150243,0.8203632354101039,0.7671038488984292,0.6954750719241046,0.5682606050341363,16.0
2026-01-07,401810379,MEM,PHX,0.4352809344389186,0.5034009010711783,v1-backfill,0.0,-3.022210922682537,0.6187297101745615,0.5003650318991878,0.4273517611061087,0.3472347139232599,0.2347299954698169,-19.0
2026-01-07,401810380,OKC,UTAH,0.910263680850404,0.8636351559137848,v1-backfill,1.0,14.92705810658804,0.9607423212518196,0.9326474369824522,0.9091661585103288,0.8455779687395134,0.7242937809901925,4.0
2026-01-07,401810381,GS,MIL,0.6229194011077179,0.6460043777557714,v1-backfill,1.0,4.584913214027074,0.8107635802688973,0.7072481881952739,0.6297802560185799,0.5493819645435872,0.4190978635603625,7.0
2026-01-07,401810382,POR,HOU,0.4233606418262187,0.4647304739328717,v1-backfill,1.0,-2.6483719902869165,0.6308480023282024,0.5044170920154417,0.4240484377446075,0.3463886255130008,0.236239826864621,1.0
2026-01-08,401810383,CHA,IND,0.6553040068496762,0.5967525885264077,v1-backfill,0.0,6.113147579861248,0.8363345667876055,0.7449381087131792,0.675987965614037,0.5975463824914268,0.4665759295305064,-2.0
2026-01-08,401810385,MIN,CLE,0.5894758562340021,0.6477979511818036,v1-backfill,1.0,3.69396853436263,0.7911475423733704,0.6804430419202616,0.5985914275800317,0.5197431998341376,0.3932716641053405,9.0
2026-01-08,401810386,UTAH,DAL,0.3585954550980793,0.5171350154523227,v1-backfill,1.0,-4.260164985731263,0.5825534417593972,0.4470398302525437,0.362312034760032,0.2955959752379519,0.2011875641412872,2.0
2026-01-09,401810387,BOS,TOR,0.7542968753159621,0.693406052302448,v1-backfill,1.0,9.056958199755204,0.8897480114314114,0.8208056053160795,0.7663831438313382,0.688627626187161,0.553624690496177,8.0
2026-01-09,401810388,ORL,PHI,0.4410408666724232,0.6308949999055657,v1-backfill,0.0,-1.7749499152916783,0.6480720781937006,0.5171438977456526,0.4316927663492191,0.3623942605677341,0.2587664391136841,-12.0
2026-01-09,401810389,WSH,NO,0.4186735105103506,0.631487898627767,v1-backfill,0.0,-2.427684538035757,0.63116441309741,0.5051701116434474,0.4251441118765768,0.3525572778490724,0.24659207417765,-21.0
2026-01-09,401810390,BKN,LAC,0.3587803104836927,0.4622467438316875,v1-backfill,0.0,-3.805108368717526,0.6034576992382932,0.4562063310552928,0.3601598941324028,0.2920933744999953,0.1968431848764926,-16.0
2026-01-09,401810391,MEM,OKC,0.4086820110528094,0.3193859637654474,v1-backfill,0.0,-2.915557943330536,0.6163998422391126,0.495084489057126,0.4198331000557087,0.3464947306718642,0.240415484891552,-1.0
2026-01-09,401810392,DEN,ATL,0.4099292248085594,0.7432741708286521,v1-backfill,0.0,-1.9368356610246389,0.6390249894074661,0.499561946029561,0.4074076158808584,0.3472463613401401,0.2544652059712009,-23.0
2026-01-09,401810393,PHX,NY,0.5075827085054146,0.5590692571662742,v1-backfill,1.0,1.2604841240504978,0.7227316880606242,0.6043711978727138,0.5234793046420975,0.4509430693207942,0.3365589835544604,5.0
2026-01-09,401810394,GS,SAC,0.7994677466099595,0.7563897345378578,v1-backfill,1.0,10.73659810415054,0.9161770213910008,0.8573571243926351,0.8086140642482805,0.7343340557008592,0.601837537183659,34.0
2026-01-09,401810395,POR,HOU,0.4215524181006125,0.489323496854138,v1-backfill,1.0,-2.697696331223144,0.6356573035411328,0.5020515027616541,0.4152589128673731,0.3360283971706724,0.2256147496001796,6.0
2026-01-09,401810396,LAL,MIL,0.5998161577961423,0.7046925519930546,v1-backfill,0.0,3.0449389922925265,0.769621412232538,0.6669823805215858,0.5957804802301999,0.5138798180716695,0.3843779418248692,-4.0
2026-01-10,401810397,CLE,MIN,0.5424108042673701,0.5041308265526709,v1-backfill,1.0,0.623709704304817,0.7212784266550348,0.6101954186847199,0.5360313269889447,0.4462968324584365,0.3142716496966077,12.0
2026-01-10,401810398,IND,MIA,0.2847878129555123,0.4460917006026696,v1-backfill,1.0,-7.222654659108135,0.5008718315233774,0.3625251243833842,0.2799645575251232,0.2186464824837862,0.1384989499716209,24.0
2026-01-10,401810399,DET,LAC,0.5205841576549102,0.7223125419409155,v1-backfill,0.0,1.760392804185579,0.7420526610566502,0.616761970438569,0.5271041393781926,0.4551442496924646,0.3410931931565134,-6.0
2026-01-10,401810400,BOS,SA,0.4457527369505197,0.6279719530981714,v1-backfill,0.0,-1.1872505607507329,0.6661421764019753,0.5436239403749104,0.4640148645666047,0.3873507015097956,0.2739737018836365,-5.0
2026-01-10,401810401,CHI,DAL,0.6404854605687684,0.6207010049318349,v1-backfill,1.0,4.601884317676188,0.8065902022995446,0.7143016847865542,0.6486874546995528,0.5635792080279358,0.4268877594576699,18.0
2026-01-10,401810402,UTAH,CHA,0.493007653617306,0.6093843069887597,v1-backfill,0.0,-1.21168849630026,0.659049382055805,0.5497348875090216,0.4816457803142919,0.403078092905609,0.2863096111397455,-55.0
2026-01-11,401810403,ORL,NO,0.6692276044152914,0.7734712604336215,v1-backfill,1.0,5.496702396276717,0.8303458382463499,0.7385774714752861,0.6701974438411672,0.5854099573271417,0.4476121521125423,10.0
2026-01-11,401810404,MEM,BKN,0.7223235967014858,0.6895667396842378,v1-backfill,1.0,7.248892148704812,0.8624706173000332,0.7856940694831912,0.7277805488692571,0.6428392266716769,0.5012656402098213,5.0
2026-01-11,401810405,TOR,PHI,0.4877747539173705,0.6014629347320944,v1-backfill,1.0,0.0441183857378097,0.6965285765728862,0.5738083680969965,0.4914728900424103,0.4169898893350606,0.3031938333749455,1.0
2026-01-11,401810406,POR,NY,0.4359497261672143,0.5148430663200442,v1-backfill,0.0,-0.90124661547744,0.67947362155623,0.544541173640098,0.4527653230407565,0.3794867890080115,0.270249539100597,-9.0
2026-01-11,401810407,MIN,SA,0.5210519482760501,0.5922513995016566,v1-backfill,1.0,0.3617189850141757,0.707550706500317,0.5918440383535571,0.5147813064929543,0.4337530667579557,0.311680889464867,1.0
2026-01-11,401810408,OKC,MIA,0.8477564175807986,0.7991530119494502,v1-backfill,1.0,11.78027746786452,0.9297923109348502,0.8817135698662898,0.8422870020109714,0.7682837348730539,0.6347392080625783,12.0
2026-01-11,401810409,DEN,MIL,0.3987193654639996,0.7117745523046906,v1-backfill,1.0,-2.0730273498610474,0.6486936034098736,0.5037441681075454,0.4058298779202419,0.3383220421908928,0.2387506245376948,4.0
2026-01-11,401810410,PHX,WSH,0.8253444493353839,0.8048559468016832,v1-backfill,1.0,12.456553465906444,0.9293048400939024,0.8797023427475492,0.8385995212802115,0.7731550947796917,0.6515098414266741,19.0
2026-01-11,401810411,GS,ATL,0.6261899083246785,0.6561953155553092,v1-backfill,0.0,5.195342397982008,0.8189476834941923,0.7172109426163452,0.6402730309564318,0.5640080254071616,0.437686684370265,-13.0
2026-01-11,401810412,SAC,HOU,0.2383252626734582,0.3436936846020346,v1-backfill,1.0,-10.17231240464681,0.4161669669713394,0.2896367337375511,0.2189878795664393,0.163852235982641,0.0968845891253925,13.0
2026-01-12,401810413,CLE,UTAH,0.8327380703726461,0.7629464427367136,v1-backfill,0.0,11.353041736684196,0.927100103178064,0.8801068986817996,0.8425413100169837,0.7638428230912576,0.6240845366208296,-11.0
2026-01-12,401810414,IND,BOS,0.4010557788306654,0.3364734618286512,v1-backfill,1.0,-4.248231186115894,0.5843475805365388,0.4649930481768797,0.3930400207739317,0.3159492843401342,0.2098226261343377,2.0
2026-01-12,401810415,TOR,PHI,0.489394640149052,0.6189225826208534,v1-backfill,0.0,-0.7483274824577633,0.6808018049420598,0.5582652361286914,0.4774661516895388,0.3982505873535562,0.2812904489951359,-13.0
2026-01-12,401810416,DAL,BKN,0.6195293567985861,0.652478241646956,v1-backfill,1.0,3.103684349755945,0.7725243086529311,0.670717620756225,0.5999799329394286,0.5166148005617405,0.385277854508387,8.0
2026-01-12,401810417,SAC,LAL,0.283043599484072,0.3676502110682609,v1-backfill,1.0,-7.411555040204771,0.4947730435769445,0.3596909472110211,0.2798951419944775,0.2184673910392532,0.1382571363189876,12.0
2026-01-12,401810418,LAC,CHA,0.7407119290158518,0.717872335324532,v1-backfill,1.0,6.754168182804333,0.8466967296449633,0.7736054304823423,0.72165526163386,0.6356282248036283,0.4931725286871115,8.0
2026-01-13,401810419,MIA,PHX,0.5553581401813884,0.4848967679297148,v1-backfill,1.0,0.584524685890826,0.7072649806534088,0.6043898742607287,0.5384628599231462,0.4547130572645045,0.3279765433464163,6.0
2026-01-13,401810420,HOU,CHI,0.7232657798238347,0.6886944538258989,v1-backfill,1.0,8.981142441998704,0.8741163662894064,0.7959013172552575,0.7343210055514148,0.6683253994891936,0.5499284573668386,6.0
2026-01-13,401810421,MIL,MIN,0.5037867768182617,0.4296546894712065,v1-backfill,0.0,-0.7016982332007755,0.677599141368081,0.5657824003554823,0.494422583898054,0.4124853896214979,0.2914540180843216,-33.0
2026-01-13,401810422,NO,DEN,0.4735322983040335,0.2679143549154251,v1-backfill,0.0,-0.9417747875130216,0.6779387234948973,0.5566264056799017,0.4771306963622966,0.3950074941194788,0.2755082429123843,-6.0
2026-01-13,401810423,OKC,SA,0.7554098685858424,0.7180715579933435,v1-backfill,1.0,7.285848988883927,0.8676209989273511,0.7997527421219864,0.7502024921580835,0.656932929613262,0.5045039966976625,21.0
2026-01-13,401810424,LAL,ATL,0.4352140464791482,0.6555166443128698,v1-backfill,1.0,-1.4796147538315312,0.6666222548592999,0.5281964794504125,0.4344869261999413,0.3610300354781436,0.2533744961675021,25.0
2026-01-13,401810425,GS,POR,0.7514938976029978,0.6145806817576287,v1-backfill,1.0,7.739406148912757,0.8741304001573393,0.8040751441986983,0.7512939125889909,0.6630645459628175,0.5162879872598269,22.0
2026-01-14,401810426,IND,TOR,0.5142664802162781,0.4679698845473747,v1-backfill,0.0,0.6255595673543981,0.7158370045563197,0.5976310805082176,0.5175598694668728,0.4372269492892454,0.3155679552467036,-14.0
2026-01-14,401810427,PHI,CLE,0.5389727286531644,0.5430253264473535,v1-backfill,0.0,1.8082147144406564,0.7426556144091051,0.6251186463683878,0.5428605310915684,0.4661323935185842,0.3459614000591875,-26.0
2026-01-14,401810428,CHI,UTAH,0.6947866437124447,0.6620666088294899,v1-backfill,1.0,6.0833733952345295,0.8404037157867883,0.7576244606623275,0.6969223047948836,0.6098816282791553,0.467838184796357,2.0
2026-01-14,401810429,NO,BKN,0.6170150969643609,0.5397324273279777,v1-backfill,1.0,2.8866531824087627,0.7716975035248961,0.6781940545507419,0.6151904740895164,0.5226901978753936,0.3809611785576157,3.0
2026-01-14,401810430,DAL,DEN,0.5136220953254889,0.3728800787720911,v1-backfill,0.0,-0.0542009489910224,0.7017452595041711,0.5832366593637697,0.5041950437022142,0.4204216273583281,0.2968031386138141,-9.0
2026-01-14,401810431,SAC,NY,0.2885676085678019,0.3617968303025389,v1-backfill,1.0,-8.059543517302028,0.4769093632086919,0.3516991507834683,0.2799425843854597,0.2158386759562643,0.1339063575820163,11.0
2026-01-14,401810432,LAC,WSH,0.8146048020484007,0.7616960220787057,v1-backfill,1.0,9.80924842858509,0.9117588054388452,0.8577910779463778,0.8155742538396378,0.7278549023469538,0.578059821426165,14.0
2026-01-15,401810433,ORL,MEM,0.6090138616798147,0.5550291823682091,v1-backfill,1.0,3.4653061701927816,0.7967515588832774,0.6879181926913666,0.6071369949121106,0.5188573605585862,0.3819605638927911,7.0
2026-01-15,401810434,DET,PHX,0.7278733559198721,0.6349456078993602,v1-backfill,1.0,7.227108670101627,0.8628162533211721,0.7896149589027132,0.7353542728912311,0.6474981570962611,0.5021140439605631,3.0
2026-01-15,401810435,MIA,BOS,0.5356778267023434,0.4677538804907032,v1-backfill,0.0,-0.2862677092723906,0.7005678513505603,0.5921625930950024,0.5220302689852582,0.4267983255607311,0.2915034729537,-5.0
2026-01-15,401810436,HOU,OKC,0.346472701733281,0.4103991204139679,v1-backfill,0.0,-3.594054390483779,0.608055397788613,0.4599244513337427,0.3627482390742977,0.2964673960664475,0.2023666278577168,-20.0
2026-01-15,401810437,SA,MIL,0.7553191849397348,0.707782626002605,v1-backfill,1.0,9.490855490126192,0.890958962710054,0.8208200359096145,0.7648025739151848,0.6928950998118782,0.565420244309149,18.0
2026-01-15,401810438,DAL,UTAH,0.5462704087016345,0.6255030394123817,v1-backfill,1.0,0.761087135887367,0.7167324479685786,0.6068742281842479,0.5341907157116618,0.4506551575644623,0.3244972410858694,22.0
2026-01-15,401810439,GS,NY,0.7344158007879837,0.5448917395638524,v1-backfill,1.0,6.937798371505854,0.8653363656466458,0.787883090541466,0.7287696841623409,0.6375900728902336,0.4888762178973588,13.0
2026-01-15,401810440,POR,ATL,0.4203614571908503,0.5988121579787143,v1-backfill,1.0,-1.0178969955986543,0.6741844390628324,0.5318908644212715,0.4338682322920074,0.3673640064773119,0.2661800778278712,16.0
2026-01-15,401810441,LAL,CHA,0.6559665898058319,0.7725876442155307,v1-backfill,0.0,3.3795716710579007,0.7909431670663087,0.7004061487171025,0.6382199410434098,0.5391205354673504,0.3890624457003883,-18.0
2026-01-16,401810442,BKN,CHI,0.4218937622930452,0.4420037105136384,v1-backfill,1.0,-1.5922304736186057,0.6516772952924936,0.5151144008362734,0.4244367675286126,0.359691927436844,0.2610098047008286,3.0
2026-01-16,401810443,IND,NO,0.5442949589006717,0.6650323784262245,v1-backfill,1.0,1.341124302326624,0.7341231759949247,0.6224756196489902,0.546602293043856,0.4627843533537839,0.3352770117055835,8.0
2026-01-16,401810444,PHI,CLE,0.5313926694338669,0.5181168224555637,v1-backfill,0.0,1.8255978047797043,0.7501697475022278,0.6242616623233268,0.532924450941584,0.4570878111811844,0.3385929626950772,-2.0
2026-01-16,401810445,TOR,LAC,0.598701954421602,0.5854192141455647,v1-backfill,0.0,3.589430000591276,0.7778444855035361,0.6779336482789835,0.6083936237097988,0.5291053280251551,0.4014804599384396,-4.0
2026-01-16,401810446,HOU,MIN,0.4890506489655072,0.5181931014375688,v1-backfill,1.0,0.0983350848037538,0.7015515860646218,0.5781089424914744,0.4946529303300054,0.4178064895969382,0.3014663862584441,5.0
2026-01-16,401810447,SAC,WSH,0.7801819551046333,0.6630386300358018,v1-backfill,1.0,8.362941065514132,0.8918465247554188,0.8292497967014116,0.7813562746321349,0.6880514713101441,0.5336266360721303,13.0
2026-01-17,401810448,DAL,UTAH,0.5826751915058214,0.6415176776347961,v1-backfill,1.0,2.506792174173855,0.7593977071860473,0.6551313452835589,0.5834987847703195,0.4995775466497462,0.3689374472304228,18.0
2026-01-17,401810449,ATL,BOS,0.4786708167530528,0.4338747856226801,v1-backfill,0.0,-2.380436886586713,0.6365663264881926,0.5228371573669152,0.4525156127593399,0.3688017062178351,0.2505738759842356,-26.0
2026-01-17,401810450,DET,IND,0.9357330678383584,0.7921540922357595,v1-backfill,1.0,20.12591379096084,0.9788916475269628,0.9581844488474576,0.938141755164136,0.904315675145564,0.8306601692972366,43.0
2026-01-17,401810451,NY,PHX,0.4443340761940647,0.5943507387858827,v1-backfill,0.0,-2.768930259663902,0.6187630063217499,0.4986224424777993,0.4241795460463299,0.3515814555794977,0.2457026502221694,-7.0
2026-01-17,401810452,MIA,OKC,0.231100612404575,0.3128915252718923,v1-backfill,1.0,-8.743013923400833,0.4542666536205455,0.313013182101882,0.2303224208054022,0.1787885109160021,0.1121420974323363,2.0
2026-01-17,401810453,SA,MIN,0.6556447007045714,0.5617176797023797,v1-backfill,1.0,4.652519303641984,0.8160828582959319,0.7168609864976548,0.6430019405690951,0.5574450295738178,0.4206707660181184,3.0
2026-01-17,401810454,GS,CHA,0.6743916636461955,0.7464260686567981,v1-backfill,1.0,4.872217203286805,0.8186378100960316,0.7269664135940597,0.6603923475171372,0.5718640060105256,0.4306907204065006,20.0
2026-01-17,401810455,DEN,WSH,0.8592302578346153,0.8491852621070703,v1-backfill,1.0,13.704985290370807,0.938817572781874,0.8942878717850158,0.8567952887997943,0.7976372860527712,0.684470158590737,6.0
2026-01-17,401810456,POR,LAL,0.6537872178694988,0.5367288685964181,v1-backfill,1.0,6.029893383424007,0.8308947231566726,0.7396908971305555,0.6718081196669857,0.5949675815190345,0.4661100600531703,16.0
2026-01-18,401810457,MEM,ORL,0.4716088901043788,0.4248294905569961,v1-backfill,1.0,-0.6369608638933562,0.6932574398518537,0.5623513435350188,0.4728939173432052,0.3911849283057345,0.2724732889268263,17.0
2026-01-18,401810458,CHI,BKN,0.7221910035217091,0.6944534193441515,v1-backfill,1.0,6.607073182503353,0.852412501057735,0.7762917716148058,0.720590797879171,0.6306329347922667,0.4838086934405236,22.0
2026-01-18,401810459,HOU,NO,0.7328610773151992,0.8230909273398952,v1-backfill,1.0,8.757997791043465,0.8779980160759673,0.8039252719442767,0.7461526976277663,0.6731458927813744,0.5451102415429188,9.0
2026-01-18,401810460,DEN,CHA,0.5962072779770827,0.8123313388595915,v1-backfill,0.0,2.3467093352185966,0.7576974994787182,0.649210575561047,0.5738203751216846,0.4907613359142999,0.3617543224374233,-23.0
2026-01-18,401810461,SAC,POR,0.6065716739336713,0.4647974804150063,v1-backfill,0.0,1.907598465222005,0.754160792859466,0.6543867548611862,0.5873646927896915,0.4917644335702887,0.3495601684138221,-7.0
2026-01-18,401810462,LAL,TOR,0.5109549396464945,0.6226796268614532,v1-backfill,1.0,-0.4618547658612932,0.6830080207722031,0.5760214641883571,0.5083231804207361,0.4243579663467413,0.3001723466452312,17.0
2026-01-19,401809247,ATL,MIL,0.5665242129431967,0.5909990499467201,v1-backfill,0.0,2.6209781874558624,0.7673167216832681,0.6545422348711183,0.5739051187552321,0.4923244888035487,0.3648069400328889,-2.0
2026-01-19,401809248,CLE,OKC,0.3810298160007621,0.4039026266709627,v1-backfill,0.0,-3.699792654067108,0.6026980610829841,0.472724635852852,0.391268680332146,0.3158071900167752,0.2111424809321075,-32.0
2026-01-19,401809249,NY,DAL,0.7553651803954439,0.7089417992802033,v1-backfill,0.0,8.99054665289351,0.8872811450160993,0.81747601178947,0.7625910517002681,0.685653656347378,0.551861637373131,-17.0
2026-01-19,401809250,DET,BOS,0.644337928184548,0.5889431210661636,v1-backfill,1.0,3.9634079879063377,0.8044192718117704,0.7116384273215035,0.6458139984746215,0.5503321686078689,0.4031431469391568,1.0
2026-01-19,401810463,WSH,LAC,0.2496259546109859,0.3511547791339958,v1-backfill,0.0,-8.58222577912225,0.456100678816862,0.3186543605039199,0.2387209243169609,0.1886526040816196,0.1218232784424115,-4.0
2026-01-19,401810464,PHI,IND,0.7505952883499643,0.6741795532731034,v1-backfill,1.0,8.8286093005368,0.8840606907105627,0.814302577298577,0.7600939465762708,0.6824695641181102,0.5479413952879487,9.0
2026-01-19,401810465,BKN,PHX,0.1867626046883415,0.3377692977792379,v1-backfill,0.0,-11.930246115606224,0.3638325204906543,0.2415655724737716,0.1753220091174189,0.131035795285514,0.077344761219462,-9.0
2026-01-19,401810466,SA,UTAH,0.8829233819083566,0.8038692897582383,v1-backfill,1.0,14.786120613715084,0.9562678695094606,0.9201821842713932,0.8880311447214323,0.8288746755871181,0.7147906110266785,13.0
2026-01-19,401810467,GS,MIA,0.6549246652320118,0.6412839750090122,v1-backfill,1.0,4.741773565829716,0.8132197128250617,0.7288941282454456,0.6701215987898953,0.5778755379933425,0.4320832043524504,23.0
2026-01-20,401810468,PHI,PHX,0.4488903895871174,0.48374172739108,v1-backfill,0.0,-2.2400776396562643,0.6409968653920373,0.510069594200153,0.4251672729694326,0.3511016615027981,0.2438503114117582,-6.0
2026-01-20,401810469,CHI,LAC,0.6123356852153727,0.5037513294644859,v1-backfill,1.0,2.902892612217028,0.7795761148717768,0.6756849811999421,0.6021509349045717,0.5110563324155113,0.3717908256237428,28.0
2026-01-20,401810470,HOU,SA,0.557488124502491,0.5539567377538464,v1-backfill,1.0,2.488408020084819,0.7615825739020109,0.6449424930904907,0.5612543331956293,0.4837845229284794,0.3614588054120556,5.0
2026-01-20,401810471,UTAH,MIN,0.1523803480396269,0.3198500045260817,v1-backfill,1.0,-13.673521101501878,0.3161854549676809,0.2036342137513213,0.1448592294836503,0.1077357537958423,0.0630961169149625,5.0
2026-01-20,401810472,DEN,LAL,0.5466458059570435,0.6546848103507906,v1-backfill,0.0,1.6240636827139865,0.7324570277034712,0.6191039636956186,0.5418351775690852,0.4661193348328566,0.3470662815995398,-8.0
2026-01-20,401810473,GS,TOR,0.5705435319206473,0.6533346019887344,v1-backfill,0.0,2.244988341280904,0.7566805864325252,0.6502814269002838,0.5769532739671208,0.4911768548914246,0.3592127093507569,-18.0
2026-01-20,401810474,SAC,MIA,0.5527767416542193,0.47673426245509,v1-backfill,0.0,1.189636866404471,0.7344796003011642,0.6221255157170614,0.5455710214178476,0.4586235595524282,0.32824572398575,-13.0
2026-01-21,401810475,CHA,CLE,0.3954518541100191,0.4112408409937531,v1-backfill,0.0,-1.5481916194100966,0.6583418601363126,0.5110975600695218,0.4101324880492711,0.3480465070971504,0.2531518738702353,-7.0
2026-01-21,401810476,BOS,IND,0.764896091870264,0.7948129451998532,v1-backfill,1.0,10.055064746307082,0.9008297901374136,0.8336761540935161,0.7788706601995588,0.7078614558658142,0.5809468714916058,15.0
2026-01-21,401810477,NY,BKN,0.7864048809336742,0.7785005608830708,v1-backfill,1.0,9.529699022925476,0.8996786817459483,0.8377501816160965,0.7891221296862292,0.7085729412920925,0.5689565966714117,54.0
2026-01-21,401810478,MEM,ATL,0.5650980574072861,0.6034930742015682,v1-backfill,0.0,2.4307886853601497,0.7663302980107959,0.6550940078590755,0.5760763452779345,0.4902865310628608,0.358381438241392,-2.0
2026-01-21,401810479,NO,DET,0.3457562669274576,0.2455297334219861,v1-backfill,0.0,-5.522945728125917,0.548315796474572,0.4178908427791129,0.3391371646356273,0.2706913100610708,0.1776779801370878,-8.0
2026-01-21,401810480,MIL,OKC,0.1986716592109735,0.305865353121925,v1-backfill,0.0,-10.29831785560172,0.4085697647200221,0.2706660778275485,0.1921846211577864,0.146413240008266,0.0891022441454921,-20.0
2026-01-21,401810481,SAC,TOR,0.4368936471047491,0.4475676498856803,v1-backfill,0.0,-2.757854717505221,0.6270909589929089,0.5017320011406463,0.4225060954764418,0.3450301848946596,0.2352013938974138,-13.0
2026-01-22,401810482,ORL,CHA,0.6798824155598163,0.714456138077252,v1-backfill,0.0,4.726750651359486,0.81373996944835,0.7196336290462635,0.6513022843005098,0.5650017296592627,0.4268474434265796,-27.0
2026-01-22,401810483,PHI,HOU,0.5373274152020096,0.461615664901669,v1-backfill,1.0,0.2643338559876715,0.7071542498793987,0.5994283374417944,0.5293766688981533,0.4413675330079775,0.3115285669126217,6.0
2026-01-22,401810484,WSH,DEN,0.2355163904510824,0.2763867051843979,v1-backfill,0.0,-7.960453951666539,0.4770616365111441,0.3336667356949399,0.2483548520415525,0.1949223217319428,0.1244690833840264,-10.0
2026-01-22,401810485,DAL,GS,0.3965378704201713,0.4741136258116776,v1-backfill,1.0,-3.2491078417154773,0.6049217404468961,0.4753234529250632,0.39403478192358,0.3279323015556007,0.2307571710984267,8.0
2026-01-22,401810486,MIN,CHI,0.6763523834353963,0.7078954174108834,v1-backfill,0.0,6.169375023467406,0.8372293705856866,0.7452234812338188,0.6754830374846732,0.5978250641513625,0.4677977478714992,-5.0
2026-01-22,401810487,UTAH,SA,0.2367311197608767,0.3424754316643572,v1-backfill,0.0,-9.377774122910614,0.4340971537672879,0.3082531321188826,0.2375187552911495,0.1857942863729693,0.1179955687634259,-17.0
2026-01-22,401810488,LAC,LAL,0.5918749328370472,0.5472557390971707,v1-backfill,1.0,2.6599794632522835,0.7555714038846189,0.6515232150223077,0.5804820795597276,0.502089002664849,0.3773871431976681,8.0
2026-01-22,401810489,POR,MIA,0.6088674856577416,0.6070696129193764,v1-backfill,1.0,4.409316962512795,0.7986276410573903,0.6965421570345187,0.6223236138702014,0.54535172565076,0.4193514694799598,17.0
2026-01-23,401810490,DET,HOU,0.6632329852274281,0.6501870511549045,v1-backfill,0.0,5.403073916537386,0.8185972769331216,0.7240456750527899,0.6545823153497617,0.5770711116532171,0.448452234399058,-7.0
2026-01-23,401810491,ATL,PHX,0.4538730375043752,0.4514154926090482,v1-backfill,1.0,-2.6598149643226305,0.634963928626834,0.5144174062751542,0.4386508896914359,0.3527619883549098,0.2344322798253029,7.0
2026-01-23,401810492,BKN,BOS,0.2942226169975329,0.2826524955567847,v1-backfill,0.0,-7.481079453394441,0.4946381123921308,0.3569834129331242,0.2752410038788587,0.2127650428747464,0.1325536437975821,-4.0
2026-01-23,401810493,CLE,SAC,0.754959552164264,0.7637928195660458,v1-backfill,1.0,8.988625025588998,0.8803415069777215,0.814684716724229,0.7654904962751066,0.6893055695579045,0.5563203312955226,5.0
2026-01-23,401810494,MEM,NO,0.585546400122743,0.7421520801043778,v1-backfill,0.0,2.8277862404862804,0.7729568888183685,0.663723301109046,0.5858280884938396,0.5018445924452417,0.3709587956898403,-6.0
2026-01-23,401810495,MIL,DEN,0.7951267457839643,0.43295379697781,v1-backfill,0.0,7.666691929539306,0.8816101245424375,0.8258965697078695,0.7864846752548579,0.6829545538595574,0.5168576075726516,-2.0
2026-01-23,401810496,OKC,IND,0.8650684129402388,0.8748322174215275,v1-backfill,0.0,13.029197383939964,0.9417620778171945,0.90197542328098,0.8693819794840273,0.7998280947792552,0.6713243642997584,-3.0
2026-01-23,401810497,POR,TOR,0.3721202032129823,0.5987893684857806,v1-backfill,0.0,-2.843345694559188,0.6231530997622001,0.4787859086906464,0.3836570310589502,0.3197548776163793,0.2255494897366323,-12.0
2026-01-24,401810498,PHI,NY,0.6036895504374368,0.5222033995579931,v1-backfill,0.0,2.951753668963464,0.7811128334727799,0.6756304407638752,0.6003651861958501,0.5102988157976671,0.3721853977363435,-3.0
2026-01-24,401810500,CHA,WSH,0.8293703807070333,0.6892698640988537,v1-backfill,1.0,12.180990522110912,0.9279228226241408,0.8786833280423757,0.8383466904536776,0.7702706576729991,0.644956726640094,4.0
2026-01-24,401810501,ORL,CLE,0.5527980587986896,0.5123942936464803,v1-backfill,0.0,2.003046485789307,0.7463705574276818,0.6258797407799823,0.5403517128063509,0.4667386778985509,0.3499842707736444,-14.0
2026-01-24,401810502,CHI,BOS,0.5489068810762733,0.4346164913351751,v1-backfill,1.0,0.025717327866273,0.7035119201715672,0.5978789578183564,0.5298892295422913,0.4380965475191518,0.3048731729731332,3.0
2026-01-24,401810503,DAL,LAL,0.4383418912570307,0.4823350729247559,v1-backfill,0.0,-1.262018626308567,0.6694280385211911,0.5371774436723036,0.4487680309784734,0.3737951492113305,0.2633999101595812,-6.0
2026-01-24,401810504,UTAH,MIA,0.3757029957030283,0.44404451075989,v1-backfill,0.0,-3.622061143439031,0.6068458345027419,0.4682528822277051,0.3793492681976443,0.3071352226516445,0.2063991203507777,-31.0
2026-01-25,401810505,DET,SAC,0.819730343406716,0.813971049034204,v1-backfill,1.0,12.051298265545858,0.9282219376225954,0.8742257013513947,0.8280939038764412,0.7613118693966342,0.6381710593076074,23.0
2026-01-25,401810508,OKC,TOR,0.7397544413885884,0.7683183249594235,v1-backfill,0.0,7.312512781914135,0.8658325131792152,0.7929399942095299,0.7385330446256617,0.6501064866027394,0.5038761457743683,-2.0
2026-01-25,401810509,SA,NO,0.818130062072141,0.8380046755747896,v1-backfill,0.0,11.33680577368671,0.9180916560532818,0.8629348972844154,0.8180266690844231,0.7478169775632078,0.620357291404271,-9.0
2026-01-25,401810510,PHX,MIA,0.5652642253659099,0.6607855346741701,v1-backfill,0.0,3.0813851445590243,0.7597265163114248,0.6408161551740952,0.5551356898323703,0.4905214135534246,0.3827375484807045,-9.0
2026-01-25,401810511,LAC,BKN,0.8262753315560653,0.782658342100212,v1-backfill,1.0,12.18223792880969,0.9269821582771663,0.8779380932096081,0.8380501661029615,0.770230200101267,0.6452823981545285,37.0
2026-01-25,401857824,MIN,GS,0.6727653609856169,0.6296786006293522,v1-backfill,0.0,5.4649316800151295,0.8308346368752497,0.7414860887564512,0.6755142387015393,0.5881976878383116,0.4472729835995464,-26.0
2026-01-26,401810512,CHA,PHI,0.538548640062714,0.5104713776157861,v1-backfill,1.0,2.2613184267348583,0.754959933115372,0.6404786727005514,0.5597059926171796,0.4809933093004001,0.3574995481479238,37.0
2026-01-26,401810513,CLE,ORL,0.6673398752124848,0.6760274106155161,v1-backfill,1.0,4.848729253827402,0.813524427433775,0.7306693978840164,0.6732465833658264,0.5818374054159574,0.4366924213370568,16.0
2026-01-26,401810514,ATL,IND,0.7198031648057672,0.6661171560656725,v1-backfill,1.0,6.533628006962414,0.8556587139258789,0.7784250602629502,0.7211147694117153,0.6286679755041789,0.4790636140611554,16.0
2026-01-26,401810515,BOS,POR,0.6899372896949881,0.6805378052905476,v1-backfill,1.0,6.268572187811102,0.8291751885400367,0.7487261846846407,0.6918010544548996,0.6129262837635853,0.4805303445604391,8.0
2026-01-26,401810516,CHI,LAL,0.4842756038407229,0.516285969435019,v1-backfill,0.0,0.1190561122811608,0.7074276977118589,0.5815349015662837,0.4952573417348285,0.4157739382095137,0.296904993262867,-11.0
2026-01-26,401810517,HOU,MEM,0.7393878270951284,0.7311707411046798,v1-backfill,1.0,8.842404395282536,0.8807324299351895,0.8065500192906464,0.7481194660662843,0.6750221718008987,0.5467789462607356,9.0
2026-01-26,401810518,MIN,GS,0.6758116787307055,0.602249568085334,v1-backfill,1.0,5.630882408565608,0.8283214700679382,0.7317275424581227,0.65864193138915,0.5805614227385115,0.4510431118033908,25.0
2026-01-27,401810519,WSH,POR,0.3003097610834334,0.347663533456596,v1-backfill,1.0,-6.469515296332912,0.5234930063793366,0.3767501805022671,0.2864496642571311,0.2265025269686525,0.1464040853508595,4.0
2026-01-27,401810520,NY,SAC,0.7976311034359032,0.7655093600202858,v1-backfill,1.0,10.68655559436842,0.9139992939347586,0.8549995965735101,0.8065802418605379,0.7327003021535372,0.6008171849654937,16.0
2026-01-27,401810521,PHI,MIL,0.7681873051589827,0.5938861469294386,v1-backfill,1.0,9.24201439932705,0.8855221188091574,0.8223819134423602,0.7749781504332978,0.6981330451101353,0.5638587186880839,17.0
2026-01-27,401810522,OKC,NO,0.8576355630243334,0.8829300117177861,v1-backfill,1.0,11.25575243142588,0.9328287888895116,0.8885166438701048,0.8527501541938116,0.7685866839339648,0.6213357523909664,9.0
2026-01-27,401810523,DEN,DET,0.3320534077980302,0.5697205529672219,v1-backfill,0.0,-6.059670376574317,0.5322041323628578,0.3969558972771867,0.3152598372012615,0.2516058537376195,0.1651212833047183,-2.0
2026-01-27,401810524,PHX,BKN,0.72806106650397,0.8062562150194582,v1-backfill,1.0,8.666492231059113,0.8826374585554903,0.8061922651234332,0.7448176651030646,0.6699712738169736,0.5396715325487168,4.0
2026-01-27,401810525,UTAH,LAC,0.2691569222994336,0.3863918838569177,v1-backfill,0.0,-7.886410817199277,0.4801687537534471,0.3406198080860029,0.2580919067002925,0.2013984556753555,0.1274028837926592,-12.0
2026-01-28,401810526,CLE,LAL,0.5829620529213138,0.5986408646822436,v1-backfill,1.0,2.4891072853424845,0.7669757069545187,0.6590181821206846,0.5830779086442223,0.4956827138009861,0.3616222940416802,30.0
2026-01-28,401810527,IND,CHI,0.4440216286732644,0.481630746760328,v1-backfill,1.0,-1.9363300713146003,0.654305370848417,0.5217876277631371,0.4344484026312274,0.3566594979016033,0.245279277942224,3.0
2026-01-28,401810528,BOS,ATL,0.6007140027446601,0.7188471514790009,v1-backfill,0.0,4.330112779246335,0.8018104495784322,0.695407423650728,0.6163506959830048,0.5390152027123062,0.4129963117384734,-11.0
2026-01-28,401810529,MIA,ORL,0.6105784782964939,0.6227863980060273,v1-backfill,0.0,4.074422754025703,0.7892846172935809,0.6894145054362372,0.6185837650291411,0.5403087730388084,0.4131041534130564,-9.0
2026-01-28,401810530,TOR,NY,0.594752157643514,0.5717985750048342,v1-backfill,0.0,3.203301054581462,0.7773884648833281,0.664638312736404,0.5826941493040546,0.5052589717079263,0.3814167442848334,-27.0
2026-01-28,401810531,MEM,CHA,0.5203356997235964,0.6063245702399396,v1-backfill,0.0,-0.6461847111901458,0.6893465611887342,0.5738670185931872,0.4985182868813268,0.4093646187074737,0.2816484228321292,-15.0
2026-01-28,401810532,DAL,MIN,0.2968009958411581,0.4463868682575314,v1-backfill,0.0,-6.71509837647938,0.5130169681832505,0.3787132783254538,0.2986799635658564,0.2369229790849059,0.1539358610988052,-13.0
2026-01-28,401810533,UTAH,GS,0.3865469505631737,0.3756827953771502,v1-backfill,0.0,-4.407238626819289,0.5819856721823835,0.4580267148145442,0.3825939969345124,0.3058372116411413,0.2012444059091158,-16.0
2026-01-28,401810534,HOU,SA,0.5310115427077317,0.593760289827157,v1-backfill,0.0,1.6799224948528533,0.7489962384654474,0.6309242607735133,0.5474123670633865,0.4637783352158251,0.3363786744868654,-12.0
2026-01-29,401810535,PHI,SAC,0.7828125944670534,0.6993766389386936,v1-backfill,1.0,9.49802756537747,0.897475792017125,0.834011701500526,0.7841213372646527,0.705166647109386,0.5677916708704085,2.0
2026-01-29,401810536,WSH,MIL,0.4603673038655116,0.4281441961582798,v1-backfill,1.0,0.3533375539772709,0.7145110071976954,0.5757210393150017,0.4763711860151281,0.4056902928316942,0.2968717081809796,10.0
2026-01-29,401810537,ATL,HOU,0.3803744489851898,0.4931223636294598,v1-backfill,0.0,-5.796751521611599,0.5366698774871552,0.4184771645134,0.3495632908061496,0.2808195665415837,0.1862952715950384,-18.0
2026-01-29,401810538,DAL,CHA,0.459671342812797,0.5940637758467677,v1-backfill,0.0,-2.549578419797025,0.6359241012671746,0.5108760905167778,0.4313156235429007,0.3503374005709564,0.2366949197758886,-2.0
2026-01-29,401810539,DEN,BKN,0.7856068118287934,0.834761801084869,v1-backfill,1.0,9.76835669260731,0.9032646930829632,0.8405607896511945,0.7903206423497322,0.7118017457076233,0.5746763001519175,4.0
2026-01-29,401810540,PHX,DET,0.3627895257138374,0.5043899524990303,v1-backfill,1.0,-3.889279182464738,0.59910362636134,0.4551118861360884,0.3621934060812304,0.2940150018259013,0.1984432397124581,18.0
2026-01-29,401810541,MIN,OKC,0.3920361116021791,0.4452960364987015,v1-backfill,1.0,-2.944594728126077,0.6188602526357544,0.4853267828664953,0.3998353174402199,0.330509598407383,0.229930228626143,12.0
2026-01-29,401850920,CHI,MIA,0.4663323011727741,0.5545628344305799,v1-backfill,0.0,-1.832160765535349,0.650750881042399,0.5300825589256659,0.4531658412614112,0.3737696918741961,0.2590669292244009,-3.0
2026-01-30,401810542,ORL,TOR,0.5041019533867386,0.5419720201812087,v1-backfill,1.0,-0.2532066183664181,0.6976451143261315,0.5788570104962256,0.4999271176441765,0.4151869694635128,0.2911229780389281,10.0
2026-01-30,401810543,WSH,LAL,0.2126651030407231,0.3222657510403173,v1-backfill,0.0,-9.260117362270194,0.438855378209992,0.2978807002512942,0.2160267195331428,0.1668673172894927,0.1038341875393232,-31.0
2026-01-30,401810544,BOS,SAC,0.8460830516959619,0.8093598523543155,v1-backfill,1.0,13.239701432983477,0.9333843241769436,0.8848368368762672,0.8439379635265243,0.7843184523064728,0.6708649849915905,19.0
2026-01-30,401810545,NY,POR,0.6582154688513652,0.661454620337611,v1-backfill,1.0,4.082901121213444,0.8037004809880666,0.7166879155552576,0.6564342269477476,0.55992217686522,0.4108479519878432,30.0
2026-01-30,401810546,NO,MEM,0.5497534759530226,0.479338260355217,v1-backfill,1.0,1.675980482142843,0.7465357442017211,0.6332016242870985,0.5544798479770274,0.4692745885182371,0.3397573625063187,8.0
2026-01-30,401810548,PHX,CLE,0.4312492026829609,0.5689921174654061,v1-backfill,1.0,-0.9232834524014056,0.6705091369444354,0.5333318033251768,0.4403827418294894,0.375283333791393,0.2749245106385878,13.0
2026-01-30,401810549,UTAH,BKN,0.7086956420760929,0.6168603555662325,v1-backfill,0.0,6.626021771146403,0.8378061614860484,0.755933202866332,0.6965046931847547,0.6189973804932996,0.4879528827864992,-10.0
2026-01-30,401810550,DEN,LAC,0.5109993925807471,0.6469527027345577,v1-backfill,1.0,-0.5672670802708488,0.6899406388908038,0.5740846820727603,0.4983632731237918,0.4109185284872497,0.2846646643151296,13.0
2026-01-30,401810551,GS,DET,0.4818588599091952,0.4962956620943297,v1-backfill,0.0,-0.818396034023734,0.6775004433329554,0.5531683298158665,0.4710701372127608,0.3942508367596818,0.2800675072845375,-7.0
2026-01-31,401810547,MIA,CHI,0.7716718687633061,0.6396408914994607,v1-backfill,0.0,10.532411521569944,0.885879862519005,0.8212024822672648,0.7721259697063799,0.7112134638611185,0.5982888766239668,-7.0
2026-01-31,401810552,CHA,SA,0.3478192548106024,0.4119768732920383,v1-backfill,1.0,-3.7275386946756894,0.5945773040727326,0.4539577711584479,0.3642146801698058,0.3024820081439417,0.2121001014113353,5.0
2026-01-31,401810553,IND,ATL,0.4869487761806033,0.4913883982136239,v1-backfill,1.0,-0.2562058779729312,0.6944003127466502,0.5712100779373623,0.4886473876313758,0.409607970062076,0.2917563279156687,5.0
2026-01-31,401810554,PHI,NO,0.749011528558729,0.7257714066006349,v1-backfill,1.0,7.394553835448563,0.8685394860937272,0.7943120653473701,0.7380716305455699,0.650319604966988,0.5048889836060507,10.0
2026-01-31,401810555,MEM,MIN,0.2411343920007718,0.3876636709614085,v1-backfill,0.0,-9.502949728643223,0.4310620937633506,0.3051337725435927,0.2344378216325875,0.1825455550276196,0.1150726350851881,-17.0
2026-01-31,401810556,HOU,DAL,0.7725915099936074,0.7485305313592243,v1-backfill,1.0,10.150600172462946,0.8940546772000073,0.8299843637477476,0.7800930842175614,0.7112291096180284,0.5871103722318495,4.0
2026-02-01,401810557,BOS,MIL,0.8137230980709259,0.7500591622130713,v1-backfill,1.0,12.50968069923972,0.9295452406074796,0.875108687752072,0.8280410008909338,0.7658409428665297,0.6491636194393147,28.0
2026-02-01,401810558,SA,ORL,0.611242691154274,0.6712925994436161,v1-backfill,1.0,3.6016394909929743,0.7862661634267513,0.6853482804360984,0.6138725571234649,0.5297970952736857,0.3966889095087987,9.0
2026-02-01,401810559,DET,BKN,0.9145971092936854,0.8516812449231649,v1-backfill,1.0,18.3921222915144,0.965610460328306,0.939394698164325,0.916864141944496,0.8777372757517525,0.7951039849120082,53.0
2026-02-01,401810560,MIA,CHI,0.6282806027190447,0.612060004514315,v1-backfill,1.0,4.46065001830428,0.8002121119585508,0.6968916240361412,0.6212109128181091,0.544950345506618,0.4198188121225538,43.0
2026-02-01,401810561,TOR,UTAH,0.789554906369616,0.7723229180073724,v1-backfill,1.0,11.340247942059849,0.9082174668684346,0.8480169056677105,0.7995434278070551,0.7360941954576331,0.6186360503415106,7.0
2026-02-01,401810562,WSH,SAC,0.4701251643510958,0.541970139340938,v1-backfill,1.0,-0.6464968179654722,0.6771861515518881,0.552372377289838,0.469877380840547,0.3974624605275335,0.2875053968402061,4.0
2026-02-01,401810563,NY,LAL,0.6353196983143385,0.5949325785143893,v1-backfill,1.0,4.830433717787896,0.8191474859549613,0.7216577884500358,0.649110696294671,0.5635849921593665,0.4264150156997817,12.0
2026-02-01,401810564,PHX,LAC,0.5946302609063798,0.6341609338935342,v1-backfill,0.0,3.812762043621147,0.7853757034633289,0.6814496286645587,0.6071644578652169,0.5294787235032595,0.4036818588231908,-24.0
2026-02-01,401810565,POR,CLE,0.3371351973504649,0.4846711138916137,v1-backfill,0.0,-4.131920460563606,0.5798259306689912,0.4257194253246135,0.3256035433336476,0.2755218144482734,0.1994209810832848,-19.0
2026-02-01,401810566,DEN,OKC,0.3874275259839011,0.4915309574087877,v1-backfill,0.0,-3.576336678192005,0.6039774761729374,0.4722423543415222,0.389257465066138,0.3169611899088482,0.2150303589663735,-10.0
2026-02-02,401810567,CHA,NO,0.6609045639363007,0.7078230872874365,v1-backfill,1.0,6.5081351792904005,0.840331168958038,0.7488736075852415,0.6791856276286048,0.6046064112131536,0.4780166698903096,7.0
2026-02-02,401810568,IND,HOU,0.4212711891714359,0.3835510726874956,v1-backfill,0.0,-3.933739990851036,0.5978955994491498,0.4797235062919734,0.4080015973374571,0.3242391120092961,0.2113066091530496,-4.0
2026-02-02,401810569,MEM,MIN,0.3058040012723931,0.3708542450731142,v1-backfill,1.0,-6.651952275650696,0.5169647530730176,0.3787245767295963,0.2954668719854771,0.2328863825278858,0.1497456915647283,9.0
2026-02-02,401810570,LAC,PHI,0.4268851101317581,0.6555838743346404,v1-backfill,0.0,-1.9657763474192624,0.6417075399195432,0.5193342057602227,0.4416119397401565,0.3683469466247704,0.2601715133121851,-15.0
2026-02-03,401810571,DET,DEN,0.6271687490489505,0.6286128342390594,v1-backfill,1.0,5.990773812749043,0.8307063839429968,0.7304296495565125,0.6529950500222835,0.581584893813638,0.4602287614963569,3.0
2026-02-03,401810572,IND,UTAH,0.371347439029299,0.6705454806136643,v1-backfill,0.0,-4.0360504159949215,0.5893427619058733,0.454908644282442,0.370639509448627,0.3024184374810213,0.2058632460218199,-9.0
2026-02-03,401810573,WSH,NY,0.2173950503484935,0.3021941862075865,v1-backfill,0.0,-9.358736662004503,0.437174422940526,0.2926438428485742,0.2082190661205337,0.1592095041692281,0.0974596676496966,-31.0
2026-02-03,401810574,BKN,LAL,0.2547991439642416,0.3273574931185798,v1-backfill,0.0,-7.630920535236003,0.488512137244758,0.3376587154106526,0.2460063878638673,0.1930115742249087,0.1231787584018852,-16.0
2026-02-03,401810575,MIA,ATL,0.5446601139782182,0.6200980030505413,v1-backfill,0.0,2.178090110372125,0.7502697920443196,0.6370430211929954,0.5580077722235054,0.4801515869431431,0.357668495687685,-12.0
2026-02-03,401810576,DAL,BOS,0.3442120676435626,0.3760418705760789,v1-backfill,0.0,-5.160933515281023,0.5594035370198868,0.424420519997864,0.3414846752949504,0.2737304612968028,0.1809388714775346,-10.0
2026-02-03,401810577,MIL,CHI,0.4012694168158938,0.5441525939108551,v1-backfill,1.0,-2.948284469784393,0.6136945280215295,0.4819459300554479,0.3983073454118861,0.3325719193074481,0.2353154081427501,16.0
2026-02-03,401810578,OKC,ORL,0.7899998603056,0.7824722131924169,v1-backfill,1.0,9.266466879328698,0.898922679755696,0.8371432119757973,0.7888278969841989,0.7048908363545955,0.5611101032137827,36.0
2026-02-03,401810579,GS,PHI,0.6315475427457785,0.6272709411398678,v1-backfill,0.0,4.21780727535454,0.7918307903617001,0.692765701239887,0.6224021956742853,0.5444518572574389,0.4173559616305027,-19.0
2026-02-03,401810580,POR,PHX,0.4743080369062883,0.4851760286976395,v1-backfill,0.0,-0.9746417764948916,0.6795244317394924,0.5567504446954302,0.4758496445693884,0.3924163465329591,0.2719182350655595,-5.0
2026-02-04,401810581,NY,DEN,0.5306157311762093,0.5836315492659225,v1-backfill,1.0,2.439755333624228,0.7515699777995883,0.6323535598918597,0.5474191950528209,0.477394325114103,0.3639940585548554,7.0
2026-02-04,401810582,TOR,MIN,0.4474670299538075,0.521246244208923,v1-backfill,0.0,-1.403529590302953,0.6676034067099753,0.5354708983219152,0.4473296093769428,0.3704659894470972,0.2585439208234718,-2.0
2026-02-04,401810583,HOU,BOS,0.7876054843319973,0.5710248860928965,v1-backfill,0.0,10.388808635139384,0.8988997271233767,0.8349353824126019,0.7841983981523485,0.7160234385005885,0.5926620136047827,-21.0
2026-02-04,401810584,MIL,NO,0.3817180186137742,0.701525358622377,v1-backfill,1.0,-5.238622801411982,0.5603587417190475,0.4405351964793635,0.3693695016183713,0.290217810317661,0.1856505731821514,4.0
2026-02-04,401810585,SA,OKC,0.793907936533041,0.4550735327294055,v1-backfill,1.0,10.19412648803126,0.8992378035549223,0.8390703718389906,0.7924576513627216,0.7196002877756175,0.5896703762402151,10.0
2026-02-04,401810586,SAC,MEM,0.4999060292242352,0.5011985735111416,v1-backfill,0.0,0.0349824012803985,0.6897669276014574,0.5722632386145987,0.495124241859034,0.4225175817942074,0.3102641525661016,-4.0
2026-02-04,401810587,LAC,CLE,0.4151184211610919,0.5264254377659138,v1-backfill,0.0,-2.666988752374067,0.6269057743128346,0.4930435052229017,0.4066912110196743,0.3369561630207064,0.2353289548377971,-33.0
2026-02-05,401810588,DET,WSH,0.9153072434946796,0.862983709736381,v1-backfill,0.0,15.668183662438206,0.9684685451678926,0.942429168361268,0.91922032066024,0.8589452269854355,0.7422935474717101,-9.0
2026-02-05,401810589,ORL,BKN,0.7948711964396966,0.7575822114396732,v1-backfill,1.0,10.27340523364685,0.904601212752154,0.8446065139067335,0.7971363468674545,0.7227934807938741,0.5907160741090405,20.0
2026-02-05,401810590,ATL,UTAH,0.7768721044252287,0.7364272533521259,v1-backfill,1.0,8.929253918167614,0.8926285888264018,0.8278731462636866,0.7775041091738191,0.6938456223020115,0.5510018346745253,2.0
2026-02-05,401810591,TOR,CHI,0.7492349435461201,0.6475135623669575,v1-backfill,1.0,9.392097992813538,0.891476064711338,0.8189018518779408,0.7599859794877234,0.6881401952862177,0.5609608245456674,16.0
2026-02-05,401810592,HOU,CHA,0.5957917297487981,0.7194202067925202,v1-backfill,0.0,2.5722942878214754,0.7650375986951602,0.6628030751421836,0.592467472208249,0.5043125302823632,0.3687289811722889,-10.0
2026-02-05,401810593,DAL,SA,0.3167895034429009,0.3742730567067447,v1-backfill,0.0,-5.818095542625178,0.5444261663819033,0.3984755153028479,0.3075882582666541,0.2432088252223924,0.1571935387643597,-12.0
2026-02-05,401810594,PHX,GS,0.6440855750493751,0.6453176273612399,v1-backfill,0.0,5.37405064652236,0.820398182194261,0.7230491017437414,0.6504532139427217,0.5732772799958438,0.4452932653328173,-4.0
2026-02-05,401810595,LAL,PHI,0.5533209773541252,0.644272684118018,v1-backfill,1.0,0.6867315018670874,0.7104843584402085,0.6045734648095487,0.5358253937237024,0.4533905872601794,0.3281385252271114,4.0
2026-02-06,401810596,BOS,MIA,0.6449078088790561,0.7188856170239153,v1-backfill,1.0,4.7398896414870295,0.8010093489112001,0.7112031112561591,0.6486186187998735,0.567919600733157,0.4360651145958208,2.0
2026-02-06,401810597,DET,NY,0.6160888915985513,0.6188189448658288,v1-backfill,1.0,3.7171792619016726,0.7822124623281272,0.682686733129598,0.6130198893805918,0.5328663273446096,0.4039874163633248,38.0
2026-02-06,401810598,MIL,IND,0.513966340398844,0.6438936941179756,v1-backfill,1.0,-0.2245577583789035,0.6981788049753207,0.5834643099803727,0.5080708119250734,0.4208289921020618,0.2937607076440615,6.0
2026-02-06,401810599,MIN,NO,0.8058243063391096,0.8299844545769056,v1-backfill,0.0,9.815800392569686,0.9078917461788504,0.8508357561864499,0.8059702034805439,0.7222670360997162,0.5778891889990433,-4.0
2026-02-06,401810600,POR,MEM,0.6638405636107465,0.6305925869229283,v1-backfill,1.0,6.223215337613604,0.8401875859901237,0.7453518677282287,0.6720645949296301,0.5955351845823078,0.4670281714926154,20.0
2026-02-06,401810601,SAC,LAC,0.376965063293051,0.3706294111267788,v1-backfill,0.0,-3.500128726141303,0.6097469293287208,0.4688335071558666,0.3777472292111281,0.3074752806958326,0.2084670661360465,-3.0
2026-02-07,401810602,BKN,WSH,0.6912027523691435,0.5607843247291451,v1-backfill,1.0,5.884717279220018,0.834265586009385,0.7460206831082555,0.6806629637701441,0.5976460921313539,0.4611496688130216,14.0
2026-02-07,401810603,OKC,HOU,0.6384118209709662,0.7082857084545018,v1-backfill,0.0,3.801708286616677,0.7911029126010436,0.6967993014562174,0.6310741099915065,0.5430199152865166,0.4044951926442496,-6.0
2026-02-07,401810604,SA,DAL,0.7840424196598532,0.7813665219935774,v1-backfill,1.0,9.927436922578533,0.8998831547424682,0.8366868333483575,0.7866067207330498,0.7119729370877329,0.5799875181216962,13.0
2026-02-07,401810605,ORL,UTAH,0.6995923710947006,0.7472967123189305,v1-backfill,1.0,6.693277101153369,0.8533437819337096,0.7677149986196092,0.7019704666635568,0.6193331779060686,0.4819615858952902,3.0
2026-02-07,401810606,ATL,CHA,0.6163166373184751,0.6083161885103716,v1-backfill,0.0,1.4237382303653447,0.7500181152154827,0.6564391325985564,0.5952410513817323,0.4872614035232181,0.3334934359097797,-7.0
2026-02-07,401810607,CHI,DEN,0.242189817158171,0.4387522128116791,v1-backfill,0.0,-8.54224168440318,0.4606606272305956,0.3209027807897661,0.2390617479361388,0.185410270165634,0.1161310097445093,-16.0
2026-02-07,401810608,LAL,GS,0.6074610131630787,0.6242657102280766,v1-backfill,1.0,2.2567142176621218,0.7683995603585986,0.6716170944397105,0.6059552749570977,0.5042904712097034,0.3548426697774515,6.0
2026-02-07,401810609,PHX,PHI,0.515345138180959,0.6528157203872765,v1-backfill,0.0,0.8252912853622725,0.7269296650646246,0.6031806992881994,0.5168155927370813,0.4358694189107015,0.3136941790914744,-6.0
2026-02-07,401810610,POR,MEM,0.6893603510415756,0.6462982901317753,v1-backfill,1.0,7.595328141307453,0.8579731130227488,0.7669935724366482,0.6944562404966772,0.6260462399889231,0.5062946316113972,7.0
2026-02-07,401810611,SAC,CLE,0.115584765961808,0.2890068522150728,v1-backfill,0.0,-13.437157659540178,0.3159969634062275,0.183891386515898,0.1122314512073767,0.0834005045387751,0.0487799275408244,-6.0
2026-02-08,401810612,BOS,NY,0.6567570035258902,0.6315112615005078,v1-backfill,0.0,4.825024988916553,0.8202258696099951,0.7284556621584035,0.6615631387887478,0.5711831487988137,0.4279718736709596,-22.0
2026-02-08,401810613,WSH,MIA,0.15096516175809,0.4001765586919635,v1-backfill,0.0,-12.359070368923938,0.3489017350261355,0.219768654593383,0.149261354109359,0.1116802304059305,0.066034861390633,-31.0
2026-02-08,401810614,TOR,IND,0.7525525055124933,0.7265450143836251,v1-backfill,1.0,9.119261145508746,0.8913309066499415,0.8202694619888021,0.7631232661169052,0.6868404154302752,0.5538455993028404,18.0
2026-02-08,401810615,MIN,LAC,0.7554365314123629,0.6347651634223125,v1-backfill,0.0,8.939421542776488,0.8877882389179463,0.8197872050648489,0.7667905249404747,0.68776533311972,0.5511601986310581,-19.0
2026-02-09,401810616,CHA,DET,0.374038004630271,0.417023616427927,v1-backfill,0.0,-2.8925193323319016,0.6266190650214916,0.4800524842950147,0.3826927584879595,0.3159498266005645,0.2193471869732177,-6.0
2026-02-09,401810617,BKN,CHI,0.3908823170700137,0.4474557847189387,v1-backfill,1.0,-1.93938024713986,0.6512750719377429,0.5013374206644106,0.398609205440911,0.3354848593383171,0.2406024934248937,8.0
2026-02-09,401810618,MIA,UTAH,0.6911166674876386,0.7533106875620473,v1-backfill,0.0,6.893451478891619,0.8459801778340492,0.7599565581814935,0.6950557125878755,0.6196630658313679,0.4912338832518829,-4.0
2026-02-09,401810619,ORL,MIL,0.7496288839107648,0.6368651260073617,v1-backfill,1.0,8.50732723006956,0.8820777451639388,0.8102311823604702,0.7541153192599903,0.674347314947939,0.5374747122596244,19.0
2026-02-09,401810620,MIN,ATL,0.7615543139057156,0.6736554488218502,v1-backfill,1.0,9.156241181044695,0.8863138634373727,0.8200427097440608,0.769193452327846,0.6927181088791333,0.5591882722067559,22.0
2026-02-09,401810621,NO,SAC,0.7570494101269407,0.6071314752809278,v1-backfill,1.0,10.050139791562984,0.8858929454779702,0.8173397076973948,0.7640994910537021,0.7000192365935207,0.5830042562505984,26.0
2026-02-09,401810622,DEN,CLE,0.5226857725502785,0.5696860593955005,v1-backfill,0.0,0.2688748127625944,0.7078305913419145,0.58909004551679,0.5092903335398672,0.4279544818491908,0.3060882358762745,-2.0
2026-02-09,401810623,GS,MEM,0.6720741162311888,0.7041485259301078,v1-backfill,1.0,6.4670338425895935,0.8378653588216086,0.7469375789145011,0.6782267543053857,0.6039960024315506,0.4778769726400876,1.0
2026-02-09,401810624,LAL,OKC,0.4137728654825105,0.4713159241500516,v1-backfill,0.0,-2.855857496900549,0.62794775108093,0.5027431278953265,0.4235885291205348,0.3424370454383816,0.2295491983668958,-9.0
2026-02-09,401810625,POR,PHI,0.5484359245021222,0.550644637703765,v1-backfill,1.0,1.851174634796665,0.7388560598396157,0.6304610890627422,0.55709009008816,0.4779975903212679,0.3543159716768164,17.0
2026-02-10,401810626,NY,IND,0.7816343758809926,0.7954931032244074,v1-backfill,0.0,10.612013881208162,0.910756212078393,0.848632533115006,0.7973293997995561,0.7258288757370264,0.5974823051677038,-3.0
2026-02-10,401810627,HOU,LAC,0.7416138874530256,0.6333227719719167,v1-backfill,1.0,8.831239146228883,0.8828932748925951,0.8102485353780864,0.7530915176293653,0.6778829762724077,0.5467266295736877,7.0
2026-02-10,401810628,PHX,DAL,0.6711058284946245,0.7381255360233432,v1-backfill,1.0,5.995816672070978,0.8384374546453944,0.7483349967393601,0.680396283221504,0.5980245814026532,0.4622746880457903,9.0
2026-02-10,401810629,LAL,SA,0.1292995656712452,0.5367048491290598,v1-backfill,0.0,-15.261268933457083,0.2769442319528337,0.1750405493356314,0.123645464540857,0.0905945015066492,0.0518183091495671,-28.0
2026-02-11,401810630,CHA,ATL,0.4556787730315443,0.5876453349759734,v1-backfill,1.0,0.5257372070841893,0.714465439970946,0.579076083881169,0.4830391197487313,0.4134579161767622,0.3052003093489647,3.0
2026-02-11,401810631,CLE,WSH,0.935604739826402,0.8465997370444146,v1-backfill,1.0,16.206257125234014,0.9743608086391036,0.9543354284368576,0.9369361462356712,0.876479969123683,0.7590599424436819,25.0
2026-02-11,401810632,ORL,MIL,0.8008801537552569,0.65218907450868,v1-backfill,0.0,10.37084220890965,0.9133240374200114,0.8540399866723243,0.8054499125350922,0.7280963706529616,0.5917477752051533,-8.0
2026-02-11,401810633,BOS,CHI,0.8293156689268045,0.7680547876601884,v1-backfill,1.0,14.031752456199502,0.9402490203212296,0.8895969138997113,0.8438979263113219,0.7905463076888006,0.6864587072405886,19.0
2026-02-11,401810634,BKN,IND,0.6058473395027426,0.5138836399521138,v1-backfill,0.0,4.192547293835544,0.7948383273363204,0.6852814466922152,0.6040486374616125,0.5307029875616034,0.409939938419591,-5.0
2026-02-11,401810635,PHI,NY,0.5050799757623023,0.4958377699924351,v1-backfill,0.0,-0.4797424898402145,0.6806022929307634,0.559047793987521,0.4791244216937684,0.4055006327223623,0.2935869288903179,-49.0
2026-02-11,401810636,TOR,DET,0.5490859737251219,0.4563492492231011,v1-backfill,0.0,1.1018497622629573,0.7335570983751067,0.6214131005862424,0.5451419464904564,0.456820594126362,0.3252114262084244,-18.0
2026-02-11,401810637,HOU,LAC,0.726756733270455,0.648862436986386,v1-backfill,0.0,8.481034209965657,0.876872011737722,0.7969770767398712,0.7329351088926455,0.6604885599267396,0.5337895606435836,-3.0
2026-02-11,401810638,MIN,POR,0.7209587393096151,0.6688684890838712,v1-backfill,1.0,7.006661046892436,0.8525524475672268,0.7754841035516209,0.7188050382415127,0.6358436024950674,0.4970999644904959,24.0
2026-02-11,401810639,NO,MIA,0.5396131214399679,0.4325357636559863,v1-backfill,0.0,1.3848797602526517,0.7348835522979787,0.6226441175013223,0.5461545318022111,0.4630676120259531,0.3363034894669655,-12.0
2026-02-11,401810640,PHX,OKC,0.3018324542487677,0.4361181744941132,v1-backfill,0.0,-5.330708725968648,0.5569876239222677,0.4043755240809945,0.3071873919236005,0.2477125572286801,0.1653622110297087,-27.0
2026-02-11,401810641,UTAH,SAC,0.7348702905454251,0.6206585965710093,v1-backfill,1.0,7.71253246424195,0.8601288835367525,0.7863519766389997,0.7319055562347685,0.6532738314873956,0.5189535779369265,28.0
2026-02-11,401810642,DEN,MEM,0.8299999774316432,0.7553060723922503,v1-backfill,1.0,10.634318332074349,0.9211713572732728,0.8710535673224762,0.8312193733451682,0.7478859333330409,0.6027167186909085,6.0
2026-02-11,401810643,GS,SA,0.3514328797315073,0.4842031205103789,v1-backfill,0.0,-4.970217060159719,0.5694785117447927,0.4268529120457681,0.3371211464013017,0.268319366342882,0.1753018171744857,-13.0
2026-02-12,401810644,OKC,MIL,0.8107056245375195,0.8072944631711338,v1-backfill,0.0,12.889106660321788,0.9171554271298284,0.8596799358229402,0.8122840093562039,0.7593254650092154,0.6567030465562208,-17.0
2026-02-12,401810645,UTAH,POR,0.3997534185753167,0.4330456977349756,v1-backfill,0.0,-4.546464899606397,0.5716312731930763,0.4529249614100221,0.3820897860731039,0.3101930089098867,0.2093925793737454,-16.0
2026-02-12,401810646,LAL,DAL,0.5972085080652002,0.748439115387222,v1-backfill,1.0,2.9107615286809603,0.7719837201540946,0.6710837461414345,0.6012551324529983,0.513903507125259,0.3784058712740875,20.0
2026-02-19,401810647,CHA,HOU,0.3804264335330289,0.4745377495852874,v1-backfill,0.0,-3.119824263402128,0.6198329176342431,0.4802492353713383,0.3895365946441501,0.3186300690400612,0.2178012852941595,-4.0
2026-02-19,401810648,CLE,BKN,0.9069968602733824,0.8457987852526252,v1-backfill,1.0,14.61642764512154,0.964092233718763,0.93622005792977,0.9120707279136754,0.8442471628506163,0.7167164038424162,28.0
2026-02-19,401810649,PHI,ATL,0.4695762453163685,0.6174750030052454,v1-backfill,0.0,-0.1302340259516103,0.7017619762210887,0.5684679958117823,0.4758969029492568,0.4006575044955848,0.287494576988009,-10.0
2026-02-19,401810650,WSH,IND,0.4243510125326354,0.4816273600659017,v1-backfill,1.0,-1.7778666821103777,0.6583223147331191,0.519633630692532,0.4264668988973446,0.3532615486992216,0.246623382195237,7.0
2026-02-19,401810651,NY,DET,0.560412784860812,0.5215230834130818,v1-backfill,0.0,1.6373189364562617,0.7490633236633034,0.6380970787378977,0.5613205654344111,0.4715801690077597,0.3371754287767777,-15.0
2026-02-19,401810652,CHI,TOR,0.3398830638411666,0.4804844192149502,v1-backfill,0.0,-6.480915647694912,0.5240637039887687,0.3981224931979137,0.3239413999580112,0.2522030426754156,0.1589477092684744,-9.0
2026-02-19,401810653,SA,PHX,0.7565745778359597,0.6754935144536968,v1-backfill,1.0,8.929311333970121,0.8828012909874209,0.8133202623449226,0.7596473584743796,0.6838060246795641,0.5515355682894842,27.0
2026-02-19,401810654,GS,BOS,0.4126912040963716,0.4732327203325615,v1-backfill,0.0,-3.2185907862376943,0.6125584794209893,0.4892634507300921,0.4126401052526078,0.3363284965723498,0.2285394861693799,-11.0
2026-02-19,401810655,SAC,ORL,0.2547782790841481,0.371471201140117,v1-backfill,0.0,-8.148413946770624,0.4695975514144901,0.3380831917823925,0.261994490833254,0.206741794471544,0.1331852879311177,-37.0
2026-02-19,401810656,LAC,DEN,0.4294329158997789,0.5487326514858516,v1-backfill,1.0,-1.832841449390424,0.6500569104635749,0.516479921873619,0.4285656177252822,0.3578977388448111,0.2533083263558925,1.0
2026-02-20,401810657,CHA,CLE,0.3197051057922004,0.4202124128008023,v1-backfill,0.0,-4.3498279875775,0.5878227816475451,0.4260800363238933,0.3186509317506055,0.261287737228115,0.1793374211497866,-5.0
2026-02-20,401810658,WSH,IND,0.4074143950742683,0.5054908058800512,v1-backfill,1.0,-1.549536403884891,0.6685037199392622,0.5162886983362859,0.4095579220828235,0.3428875662133431,0.2437220150684767,13.0
2026-02-20,401810659,MEM,UTAH,0.6033388558869796,0.6495011884214972,v1-backfill,1.0,3.0307883263495263,0.7718639245397896,0.6697649316840021,0.5988249411366885,0.5147209269637403,0.3827089904881848,9.0
2026-02-20,401810660,ATL,MIA,0.468618247291045,0.572167203762272,v1-backfill,0.0,-2.067329373251069,0.6521170706865117,0.5327258493308906,0.4567833790994072,0.3689162117909194,0.2469044803922179,-31.0
2026-02-20,401810661,MIN,DAL,0.8386888446336941,0.769448001605887,v1-backfill,1.0,12.58933588633268,0.9346814601160331,0.888421193991258,0.8499325302737292,0.782019747800173,0.6565095346895328,11.0
2026-02-20,401810662,NO,MIL,0.5856558654665058,0.4305119429808801,v1-backfill,0.0,3.076268413122156,0.7776908167147026,0.668349540832959,0.5897438815166108,0.507368589772931,0.3778253548001161,-21.0
2026-02-20,401810663,OKC,BKN,0.8906998948634857,0.8808598077540963,v1-backfill,1.0,15.400682316816845,0.9584555927928172,0.9236248485916756,0.8923617873510398,0.8372822953357766,0.7292618479992606,19.0
2026-02-20,401810664,LAL,LAC,0.7251182296848081,0.5890975390331985,v1-backfill,1.0,6.181278021747023,0.8548835205409989,0.7765986984313403,0.7183260880702957,0.6207859362613515,0.4659113715956136,3.0
2026-02-20,401810665,POR,DEN,0.4840515034327431,0.4958208926165059,v1-backfill,0.0,0.4560389293462483,0.7127867768871281,0.5820688672293721,0.4907007682990435,0.4176792662433043,0.3053759905606226,-54.0
2026-02-21,401810666,PHX,ORL,0.5228468133857033,0.6277597495919173,v1-backfill,1.0,2.026064328191647,0.7470287903578198,0.6201938589102906,0.5283609522581092,0.4590241633971745,0.3476712638038872,3.0
2026-02-21,401810667,NO,PHI,0.421886818469509,0.4119608697049161,v1-backfill,1.0,-2.285171989773435,0.6444366640725567,0.5155242074883447,0.4320862623441731,0.3522190354962241,0.2393832945839294,15.0
2026-02-21,401810668,MIA,MEM,0.7916314644124908,0.6838072917601875,v1-backfill,1.0,10.441170251257724,0.9073857295262504,0.844475020884534,0.793063854840009,0.7213787431509544,0.5929673385249813,16.0
2026-02-21,401810669,CHI,DET,0.2268448035742122,0.3154223965635824,v1-backfill,0.0,-10.79790170032429,0.3989076604534446,0.2769445758680756,0.2099733712739296,0.155860477291418,0.0910005133553703,-16.0
2026-02-21,401810670,SA,SAC,0.9226350428576752,0.8710045893264893,v1-backfill,1.0,18.286129003019088,0.9747406714784024,0.951697175732616,0.930170266478409,0.8870366918653041,0.7973651148520831,17.0
2026-02-21,401810671,NY,HOU,0.5572851514283069,0.5764805734748935,v1-backfill,1.0,1.5691406147275,0.7471161818718646,0.6365436341728101,0.5603414227073849,0.4703652074578532,0.3358311475636459,2.0
2026-02-22,401810672,OKC,CLE,0.4410661470967204,0.642866523517629,v1-backfill,1.0,-0.7736378123484657,0.6764685556408545,0.5359100871099497,0.4392593824150109,0.3749271201399847,0.2754210961693284,8.0
2026-02-22,401810673,ATL,BKN,0.8132239439659854,0.7383057181609793,v1-backfill,1.0,10.581913612413391,0.9088711044266872,0.8553444564691629,0.814149375217338,0.7378680792432945,0.6025137336553412,11.0
2026-02-22,401810674,MIL,TOR,0.3697435254989308,0.5347802114822878,v1-backfill,0.0,-4.109752266965577,0.5902601049068288,0.4542942309372854,0.3687087108109664,0.2984259253511356,0.2004413645804281,-28.0
2026-02-22,401810675,GS,DEN,0.3602053481607528,0.5062693447007375,v1-backfill,1.0,-3.703954273021036,0.5998993587987105,0.454159508024298,0.3596882748756119,0.2967679197447856,0.2058097331209056,11.0
2026-02-22,401810676,IND,DAL,0.4731166180718808,0.5859450036173627,v1-backfill,0.0,-1.843597527191044,0.6528508783086866,0.5369597697803062,0.4638749504969337,0.3792528585461164,0.2590308102515275,-4.0
2026-02-22,401810677,WSH,CHA,0.2456761195037829,0.435221231413927,v1-backfill,0.0,-9.670351865293911,0.427888130513422,0.3040344440684268,0.2348995773109588,0.1810197885543635,0.1122144300467748,-17.0
2026-02-22,401810678,LAL,BOS,0.5442409553934467,0.5165643902006157,v1-backfill,0.0,-0.205207307124061,0.7067722006145307,0.6006028517677664,0.5319149047351487,0.4311962370607542,0.2903705408919463,-22.0
2026-02-22,401810679,MIN,PHI,0.7791856658911962,0.7010215858058769,v1-backfill,0.0,9.000247928088395,0.8908685270598975,0.8289092354964678,0.7818625332441652,0.6983101413990127,0.5553644629965421,-27.0
2026-02-22,401810680,CHI,NY,0.3216071643319526,0.3804501313840027,v1-backfill,0.0,-7.635761666036452,0.4879947886005717,0.3661408763097215,0.2964150052509461,0.2310255025160101,0.1458598576830803,-6.0
2026-02-22,401810681,PHX,POR,0.442796481708501,0.6539707248261059,v1-backfill,0.0,-1.6692107888043193,0.655968554399571,0.5283368199506397,0.4451129637393022,0.3692626185085966,0.2584482142202931,-15.0
2026-02-22,401810682,LAC,ORL,0.6142834942829377,0.6463999147067475,v1-backfill,0.0,3.420381397499675,0.7783126975514337,0.6768453093696059,0.6057794456283675,0.5241211084047324,0.39414448157188,-2.0
2026-02-23,401810683,DET,SA,0.5658675125381172,0.615091294822283,v1-backfill,0.0,2.3913662742823067,0.7607732052796575,0.6517358414540881,0.5754821433875889,0.4914387002696555,0.361312828092092,-11.0
2026-02-23,401810684,MEM,SAC,0.6249330120138308,0.699107365925164,v1-backfill,0.0,4.254281024864683,0.7931699296255386,0.6948911493293579,0.6251245435235262,0.5464513135107325,0.4183761235906652,-9.0
2026-02-23,401810685,HOU,UTAH,0.8279534201608967,0.8145610304235595,v1-backfill,1.0,12.74431835813189,0.928584004900942,0.8765134201959889,0.8326373433738045,0.7717477444665131,0.6568037834180447,20.0
2026-02-24,401810686,IND,PHI,0.3083624726168876,0.4583949813006439,v1-backfill,0.0,-7.218586890064051,0.4999454391964267,0.372632039492894,0.298439818914631,0.233536976406582,0.1484076693050696,-21.0
2026-02-24,401810687,ATL,WSH,0.8601291451736264,0.7344493463340359,v1-backfill,1.0,11.542577366767398,0.9358649765761016,0.8932059917951714,0.8586541789280091,0.7758037795270758,0.629951394795242,21.0
2026-02-24,401810688,BKN,DAL,0.4193993896093515,0.4881949607331936,v1-backfill,0.0,-2.6039746870945635,0.6330553326756057,0.5015883907179389,0.416820161125253,0.3413328810246198,0.233760364668856,-9.0
2026-02-24,401810689,TOR,OKC,0.5481290340885085,0.4153338439404742,v1-backfill,0.0,1.5716155921239563,0.7411559533529847,0.6300495842246581,0.5539703807164716,0.4691893024270979,0.3401235776844473,-9.0
2026-02-24,401810690,CLE,NY,0.6192678871538397,0.6098652733960801,v1-backfill,1.0,3.306247471605817,0.7800087552398121,0.6844877143334934,0.6188186191736917,0.5298909773408154,0.391417287009174,15.0
2026-02-24,401810691,CHI,CHA,0.3904321990136162,0.5031596827731547,v1-backfill,0.0,-6.213656051999738,0.5352953893987844,0.4264359862102183,0.3644074854650416,0.2804321790444141,0.1734513392419228,-32.0
2026-02-24,401810692,MIL,MIA,0.3459034508153707,0.545508042324702,v1-backfill,1.0,-5.710254446879643,0.5459205502556382,0.4168164951150149,0.3392080772828215,0.267056802574674,0.1713963339129457,11.0
2026-02-24,401810693,NO,GS,0.5355537938015977,0.3805463202791768,v1-backfill,1.0,1.0610774872737814,0.7286090182022746,0.6184988099898374,0.5445412665128082,0.4580218813218508,0.3281362875781957,4.0
2026-02-24,401810694,PHX,BOS,0.4428124116434699,0.4640292024448849,v1-backfill,0.0,-2.791938924339318,0.6259747399897133,0.5041507706983821,0.4279044714545142,0.348540521833066,0.2365785515133499,-16.0
2026-02-24,401810695,LAL,ORL,0.6921128746603752,0.6426025632721558,v1-backfill,0.0,5.419720287454732,0.8327202866908955,0.7503458074624354,0.6911003331875675,0.5969190117497455,0.4475590587863502,-1.0
2026-02-24,401810696,POR,MIN,0.2563909889341114,0.5061221860942811,v1-backfill,0.0,-7.067093409488143,0.5007394842973094,0.3528831680970961,0.2629430689021316,0.2115192945872051,0.1406348020473436,-3.0
2026-02-25,401810697,DET,OKC,0.832659620244303,0.5377309329658616,v1-backfill,1.0,11.74955027789762,0.92533549607044,0.875084477672243,0.8341800575806217,0.7629002288227772,0.633352191165469,8.0
2026-02-25,401810698,TOR,SA,0.3744151383294494,0.4466497678611721,v1-backfill,0.0,-4.51134083178863,0.5803519796843526,0.4492179892687176,0.3681691806030724,0.2941129038557937,0.1933205126618561,-3.0
2026-02-25,401810699,MEM,GS,0.542999508642462,0.4464909258992519,v1-backfill,0.0,0.8211747970579006,0.7242558546014831,0.6093109379131254,0.5313927992966385,0.4463391285977548,0.319009481897138,-21.0
2026-02-25,401810700,HOU,SAC,0.8655026904223113,0.8352599969760596,v1-backfill,1.0,14.066845495767495,0.9490574277205744,0.908831845211179,0.8737079256341359,0.8123621775221288,0.6954592021003986,31.0
2026-02-25,401810701,MIL,CLE,0.4739610569278571,0.4176673105135322,v1-backfill,1.0,-2.28748402742174,0.6346487652667361,0.5234268220548649,0.4552190409000653,0.3745441839230206,0.2585400771727093,2.0
2026-02-25,401810702,DEN,BOS,0.5852886284230328,0.4975436500123865,v1-backfill,1.0,1.376967589289344,0.7351550518258796,0.6314117107042365,0.5625463923279574,0.4734862659425193,0.3396052803033578,19.0
2026-02-26,401810703,IND,CHA,0.3099630337236836,0.4474786469266159,v1-backfill,0.0,-8.355633665415265,0.4727715559194869,0.3520404618639195,0.2836587024649983,0.2129425268021469,0.1265748464003111,-24.0
2026-02-26,401810704,PHI,MIA,0.5294279723723374,0.5800741078530333,v1-backfill,1.0,0.6864473605954533,0.7209392171093038,0.6040905058927661,0.5247605164023503,0.4407074537463444,0.3149104673177955,7.0
2026-02-26,401810705,ATL,WSH,0.8013914751616089,0.7438796213597185,v1-backfill,1.0,9.584198512389271,0.9081938386133036,0.8497031695210644,0.8031738994046573,0.7170122079074713,0.5697665664798003,30.0
2026-02-26,401810706,BKN,SA,0.1720503757232578,0.2126757677160766,v1-backfill,0.0,-11.999823021094947,0.3597237394023296,0.2302319258105948,0.1591843702332549,0.1190618030649989,0.0703590373215053,-16.0
2026-02-26,401810707,ORL,HOU,0.5014222124410008,0.5059700464141179,v1-backfill,0.0,-1.061969302136851,0.6642657031908736,0.5456660133704146,0.4695370027895575,0.3950046356752419,0.2830746423867692,-5.0
2026-02-26,401810708,CHI,POR,0.5707770927437346,0.4779288508108744,v1-backfill,0.0,0.4732249205106704,0.7181922554203184,0.6200603138724411,0.5573545781832415,0.4583025488686018,0.3160375394581554,-9.0
2026-02-26,401810709,DAL,SAC,0.7775804583071776,0.6922142456445565,v1-backfill,0.0,9.257344389929878,0.8867155382446182,0.8195511723152665,0.7676666444644251,0.6928714583809777,0.5615479044555608,-9.0
2026-02-26,401810710,PHX,LAL,0.3184457501358973,0.5613334725350584,v1-backfill,1.0,-3.593662387702837,0.6095654751454107,0.4418240472124932,0.3269285527568015,0.2730685380277641,0.1933270739690279,3.0
2026-02-26,401810711,UTAH,NO,0.2885793211453831,0.5607140055147019,v1-backfill,0.0,-6.339605639851083,0.520201215745648,0.3745000859811676,0.2852133019554986,0.23218047272907,0.1574458020286563,-11.0
2026-02-26,401810712,LAC,MIN,0.2396573198778415,0.5402432207779717,v1-backfill,0.0,-8.061113936893886,0.4727764403047874,0.3241621606776548,0.2350465564398202,0.1861546569389133,0.1206400229701303,-6.0
2026-02-27,401810713,DET,CLE,0.7054685712406843,0.6359826313554642,v1-backfill,1.0,8.179547992809336,0.8661903877091234,0.781081685933824,0.713424785949401,0.6451702072449332,0.5247357902071214,3.0
2026-02-27,401810714,BOS,BKN,0.8972117102326752,0.8723690813670709,v1-backfill,1.0,17.027672503836843,0.958296140945732,0.925349729265284,0.8965754590183945,0.8530455657614187,0.7633536894810087,37.0
2026-02-27,401810715,MIL,NY,0.3368177082731136,0.4736498750482328,v1-backfill,0.0,-6.141075247918955,0.5328126919569346,0.4055907912941873,0.3300493969269026,0.2591390292988324,0.1655775340866933,-29.0
2026-02-27,401810716,DAL,MEM,0.5888163161064179,0.5996012145499713,v1-backfill,0.0,1.7358594103158709,0.7475440185738133,0.6483632480706708,0.5824623500649027,0.4881338344409178,0.3475508173922362,-19.0
2026-02-27,401810717,OKC,DEN,0.6586511380065516,0.695454491372677,v1-backfill,1.0,4.487715026490118,0.8033627968659622,0.7115988395063491,0.6468807878104842,0.5615088830691346,0.424659811274192,6.0
2026-02-28,401810718,CHA,POR,0.6976242510575651,0.5828022804000752,v1-backfill,1.0,6.867947794128941,0.8542252486292787,0.77083881882931,0.7073346844447727,0.6254275040533269,0.4885836993360979,16.0
2026-02-28,401810719,MIA,HOU,0.5361887872394345,0.4607170485162477,v1-backfill,1.0,0.7668418838273272,0.7170754078039441,0.6016335137789134,0.523946123678239,0.4438456750891871,0.3218575863074017,10.0
2026-02-28,401810720,WSH,TOR,0.1443671860766718,0.3538855526412124,v1-backfill,0.0,-11.722117053140904,0.3646772587324127,0.2210131242017024,0.1399100108451577,0.1057929383873697,0.0636143013223464,-9.0
2026-02-28,401810721,GS,LAL,0.3895431869087876,0.5649979592927495,v1-backfill,0.0,-1.6350250408885945,0.6530849042335957,0.5017795168989467,0.3975976542068959,0.3404048161948154,0.2513775330343303,-28.0
2026-02-28,401810722,UTAH,NO,0.4130620843240689,0.5351352400347489,v1-backfill,0.0,-3.1371365507060083,0.6227788755232678,0.4916812574057075,0.4079628027701947,0.3279654394222003,0.2178248582791348,-10.0
2026-03-01,401810723,NY,SA,0.4398075077512851,0.5121888314522358,v1-backfill,1.0,-1.720585253488987,0.6594596328019654,0.5267144461026422,0.4387401618602174,0.3618091340993767,0.2507044498601819,25.0
2026-03-01,401810724,BKN,CLE,0.1262036498940791,0.2486889238904672,v1-backfill,0.0,-14.329530332760545,0.2956495455560698,0.1784758414236172,0.1171360670221326,0.0860131572754636,0.0493679531298513,-4.0
2026-03-01,401810725,CHI,MIL,0.5320790388417076,0.4706244486210688,v1-backfill,1.0,-0.0171461998955022,0.710385365046607,0.5967175554895623,0.5212152915355714,0.427176524583033,0.2929560766184335,23.0
2026-03-01,401810726,DEN,MIN,0.4653652262933952,0.5729935588604173,v1-backfill,0.0,-0.4722787083080213,0.6896615386117846,0.5607512878724574,0.4734716569466067,0.3973449462547375,0.2835756697114721,-9.0
2026-03-01,401810727,IND,MEM,0.5201043013718871,0.5443430911443379,v1-backfill,0.0,-0.1271168705887699,0.7037716189467766,0.5883580514624002,0.5118828072608933,0.4224166753130405,0.2930379826954974,-19.0
2026-03-01,401810728,ATL,POR,0.7695336220439133,0.5790788864740386,v1-backfill,1.0,7.901142028997746,0.8776975072309356,0.8098793691212453,0.7588573737541809,0.6696850338246988,0.5213676371918851,34.0
2026-03-01,401810729,BOS,PHI,0.7214204320498775,0.7290211013049072,v1-backfill,1.0,7.574335388317146,0.8672920638180194,0.7918566875562966,0.734550277813622,0.6511015510668048,0.5108771272088173,16.0
2026-03-01,401810730,ORL,DET,0.3100873879704632,0.4022152834516686,v1-backfill,0.0,-6.980928661317721,0.5091829027695911,0.3782245457752112,0.300909528644259,0.2336373196478288,0.1466013196091765,-14.0
2026-03-01,401810731,DAL,OKC,0.1325470868761238,0.250886301542405,v1-backfill,0.0,-14.00476037856658,0.3055994672522616,0.1886101084374238,0.1271867275982604,0.0929787666738094,0.052993041231208,-13.0
2026-03-01,401810732,LAC,NO,0.740379386444092,0.7379496776264366,v1-backfill,1.0,7.507893917721958,0.8649244527213702,0.7886174419860495,0.730789918156722,0.6481836727452636,0.509166607585034,20.0
2026-03-01,401810733,LAL,SAC,0.8223823183107741,0.802661584468309,v1-backfill,1.0,10.41348714326288,0.913925154417758,0.8637501892333426,0.8252516105462563,0.7424222092127879,0.5981766509074492,24.0
2026-03-02,401810734,WSH,HOU,0.1379586552713453,0.2799066709436087,v1-backfill,0.0,-13.043784632445256,0.3295306168788207,0.201423506708698,0.1321150586698518,0.0975016077960964,0.0564082763660993,-5.0
2026-03-02,401810735,MIL,BOS,0.5370591781753689,0.3874395276893691,v1-backfill,0.0,-1.3748491862136314,0.6645535217680735,0.5654784555924067,0.5052593106039166,0.4118881298447308,0.2799612238875519,-27.0
2026-03-02,401810736,UTAH,DEN,0.2182876285287105,0.3042270146026813,v1-backfill,0.0,-8.437047746842708,0.4621863526398444,0.3066386584039406,0.2126709796766716,0.1681000576080277,0.1085870590784297,-3.0
2026-03-02,401810737,GS,LAC,0.539314744772722,0.5592119905209039,v1-backfill,0.0,1.2509673579159442,0.7384009362668293,0.6163737838239473,0.5303253928694814,0.4484659016334247,0.32424015838235,-13.0
2026-03-03,401810738,CHA,DAL,0.7864366822150602,0.7170928662479714,v1-backfill,1.0,12.310689440428536,0.921653627766142,0.8617004578009646,0.8100869014605673,0.7516495594168475,0.6409827166758989,27.0
2026-03-03,401810739,CLE,DET,0.4935442927202271,0.5128999064337568,v1-backfill,1.0,-1.1545899946697116,0.6755975325783945,0.5613809798327885,0.4881426633055699,0.3981647231553628,0.2708939566952945,4.0
2026-03-03,401810740,ORL,WSH,0.9270288064453608,0.7789219964177329,v1-backfill,1.0,16.28250936400777,0.9702114755120552,0.9463545003276828,0.925388532305174,0.8687696505345378,0.7575194910964356,17.0
2026-03-03,401810741,MIA,BKN,0.8700145215326,0.7889883641507637,v1-backfill,1.0,13.85585197627302,0.9492203392025514,0.9108073153078386,0.8779075897183112,0.8134480507294447,0.6918799451997775,26.0
2026-03-03,401810742,TOR,NY,0.4975896063459629,0.4920524994129966,v1-backfill,0.0,-0.6227496588936798,0.6902815721293827,0.5687945588946275,0.4881142068849696,0.4027459328598269,0.2793264477665076,-16.0
2026-03-03,401810743,PHI,SA,0.2891789547323064,0.4051834204514961,v1-backfill,0.0,-6.599183756782513,0.5202313265483247,0.3757736530017746,0.2874714438923326,0.2259587411338025,0.1446374372345417,-40.0
2026-03-03,401810744,CHI,OKC,0.3433579087802494,0.2581239065472578,v1-backfill,0.0,-6.441045479081431,0.5245082502515837,0.4085617781262041,0.3417824597366756,0.2668268155544057,0.1689172587244215,-8.0
2026-03-03,401810745,MIN,MEM,0.8391771261615318,0.7773217386209277,v1-backfill,1.0,11.932296538080276,0.9294221179602966,0.8804707863329565,0.8401090289481928,0.7685314225136732,0.6383460641206812,7.0
2026-03-03,401810746,LAL,NO,0.7606252755228008,0.7653711046256741,v1-backfill,1.0,7.207388712454575,0.8673464827620845,0.8031667268048363,0.757305936652104,0.660441106244715,0.503571057215588,9.0
2026-03-03,401810747,SAC,PHX,0.2857169247530322,0.3406569261807215,v1-backfill,0.0,-6.740918651313773,0.5146261012440176,0.3725368826122241,0.2863970058934975,0.225799447142083,0.145253810207754,-11.0
2026-03-04,401810748,NY,OKC,0.4616686410133584,0.4907850099485031,v1-backfill,0.0,-0.6125950487415928,0.6785017792956034,0.5526592604127534,0.4691448389656337,0.3970412667016308,0.2874458479408632,-3.0
2026-03-04,401810749,BOS,CHA,0.7116729679621765,0.735686182608854,v1-backfill,0.0,6.383522970154112,0.8405832376018982,0.7583051399639354,0.6980830265549428,0.6155252594122907,0.4784790399493719,-29.0
2026-03-04,401810750,PHI,UTAH,0.7065267601500567,0.7675861774330349,v1-backfill,1.0,6.224109576344354,0.8403628220650576,0.7630555672853435,0.707795334509119,0.6195662668971945,0.4754954411670622,4.0
2026-03-04,401810751,MEM,POR,0.3297578939370878,0.4924946344361613,v1-backfill,0.0,-6.294168556431041,0.5258546773660565,0.3976137036181751,0.3216133183280864,0.2548075255521833,0.1652299256068593,-8.0
2026-03-04,401810752,MIL,ATL,0.4748946858359897,0.5568173917769258,v1-backfill,0.0,-2.402545738241928,0.6383846723617392,0.524085583206042,0.4531982274124781,0.3672971117543639,0.2472426887713585,-18.0
2026-03-04,401810753,LAC,IND,0.7031441054928119,0.7785489422342918,v1-backfill,1.0,8.292798680244598,0.8627852511517726,0.7835589847449014,0.7229997189198534,0.6541563539486296,0.5325275322389947,23.0
2026-03-05,401810754,ORL,DAL,0.7390123587596087,0.7255120671119315,v1-backfill,1.0,8.05984311246736,0.8783834552777665,0.8054137809230009,0.748773426424355,0.6651219770841347,0.5238535740257787,1.0
2026-03-05,401810755,WSH,UTAH,0.5713298625353652,0.5842125484613849,v1-backfill,0.0,1.4359696564359945,0.7292081709326848,0.6219706711248524,0.5505264022693435,0.4696829587308385,0.3447570260601138,-10.0
2026-03-05,401810756,MIA,BKN,0.8816707377214933,0.7953869473037962,v1-backfill,1.0,13.817781369933874,0.9541697595473267,0.918482044740651,0.8875165870654006,0.8194551516871613,0.6924115356518712,16.0
2026-03-05,401810757,HOU,GS,0.8038642538233844,0.6888075682876439,v1-backfill,0.0,11.236967853620037,0.913208510973378,0.8577597840138512,0.813599838979773,0.7443761375337699,0.6184281869079855,-2.0
2026-03-05,401810758,MIN,TOR,0.6220633998718652,0.676277709418307,v1-backfill,1.0,3.863421245814575,0.7986214953618681,0.6994489293747843,0.6281201549152633,0.5393231126650956,0.4002598250659749,8.0
2026-03-05,401810759,SA,DET,0.5753165540953991,0.579359643117184,v1-backfill,1.0,1.55793761005493,0.7381967496195663,0.6347488218788262,0.5658803389311505,0.4781121514232272,0.3451565074930463,15.0
2026-03-05,401810760,PHX,CHI,0.7193075774557621,0.7397162028662966,v1-backfill,0.0,8.65812838193661,0.8698649144206116,0.7906381934903196,0.7287773091209062,0.6613048890713022,0.5412004331335379,-2.0
2026-03-05,401810761,DEN,LAL,0.5935929858234995,0.6007071488340022,v1-backfill,1.0,2.955748207146363,0.7752550841807537,0.6695987343143616,0.5948845893924313,0.5092964524204134,0.3760775396378207,7.0
2026-03-05,401810762,SAC,NO,0.3375467081067562,0.5196433292820638,v1-backfill,0.0,-5.1572800910663705,0.5625695556866392,0.4236812095894349,0.3374262449397736,0.2684456857577739,0.1752595120976517,-10.0
2026-03-06,401810763,BOS,DAL,0.8855873463633159,0.83451924930951,v1-backfill,1.0,16.01811907166334,0.9577371538923232,0.9232531171692764,0.8926878018977921,0.8426229766915581,0.7424226095834854,20.0
2026-03-06,401810764,CHA,MIA,0.6478745605831746,0.6003389358795693,v1-backfill,0.0,5.891288600701383,0.8184504224237111,0.7235447717455812,0.6537438986887794,0.5838933880884124,0.4643843041133852,-8.0
2026-03-06,401810765,HOU,POR,0.68998857421081,0.6823158953223282,v1-backfill,1.0,6.016605595773681,0.8460514333334865,0.7620713660740026,0.6992902204060761,0.6084581777273979,0.4620930357989,7.0
2026-03-06,401810766,DEN,NY,0.4866918451440207,0.5502117624753835,v1-backfill,0.0,-0.8738665415346789,0.6766332194421455,0.5617227549201438,0.4878227504210786,0.4044949127785387,0.2828726626709547,-39.0
2026-03-06,401810767,PHX,NO,0.5355790942813465,0.7371348484190079,v1-backfill,1.0,1.0705004072141593,0.723086218121759,0.6067728941972255,0.5277215555291247,0.4498654085767013,0.3297555050707405,2.0
2026-03-06,401810768,SA,LAC,0.7594943573251289,0.7150854538987991,v1-backfill,1.0,8.663768801468795,0.8825720396835322,0.8160793258264158,0.7656430584789994,0.6844065916973064,0.5451370153280233,4.0
2026-03-06,401810769,LAL,IND,0.6604499844845738,0.7874630172630145,v1-backfill,1.0,5.506269964517883,0.8221104827637107,0.7316684447475112,0.6658437770369173,0.585274204347982,0.452473512665897,11.0
2026-03-07,401810770,MIN,ORL,0.6993682067412775,0.689957898362607,v1-backfill,0.0,6.582737858600474,0.8508280038641218,0.7699503420490597,0.7096312116718142,0.6234058252032071,0.4814670496883272,-27.0
2026-03-07,401810771,DET,BKN,0.8588594275070462,0.8899914569485746,v1-backfill,0.0,14.919130253917732,0.94308928050107,0.8998719437217345,0.8627936558323028,0.8122277423095282,0.7119538928635809,-2.0
2026-03-07,401810772,ATL,PHI,0.6540976803244944,0.5950176271493025,v1-backfill,1.0,5.250801885149393,0.8236717908682452,0.7322138613919441,0.6651475717638936,0.5800051588088263,0.4421534956162045,9.0
2026-03-07,401810773,MEM,LAC,0.4735553471701535,0.4112841003187629,v1-backfill,0.0,-0.8722032660401844,0.6783189628747888,0.5502693165541246,0.4648120724775353,0.3884879483530796,0.2753432131580341,-3.0
2026-03-07,401810774,MIL,UTAH,0.7877619799463363,0.7317252296869395,v1-backfill,1.0,8.38917767120156,0.8870464107169855,0.8261213930753601,0.7807734608550465,0.6894634783362688,0.5373685283598528,14.0
2026-03-07,401810775,OKC,GS,0.8108967901584264,0.7820324828350237,v1-backfill,1.0,10.332932391688743,0.9066077528241254,0.8490144954834606,0.8038091638395892,0.7278625724961159,0.5934041081502582,7.0
2026-03-08,401810776,CLE,BOS,0.5295353887447115,0.5636143301400685,v1-backfill,0.0,0.4770725546502001,0.7179929438839383,0.6032481181308534,0.5261031784240767,0.4382442309998208,0.3088550894260519,-11.0
2026-03-08,401810777,LAL,NY,0.4398045665895096,0.508461245173743,v1-backfill,1.0,-3.598201229280708,0.6064515728948197,0.4919635665759555,0.4226832361436231,0.3373379801575212,0.2213831020182727,13.0
2026-03-08,401810778,MIA,DET,0.5197424537298677,0.4470487040060403,v1-backfill,1.0,0.1784607167871073,0.6963699645117052,0.5847406925844618,0.5121641418102361,0.433791665422936,0.3144761642008182,11.0
2026-03-08,401810779,TOR,DAL,0.7614223963528837,0.7391098533813429,v1-backfill,1.0,9.250046388725774,0.8880496429047903,0.8212571749220444,0.7695292763225853,0.6937891523140006,0.5611748250135721,30.0
2026-03-08,401810780,NO,WSH,0.8122971180538073,0.675904574030119,v1-backfill,1.0,11.603908388923989,0.913773779927112,0.8588945256997198,0.8152566936038804,0.7495413179857979,0.62835310084342,20.0
2026-03-08,401810781,MIL,ORL,0.3115693012124743,0.5109100346068918,v1-backfill,0.0,-6.504301685216952,0.5180483035196655,0.3746998164151463,0.2873911403644589,0.2307703694095696,0.1529794331453443,-39.0
2026-03-08,401810782,SA,HOU,0.7283110421557522,0.6818536659849713,v1-backfill,1.0,6.652011836898286,0.8501657660469057,0.7762341299671492,0.7230215944851363,0.6337531814504018,0.4875420614155802,25.0
2026-03-08,401810783,PHX,CHA,0.3555339446665013,0.6077685816885517,v1-backfill,1.0,-5.866110551488365,0.5372504082599152,0.4139893308368571,0.3412530424557289,0.2718764416605344,0.1779140401497025,12.0
2026-03-08,401810784,POR,IND,0.6703669374459384,0.7357864228932299,v1-backfill,1.0,7.303134589858555,0.8463097062432186,0.7553676796345273,0.6851700432308941,0.6182941408937117,0.5009319361256286,20.0
2026-03-08,401810785,SAC,CHI,0.3452313379901058,0.4650559463527009,v1-backfill,1.0,-4.472760845678875,0.5814454066637987,0.4387881185679203,0.3482421060372895,0.2811102487002937,0.1879794947177009,16.0
2026-03-09,401810786,CLE,PHI,0.7973702691330555,0.7179878861331271,v1-backfill,1.0,9.543186101744162,0.9064893937471324,0.850915746687264,0.8079437853896984,0.7201017398508994,0.5705668704831253,14.0
2026-03-09,401810787,BKN,MEM,0.3744536423047239,0.493211713496857,v1-backfill,1.0,-3.8398245480901294,0.5950764906281722,0.4580481563781007,0.3712684080587691,0.3040634089715752,0.2082739477413771,11.0
2026-03-09,401810788,OKC,DEN,0.645480901937926,0.737431064752982,v1-backfill,1.0,4.347560399628755,0.8107289959762326,0.7158931954777767,0.647245213695435,0.5563867135658705,0.4137477971324874,3.0
2026-03-09,401810789,UTAH,GS,0.3760034856683256,0.3597027374107828,v1-backfill,1.0,-4.1179465207980215,0.5874057004445236,0.4557085050628612,0.3737884931444275,0.3037443909402247,0.2053657292376965,3.0
2026-03-09,401810790,LAC,NY,0.5400146171105962,0.5148723453978986,v1-backfill,1.0,-0.4062975416235979,0.6845878340504519,0.5766030192624758,0.5079681373180372,0.4244598037397618,0.3007212747889662,8.0
2026-03-10,401810791,PHI,MEM,0.5782911681240713,0.7006740818810121,v1-backfill,1.0,2.494308616332722,0.7566305176205004,0.6448207772992629,0.56640640340396,0.4891695405797331,0.3667074173532426,10.0
2026-03-10,401810792,BKN,DET,0.1026875455110717,0.2426270699209865,v1-backfill,0.0,-16.917756604763817,0.2386087998278321,0.1471326389673193,0.102532855137612,0.0733693520161392,0.0404377673045486,-38.0
2026-03-10,401810793,MIA,WSH,0.8226941920563857,0.8185417337010295,v1-backfill,1.0,12.027509360717184,0.9265088256976164,0.8745653004971561,0.8313859048235713,0.7637477125229322,0.6392977408871747,21.0
2026-03-10,401810794,ATL,DAL,0.7130243405038734,0.7419068324598674,v1-backfill,1.0,8.017169980915389,0.8735754453982897,0.7958392276646316,0.7348962566660708,0.6562449220429925,0.5217424514359575,12.0
2026-03-10,401810795,HOU,TOR,0.5885408601018104,0.6539673230728835,v1-backfill,1.0,3.764092385155894,0.7876002495251988,0.6800934260468637,0.6019793145901696,0.5244124914049456,0.3990949559752135,14.0
2026-03-10,401810796,MIL,PHX,0.5220904203505227,0.4835168221931503,v1-backfill,0.0,-1.929227267222004,0.654960330209773,0.5580090186513664,0.4999257655583368,0.4002402502895361,0.2640253001759987,-15.0
2026-03-10,401810797,SA,BOS,0.6902146156213727,0.617045444735202,v1-backfill,1.0,5.889633426925528,0.8383399274481067,0.7544138050412016,0.6928494578053815,0.6045399963997548,0.4613625733837898,9.0
2026-03-10,401810798,GS,CHI,0.4915726868005509,0.6919384497620757,v1-backfill,0.0,0.9075759155427984,0.7206831042383974,0.5920212715684114,0.5017034970719907,0.430574137618289,0.3192907768639532,-6.0
2026-03-10,401810799,POR,CHA,0.4971162247740295,0.5692784072644822,v1-backfill,0.0,-1.041873978158332,0.6791256209229435,0.564313407816852,0.4903145526659529,0.4002370379668542,0.2726449822292681,-2.0
2026-03-10,401810800,SAC,IND,0.6288236937343512,0.5609045770453713,v1-backfill,1.0,4.824940471709656,0.8146077725712139,0.7182777805644966,0.6475914154388724,0.5640109277339411,0.4290494280701469,5.0
2026-03-10,401810801,LAL,MIN,0.4596045978318346,0.5485503942424361,v1-backfill,1.0,-1.396739778416464,0.6669785194712752,0.5475351839353235,0.4704927988950733,0.3859240763746425,0.2650306497488354,14.0
2026-03-11,401810802,ORL,CLE,0.4195806086284455,0.4901919993153509,v1-backfill,1.0,-1.8796267819576853,0.644236316227372,0.510441771611478,0.4228119160352741,0.3561856111303631,0.2558525782606878,6.0
2026-03-11,401810803,NO,TOR,0.5074266292136447,0.4342117464306069,v1-backfill,1.0,0.2554570717172648,0.7089683045044263,0.5865128079043874,0.5032374354674961,0.4231777489108148,0.3030480789525312,11.0
2026-03-11,401810804,UTAH,NY,0.2522511674397831,0.2772821581183695,v1-backfill,0.0,-8.720202345030515,0.4555769021537219,0.3233810902888182,0.2473295104283229,0.1913390820579038,0.1193563460063203,-17.0
2026-03-11,401810805,DEN,HOU,0.6036681348213935,0.5577568378257538,v1-backfill,1.0,2.584597609331433,0.7618977405968226,0.6575918572086914,0.5856609647002092,0.5014757074405004,0.3703989498819164,36.0
2026-03-11,401810806,SAC,CHA,0.2146231502018168,0.3632928355491461,v1-backfill,0.0,-11.545621090208448,0.3770235660767467,0.2612606957588722,0.1990529004990676,0.1492481491797481,0.0885434624574501,-8.0
2026-03-11,401810807,LAC,MIN,0.5257541948114334,0.5538382920935185,v1-backfill,1.0,1.187193062577692,0.7384744399532468,0.6143154740692536,0.5262050653864605,0.4444660914631475,0.3207138466602301,25.0
2026-03-12,401810808,DET,PHI,0.8770880084249859,0.7387675636086422,v1-backfill,1.0,14.9727610190222,0.9518343511879735,0.914566196213628,0.8823221644551257,0.8267252696874879,0.7181788632224043,22.0
2026-03-12,401810809,IND,PHX,0.3207335110404801,0.3321807212614709,v1-backfill,0.0,-7.6402491836509885,0.4886885045223009,0.3654205545672223,0.2946417596892314,0.2286448593393767,0.1433408306187268,-15.0
2026-03-12,401810810,ORL,WSH,0.8315107928494041,0.8296757394109574,v1-backfill,1.0,11.508325734404767,0.931034565858602,0.8823036094434693,0.8417997069071633,0.7644482296303301,0.6264838319504525,5.0
2026-03-12,401810811,ATL,BKN,0.9307274893226932,0.7884739338860633,v1-backfill,1.0,17.980867981312574,0.9751470712709188,0.9538802460055102,0.9346085686288236,0.888486445360884,0.7937573069784951,11.0
2026-03-12,401810812,MIA,MIL,0.6830503517267302,0.687686117494598,v1-backfill,1.0,7.656482084831419,0.8617352855268108,0.7769527327437806,0.7105602516346831,0.6372402713938399,0.5105411842206284,7.0
2026-03-12,401810813,SA,DEN,0.6452525237706996,0.7103123265174867,v1-backfill,0.0,5.671885097781455,0.8131846895895392,0.7114015735525447,0.6353477369628104,0.5693059967524849,0.4554205366409869,-5.0
2026-03-12,401810814,OKC,BOS,0.7609667518401756,0.6661808070850658,v1-backfill,1.0,7.058024672006862,0.8690062084689888,0.8015525685773841,0.7522236018013884,0.6538749012420519,0.4957368467912185,2.0
2026-03-12,401810815,LAL,CHI,0.807613018780304,0.7521310718636104,v1-backfill,1.0,10.400122939335134,0.9161284135871732,0.8606627524622388,0.8158472821143128,0.7351638872298355,0.5940797383195405,12.0
2026-03-12,401810966,MEM,DAL,0.3808660391824995,0.6003800202408273,v1-backfill,0.0,-3.6229696394300808,0.5986020124393043,0.4654313251584446,0.381610522716226,0.3142828165583407,0.2172925588140329,-8.0
2026-03-13,401810816,DET,MEM,0.9255321196797596,0.842797264898976,v1-backfill,1.0,18.411530071415505,0.9728281742103756,0.948975324025112,0.9270981198516624,0.8855449483744213,0.7985949061902888,16.0
2026-03-13,401810817,IND,NY,0.2412255283426818,0.2688290452311292,v1-backfill,0.0,-11.418650894857244,0.3853277399554001,0.2800340981936252,0.2245363998505027,0.1673089535070815,0.0982791261804613,-9.0
2026-03-13,401810818,TOR,PHX,0.7369041684277462,0.5219320556919425,v1-backfill,1.0,7.0916368725922805,0.8488122572761563,0.77284420595188,0.717796046154485,0.6375390491597669,0.5020363015224734,7.0
2026-03-13,401810819,HOU,NO,0.5793718243776232,0.7716229397829206,v1-backfill,1.0,2.792754153969309,0.7615250279584025,0.651447709162104,0.5741183276226419,0.4979170072057555,0.375998088108218,2.0
2026-03-13,401810820,DAL,CLE,0.2313181009495247,0.3126464859998626,v1-backfill,0.0,-9.511827835704578,0.430646714568454,0.2972699840646948,0.2212709872088596,0.1717248456938793,0.1076734993793646,-33.0
2026-03-13,401810821,GS,MIN,0.33795088372595,0.4727260043600943,v1-backfill,0.0,-4.189835756369022,0.5868633381242236,0.4407747321958192,0.3469708298377889,0.2842544493026355,0.1948088416970216,-10.0
2026-03-13,401810822,POR,UTAH,0.8196641732262078,0.7502499177468552,v1-backfill,1.0,11.33520827321526,0.9217064949341848,0.8683218663570949,0.824625029952709,0.7518858866147211,0.6207566078391165,10.0
2026-03-13,401810823,LAC,CHI,0.8006402458970339,0.7525295158957671,v1-backfill,1.0,10.909774357972152,0.912347159884938,0.8525652887362616,0.8036266925797749,0.733555248797935,0.6068584888711072,11.0
2026-03-14,401810824,PHI,BKN,0.8139951406802309,0.7640541175422744,v1-backfill,1.0,10.976398786634949,0.9170755577278156,0.8613606642153512,0.8160414916907076,0.7423561760270023,0.6103258122844941,7.0
2026-03-14,401810825,ATL,MIL,0.7838899590954864,0.6772778064470837,v1-backfill,1.0,10.711979589610904,0.9087030043914234,0.849504820356331,0.802067065194281,0.73080886406742,0.602587210450048,23.0
2026-03-14,401810826,BOS,WSH,0.8916318800337133,0.8847357912401933,v1-backfill,1.0,16.285458682490873,0.959433594104326,0.9266359166639024,0.8976875610810705,0.8484251247491412,0.7493865947304164,11.0
2026-03-14,401810827,MIA,ORL,0.6500867793413452,0.5781196521079486,v1-backfill,0.0,5.276611819902461,0.8213846614913158,0.7267780998091894,0.656848677785272,0.5756731618981237,0.4427572392319804,-4.0
2026-03-14,401810828,SA,CHA,0.7337249907533162,0.7431325479136672,v1-backfill,1.0,6.408446394010248,0.8550176480541722,0.7833081541761151,0.7316492177352675,0.6335684210833141,0.4771622373174629,13.0
2026-03-14,401810829,LAL,DEN,0.556030256009403,0.5760975409269423,v1-backfill,1.0,2.1381483457045354,0.7499532948177815,0.6407421534155392,0.5655072591513662,0.4844492558879593,0.3581160228296363,2.0
2026-03-14,401810830,LAC,SAC,0.8631329625255686,0.8257372342215312,v1-backfill,0.0,11.816018322007992,0.937366163128216,0.8967695610035876,0.864243314362525,0.78290303506263,0.6387455753553666,-9.0
2026-03-15,401810831,OKC,MIN,0.7488814222893643,0.7305081682946497,v1-backfill,1.0,7.875286695269814,0.875711938720245,0.8060116378751593,0.7533423864559693,0.6661241991539434,0.520398820778141,13.0
2026-03-15,401810832,CLE,DAL,0.8532943026885634,0.8229032963498014,v1-backfill,0.0,12.681593182691728,0.935654299357279,0.8944710576224812,0.8616476364206617,0.7914612237044766,0.6623619497460892,-10.0
2026-03-15,401810833,TOR,DET,0.4729473055986981,0.4301058599720436,v1-backfill,1.0,-1.492649606280958,0.6640508834668262,0.5420018282953826,0.462954599431172,0.3803954089081905,0.2619870842434821,11.0
2026-03-15,401810834,MIL,IND,0.6677649837494364,0.7079748325591615,v1-backfill,1.0,4.652283124071129,0.8056898508566694,0.7200582146359179,0.6608817009832101,0.5729948540788035,0.4324697779020676,11.0
2026-03-15,401810835,PHI,POR,0.3101004150021417,0.5888986509477274,v1-backfill,1.0,-6.2278101050386,0.5241957716606712,0.3909418759996769,0.311185233228943,0.2506598316631367,0.167024987709085,6.0
2026-03-15,401810836,NY,GS,0.8451084918087307,0.7314971578425288,v1-backfill,1.0,13.753479958610273,0.9371134303076932,0.8930732093198959,0.8566093630040716,0.7981924118881886,0.686127942258768,3.0
2026-03-15,401810837,SAC,UTAH,0.7492556270448977,0.6059686599023448,v1-backfill,1.0,7.043666353184207,0.8695046806791409,0.8007507006236967,0.7500328989022534,0.6520147603981686,0.4943849206452799,5.0
2026-03-16,401810838,ATL,ORL,0.6039407930855104,0.5463593822058231,v1-backfill,1.0,3.210774320880718,0.7848722896229106,0.6822842663164485,0.6093638343308584,0.5197903473338268,0.3814236017318662,12.0
2026-03-16,401810839,WSH,GS,0.3463849129732878,0.3666182227709318,v1-backfill,0.0,-4.682179834450373,0.571932427945052,0.4259382186072374,0.3332554816504374,0.2722043718482759,0.1856239439640734,-8.0
2026-03-16,401810840,BKN,POR,0.1748921789162281,0.3832365665159336,v1-backfill,0.0,-11.20002551818842,0.3811439479768052,0.2431009835485995,0.1654479233299795,0.1255887094136742,0.0759868925742474,-19.0
2026-03-16,401810841,BOS,PHX,0.7900892913881421,0.6889929324740888,v1-backfill,1.0,9.113016736207792,0.9006037582400228,0.8399878767393775,0.7926257589436002,0.7048411144549505,0.5562115309559893,8.0
2026-03-16,401810842,CHI,MEM,0.7798088892464947,0.6377101036508557,v1-backfill,1.0,8.311775581520443,0.8816166867994578,0.818022032866994,0.7707609067055565,0.6830158939119108,0.5356641523105713,25.0
2026-03-16,401810843,NO,DAL,0.7388772526128417,0.5986908519370506,v1-backfill,1.0,8.682149785850562,0.8743805264713266,0.7992317786243273,0.7409695258471287,0.6693095090025073,0.5432359096559405,18.0
2026-03-16,401810844,HOU,LAL,0.4078492486233168,0.5823508859224268,v1-backfill,0.0,-1.5293547434070929,0.6608433425771947,0.5173173370760306,0.4195202432221593,0.3533302233178386,0.2537008583894962,-8.0
2026-03-16,401810845,LAC,SA,0.2705719423073467,0.4416828356609764,v1-backfill,0.0,-7.688648509463279,0.4814181683838329,0.3439432934375241,0.2629277233205791,0.2101067484210979,0.1381748911847121,-4.0
2026-03-17,401810846,CHA,MIA,0.5783316933441116,0.5693598379794054,v1-backfill,1.0,3.6528744487347926,0.7794461012694794,0.667630043012947,0.5863353727968901,0.5147537434037975,0.3970949550485975,30.0
2026-03-17,401810847,ORL,OKC,0.2668907291813218,0.3779190247748574,v1-backfill,0.0,-7.147923078682526,0.4990961609610918,0.3579349292746174,0.2732943494166696,0.2179244299875434,0.1428134242062053,-5.0
2026-03-17,401810848,WSH,DET,0.0795966773343487,0.2047224214943528,v1-backfill,0.0,-18.59769110631216,0.1988895803290778,0.1142571612429527,0.0740537510168769,0.0510622764202887,0.0265721015730228,-13.0
2026-03-17,401810849,NY,IND,0.8507232036465606,0.8572327570390211,v1-backfill,1.0,14.737070259626334,0.9458211520724038,0.9013825186202132,0.8618987788435726,0.8097114516628594,0.7069386119836566,26.0
2026-03-17,401810850,MIL,CLE,0.2124916234499205,0.3971712968741194,v1-backfill,0.0,-11.014596541300309,0.3883831795211289,0.2626697385182772,0.1934150799149373,0.1475026908534226,0.0899139111377747,-7.0
2026-03-17,401810851,MIN,PHX,0.7476845239078141,0.6327131218756605,v1-backfill,1.0,6.725273438851245,0.8519389113420892,0.7778248569305783,0.7241962328777041,0.6351841596947474,0.4891857378128598,12.0
2026-03-17,401810852,DEN,PHI,0.8323986873121753,0.6753567975272289,v1-backfill,1.0,11.676883535601776,0.9218109674173286,0.8743823888326188,0.8374044825026016,0.7650857304916667,0.6340039128067791,28.0
2026-03-17,401810853,SAC,SA,0.1756200836748074,0.2146801037668457,v1-backfill,0.0,-12.038451863215204,0.3590423662656342,0.234973405126008,0.1676359789802968,0.126648457867102,0.0760498492386113,-28.0
2026-03-18,401810854,BOS,GS,0.8226457736524776,0.761701832282943,v1-backfill,1.0,11.65584247587604,0.9236819233520792,0.8720111286431099,0.8298444223708376,0.758993001148722,0.6301968765683098,21.0
2026-03-18,401810855,BKN,OKC,0.0694415847056641,0.1484370195546437,v1-backfill,0.0,-15.740905665115823,0.2525358852745616,0.1316087267710275,0.0687092746583886,0.0501719300527668,0.0285439629960884,-29.0
2026-03-18,401810856,IND,POR,0.2176804406226586,0.3808543505116593,v1-backfill,0.0,-11.260557268868784,0.3833975443978418,0.2667692703299582,0.2038265236609445,0.1552849303948095,0.0945036675308094,-8.0
2026-03-18,401810857,CHI,TOR,0.371600851919215,0.4527327765563535,v1-backfill,0.0,-4.426879314268735,0.5849774068333387,0.4515206322972107,0.3683193029116373,0.2929549598349453,0.1911877265960318,-30.0
2026-03-18,401810859,MIN,UTAH,0.855166927685885,0.8426030848085623,v1-backfill,1.0,10.8972893690644,0.9277632766093322,0.8863771143101926,0.8548392702929356,0.7663847090426771,0.61365333987627,36.0
2026-03-18,401810860,NO,LAC,0.5441340673903184,0.4089564789691115,v1-backfill,1.0,1.9446264224987584,0.7480851254449945,0.6344806720668504,0.5553330673022983,0.4747223719672649,0.3496431058878257,15.0
2026-03-18,401810861,DAL,ATL,0.3327204508995897,0.3921398117773242,v1-backfill,0.0,-6.571825595580395,0.5179616761998591,0.3900533021265405,0.3146554290052705,0.2485057048349465,0.1603100101811532,-15.0
2026-03-18,401810862,HOU,LAL,0.4352781827078476,0.556053024149649,v1-backfill,0.0,-0.7039500092648092,0.6883835164181049,0.5433055110833099,0.4410737385886885,0.3722618471370645,0.2682486880783253,-8.0
2026-03-18,401858693,MEM,DEN,0.1934624611346737,0.3163539781735261,v1-backfill,1.0,-9.805370997356194,0.4213812439760137,0.2716984283489126,0.1840864145435574,0.1427139125754044,0.0893286682189104,7.0
2026-03-19,401810863,CHA,ORL,0.6827675081890583,0.5643094349840992,v1-backfill,1.0,7.397262773198626,0.8543305619686153,0.7666782316067051,0.6985621431470965,0.6270935085594803,0.5032960585249344,19.0
2026-03-19,401810864,WSH,DET,0.1576779341943179,0.1986509345225868,v1-backfill,0.0,-14.075695015109096,0.3093081664243696,0.2021741862418685,0.146980277011346,0.1059152276529436,0.0590193075960404,-22.0
2026-03-19,401810865,MIA,LAL,0.5228949932994323,0.4866724566110754,v1-backfill,0.0,1.3030942920942143,0.7258437873294421,0.6010220757113433,0.5137637088608796,0.4440042939573203,0.3332381474369492,-8.0
2026-03-19,401810866,CHI,CLE,0.347679988473489,0.3477257935748726,v1-backfill,0.0,-5.838375598206731,0.5405563425785269,0.4146431835890894,0.339743896983417,0.2684688251903784,0.1733453155289743,-5.0
2026-03-19,401810867,NO,LAC,0.7026645238644389,0.4355095668817214,v1-backfill,1.0,6.582827521239846,0.8388166243918033,0.7584253985465239,0.7003327644511662,0.6207041006914633,0.4869326351276964,6.0
2026-03-19,401810868,SA,PHX,0.8343382486098408,0.7500518947599747,v1-backfill,1.0,12.29232618598856,0.919399582303922,0.8713657381347977,0.834182536946116,0.7698667138552284,0.6499693885123535,1.0
2026-03-19,401810869,UTAH,MIL,0.2593463542899419,0.4396386278226315,v1-backfill,1.0,-6.648420282102603,0.5134847906084654,0.3622044601423709,0.2688423121828081,0.217389834761196,0.1457834611830853,32.0
2026-03-19,401810870,SAC,PHI,0.5010505620171675,0.4071797497318077,v1-backfill,0.0,-0.707521812290457,0.6899349842477787,0.578904575928831,0.5073254983253075,0.4130328865246866,0.2801301905913816,-21.0
2026-03-20,401810871,BKN,NY,0.0784770940524519,0.2310853413253827,v1-backfill,0.0,-16.718163349885454,0.2338231603659634,0.1273657655240611,0.0738397017589425,0.0514783866403624,0.0272473754765393,-1.0
2026-03-20,401810872,DET,GS,0.7044448744716212,0.7590060995272433,v1-backfill,1.0,6.794556197828385,0.8514220107253124,0.7721329984255608,0.7133575750026004,0.6291481248916619,0.4892812653178183,14.0
2026-03-20,401810873,HOU,ATL,0.5545975646452521,0.6050307883989645,v1-backfill,1.0,1.8695309292789224,0.7532144539510631,0.6363594394131877,0.5535109968479386,0.4698258424769789,0.3418594518788856,22.0
2026-03-20,401810874,MEM,BOS,0.1508382100680961,0.2628655222407109,v1-backfill,0.0,-13.224314206856429,0.3280717869946158,0.2093973983860379,0.146395189464908,0.1070882606764031,0.0610951768383437,-5.0
2026-03-20,401810875,MIN,POR,0.6251589027188919,0.694842118989007,v1-backfill,0.0,2.81859968955228,0.7751710002913044,0.6815387674823746,0.6180884415167885,0.5214595932878504,0.3755128786582047,-4.0
2026-03-20,401810876,DEN,TOR,0.6123596099912987,0.6306203794422748,v1-backfill,1.0,2.506404497302608,0.7610657699684823,0.666296617025389,0.6031261447174591,0.5118011155171432,0.3722295390119415,6.0
2026-03-21,401810877,WSH,OKC,0.0713947271638559,0.1290721539513406,v1-backfill,0.0,-16.28450554949525,0.2417885142693404,0.128566775547114,0.0707311563776621,0.0499282881792342,0.0269408458453634,-21.0
2026-03-21,401810878,CHA,MEM,0.8963103230964975,0.7670301915680257,v1-backfill,1.0,17.577435454974612,0.96403983370086,0.931841963012874,0.9020317567974327,0.8605965990792059,0.7742992664668014,23.0
2026-03-21,401810879,ORL,LAL,0.3842247257651491,0.4904063257302872,v1-backfill,0.0,-2.8103943178380906,0.6239412371452933,0.4783380338424491,0.3820580622324933,0.3190508060830651,0.2258039345093942,-1.0
2026-03-21,401810880,NO,CLE,0.4587840664866087,0.3625359291959245,v1-backfill,0.0,-0.7754286738353775,0.6786535759660212,0.5513117381615956,0.4664547606555683,0.3915999429348047,0.2796496696078529,-5.0
2026-03-21,401810881,ATL,GS,0.7685016933694725,0.663495719396653,v1-backfill,1.0,8.576167528140767,0.8741539774039326,0.8076784825465836,0.7585933149542006,0.6804145317551299,0.5452717390704609,16.0
2026-03-21,401810882,HOU,MIA,0.5141941685720776,0.6462606447464847,v1-backfill,1.0,0.835503724197074,0.720161343073336,0.6054516926485561,0.5281364921366376,0.4465714887639952,0.3228170059624671,1.0
2026-03-21,401810883,SA,IND,0.8846142923654455,0.902049340852884,v1-backfill,1.0,16.122046119302997,0.9601782874202612,0.9260888560148182,0.8951916914038333,0.8451233150707383,0.7448590544427676,15.0
2026-03-21,401810884,DAL,LAC,0.3944695783651397,0.3949578412436684,v1-backfill,0.0,-3.3325742663604414,0.6113979473599003,0.4772292738307596,0.3917264099516663,0.3200002245607695,0.2182588681671854,-7.0
2026-03-21,401810885,UTAH,PHI,0.2642426788657617,0.3742925344872449,v1-backfill,0.0,-8.144105581121572,0.4729533741591231,0.3420382398957964,0.2662595885694506,0.2065764599804811,0.1294616310816548,-10.0
2026-03-21,401810886,PHX,MIL,0.7638200283852556,0.7040487294944927,v1-backfill,0.0,10.21629676311193,0.8993771368572121,0.8318182669002644,0.776881313520049,0.7086357268244904,0.5854761943755155,-3.0
2026-03-22,401810887,DEN,POR,0.7022872430346074,0.6657114255801686,v1-backfill,1.0,6.091498259936326,0.8454141297228797,0.7624281443602571,0.700772204152018,0.6109468889958003,0.4655776872975458,16.0
2026-03-22,401810888,SAC,BKN,0.7906404660915467,0.6313907694333597,v1-backfill,1.0,9.343292901327112,0.8981561123609274,0.8413359946298451,0.7984861097712734,0.7128448247409125,0.5664798781851141,4.0
2026-03-22,401810889,NY,WSH,0.9530707042166764,0.8870616008720876,v1-backfill,1.0,20.6031845566708,0.9846677712995232,0.96925982190209,0.9541663564380716,0.9198538198237358,0.8451040626081701,32.0
2026-03-22,401810890,BOS,MIN,0.7071197724055013,0.6717365887159418,v1-backfill,0.0,7.639023320722664,0.8590176825237033,0.7772937611314485,0.7147272759438114,0.640549743156492,0.5125781787284955,-10.0
2026-03-22,401810891,PHX,TOR,0.2899014350776454,0.5755230976317697,v1-backfill,1.0,-6.675929103820149,0.5152354762446676,0.3749339873170959,0.2901596956045736,0.2299622570780723,0.149198429234601,22.0
2026-03-23,401810892,ATL,MEM,0.8462072263208295,0.7771875207529148,v1-backfill,1.0,12.768020954714109,0.9328912950329908,0.8879101163738536,0.8513588755413047,0.7852556799583713,0.6622348660655333,39.0
2026-03-23,401810893,DET,LAL,0.4267392898890317,0.6053948131940579,v1-backfill,1.0,-0.1206773619463525,0.6982629753062262,0.5505127223607826,0.4444682859948162,0.3822837044612753,0.2845472227465273,3.0
2026-03-23,401810894,ORL,IND,0.7378762025819666,0.8057446667566568,v1-backfill,0.0,9.848537503346952,0.8920440882049547,0.8171619632777058,0.7554173428979367,0.6902556786973343,0.5721110716809552,-2.0
2026-03-23,401810895,PHI,OKC,0.1468253566394635,0.3134316914845645,v1-backfill,0.0,-11.482344737559869,0.3704823829596886,0.225863000819082,0.1438816371095657,0.1106281673521116,0.0683286331138441,-20.0
2026-03-23,401810896,MIA,SA,0.405773565639767,0.3630220214590859,v1-backfill,0.0,-3.2225240371037103,0.6135099991802796,0.4835840314024683,0.401471503116494,0.3279710100033334,0.2237068289927691,-25.0
2026-03-23,401810897,CHI,HOU,0.4278783954949346,0.3732642977530686,v1-backfill,1.0,-3.644048021642025,0.6041432975943374,0.4872864938784126,0.4162701519749461,0.3334219434274122,0.2201173888467303,8.0
2026-03-23,401810898,UTAH,TOR,0.2907626550060245,0.3470186672178094,v1-backfill,0.0,-6.219057812432075,0.5268924116642593,0.3799579356526792,0.2893104685801108,0.2331950737345439,0.1555587595502695,-16.0
2026-03-23,401810899,DAL,GS,0.5108309103899519,0.4635539355592345,v1-backfill,0.0,0.4050097060067159,0.7103840452949981,0.592580554858653,0.5133876991876042,0.4323634867818058,0.310419365994515,-6.0
2026-03-23,401810900,POR,BKN,0.8749699079627978,0.7980893103295473,v1-backfill,1.0,14.348830550711218,0.944862357074486,0.9060699147310745,0.8738868425023428,0.8156961507655127,0.7034644285489355,35.0
2026-03-23,401810901,LAC,MIL,0.7986879662025237,0.6958094556976878,v1-backfill,1.0,11.038493471466657,0.9117169671716489,0.851899656428545,0.8030689901925135,0.734744721473656,0.6104316477125368,33.0
2026-03-24,401810902,CHA,SAC,0.8574318768894379,0.7870724814839359,v1-backfill,1.0,16.88970402073707,0.9534806658253572,0.9121192219754696,0.8739528265261922,0.8343257703450011,0.7515887015649392,44.0
2026-03-24,401810903,NY,NO,0.7095885134944235,0.7949861710745761,v1-backfill,1.0,6.797434495119116,0.8553933716055332,0.775837865396233,0.7161688224636333,0.6299030152844082,0.4875117931738421,5.0
2026-03-24,401810904,CLE,ORL,0.7519986877525245,0.702298697401659,v1-backfill,1.0,8.262634816315114,0.8726859887461226,0.8021424025157776,0.7490856177268326,0.669759167989516,0.5336887433142852,5.0
2026-03-24,401810905,PHX,DEN,0.3250324684331906,0.5137951923978289,v1-backfill,0.0,-4.483881308273402,0.5776251286120737,0.4280387124114436,0.3319417042107515,0.2727454954460965,0.1878453150136152,-2.0
2026-03-25,401810906,DET,ATL,0.5833508888838024,0.6990833460299537,v1-backfill,0.0,3.012277748810844,0.777507056522794,0.6667566027822832,0.5867843745038374,0.5042970899096052,0.3748631340524138,-1.0
2026-03-25,401810907,IND,LAL,0.1760653818485416,0.2506093650751542,v1-backfill,0.0,-10.617914984255862,0.3975603944108185,0.2524087409012367,0.16907780631532,0.1294547109697684,0.0794164706871205,-7.0
2026-03-25,401810908,PHI,CHI,0.6414015273236799,0.6871324039785768,v1-backfill,1.0,4.791187163958738,0.8157760443586041,0.7177201193990471,0.6451055007324686,0.5613962382121381,0.4264640521078575,20.0
2026-03-25,401810909,BOS,OKC,0.4289391629532576,0.4620273670129745,v1-backfill,1.0,-0.9512634420140866,0.6808921733821746,0.5384113556375942,0.4394945733092104,0.3692562064036888,0.2640454109967348,10.0
2026-03-25,401810910,CLE,MIA,0.5842521115069854,0.7184761797031102,v1-backfill,0.0,2.258004061965547,0.7647373339013632,0.6637539080416376,0.5946065130705016,0.499023472340519,0.3561657154186248,-17.0
2026-03-25,401810911,MEM,SA,0.143259801398169,0.2053471261756975,v1-backfill,0.0,-13.753856260480212,0.3128906533467531,0.1963730163726432,0.1351043967820734,0.0993060733148584,0.0570870720095683,-25.0
2026-03-25,401810912,UTAH,WSH,0.5657729941657365,0.632855621590002,v1-backfill,0.0,2.771197537245027,0.7652430607742421,0.6570738570135973,0.5811331531646597,0.5007441171655436,0.3739034851130858,-23.0
2026-03-25,401810913,MIN,HOU,0.5212034190673493,0.6180602847034876,v1-backfill,1.0,-0.1740425491944854,0.699608841713639,0.5858758551651532,0.511221489302274,0.4232742660745429,0.2952748163989658,2.0
2026-03-25,401810914,DEN,DAL,0.8188169863868028,0.8203757251626659,v1-backfill,1.0,10.347103443675383,0.9117241355521164,0.8604212372642912,0.8211044699500852,0.7391374976897167,0.5961788003437911,7.0
2026-03-25,401810915,GS,BKN,0.8621749380340131,0.7770694759988698,v1-backfill,1.0,13.75963175314616,0.9402390167310244,0.8986445125235222,0.8642969097269245,0.8036251889187573,0.6880008691257564,3.0
2026-03-25,401810916,POR,MIL,0.8773699234541208,0.6699198236286614,v1-backfill,1.0,15.572169739796706,0.9552591863954866,0.919581538617642,0.8882890273497074,0.8359290013036481,0.7322236276631969,31.0
2026-03-25,401810917,LAC,TOR,0.5955331930380146,0.6058813786735858,v1-backfill,1.0,2.885274414750961,0.772147343428874,0.6705469827542591,0.600044403988789,0.5125298906504617,0.3769659828166035,25.0
2026-03-26,401810918,CHA,NY,0.4910813945631174,0.483580282010441,v1-backfill,1.0,1.0033355806126307,0.7291552917483067,0.5997647614283852,0.5077326271397397,0.4329113705011431,0.3174360878817953,11.0
2026-03-26,401810919,DET,NO,0.6442550051811676,0.8070278888341891,v1-backfill,1.0,4.66809055174305,0.809882603879414,0.7166485218524407,0.6496947785454037,0.5642512594143848,0.4271289161620126,21.0
2026-03-26,401810920,ORL,SAC,0.8377634541469153,0.7622733018306889,v1-backfill,1.0,12.145931648847776,0.925916682056456,0.8766012703469799,0.836644581518944,0.7689909984138616,0.6443258366933651,4.0
2026-03-27,401810921,IND,LAC,0.248755609324329,0.3148138949924191,v1-backfill,0.0,-8.766556135875781,0.454154308886374,0.3212507136966659,0.2447357131997621,0.1892908986770509,0.1180368001926134,-1.0
2026-03-27,401810922,BOS,ATL,0.5606181750841576,0.6879577827508552,v1-backfill,1.0,2.353225301649424,0.7573325063217372,0.639638843213276,0.5554633658912296,0.479060567233917,0.3582758581810925,7.0
2026-03-27,401810923,CLE,MIA,0.6194923060176688,0.6909506191651491,v1-backfill,1.0,2.6102240198287685,0.7728439728428058,0.678013777784732,0.6136985211733289,0.5151402109576878,0.3677822178508174,21.0
2026-03-27,401810924,MEM,HOU,0.2100033320638855,0.3406193682826365,v1-backfill,0.0,-10.118471499843082,0.4150719345170064,0.2793465367990874,0.202204067447444,0.1531307527714809,0.0923045798013883,-10.0
2026-03-27,401810925,OKC,CHI,0.8575605996537635,0.8758019234449166,v1-backfill,1.0,13.90553475694362,0.938681073222265,0.8946649395944332,0.8578283353902881,0.8002888477287027,0.6894945440040818,18.0
2026-03-27,401810926,TOR,NO,0.6887733905524392,0.7025970581994824,v1-backfill,1.0,6.076170065998047,0.8247560326703159,0.7348938287321201,0.6692810103831827,0.5956664433606922,0.470775343398957,13.0
2026-03-27,401810927,DEN,UTAH,0.93430047057998,0.8586934168070604,v1-backfill,1.0,15.934731651804167,0.9730803840157574,0.9522307682785828,0.934183868563176,0.8721314134112176,0.7523854176272571,6.0
2026-03-27,401810928,GS,WSH,0.7844277465652882,0.7848750068201203,v1-backfill,1.0,9.01485522802348,0.8976064815832925,0.8354612058286597,0.786998440534343,0.7003280947184387,0.5533409739126297,5.0
2026-03-27,401810929,POR,DAL,0.7430851708059806,0.7562212400363625,v1-backfill,0.0,9.276401510944147,0.8905256199644639,0.8194846942495939,0.7625380565860356,0.6886633021577884,0.5587549184717951,-7.0
2026-03-27,401810930,LAL,BKN,0.948774509227044,0.8816213067215466,v1-backfill,1.0,18.49641255661341,0.9808441219569622,0.9641841866564876,0.9489714287200792,0.903016314420584,0.8082795214956474,17.0
2026-03-28,401810931,MIL,SA,0.0703310900088506,0.2630134989518986,v1-backfill,0.0,-19.42247565104783,0.1805938199956845,0.1003351350970864,0.0627701681837266,0.0431606320608371,0.022363461278264,-32.0
2026-03-28,401810932,CHA,PHI,0.6391338732852712,0.6406169405277435,v1-backfill,0.0,6.856287417415265,0.8465423354094994,0.7470525023392782,0.6673322517096975,0.599828183281048,0.4825264929371227,-4.0
2026-03-28,401810933,ATL,SAC,0.8253349481874893,0.8053171148072558,v1-backfill,1.0,10.761751068309762,0.9153462069051524,0.8645768095393102,0.8251758096012651,0.7465773563571972,0.6077261250372012,10.0
2026-03-28,401810934,MEM,CHI,0.3434880812720711,0.5153318726631654,v1-backfill,1.0,-4.803703709410481,0.5666951357890266,0.4247790021758808,0.3358067419971117,0.2743290411619986,0.1871191797070907,1.0
2026-03-28,401810935,MIN,DET,0.4618758072902262,0.5356264662335595,v1-backfill,0.0,-2.3257032262512176,0.6421332152819499,0.5270433026301673,0.4552901167697189,0.3680300517608827,0.246666185545736,-22.0
2026-03-28,401810936,PHX,UTAH,0.8649290581193982,0.8047283850875465,v1-backfill,1.0,13.88430161903566,0.9446989120820718,0.9028851262782878,0.8670802007597143,0.8062557839500663,0.6903217936032214,25.0
2026-03-29,401810937,MIL,LAC,0.0805791262388215,0.422479981346631,v1-backfill,0.0,-16.644886413321426,0.2360222200552927,0.1296829797653069,0.0761958529641519,0.0531653746812156,0.0281766215543119,-14.0
2026-03-29,401810938,IND,MIA,0.234542622323441,0.3493373423932329,v1-backfill,1.0,-10.050916213654524,0.4211337911115114,0.2982176319821079,0.2299443997229183,0.1712953293448969,0.1005804099768281,17.0
2026-03-29,401810939,BKN,SAC,0.4887983934773539,0.5235058277698847,v1-backfill,1.0,-0.3661100135447954,0.6772495285073064,0.5508822284631809,0.4670119039296834,0.401227164901703,0.2980748220243747,17.0
2026-03-29,401810940,CHA,BOS,0.5473134595536682,0.4451935434257736,v1-backfill,0.0,2.2089130262593084,0.7533020568732591,0.6399456611237693,0.5604422035969578,0.481122147288881,0.3569498431793679,-15.0
2026-03-29,401810941,TOR,ORL,0.5293855557301094,0.5968343718030685,v1-backfill,1.0,0.5605687261930887,0.7194270434786042,0.6068164298476898,0.531454667959348,0.4428712494159796,0.3123174216002057,52.0
2026-03-29,401810942,POR,WSH,0.8589440106290162,0.8049078942132871,v1-backfill,1.0,13.2998410250038,0.9447394830246028,0.9031458446617382,0.8676014834296957,0.8008683086405247,0.6763932729689477,35.0
2026-03-29,401810943,NO,HOU,0.4143154676702099,0.3952213633407526,v1-backfill,0.0,-3.328179447073344,0.6085810209546262,0.481270359286445,0.4016242363166619,0.3287172227322511,0.2249244286219611,-32.0
2026-03-29,401810944,OKC,NY,0.7198454287663008,0.7144493177181671,v1-backfill,1.0,6.076901279445467,0.8484712040114301,0.771455713921285,0.715409652291166,0.6192210344895221,0.465984322987457,11.0
2026-03-29,401810945,DEN,GS,0.764021546365524,0.7173362590357837,v1-backfill,1.0,8.508993860637771,0.8856910818209425,0.8185234893883415,0.7668222053401182,0.6821778405107951,0.5387244331379286,23.0
2026-03-30,401810946,MIA,PHI,0.4911768172666592,0.5607091783145463,v1-backfill,1.0,0.0949207439366706,0.6975873023347308,0.5717250962372872,0.4864526161178654,0.4142356860253164,0.3030745074235335,10.0
2026-03-30,401810947,ATL,BOS,0.6539776807764456,0.4550301874701858,v1-backfill,1.0,3.910604521301105,0.7919207067688887,0.7022947578953566,0.6408503332953162,0.5512610652585103,0.4104139698389628,10.0
2026-03-30,401810948,MEM,PHX,0.2498486501427168,0.3865678901195418,v1-backfill,0.0,-10.058847316360913,0.419570783865336,0.3025843531601687,0.2384529354121529,0.1811297042344903,0.1097121200957932,-26.0
2026-03-30,401810949,SA,CHI,0.8950690413574418,0.8696650642929669,v1-backfill,1.0,16.875415064989394,0.961141533687319,0.9292648760141424,0.9009407649849368,0.8551813507378053,0.7617321903376633,15.0
2026-03-30,401810950,DAL,MIN,0.2350284691033475,0.3206851615852581,v1-backfill,0.0,-9.26607327399378,0.4375799179954165,0.3040899099528106,0.2277609696340924,0.1774355987726525,0.1119424806648623,-30.0
2026-03-30,401810951,UTAH,CLE,0.1275898038499264,0.2248395443436586,v1-backfill,0.0,-13.392930323103569,0.3181600382660381,0.1934555796641049,0.1266986090443528,0.0962249744711378,0.0582691831651684,-9.0
2026-03-30,401810952,OKC,DET,0.7780159489465821,0.6880292614405004,v1-backfill,1.0,7.742077159759048,0.873767646319178,0.8121329964951144,0.76794274181136,0.6744754329217468,0.5206962024183439,4.0
2026-03-30,401810953,LAL,WSH,0.9114724759276294,0.8870673886124184,v1-backfill,1.0,16.82203534709052,0.9628362145191642,0.933407792863704,0.9076786976850144,0.8599782597980964,0.7632296364533039,19.0
2026-03-31,401810954,ORL,PHX,0.6443645111810369,0.5599382692744748,v1-backfill,1.0,3.503149833657329,0.7812320738512688,0.682839134308959,0.6143542143609577,0.530226957442554,0.3970291598478281,4.0
2026-03-31,401810955,BKN,CHA,0.1393740128693483,0.2993054109528368,v1-backfill,0.0,-14.34482139045441,0.2991918244887553,0.1888468007664261,0.1318054537029063,0.0957243510947876,0.0539972761130758,-31.0
2026-03-31,401810956,DET,TOR,0.6009106141327615,0.7126165655527549,v1-backfill,1.0,3.903099802432239,0.7882349185126659,0.6819626640854726,0.6049916222505297,0.5286063335221761,0.4043841614206123,11.0
2026-03-31,401810957,HOU,NY,0.5120905556944727,0.5333672757466862,v1-backfill,1.0,0.642476030781558,0.7218332289764422,0.602110933920255,0.5200554823354067,0.4362659043822928,0.3111434089276369,17.0
2026-03-31,401810958,LAL,CLE,0.5648266519461368,0.5934983410172695,v1-backfill,1.0,2.047350651245578,0.7586462403944766,0.6430667565244748,0.5607860293606804,0.4758464578425373,0.3460480455285685,14.0
2026-03-31,401810959,LAC,POR,0.6197942783517573,0.6562231563464862,v1-backfill,0.0,3.063610649962748,0.773148119129448,0.6740576704926337,0.6057924660121887,0.5194260055757752,0.3845658101766765,-10.0
2026-03-31,401858694,MIL,DAL,0.4997018422942904,0.646932919563183,v1-backfill,1.0,-0.369209998569219,0.6907967822808989,0.5673395466315244,0.4848632352750898,0.4064586156281012,0.2895405167634669,24.0
2026-04-01,401810858,MEM,NY,0.2477497108125817,0.2850827868374881,v1-backfill,0.0,-8.898235102062067,0.4491213661047123,0.3138432742292221,0.2357816850124132,0.1833616926049112,0.1153521698718749,-11.0
2026-04-01,401810960,WSH,PHI,0.2202530176194757,0.3052883622288212,v1-backfill,0.0,-10.76593286415656,0.3934727979747019,0.2753846968189529,0.2112018279149518,0.1659337137607904,0.1061364094016371,-22.0
2026-04-01,401810961,MIA,BOS,0.4538127560169522,0.4045706348901421,v1-backfill,0.0,-2.4735020530721634,0.6321370647607825,0.5149023593869152,0.4420132389433368,0.3622763020081715,0.2484615200503143,-18.0
2026-04-01,401810962,ORL,ATL,0.4271186624446451,0.5174358542442787,v1-backfill,0.0,-2.9938000770087667,0.6226798201183692,0.4938354104743591,0.4120087156144412,0.3347440481137734,0.2262593490039485,-29.0
2026-04-01,401810963,TOR,SAC,0.8159763983971569,0.7905692932971741,v1-backfill,0.0,9.8083501927208,0.909784752679229,0.8572149868897564,0.816884632092319,0.7292354918085915,0.5794560867393939,-8.0
2026-04-01,401810964,CHI,IND,0.6667845389462005,0.6610869782546376,v1-backfill,0.0,6.0256118620620285,0.8292654988747853,0.733396582782887,0.6609169232351608,0.5879006267296606,0.4641851948331654,-19.0
2026-04-01,401810965,HOU,MIL,0.949984651869522,0.7562105127088183,v1-backfill,1.0,21.76062932538349,0.9844313755889356,0.968959786780485,0.953888228813951,0.925495086399094,0.8616082241651437,6.0
2026-04-01,401810967,UTAH,DEN,0.1287232431025873,0.2306823779959557,v1-backfill,0.0,-12.29699411393856,0.3482785510541195,0.206890710067311,0.1279252792801464,0.0954920277031557,0.0562529632401617,-13.0
2026-04-01,401810968,GS,SA,0.0981847803386777,0.3052622040374076,v1-backfill,0.0,-15.970114075499644,0.2538666325426724,0.1471517937164717,0.0931568041575467,0.0678047753231313,0.0383806614179371,-14.0
2026-04-02,401810969,CHA,PHX,0.690582405034527,0.611402685323361,v1-backfill,1.0,7.068592158754786,0.8489964949571538,0.7633932707179588,0.6984318041613375,0.6237317706051632,0.4959624144409802,20.0
2026-04-02,401810970,DET,MIN,0.6703510235961886,0.6490561590335047,v1-backfill,1.0,6.6564061785012765,0.8388070088505988,0.7506748656908293,0.6847317733921967,0.6109895198119307,0.4851099662465095,5.0
2026-04-02,401810971,OKC,LAL,0.6624966983721853,0.7100946045667179,v1-backfill,1.0,5.801259896803696,0.8265481725230358,0.7354767850012617,0.6683842418438715,0.5903547007180091,0.4603115611655021,43.0
2026-04-02,401810972,GS,CLE,0.2291678800714249,0.4114696717146172,v1-backfill,0.0,-8.005330152364017,0.4753903303217166,0.3238372259312412,0.2323134800884876,0.1835387766753164,0.1184679791699661,-7.0
2026-04-02,401810973,POR,NO,0.5704186891045963,0.7125824923132761,v1-backfill,1.0,3.4348732142062053,0.7754642198219439,0.6697144229915666,0.5948851239102073,0.5181515851932541,0.3942228097341129,12.0
2026-04-02,401810974,LAC,SA,0.5126068057018458,0.3816683772772505,v1-backfill,0.0,-0.6667837339366294,0.6830210563102763,0.5708620379190484,0.4988296192518402,0.4129896696449452,0.2880715370929427,-19.0
2026-04-03,401810975,CHA,IND,0.858793516184109,0.7974341771949881,v1-backfill,1.0,15.857005520762051,0.9511142464603556,0.909012660557708,0.8707454389331142,0.8248185197716467,0.7317358288336605,21.0
2026-04-03,401810976,PHI,MIN,0.5641226629778173,0.4987633993945979,v1-backfill,1.0,1.2711594716063228,0.7410149877313302,0.628940984363405,0.5519823401071391,0.4612840123675942,0.3268653801881372,12.0
2026-04-03,401810977,BKN,ATL,0.1296576809143763,0.2501566314790791,v1-backfill,0.0,-13.878364028740917,0.3079326275322738,0.1871303302050613,0.1231764242471367,0.0897232940962488,0.0508486115399639,-34.0
2026-04-03,401810978,NY,CHI,0.7531634405280174,0.8144133751828793,v1-backfill,1.0,9.715508310630716,0.883771547039008,0.8128090714932247,0.7573367166843998,0.6916864335589645,0.5728057502981615,40.0
2026-04-03,401810979,HOU,UTAH,0.8780116265457211,0.8596939562585547,v1-backfill,1.0,14.893592892270496,0.952936346974075,0.9174852085606028,0.8871796663093253,0.829623239879791,0.7179689271933648,34.0
2026-04-03,401810980,MEM,TOR,0.1590912843321663,0.3830461989345498,v1-backfill,0.0,-13.210714819887892,0.3295717714704967,0.2151472327706416,0.1548885492777641,0.1143013991319336,0.066121023242957,-32.0
2026-04-03,401810981,MIL,BOS,0.0831531933063429,0.2937292845854011,v1-backfill,0.0,-18.84460183660584,0.1957354477383655,0.1151124100110763,0.0772065473018548,0.0541659866700523,0.0289508512676331,-32.0
2026-04-03,401810982,DAL,ORL,0.3389313578564653,0.4027025285211926,v1-backfill,0.0,-5.150496613424043,0.5557360051797217,0.4223843526154294,0.3409457137463896,0.276608563806372,0.1865176271680803,-11.0
2026-04-03,401810983,SAC,NO,0.343115125482366,0.5194546924814647,v1-backfill,1.0,-4.943277160574731,0.5621006711027096,0.4213328149086978,0.3335820983410528,0.2723621368003707,0.1856077286129774,4.0
2026-04-04,401810984,MIA,WSH,0.8861015936365093,0.8150923145244342,v1-backfill,1.0,13.643749721912064,0.9512965289907972,0.9162211781830673,0.8868249410791158,0.8175938090591127,0.6889204229232311,16.0
2026-04-04,401810985,DEN,SA,0.4929913949880591,0.4436361144187753,v1-backfill,1.0,-1.2543881947976845,0.6684324122794164,0.5563416299319602,0.4853771224798647,0.3985315564627973,0.2741467905517283,2.0
2026-04-04,401810986,PHI,DET,0.3285061506683433,0.4272861368368943,v1-backfill,0.0,-6.836550884262669,0.5099446959782831,0.3831051976558621,0.3088529119556781,0.2436550847460948,0.1568989272333384,-23.0
2026-04-05,401810987,BOS,TOR,0.7203624419868693,0.7491437928862938,v1-backfill,1.0,7.401103109226961,0.8612052059381436,0.784388696414566,0.7266398390718931,0.6447606792404402,0.5068378648285318,14.0
2026-04-05,401810988,BKN,WSH,0.55011743685473,0.6048385224546362,v1-backfill,1.0,1.3640247764078124,0.7390114866402907,0.6236253736553821,0.543796903647682,0.4591738020995531,0.3311403372229903,6.0
2026-04-05,401810989,CHI,PHX,0.2366054285532793,0.4215855500642214,v1-backfill,0.0,-9.264982723338916,0.4385861232402222,0.301071389347778,0.2217737305315139,0.1715138948372067,0.1069343474910135,-10.0
2026-04-05,401810990,MIL,MEM,0.7842161738235003,0.6703574740976799,v1-backfill,1.0,8.991071925397044,0.8969347946931809,0.8344353487112957,0.785713292305416,0.6992737077232166,0.552633519767414,16.0
2026-04-05,401810991,CLE,IND,0.8996514066701761,0.8516806315867828,v1-backfill,1.0,16.62370325016246,0.9568552295801536,0.923465143763464,0.8945737152231986,0.8487456736758303,0.7553168203263574,9.0
2026-04-05,401810992,MIN,CHA,0.4742109566531551,0.6181147239464851,v1-backfill,0.0,-2.7819290602793005,0.618627956546635,0.510229765349281,0.4450741055407093,0.366336962824745,0.2530364632767028,-14.0
2026-04-05,401810993,NO,ORL,0.3094779854952598,0.4312474292113202,v1-backfill,0.0,-5.60211780904209,0.5392313484317096,0.3946487110559099,0.3051762595222424,0.2516970325975335,0.1744428538956978,-4.0
2026-04-05,401810994,OKC,UTAH,0.942544564707298,0.9341157370887826,v1-backfill,1.0,18.83503294143762,0.9813714640411524,0.9634857325556336,0.9463565731409752,0.9031363505736348,0.8130213061851885,35.0
2026-04-05,401810995,DAL,LAL,0.4530110515172572,0.2595734461059023,v1-backfill,1.0,-1.8461301381719768,0.6534362959493132,0.5288315595327462,0.4483971949259993,0.3685319757831393,0.2539293312303436,6.0
2026-04-05,401810996,SAC,LAC,0.2549260882041526,0.3516001638677926,v1-backfill,0.0,-7.130725735016442,0.503914763049009,0.3531916035614386,0.2608134136317181,0.2053157723542632,0.1317488029098362,-29.0
2026-04-05,401810997,GS,HOU,0.4136672099768519,0.4334516966492135,v1-backfill,0.0,-4.129403414360512,0.5917951291163541,0.4715456360052615,0.3985123264810188,0.3169319923945564,0.2067949106522693,-1.0
2026-04-06,401810998,ATL,NY,0.5414048780004845,0.5493363877368708,v1-backfill,0.0,1.191279707159704,0.7328531933585881,0.6200151021690481,0.5431786511811528,0.4579217727190275,0.3293428624093718,-3.0
2026-04-06,401810999,ORL,DET,0.2964532661770075,0.4092699175624793,v1-backfill,1.0,-7.46388438215509,0.490436274394091,0.3569307604493302,0.2785117108380103,0.2201312067093037,0.1421859594320594,16.0
2026-04-06,401811000,MEM,CLE,0.1554606338236722,0.2496525681316069,v1-backfill,0.0,-12.735225142368275,0.3379020073857167,0.2138797922686139,0.1471043646379487,0.1116228824888243,0.067496703466058,-16.0
2026-04-06,401811001,SA,PHI,0.7516381970997388,0.788096300268967,v1-backfill,1.0,10.815222362443034,0.8933838740822351,0.8230460479064472,0.766271509383166,0.7084272287519525,0.6000475648337017,13.0
2026-04-06,401811002,DEN,POR,0.7726653403245132,0.6988033833661412,v1-backfill,1.0,7.278267800628775,0.8750331911962067,0.8103284276701028,0.7629115569285454,0.6627524993576717,0.5019222429583178,5.0
2026-04-07,401811003,WSH,CHI,0.4218913414517498,0.4498303257437304,v1-backfill,0.0,-2.275902112697403,0.6391181020494096,0.5076556891092576,0.4224376210344191,0.3495660263919864,0.2436240192214309,-31.0
2026-04-07,401811004,BOS,CHA,0.7050768722464492,0.7091325298451715,v1-backfill,1.0,5.342684449484408,0.8349828744122225,0.7574826404849255,0.7026985701953724,0.602105645424722,0.4452554690250401,11.0
2026-04-07,401811005,BKN,MIL,0.4454265581936975,0.4304602640463708,v1-backfill,1.0,-1.2334902206927207,0.6717466292916663,0.5379084476015346,0.4478637551243694,0.3726377950541,0.2621046092552366,6.0
2026-04-07,401811006,TOR,MIA,0.5467436018629884,0.5962854579201134,v1-backfill,1.0,2.0925684103072832,0.7516287025671388,0.6377192497742571,0.5578819329174219,0.477850951392251,0.3531544260444968,26.0
2026-04-07,401811007,IND,MIN,0.2130014425633499,0.3079396779940189,v1-backfill,0.0,-10.554114597479138,0.4050399754133873,0.2802074648262668,0.2110800115054794,0.1575868201188891,0.0928531762002826,-20.0
2026-04-07,401811008,NO,UTAH,0.5047244454883405,0.6925889431790573,v1-backfill,1.0,0.1756636188740783,0.7062430543070259,0.5834831121904251,0.500196202481662,0.420790612780325,0.3015458833858566,19.0
2026-04-07,401811009,GS,SAC,0.8044058201889058,0.7102056109176448,v1-backfill,1.0,8.260740183126009,0.8959238767700083,0.8386959841361432,0.7957819708729973,0.6946606497472486,0.5305504080797819,5.0
2026-04-07,401811010,LAL,OKC,0.1307956600098039,0.4175754141456482,v1-backfill,0.0,-14.0331569559087,0.3028462820042468,0.1850697486872186,0.1231934936383696,0.0923173708729371,0.0547193949265519,-36.0
2026-04-07,401811011,LAC,DAL,0.8122172088028742,0.7823817500945014,v1-backfill,1.0,11.149301011211058,0.9176069767895684,0.8641759682908623,0.821357569491335,0.7481295898762537,0.616483140836044,13.0
2026-04-07,401811012,PHX,HOU,0.3886125237007366,0.4929860836299278,v1-backfill,0.0,-3.1097719518819336,0.6154221680149612,0.4732258161212677,0.3806056176823958,0.3158107807191891,0.2211113327662667,-14.0
2026-04-08,401811013,CLE,ATL,0.5868088590774261,0.6484438372995532,v1-backfill,1.0,1.4973054583296266,0.7395893041973061,0.6389835338783056,0.572506202468113,0.4804125886258266,0.3428061486695775,6.0
2026-04-08,401811014,ORL,MIN,0.7294958078676539,0.5338640101962299,v1-backfill,1.0,7.814280681079137,0.8579514283060907,0.7805414728182425,0.7226946445573466,0.6488047608853599,0.520790039466283,12.0
2026-04-08,401811015,DET,MIL,0.9485653808239082,0.8272318704164399,v1-backfill,1.0,21.095979779779032,0.9829241281974966,0.965975146064552,0.9494743002977948,0.9186160543216676,0.8502022792039261,26.0
2026-04-08,401811016,SA,POR,0.7062164547078633,0.7954644042617137,v1-backfill,1.0,6.339771632592052,0.8467723796874417,0.7636261835420834,0.7015951196584711,0.6152800890482264,0.4737472212388822,11.0
2026-04-08,401811017,DEN,MEM,0.9769276310338918,0.8612498972353988,v1-backfill,1.0,23.40122565617381,0.9931469919939268,0.9857687272889014,0.9782844529248488,0.9532240772951864,0.8954424430411733,17.0
2026-04-08,401811018,LAC,OKC,0.261865607518945,0.3375745738440544,v1-backfill,0.0,-8.490182322555883,0.4605050193629133,0.3235662371744606,0.2438312159220679,0.1910080745276644,0.1215923716546726,-18.0
2026-04-08,401811019,PHX,DAL,0.7840364584906495,0.7507534247622044,v1-backfill,1.0,11.152209326622112,0.9041562264103556,0.8394343619742446,0.7866755702047646,0.7252833554094493,0.6111701503160377,5.0
2026-04-09,401811020,TOR,MIA,0.5895254258334106,0.6140523452028117,v1-backfill,1.0,3.26818454052536,0.7872720562676915,0.6803484958421548,0.602860342247201,0.5158438991008452,0.380555684896487,14.0
2026-04-09,401811021,WSH,CHI,0.3677769143644979,0.4294199624211777,v1-backfill,0.0,-3.63883330614012,0.6082503315149647,0.4607367262886732,0.3640817563061355,0.2959727110850716,0.2002416821817174,-11.0
2026-04-09,401811022,BKN,IND,0.3395570625327559,0.5522846166996846,v1-backfill,0.0,-4.125948748040765,0.5920270935440168,0.4407672530427089,0.3421561458750322,0.2794529985798494,0.1905425950037631,-29.0
2026-04-09,401811023,NY,BOS,0.5289800001113732,0.5186168194775905,v1-backfill,1.0,0.8755248312998436,0.7226291368659589,0.6059843342258034,0.5266751412044793,0.4452929529527039,0.3218399257647715,6.0
2026-04-09,401811024,HOU,PHI,0.7035796447299314,0.6869100834677514,v1-backfill,1.0,7.476882775340409,0.8575160256053386,0.7784646324163005,0.7189790343874125,0.6415985714882715,0.5094837746439086,11.0
2026-04-09,401811025,GS,LAL,0.4729430340205326,0.4052579389487923,v1-backfill,0.0,-0.7613634006929306,0.684199738048114,0.5572451924775603,0.4722379172409112,0.3926857924141982,0.2759308178560382,-16.0
2026-04-10,401811026,CHA,DET,0.4593746362638564,0.464605892344271,v1-backfill,0.0,-0.3734226215853899,0.6919237933294364,0.5581284945523233,0.4661399250501611,0.3937350956686422,0.2841125311409955,-18.0
2026-04-10,401811027,WSH,MIA,0.1868446085600261,0.2949677569227003,v1-backfill,0.0,-10.599896027842224,0.3970683506757133,0.2592408259966131,0.1812111971524563,0.1406398717134668,0.0881877106502264,-23.0
2026-04-10,401811028,ATL,CLE,0.6814997062042509,0.5034525881508957,v1-backfill,1.0,6.654548714260466,0.8415804734929365,0.7560162644162073,0.6922956294095124,0.6154415645507691,0.4854092753430738,22.0
2026-04-10,401811029,BOS,NO,0.9159825655942798,0.853255839785551,v1-backfill,1.0,17.276611750045927,0.9679097903195324,0.9421285502287384,0.9194389292695008,0.8721063142814092,0.7757045152952258,26.0
2026-04-10,401811030,IND,PHI,0.2343744458113273,0.3778971204976573,v1-backfill,0.0,-9.660032208714194,0.4280088247607983,0.2992974796980009,0.2267285108332497,0.1742103060990176,0.1074829023343492,-11.0
2026-04-10,401811031,NY,TOR,0.6743996928663186,0.7042816286032645,v1-backfill,1.0,6.081852168460128,0.8352424075722376,0.7440176154322483,0.6754255144677263,0.5969887528205139,0.466057004194318,17.0
2026-04-10,401811032,CHI,ORL,0.2469450056901256,0.3981964211372831,v1-backfill,0.0,-9.30580772640231,0.4386417271986276,0.3130235299730227,0.2423010205372737,0.1868221808982219,0.1159100709635291,-24.0
2026-04-10,401811033,HOU,MIN,0.6629521564541321,0.6385730132315245,v1-backfill,0.0,7.339198910782569,0.8454188211896745,0.7560281323252631,0.6876576889804114,0.6207290477470965,0.5031833169524927,-4.0
2026-04-10,401811034,MIL,BKN,0.7857072877746818,0.7111119703172709,v1-backfill,1.0,9.210185327757408,0.888314765045875,0.8266770237015322,0.7803902291658307,0.7008491234493275,0.5629233684098609,17.0
2026-04-10,401811035,SA,DAL,0.9341208097064472,0.8980273273376792,v1-backfill,1.0,19.65358670624459,0.9786411250853602,0.9584599278871928,0.939283443722672,0.9026302155990492,0.8239375760100591,19.0
2026-04-10,401811036,UTAH,MEM,0.8124800921323595,0.5299286103145614,v1-backfill,1.0,10.897168676050512,0.9117284683033556,0.8543638342800349,0.8083523944691183,0.7369321076680545,0.6082346572883949,46.0
2026-04-10,401811037,DEN,OKC,0.4718519516878351,0.4159270932684207,v1-backfill,1.0,-1.6126711923375971,0.6376656583597793,0.5221078898453888,0.4502453711461503,0.3844645875087625,0.2826299046490112,20.0
2026-04-10,401811038,POR,LAC,0.5051710367885281,0.5396312834406607,v1-backfill,1.0,1.4759459980471783,0.7241613841251944,0.6022956939471903,0.5180052541365601,0.4506305871787728,0.3421117383686385,19.0
2026-04-10,401811039,SAC,GS,0.34574673880292,0.4448098479848344,v1-backfill,1.0,-3.8524464368450384,0.5981067356466455,0.4458537571656402,0.3458955886785494,0.2851631548146345,0.1975006269233405,6.0
2026-04-10,401811040,LAL,PHX,0.559099594514012,0.698733946096706,v1-backfill,1.0,1.137869503873695,0.7241253418675034,0.6217346130844233,0.5549600789988257,0.4689314289623278,0.338585177114972,28.0
2026-04-12,401811041,BOS,ORL,0.2984756190338492,0.72443965862788,v1-backfill,1.0,-6.074587063915212,0.5290788819326059,0.3892682592082694,0.3041602822120089,0.2459304726467349,0.1649030756375172,5.0
2026-04-12,401811042,CLE,WSH,0.7837033517774041,0.9057084482132256,v1-backfill,1.0,8.988348577325828,0.8896081696742626,0.8295801819223211,0.7847601348609977,0.7004790555409006,0.5564941168272197,13.0
2026-04-12,401811043,IND,DET,0.1500700814158988,0.2136659359570747,v1-backfill,0.0,-15.44283785749016,0.2793762761610573,0.1861962440699576,0.140062387064096,0.0998463408595622,0.0547073228186305,-12.0
2026-04-12,401811044,MIA,ATL,0.8468175143177984,0.4849195172241535,v1-backfill,1.0,11.742582200214494,0.921333930997354,0.8740235172596293,0.8372655222763964,0.7658297416506014,0.6359486550129626,26.0
2026-04-12,401811045,NY,CHA,0.2639833493656415,0.6874519899614864,v1-backfill,0.0,-9.977060207655844,0.4233862018783192,0.3114447028119262,0.2506456404845679,0.1902447401018484,0.1150911311409196,-14.0
2026-04-12,401811046,PHI,MIL,0.8617852455327647,0.7066710582150133,v1-backfill,1.0,14.284540842757528,0.9430729090443272,0.9004027403528984,0.8640058169266861,0.8078049312475516,0.698843841568565,20.0
2026-04-12,401811047,TOR,BKN,0.9477041257295564,0.8199438123969606,v1-backfill,1.0,20.45529231549318,0.9824401712714056,0.9662672111985262,0.95108898449487,0.9166452214001424,0.84170277290292,35.0
2026-04-12,401811048,DAL,CHI,0.550183295963815,0.5511689048020496,v1-backfill,1.0,2.237739800237096,0.7509604570244874,0.6375866863714265,0.5583342662489791,0.481227518713723,0.3594966269076298,21.0
2026-04-12,401811049,HOU,MEM,0.8580527763547643,0.8514592868567775,v1-backfill,1.0,15.218870715456442,0.9434264565005912,0.9015187078300638,0.8659585878353202,0.8170491362725812,0.7193045841334362,31.0
2026-04-12,401811050,MIN,NO,0.6706524621374655,0.7878800729871169,v1-backfill,1.0,5.042997344875698,0.8148845798013061,0.7278429030603566,0.6662879517918504,0.5801697541842344,0.4411760996680005,6.0
2026-04-12,401811051,OKC,PHX,0.7543737837170961,0.8269319419898565,v1-backfill,0.0,8.478852462660946,0.8822059537538905,0.8150515236337066,0.7639769809357904,0.6806941995647245,0.5390304370858399,-32.0
2026-04-12,401811052,SA,DEN,0.6228982651310672,0.6831182307225879,v1-backfill,0.0,6.490584563939763,0.8275504773224414,0.7158835000408863,0.6264511536347154,0.5702976960014983,0.4694887702129425,-10.0
2026-04-12,401811053,LAL,UTAH,0.7818445839513932,0.8805181778414491,v1-backfill,1.0,9.429037802478048,0.8958406273541624,0.8332201944383051,0.7845738822435087,0.7049317571971445,0.5666731130389481,24.0
2026-04-12,401811054,LAC,GS,0.5785155772329903,0.6952712594938043,v1-backfill,1.0,3.4359237405199687,0.7664554741943024,0.6518704316470175,0.5695696890322527,0.5039133579036269,0.3940696089354782,5.0
2026-04-12,401811055,POR,SAC,0.8455565588126371,0.7663716216423496,v1-backfill,1.0,13.13879188010219,0.9400693805802084,0.8939664658446953,0.8541826902154366,0.7900028060909524,0.6696188331840238,12.0
2026-04-18,401869187,CLE,TOR,0.6192790947467486,0.7000730368246321,v1-backfill,1.0,2.761528518058172,0.7794707382880026,0.6815845784793318,0.6137687065868536,0.5153440256126273,0.3681033409713605,13.0
2026-04-18,401869188,DEN,MIN,0.7087469264780453,0.6675652684858602,v1-backfill,1.0,6.65237557302184,0.8523528061707306,0.7734848456795885,0.7150000525204085,0.6276720298785676,0.4841507987479498,11.0
2026-04-18,401869189,NY,ATL,0.5855743626236392,0.6539212874190097,v1-backfill,1.0,3.0250544069537995,0.776868751667859,0.6703992574771827,0.5947030786605376,0.5098995792417298,0.3774897540937844,11.0
2026-04-18,401869190,LAL,HOU,0.504031257257545,0.6118333959850326,v1-backfill,1.0,-0.7931572484072769,0.6843037691245293,0.5689171301300963,0.4940394833832182,0.4058410292326477,0.2794016810068163,9.0
2026-04-19,401869191,BOS,PHI,0.779177232918097,0.7534646321565913,v1-backfill,1.0,9.367081781635632,0.9010941776841732,0.8379808993064465,0.7877415622524891,0.7050449115414158,0.5628397060572321,32.0
2026-04-19,401869192,OKC,PHX,0.8520937209149629,0.8040356710313473,v1-backfill,1.0,10.675710687271096,0.9291913699916828,0.8835697329013223,0.8471083650563479,0.7576053233229377,0.6039786656189239,35.0
2026-04-19,401869193,DET,ORL,0.6610389478012616,0.7257367843596362,v1-backfill,0.0,6.360599418457261,0.8399862990867464,0.7460006538503707,0.6736682306306072,0.5987457805465873,0.4720498136479583,-11.0
2026-04-19,401869194,SA,POR,0.7790127746965743,0.7821800151415648,v1-backfill,1.0,9.103998598550016,0.891998130143841,0.8278537000273165,0.7782672945238446,0.69699881640722,0.557037554249769,13.0
2026-04-20,401869369,CLE,TOR,0.6433206155485072,0.7115439121244899,v1-backfill,1.0,3.3545943067335413,0.7962609910891505,0.7043738317648778,0.6403545048910496,0.5373931504611057,0.3835216825229328,10.0
2026-04-20,401869387,NY,ATL,0.6082266966692567,0.6682034695096366,v1-backfill,0.0,3.659241381820971,0.7958736570162375,0.6913866627849053,0.6151464231360406,0.5280816783259102,0.3917866500284152,-1.0
2026-04-20,401869395,DEN,MIN,0.734734388878396,0.6810128514126521,v1-backfill,0.0,7.228313758150024,0.8710298524630551,0.7973714917946216,0.7413105811419535,0.6490056485939955,0.4982263695056526,-5.0
2026-04-21,401869378,SA,POR,0.7750525658953529,0.7889386767518083,v1-backfill,0.0,8.73528635424244,0.8925231303554935,0.8250053279575497,0.7716062232425666,0.6870322253568566,0.5434011074831728,-3.0
2026-04-21,401869396,BOS,PHI,0.7755543798305373,0.7618030324695638,v1-backfill,0.0,9.335402880900022,0.9014477172576786,0.8378714273913568,0.7870339801675434,0.7040320211720853,0.5614885788854144,-14.0
2026-04-21,401869397,LAL,HOU,0.4528805971756657,0.6286730316571119,v1-backfill,1.0,-2.486904258656378,0.6428360675894739,0.5184780162009938,0.4390168994750832,0.3520989625636805,0.2329459465785686,7.0
2026-04-22,401869368,OKC,PHX,0.8760542518634491,0.8096610003514233,v1-backfill,1.0,11.90968009925388,0.9444063872742932,0.9065435183555778,0.8755669588993313,0.7906133624269683,0.6412844744246354,13.0
2026-04-22,401869411,DET,ORL,0.711300680713678,0.6983416675677512,v1-backfill,1.0,7.061103773087865,0.8622325360130219,0.7797852438180115,0.7158547022732308,0.6319544077606206,0.4922946192210833,15.0
2026-04-23,401869375,TOR,CLE,0.4739436211164085,0.4340725227992795,v1-backfill,1.0,-0.3312848648262525,0.6971493396743074,0.564426093850481,0.4728853946927727,0.3964474321665102,0.2824450280315931,22.0
2026-04-23,401869389,ATL,NY,0.54155087862545,0.5284174311941693,v1-backfill,1.0,0.7857097066080536,0.7234383965657817,0.6107296559392406,0.5349127153268879,0.4482134330981634,0.319041483989846,1.0
2026-04-23,401869398,MIN,DEN,0.4671888316137335,0.5144440722925803,v1-backfill,1.0,-0.8529872767905156,0.6787222911614862,0.5501685728771902,0.4642257086196589,0.3883400602071308,0.2756492802224098,17.0
2026-04-24,401869382,POR,SA,0.3818817616177731,0.3816769537308095,v1-backfill,0.0,-3.2427467642899908,0.6073902445778449,0.4747210602695255,0.3907397532006906,0.3242586139360427,0.2270718985385049,-12.0
2026-04-24,401869400,HOU,LAL,0.5072531192583134,0.5239432393074541,v1-backfill,0.0,1.7428818693545027,0.7296466479262349,0.6025731190496673,0.5127201254646515,0.4496421430924504,0.3462114485779085,-4.0
2026-04-24,401869404,PHI,BOS,0.3336323006291974,0.4178792765199963,v1-backfill,0.0,-5.428142662289335,0.5547456861456137,0.4140862345642844,0.3268646490180076,0.2595518088852439,0.1689282161459391,-8.0
2026-04-25,401869370,PHX,OKC,0.2318296063212459,0.3117189745347379,v1-backfill,0.0,-7.659781014012237,0.4842208238940894,0.3290114062793607,0.2341534244204773,0.1876841429645219,0.1240496081299265,-12.0
2026-04-25,401869391,ATL,NY,0.5510329837283617,0.5499976186922749,v1-backfill,0.0,1.2000545990725957,0.7400744282777023,0.6256843942764961,0.5466723914482216,0.4567752305678161,0.3235849887990202,-16.0
2026-04-25,401869399,MIN,DEN,0.4231823496008365,0.5367424173828298,v1-backfill,1.0,-1.5755495116378562,0.6657727073377206,0.5250019934831796,0.4292386831230114,0.355868455740725,0.2488088538600294,16.0
2026-04-25,401869414,ORL,DET,0.4188977989352623,0.4491253059355384,v1-backfill,1.0,-3.1806742483394093,0.6159751168987146,0.4895814725256919,0.4102215757361014,0.3332227591949799,0.2251533163674078,8.0
2026-04-26,401869377,TOR,CLE,0.4763406508385447,0.4598350740936384,v1-backfill,1.0,0.5035320912319294,0.71898540797499,0.5826006230309646,0.4850327660812032,0.4124230089466927,0.3009929714739786,4.0
2026-04-26,401869385,POR,SA,0.3518690283597377,0.3652280233156383,v1-backfill,0.0,-4.597047319081223,0.5809573508603985,0.4429606848571044,0.3563005056597526,0.2830629748800403,0.184376802705088,-21.0
2026-04-26,401869405,HOU,LAL,0.5585882356773074,0.4998330882198051,v1-backfill,1.0,2.470392284604213,0.7679051471932103,0.6525306157252779,0.5692609489699252,0.4861278686107245,0.3574105262037427,19.0
2026-04-26,401869406,PHI,BOS,0.429962760383896,0.3992810858223924,v1-backfill,0.0,-2.667946920377972,0.6367607003465336,0.5055148363709058,0.4206597081002759,0.3395303354037959,0.2270039483203088,-32.0
2026-04-27,401869373,PHX,OKC,0.2426885353627665,0.2995344142899298,v1-backfill,0.0,-7.331252100760114,0.4985480162579223,0.3408334700956696,0.2431662922149145,0.1916951534807192,0.1232933500207646,-9.0
2026-04-27,401869401,DEN,MIN,0.7111525454695092,0.6125883255672465,v1-backfill,1.0,6.001798011569412,0.8403143375034048,0.7602996707343049,0.7023793702772495,0.6121438126806081,0.4662179770770288,12.0
2026-04-27,401869415,ORL,DET,0.4695426710259505,0.4743399200306858,v1-backfill,1.0,-1.444588565011034,0.6712445529110611,0.5469586791095,0.4654173651524451,0.3786128960325762,0.2564465631026349,6.0
2026-04-28,401869386,SA,POR,0.7577394859894149,0.7876464886920684,v1-backfill,1.0,9.005047249714362,0.8789839475394855,0.8099080285912005,0.7573466849905061,0.6840535068297612,0.5551302263585524,19.0
2026-04-28,401869392,NY,ATL,0.5738396098360655,0.643692672881885,v1-backfill,1.0,3.106468906252312,0.774639269395615,0.6640775890635932,0.5846687730107537,0.5057701230730638,0.380232083203911,29.0
2026-04-28,401869408,BOS,PHI,0.7095789653606149,0.7636484647341887,v1-backfill,0.0,7.778641871682815,0.8696599819040505,0.7891633549374143,0.7259430247296221,0.6476504908414188,0.5140589755699218,-16.0
2026-04-29,401869380,CLE,TOR,0.6475856304824139,0.679675316716163,v1-backfill,1.0,3.155910884454532,0.7913810777964494,0.7013577516904227,0.6396015810878583,0.5347557321190081,0.379226683941927,5.0
2026-04-29,401869407,LAL,HOU,0.588036565084443,0.6454982061382407,v1-backfill,0.0,1.6091472568297158,0.7401191561267704,0.6383463435638076,0.5707948117922801,0.4815039162720234,0.346671758908647,-6.0
2026-04-29,401869416,DET,ORL,0.673857929367712,0.6674503726469074,v1-backfill,1.0,5.987862417471797,0.8315721583731646,0.7419667212327724,0.6756221547701778,0.5967161388951602,0.4652282774621701,7.0
2026-04-30,401869393,ATL,NY,0.4987162145367088,0.5084275851274715,v1-backfill,0.0,-0.7545008583627748,0.6832460975995632,0.5618322312873281,0.4818134292511369,0.3995372272939041,0.2794352327444116,-51.0
2026-04-30,401869402,MIN,DEN,0.3586989774312104,0.5402145502958047,v1-backfill,1.0,-4.139613076818925,0.5885249819848422,0.4494702617920323,0.3614447302425331,0.2940200064424336,0.1991355143968082,12.0
2026-04-30,401869410,PHI,BOS,0.4162204018237977,0.4154833968858163,v1-backfill,1.0,-3.191904987189956,0.6201626221621424,0.4897514838480886,0.4067888269952021,0.3275538372982022,0.2181363856616381,13.0
2026-05-01,401869381,TOR,CLE,0.4398065445140274,0.4699087707251778,v1-backfill,1.0,-0.6658030800400221,0.6877816357599618,0.5460579062308085,0.4470900488139079,0.3771566592241153,0.2715515511466981,2.0
2026-05-01,401869409,HOU,LAL,0.5245150604241416,0.5523998075184101,v1-backfill,0.0,2.361962261717351,0.749388414367063,0.6292254521411607,0.5436427842385138,0.47427362171625,0.3618448971929957,-20.0
2026-05-01,401869417,ORL,DET,0.3772229186407618,0.4832167294396008,v1-backfill,0.0,-3.860636032558208,0.5959026488521344,0.4612494614699138,0.3763811857151569,0.3063529413469772,0.20769437820686,-14.0
2026-05-02,401869412,BOS,PHI,0.5425214584270466,0.71594716700056,v1-backfill,0.0,1.784098776210186,0.7459087834790292,0.6260823963120272,0.5412522248878024,0.4632917289081256,0.3419938266223757,-9.0
2026-05-03,401869384,CLE,TOR,0.675671904182735,0.6712048936507338,v1-backfill,1.0,4.383491103626561,0.8175693996642941,0.7319377207519687,0.6714175584015598,0.5697675394494585,0.4144076088481446,12.0
2026-05-03,401869418,DET,ORL,0.6926663736395984,0.6999260309158629,v1-backfill,1.0,7.194079067328799,0.8522585674103341,0.7664859876636042,0.7007801506009523,0.6263132102073525,0.4987045919009297,22.0
2026-05-04,401871152,SA,MIN,0.7906183763490012,0.7117090510503014,v1-backfill,0.0,10.812196249820756,0.9104039853506362,0.8486086604099823,0.7977788769882116,0.7285678506537998,0.6032647823582779,-2.0
2026-05-04,401871159,NY,PHI,0.6165576573375336,0.6802413274611094,v1-backfill,1.0,4.558791715327563,0.8087085512056371,0.7074455677582828,0.6326122391035173,0.5514537204263357,0.4201471932032529,39.0
2026-05-05,401871326,OKC,LAL,0.7851992816368194,0.7218781454158113,v1-backfill,1.0,8.635224947574653,0.891989470897135,0.8305356411681277,0.7838335328060299,0.6939548080375104,0.5433465578552333,18.0
2026-05-05,401871333,DET,CLE,0.6395572921447719,0.6351330031323316,v1-backfill,1.0,5.402424346421721,0.8268625794109256,0.7255268327735434,0.6476475037011248,0.5699797674739895,0.4416043631891436,10.0
2026-05-06,401871153,SA,MIN,0.7282481804632261,0.6840824803732287,v1-backfill,1.0,7.792322730090121,0.8728025563517267,0.792982101820895,0.7298809255299138,0.6497574747324212,0.513745851752429,38.0
2026-05-06,401871160,NY,PHI,0.7100945002535726,0.6929150075484584,v1-backfill,1.0,7.705549532041415,0.8701419996573774,0.7932392948253713,0.7338590865412031,0.6518494883169446,0.5133659905629444,6.0
2026-05-07,401871327,OKC,LAL,0.7660336230407278,0.7320461798489014,v1-backfill,1.0,8.274963515686952,0.8884201702275095,0.8214154281256446,0.7693872731941166,0.6796261557901612,0.5300009082070737,18.0
2026-05-07,401871334,DET,CLE,0.6330313699280292,0.6505624694976592,v1-backfill,1.0,5.598119703798458,0.8290181842454758,0.7251833167738273,0.6441902649384594,0.5701672458376958,0.4462072901027306,10.0
2026-05-08,401871154,MIN,SA,0.3456902346841606,0.4650530843754417,v1-backfill,0.0,-6.139942593539683,0.5318613135117247,0.4078394305186782,0.3347651355532832,0.2636298282598861,0.1692712032041396,-7.0
2026-05-08,401871161,PHI,NY,0.5186741488505177,0.4552266504584041,v1-backfill,0.0,-0.4219536554706371,0.6971355482879619,0.5771251976959791,0.4971553907351687,0.4095263111649925,0.2832407441603141,-14.0
2026-05-09,401871328,LAL,OKC,0.3089237134373571,0.4100854033175165,v1-backfill,0.0,-6.04168885172203,0.5315456996609526,0.389790696167787,0.3030128865569981,0.2440683234849412,0.1626232376377837,-23.0
2026-05-09,401871335,CLE,DET,0.4811394280545777,0.5012235564806087,v1-backfill,1.0,-1.9115759430566603,0.6596100634699125,0.5433305368058726,0.4694744823601669,0.3761054486501382,0.2483701885721567,7.0
2026-05-10,401871155,MIN,SA,0.3522195785033773,0.4438177794563901,v1-backfill,1.0,-5.577203299138072,0.5531293702565055,0.4224787073407104,0.3433028233217086,0.2673779925749636,0.1686150204067663,5.0
2026-05-10,401871162,PHI,NY,0.4894702332584429,0.434520663061563,v1-backfill,0.0,-1.2516049584008924,0.6761262911464995,0.550385013964752,0.4671635022987989,0.3818005521445191,0.2606104788749884,-30.0
2026-05-11,401871329,LAL,OKC,0.2989449756589938,0.3919428444555263,v1-backfill,0.0,-5.994794491483892,0.5389709003867099,0.386876937505315,0.2913115323933767,0.2315021844633317,0.1508664719854675,-5.0
2026-05-11,401871336,CLE,DET,0.5167007708657442,0.5241742002542092,v1-backfill,1.0,-0.6929605007539639,0.6938440082455091,0.581525655135848,0.5085513052632262,0.4115523906793346,0.2763578944454339,9.0
2026-05-12,401871156,SA,MIN,0.7227062099163112,0.6929622628250743,v1-backfill,1.0,8.031607987387027,0.865853439968582,0.7868514710836985,0.7259860231383612,0.6521344974382628,0.5240044710346596,29.0
2026-05-13,401871337,DET,CLE,0.6032124176612749,0.6239511264346022,v1-backfill,0.0,3.573003132467361,0.791750680244222,0.6837670054354729,0.6045909665329656,0.5211874392783502,0.3894664596145582,-4.0
2026-05-15,401871157,MIN,SA,0.3499485324920372,0.4551737322417388,v1-backfill,0.0,-5.345689073248476,0.5532040350230698,0.4216485467860981,0.341759609995645,0.2736376339359189,0.1805370021768995,-30.0
2026-05-15,401871338,CLE,DET,0.5199511984064945,0.5742857256131372,v1-backfill,0.0,-0.0162192420403828,0.7098303539933761,0.5957720474041255,0.5199721915887424,0.4267573319330504,0.2933568973534658,-21.0
2026-05-17,401871339,DET,CLE,0.6113805810977089,0.6218020878199191,v1-backfill,0.0,4.3233991085591175,0.8058938080970626,0.6989702860624522,0.6187348399022176,0.5391663071736643,0.4105322561015497,-31.0
2026-05-18,401873197,OKC,SA,0.606382127410063,0.655124786781908,v1-backfill,0.0,2.4181116327160925,0.7635630319270487,0.6662153335550232,0.600503711158902,0.5069583860584711,0.3654808248149062,-7.0
2026-05-19,401873341,NY,CLE,0.6133623023542039,0.6196041928123213,v1-backfill,1.0,4.575995009723973,0.8101377204989346,0.7072395148293914,0.6305090337817334,0.5499060596365156,0.4193488026912381,11.0
2026-05-20,401873198,OKC,SA,0.6158230783918011,0.627373302659259,v1-backfill,1.0,2.572432062739453,0.7764870845441336,0.67737272560053,0.6087293763876244,0.5093147588594252,0.3616301653803905,9.0
2026-05-21,401873342,NY,CLE,0.6299675847296936,0.6359757770427226,v1-backfill,1.0,4.800400890772104,0.8180881548725435,0.7175418216823509,0.641992430918181,0.5587712666038137,0.4245815594965184,16.0
2026-05-22,401873199,SA,OKC,0.5415029628133488,0.5252710781013584,v1-backfill,0.0,2.1699883945420577,0.7553474734824186,0.634097757050625,0.5466857307653622,0.4706307966772364,0.3508618899507272,-15.0
2026-05-23,401873343,CLE,NY,0.5019775557501903,0.5164390037752161,v1-backfill,0.0,-0.8376087978277944,0.6848605545241209,0.5661722396876374,0.4883996123470494,0.4007023357894883,0.275282942020451,-13.0
2026-05-24,401873200,SA,OKC,0.5575826904217037,0.5011030006729414,v1-backfill,1.0,2.584965877429827,0.7686039237718988,0.6478467715016727,0.5590900640401586,0.4816277055266503,0.359471023034051,21.0
2026-05-25,401873344,CLE,NY,0.4991948898409293,0.4926625626881476,v1-backfill,0.0,-1.3508194159965925,0.6753209216922218,0.5584762115120809,0.4830286683206123,0.3896017674670734,0.2601837121024509,-37.0
2026-05-26,401873201,OKC,SA,0.5449443816811962,0.6443885761475262,v1-backfill,1.0,0.419936424150471,0.719118686398431,0.6102371774502325,0.5382110877516176,0.4439203058030976,0.3076961419599106,13.0
2026-05-28,401873202,SA,OKC,0.5207350297797393,0.5077009380449077,v1-backfill,1.0,1.6745405021384483,0.7432170580231486,0.6163541716895587,0.5250015295868596,0.451714488960626,0.3364390632956446,27.0
2026-05-30,401873203,OKC,SA,0.5326268384206189,0.6385980611325613,v1-backfill,0.0,-0.0860106953139201,0.7059162827905274,0.5948607979111658,0.5220259760799869,0.4286432020455478,0.2948835325323321,-8.0
2026-06-03,401859963,SA,NY,0.6357979874989097,0.6382928296408233,v1-backfill,0.0,4.401088174440186,0.8026571349711098,0.7026278075906429,0.6299077834922161,0.548936892680381,0.4180176327564553,-10.0
2026-06-05,401859964,SA,NY,0.628689986840922,0.6107306035659725,v1-backfill,0.0,3.917423117192024,0.8007973654431274,0.6965465090377759,0.6198397922317586,0.5342315622788518,0.399083138636129,-1.0
2026-06-08,401859965,NY,SA,0.4681420364054841,0.5873186934085259,v1-backfill,0.0,-0.3967430246688908,0.684028808310885,0.5614561971047358,0.4803538800285611,0.406367359544915,0.2939998282846951,-4.0
2026-06-10,401859966,NY,SA,0.4547376409944114,0.5608725114200016,v1-backfill,1.0,-0.8186470495944498,0.68662634497671,0.5552784797476793,0.4660741923102837,0.3860755963586746,0.2695384639577921,1.0
2026-06-13,401859967,SA,NY,0.6286744156303993,0.5902941250303222,v1-backfill,0.0,3.9805897877899534,0.7879908637179733,0.6898566671581597,0.6208483980036398,0.540669685092463,0.4112273785527455,-4.0
