date,game_id,week,season,home,away,p_home,p_elo,model,result,selected,model_spread,model_total,cal,pick_side,pick_team,pick_prob
2024-08-24,401635525,1,2024,Georgia Tech,Florida State,0.3000396012136511,0.2252279236542214,v1-backfill,3.0,,,,,,,
2024-08-25,401643696,1,2024,Nevada,SMU,0.0421276211387249,0.1029375642491223,v1-backfill,-5.0,,,,,,,
2024-08-30,401628448,1,2024,Minnesota,North Carolina,0.508136218974245,0.5019301704973016,v1-backfill,-2.0,,,,,,,
2024-08-30,401640998,1,2024,Jacksonville State,Coastal Carolina,0.6045546330394515,0.4778746767830094,v1-backfill,-28.0,,,,,,,
2024-08-30,401628328,1,2024,Oklahoma,Temple,0.9792281447507784,0.9305915558021632,v1-backfill,48.0,,,,,,,
2024-08-30,401628453,1,2024,Michigan State,Florida Atlantic,0.745736889588729,0.6773904045629836,v1-backfill,6.0,,,,,,,
2024-08-31,401628461,1,2024,Wisconsin,Western Michigan,0.9174713086729904,0.7816649717720487,v1-backfill,14.0,,,,,,,
2024-08-31,401634300,1,2024,Stanford,TCU,0.2164266926871309,0.2635384629890943,v1-backfill,-7.0,,,,,,,
2024-08-31,401628323,1,2024,Georgia,Clemson,0.8054483894703103,0.7420822298112254,v1-backfill,31.0,,,,,,,
2024-08-31,401628333,1,2024,Vanderbilt,Virginia Tech,0.162869101617627,0.1950883207804741,v1-backfill,7.0,,,,,,,
2024-08-31,401628451,1,2024,Maryland,UConn,0.9388307490246132,0.830334375088829,v1-backfill,43.0,,,,,,,
2024-08-31,401628457,1,2024,West Virginia,Penn State,0.3504003392184109,0.4943225089364267,v1-backfill,-22.0,,,,,,,
2024-08-31,401634305,1,2024,Pittsburgh,Kent State,0.932233890942487,0.8194866534138082,v1-backfill,31.0,,,,,,,
2024-08-31,401628322,1,2024,Florida,Miami,0.5911704031351537,0.5670838444358467,v1-backfill,-24.0,,,,,,,
2024-08-31,401628331,1,2024,Texas,Colorado State,0.9749059561324356,0.9355996864318132,v1-backfill,52.0,,,,,,,
2024-08-31,401628449,1,2024,Indiana,Florida International,0.9173325590882364,0.7452650822845126,v1-backfill,24.0,,,,,,,
2024-08-31,401628454,1,2024,Nebraska,UTEP,0.8917084964884227,0.782462151685565,v1-backfill,33.0,,,,,,,
2024-08-31,401628455,1,2024,Ohio State,Akron,0.9878419093676224,0.9681801679133312,v1-backfill,46.0,,,,,,,
2024-08-31,401629039,1,2024,Massachusetts,Eastern Michigan,0.4442022888738609,0.3721001682788827,v1-backfill,-14.0,,,,,,,
2024-08-31,401634304,1,2024,Syracuse,Ohio,0.5782653576136659,0.3288857673650504,v1-backfill,16.0,,,,,,,
2024-08-31,401641015,1,2024,UTSA,Kennesaw State,0.9029007628857144,0.8719266579887318,v1-backfill,12.0,,,,,,,
2024-08-31,401644683,1,2024,Northwestern,Miami (OH),0.680598344589689,0.4040420591676771,v1-backfill,7.0,,,,,,,
2024-08-31,401643700,1,2024,Georgia Southern,Boise State,0.3000772372758502,0.3141668236323631,v1-backfill,-11.0,,,,,,,
2024-08-31,401628329,1,2024,South Carolina,Old Dominion,0.8555154142931625,0.7027800343030218,v1-backfill,4.0,,,,,,,
2024-08-31,401643775,1,2024,South Alabama,North Texas,0.8058586861567041,0.734316895371408,v1-backfill,-14.0,,,,,,,
2024-08-31,401628319,1,2024,Alabama,Western Kentucky,0.959922840675962,0.8922460572397367,v1-backfill,63.0,,,,,,,
2024-08-31,401636611,1,2024,Houston,UNLV,0.6652303574454861,0.4473718736579818,v1-backfill,-20.0,,,,,,,
2024-08-31,401641039,1,2024,Rice,Sam Houston,0.6581840896528682,0.6886052917347241,v1-backfill,-20.0,,,,,,,
2024-08-31,401643701,1,2024,Troy,Nevada,0.9424652699343364,0.9502150114331606,v1-backfill,-2.0,,,,,,,
2024-08-31,401628332,1,2024,Texas A&M,Notre Dame,0.30766053665302,0.3058010721929404,v1-backfill,-10.0,,,,,,,
2024-08-31,401628452,1,2024,Michigan,Fresno State,0.9677449492314713,0.9237591235406633,v1-backfill,20.0,,,,,,,
2024-08-31,401628459,1,2024,Hawai'i,UCLA,0.1235562223327665,0.2987186174875082,v1-backfill,-3.0,,,,,,,
2024-08-31,401628324,1,2024,Kentucky,Southern Miss,0.9341596292680572,0.8413573300471509,v1-backfill,31.0,,,,,,,
2024-09-01,401634302,1,2024,Georgia Tech,Georgia State,0.8616959101998793,0.6827451805825563,v1-backfill,23.0,,,,,,,
2024-09-01,401643774,1,2024,Charlotte,James Madison,0.0969572455214747,0.1067800698950562,v1-backfill,-23.0,,,,,,,
2024-09-01,401636608,1,2024,Arizona,New Mexico,0.9752862288689028,0.9469597187787204,v1-backfill,22.0,,,,,,,
2024-09-01,401636609,1,2024,Arizona State,Wyoming,0.5819126282595147,0.4160338981092879,v1-backfill,41.0,,,,,,,
2024-09-01,401628334,1,2024,LSU,USC,0.7621619567132971,0.6916495430166675,v1-backfill,-7.0,,,,,,,
2024-09-02,401634306,1,2024,Florida State,Boston College,0.8289576989343991,0.8695424758808368,v1-backfill,-15.0,,,,,,,
2024-09-06,401634765,2,2024,SMU,BYU,0.8045326908611455,0.7665314275573444,v1-backfill,-3.0,,,,,,,
2024-09-07,401635533,2,2024,Northwestern,Duke,0.4271582579813576,0.4548942594394856,v1-backfill,-6.0,,,,,,,
2024-09-07,401628336,2,2024,Oklahoma State,Arkansas,0.638346212358158,0.734821314789967,v1-backfill,8.0,,,,,,,
2024-09-07,401628347,2,2024,Michigan,Texas,0.666213151153899,0.766921167473516,v1-backfill,-19.0,,,,,,,
2024-09-07,401628470,2,2024,Penn State,Bowling Green,0.948763279940789,0.8296083010123556,v1-backfill,7.0,,,,,,,
2024-09-07,401628471,2,2024,Rutgers,Akron,0.95168522791819,0.8805993432992745,v1-backfill,32.0,,,,,,,
2024-09-07,401635534,2,2024,Syracuse,Georgia Tech,0.3816324466119159,0.3584498436605811,v1-backfill,3.0,,,,,,,
2024-09-07,401635538,2,2024,Cincinnati,Pittsburgh,0.5122513408982695,0.575959120314094,v1-backfill,-1.0,,,,,,,
2024-09-07,401636616,2,2024,Tulane,Kansas State,0.2290195767563533,0.4084404497681042,v1-backfill,-7.0,,,,,,,
2024-09-07,401643784,2,2024,Memphis,Troy,0.5805171107952977,0.5256536557737757,v1-backfill,21.0,,,,,,,
2024-09-07,401645323,2,2024,Florida Atlantic,Army,0.3619568124896632,0.282297440086675,v1-backfill,-17.0,,,,,,,
2024-09-07,401628337,2,2024,Auburn,California,0.7478301609742215,0.5386953313466379,v1-backfill,-7.0,,,,,,,
2024-09-07,401628340,2,2024,Kentucky,South Carolina,0.6798140494140508,0.6513047134886355,v1-backfill,-25.0,,,,,,,
2024-09-07,401628464,2,2024,Iowa,Iowa State,0.5852030006198395,0.5838268400626621,v1-backfill,-1.0,,,,,,,
2024-09-07,401628465,2,2024,Maryland,Michigan State,0.851836021067685,0.7587421239273953,v1-backfill,-3.0,,,,,,,
2024-09-07,401628473,2,2024,Washington,Eastern Michigan,0.9698070036143056,0.928754803440242,v1-backfill,21.0,,,,,,,
2024-09-07,401628977,2,2024,Notre Dame,Northern Illinois,0.9545235915547912,0.863264989625035,v1-backfill,-2.0,,,,,,,
2024-09-07,401629040,2,2024,Toledo,Massachusetts,0.9260538420438288,0.926195831362566,v1-backfill,15.0,,,,,,,
2024-09-07,401635535,2,2024,Louisville,Jacksonville State,0.9227959468629064,0.766761618973628,v1-backfill,35.0,,,,,,,
2024-09-07,401635537,2,2024,North Carolina,Charlotte,0.9496222506947064,0.8953767731442225,v1-backfill,18.0,,,,,,,
2024-09-07,401636618,2,2024,Utah,Baylor,0.7650633324759302,0.7484209352490364,v1-backfill,11.0,,,,,,,
2024-09-07,401645324,2,2024,Navy,Temple,0.8505554106391103,0.7951326472893792,v1-backfill,27.0,,,,,,,
2024-09-07,401643783,2,2024,Texas State,UTSA,0.4025729399400675,0.4066195906275511,v1-backfill,39.0,,,,,,,
2024-09-07,401628342,2,2024,Ole Miss,Middle Tennessee,0.9724032025896052,0.8992749887106708,v1-backfill,49.0,,,,,,,
2024-09-07,401635540,2,2024,Virginia Tech,Marshall,0.8405557868435257,0.6549099907647937,v1-backfill,17.0,,,,,,,
2024-09-07,401640979,2,2024,Florida International,Central Michigan,0.1754311555510125,0.2324656998744486,v1-backfill,36.0,,,,,,,
2024-09-07,401643778,2,2024,Old Dominion,East Carolina,0.5574572197469062,0.5623580586966666,v1-backfill,-6.0,,,,,,,
2024-09-07,401643781,2,2024,Ohio,South Alabama,0.4699145538066836,0.5793625168228825,v1-backfill,7.0,,,,,,,
2024-09-07,401636617,2,2024,UCF,Sam Houston,0.915548608204748,0.7676070951068487,v1-backfill,31.0,,,,,,,
2024-09-07,401628335,2,2024,Alabama,South Florida,0.9703347941317464,0.9051563571115568,v1-backfill,26.0,,,,,,,
2024-09-07,401628344,2,2024,Missouri,Buffalo,0.9696590423497176,0.9217076045349204,v1-backfill,38.0,,,,,,,
2024-09-07,401628462,2,2024,Illinois,Kansas,0.4227733641932467,0.3352386957044617,v1-backfill,6.0,,,,,,,
2024-09-07,401635639,2,2024,Wake Forest,Virginia,0.63620292103336,0.6327656512909239,v1-backfill,-1.0,,,,,,,
2024-09-07,401641016,2,2024,Kennesaw State,Louisiana,0.2886356789793967,0.3373002433656595,v1-backfill,-24.0,,,,,,,
2024-09-07,401643705,2,2024,Air Force,San José State,0.5411628421072001,0.5393290399164361,v1-backfill,-10.0,,,,,,,
2024-09-07,401643708,2,2024,Nevada,Georgia Southern,0.4073008038135449,0.3673393293826684,v1-backfill,-3.0,,,,,,,
2024-09-07,401643779,2,2024,Arkansas State,Tulsa,0.6308863392259946,0.68033746160773,v1-backfill,4.0,,,,,,,
2024-09-07,401643780,2,2024,UL Monroe,UAB,0.2972710695909772,0.3849200045874954,v1-backfill,26.0,,,,,,,
2024-09-07,401628346,2,2024,NC State,Tennessee,0.3058705852896501,0.4576619649983531,v1-backfill,-41.0,,,,,,,
2024-09-07,401628467,2,2024,Nebraska,Colorado,0.7753955935775527,0.7168585235933479,v1-backfill,18.0,,,,,,,
2024-09-07,401628468,2,2024,Ohio State,Western Michigan,0.9808823775688345,0.9366695656294328,v1-backfill,56.0,,,,,,,
2024-09-07,401628345,2,2024,Oklahoma,Houston,0.9306754291397288,0.8994104485323164,v1-backfill,4.0,,,,,,,
2024-09-08,401635532,2,2024,Clemson,App State,0.8149831494171569,0.6294824714458369,v1-backfill,46.0,,,,,,,
2024-09-08,401628469,2,2024,Oregon,Boise State,0.891518039265678,0.787663988027139,v1-backfill,3.0,,,,,,,
2024-09-08,401636859,2,2024,Washington State,Texas Tech,0.6303891367446943,0.3820552944657588,v1-backfill,21.0,,,,,,,
2024-09-08,401640989,2,2024,New Mexico State,Liberty,0.3838582119936317,0.3825741731083992,v1-backfill,-6.0,,,,,,,
2024-09-08,401628343,2,2024,Arizona State,Mississippi State,0.4999434472236199,0.5539821212022374,v1-backfill,7.0,,,,,,,
2024-09-08,401643709,2,2024,San Diego State,Oregon State,0.2370581420819206,0.3009771976197256,v1-backfill,-21.0,,,,,,,
2024-09-08,401628472,2,2024,USC,Utah State,0.9115444111295016,0.8011342348864122,v1-backfill,48.0,,,,,,,
2024-09-12,401636867,3,2024,Texas State,Arizona State,0.4659995017078093,0.6794185267788923,v1-backfill,-3.0,,,,,,,
2024-09-13,401636863,3,2024,Kansas,UNLV,0.7389431277860042,0.568275629563046,v1-backfill,-3.0,,,,,,,
2024-09-14,401636864,3,2024,Kansas State,Arizona,0.6872424490295248,0.6082903320704989,v1-backfill,24.0,,,,,,,
2024-09-14,401628350,3,2024,Wisconsin,Alabama,0.1780052509237077,0.2207876158293556,v1-backfill,-32.0,,,,,,,
2024-09-14,401628359,3,2024,South Carolina,LSU,0.4160766759004584,0.4848185257808157,v1-backfill,-3.0,,,,,,,
2024-09-14,401628475,3,2024,Illinois,Central Michigan,0.9259710489205952,0.819929206062803,v1-backfill,21.0,,,,,,,
2024-09-14,401628479,3,2024,Michigan,Arkansas State,0.9721328354170488,0.9249400792677448,v1-backfill,10.0,,,,,,,
2024-09-14,401635542,3,2024,Florida State,Memphis,0.6703426673481908,0.49442123838738,v1-backfill,-8.0,,,,,,,
2024-09-14,401635546,3,2024,NC State,Louisiana Tech,0.9398483181725628,0.8831683164570542,v1-backfill,10.0,,,,,,,
2024-09-14,401636865,3,2024,Miami (OH),Cincinnati,0.471330128937544,0.7135071632002786,v1-backfill,-11.0,,,,,,,
2024-09-14,401636868,3,2024,Texas Tech,North Texas,0.7667431988137138,0.5906813286673609,v1-backfill,45.0,,,,,,,
2024-09-14,401636869,3,2024,Tulsa,Oklahoma State,0.1225863415443131,0.1828521078208832,v1-backfill,-35.0,,,,,,,
2024-09-14,401628357,3,2024,Missouri,Boston College,0.842323827207122,0.8328005162464996,v1-backfill,6.0,,,,,,,
2024-09-14,401629041,3,2024,Buffalo,Massachusetts,0.7387195243059961,0.7767801370321482,v1-backfill,31.0,,,,,,,
2024-09-14,401643786,3,2024,Temple,Coastal Carolina,0.1218556182871734,0.1143006190337878,v1-backfill,-8.0,,,,,,,
2024-09-14,401628353,3,2024,Florida,Texas A&M,0.4039729958934266,0.4695083213149441,v1-backfill,-13.0,,,,,,,
2024-09-14,401628358,3,2024,Oklahoma,Tulane,0.8393345059791504,0.6965447837008549,v1-backfill,15.0,,,,,,,
2024-09-14,401628481,3,2024,Minnesota,Nevada,0.941043691776214,0.8746279776863064,v1-backfill,27.0,,,,,,,
2024-09-14,401628483,3,2024,Oregon State,Oregon,0.3570536445574705,0.3458170576520701,v1-backfill,-35.0,,,,,,,
2024-09-14,401628484,3,2024,Washington,Washington State,0.6809171763314454,0.823944108843595,v1-backfill,-5.0,,,,,,,
2024-09-14,401628978,3,2024,Purdue,Notre Dame,0.2885990691118232,0.2625207127630445,v1-backfill,-59.0,,,,,,,
2024-09-14,401635544,3,2024,Miami,Ball State,0.9210047319006612,0.7865376670460916,v1-backfill,62.0,,,,,,,
2024-09-14,401635547,3,2024,Pittsburgh,West Virginia,0.4348131953729563,0.3802892330715285,v1-backfill,4.0,,,,,,,
2024-09-14,401628477,3,2024,Iowa,Troy,0.7897935839412156,0.5775093177395832,v1-backfill,17.0,,,,,,,
2024-09-14,401643785,3,2024,East Carolina,App State,0.5072005375912992,0.3779889877766093,v1-backfill,-2.0,,,,,,,
2024-09-14,401628351,3,2024,Arkansas,UAB,0.905251767965462,0.7309161618796259,v1-backfill,10.0,,,,,,,
2024-09-14,401636870,3,2024,Utah State,Utah,0.0939986867463031,0.2898503670852349,v1-backfill,-17.0,,,,,,,
2024-09-14,401629030,3,2024,Duke,UConn,0.9148993423237962,0.8565231242348531,v1-backfill,5.0,,,,,,,
2024-09-14,401635548,3,2024,Old Dominion,Virginia Tech,0.1709423306129787,0.2553302339288795,v1-backfill,-20.0,,,,,,,
2024-09-14,401640980,3,2024,Florida Atlantic,Florida International,0.6750672956623875,0.5853815322253223,v1-backfill,18.0,,,,,,,
2024-09-14,401640990,3,2024,Liberty,UTEP,0.905963958316552,0.9507567944678064,v1-backfill,18.0,,,,,,,
2024-09-14,401628355,3,2024,Wake Forest,Ole Miss,0.1398024548624583,0.1763081993510493,v1-backfill,-34.0,,,,,,,
2024-09-14,401628361,3,2024,Texas,UTSA,0.9670080275027452,0.8834461738545193,v1-backfill,49.0,,,,,,,
2024-09-14,401628362,3,2024,Georgia State,Vanderbilt,0.3107225856918882,0.624901400630474,v1-backfill,4.0,,,,,,,
2024-09-14,401640999,3,2024,Eastern Michigan,Jacksonville State,0.4694012315795351,0.5450751157032812,v1-backfill,3.0,,,,,,,
2024-09-14,401641017,3,2024,San José State,Kennesaw State,0.9127000966857176,0.9053149360266411,v1-backfill,21.0,,,,,,,
2024-09-14,401641024,3,2024,Middle Tennessee,Western Kentucky,0.4350958991397858,0.3951247712580129,v1-backfill,-28.0,,,,,,,
2024-09-14,401641040,3,2024,Sam Houston,Hawai'i,0.6548819812732758,0.5486300700231891,v1-backfill,18.0,,,,,,,
2024-09-14,401643789,3,2024,Southern Miss,South Florida,0.387939095047615,0.4210036188333537,v1-backfill,-25.0,,,,,,,
2024-09-14,401628352,3,2024,Auburn,New Mexico,0.9448989870616664,0.8246749689906419,v1-backfill,26.0,,,,,,,
2024-09-14,401628354,3,2024,Kentucky,Georgia,0.1183637970123664,0.1156382472713732,v1-backfill,-1.0,,,,,,,
2024-09-14,401628356,3,2024,Mississippi State,Toledo,0.6985383773427268,0.3654751321414853,v1-backfill,-24.0,,,,,,,
2024-09-14,401628476,3,2024,UCLA,Indiana,0.5578938128324972,0.7521942857683451,v1-backfill,-29.0,,,,,,,
2024-09-14,401636860,3,2024,Baylor,Air Force,0.7017321020889968,0.4133633833018512,v1-backfill,28.0,,,,,,,
2024-09-14,401636861,3,2024,Colorado State,Colorado,0.4047888201364124,0.6571099896144974,v1-backfill,-19.0,,,,,,,
2024-09-14,401636866,3,2024,TCU,UCF,0.5082391950313332,0.5781535814007241,v1-backfill,-1.0,,,,,,,
2024-09-14,401628360,3,2024,Tennessee,Kent State,0.9933173694677616,0.9753323369723236,v1-backfill,71.0,,,,,,,
2024-09-15,401628478,3,2024,Virginia,Maryland,0.3260837370738831,0.3373398957316036,v1-backfill,-14.0,,,,,,,
2024-09-15,401636862,3,2024,Houston,Rice,0.683755945428723,0.5054558333177703,v1-backfill,26.0,,,,,,,
2024-09-15,401636871,3,2024,Wyoming,BYU,0.2317204999560667,0.3593427405958249,v1-backfill,-20.0,,,,,,,
2024-09-15,401635541,3,2024,California,San Diego State,0.8389816050040152,0.7821426377926751,v1-backfill,21.0,,,,,,,
2024-09-15,401641033,3,2024,Fresno State,New Mexico State,0.7189498780962061,0.6491727242245695,v1-backfill,48.0,,,,,,,
2024-09-19,401643790,4,2024,App State,South Alabama,0.4097844587916394,0.7086521839940162,v1-backfill,-34.0,,,,,,,
2024-09-20,401634766,4,2024,Syracuse,Stanford,0.7037198945972327,0.7206992997460969,v1-backfill,-2.0,,,,,,,
2024-09-21,401628485,4,2024,Nebraska,Illinois,0.5672273257405988,0.5573380816585456,v1-backfill,-7.0,,,,,,,
2024-09-21,401643714,4,2024,Washington State,San José State,0.7866985156417983,0.4926558179752508,v1-backfill,2.0,,,,,,,
2024-09-21,401628367,4,2024,Mississippi State,Florida,0.5008485909748567,0.5316168883487905,v1-backfill,-17.0,,,,,,,
2024-09-21,401628486,4,2024,Indiana,Charlotte,0.964067072045472,0.8778065515811346,v1-backfill,38.0,,,,,,,
2024-09-21,401628492,4,2024,Ohio State,Marshall,0.9724757971168626,0.8919393733033061,v1-backfill,35.0,,,,,,,
2024-09-21,401635552,4,2024,Clemson,NC State,0.8100917688373317,0.7214162542805906,v1-backfill,24.0,,,,,,,
2024-09-21,401635556,4,2024,North Carolina,James Madison,0.6832677234554826,0.4480308975597256,v1-backfill,-20.0,,,,,,,
2024-09-21,401636873,4,2024,Cincinnati,Houston,0.6537623162659358,0.7047818927073564,v1-backfill,34.0,,,,,,,
2024-09-21,401636879,4,2024,West Virginia,Kansas,0.5505881422638159,0.5541108337701348,v1-backfill,4.0,,,,,,,
2024-09-21,401643791,4,2024,Louisiana,Tulane,0.5102735383118272,0.5211740528581373,v1-backfill,-8.0,,,,,,,
2024-09-21,401645328,4,2024,Army,Rice,0.791440147636656,0.8437992290974141,v1-backfill,23.0,,,,,,,
2024-09-21,401628364,4,2024,Kentucky,Ohio,0.8250020249908028,0.5278924072554458,v1-backfill,35.0,,,,,,,
2024-09-21,401644735,4,2024,Central Michigan,Ball State,0.5507803680939688,0.4310998063704048,v1-backfill,3.0,,,,,,,
2024-09-21,401635558,4,2024,Coastal Carolina,Virginia,0.6100697400210952,0.8509511605796927,v1-backfill,-19.0,,,,,,,
2024-09-21,401636875,4,2024,Iowa State,Arkansas State,0.8984936587433918,0.7585711906102566,v1-backfill,45.0,,,,,,,
2024-09-21,401643715,4,2024,Temple,Utah State,0.4067374740490704,0.3578441920884611,v1-backfill,16.0,,,,,,,
2024-09-21,401641000,4,2024,Jacksonville State,Southern Miss,0.7122590465072701,0.6527265483515314,v1-backfill,37.0,,,,,,,
2024-09-21,401628363,4,2024,Auburn,Arkansas,0.6291017518869542,0.5571483102669814,v1-backfill,-10.0,,,,,,,
2024-09-21,401628365,4,2024,LSU,UCLA,0.8427746040598876,0.799606331138182,v1-backfill,17.0,,,,,,,
2024-09-21,401628489,4,2024,Michigan,USC,0.7577417734021457,0.8177833447014914,v1-backfill,3.0,,,,,,,
2024-09-21,401628493,4,2024,Penn State,Kent State,0.9936028390570676,0.9757040400232032,v1-backfill,56.0,,,,,,,
2024-09-21,401628494,4,2024,Virginia Tech,Rutgers,0.6573174209387634,0.6885431195914571,v1-backfill,-3.0,,,,,,,
2024-09-21,401628979,4,2024,Notre Dame,Miami (OH),0.9652466855119368,0.8624636604552828,v1-backfill,25.0,,,,,,,
2024-09-21,401635554,4,2024,Louisville,Georgia Tech,0.735741227061751,0.6125865159326944,v1-backfill,12.0,,,,,,,
2024-09-21,401636877,4,2024,Texas Tech,Arizona State,0.6675633203986424,0.6211770899563286,v1-backfill,8.0,,,,,,,
2024-09-21,401644736,4,2024,Northern Illinois,Buffalo,0.7797529550980262,0.7329092694729806,v1-backfill,-3.0,,,,,,,
2024-09-21,401645329,4,2024,Navy,Memphis,0.3355931633572588,0.2408409101697203,v1-backfill,12.0,,,,,,,
2024-09-21,401635553,4,2024,Middle Tennessee,Duke,0.0988746638187298,0.1737336405068777,v1-backfill,-28.0,,,,,,,
2024-09-21,401636876,4,2024,Oklahoma State,Utah,0.5938402573289029,0.6240529284883446,v1-backfill,-3.0,,,,,,,
2024-09-21,401628368,4,2024,Missouri,Vanderbilt,0.906140071639629,0.920325757743423,v1-backfill,3.0,,,,,,,
2024-09-21,401635557,4,2024,SMU,TCU,0.6392446539675447,0.6342929717780263,v1-backfill,24.0,,,,,,,
2024-09-21,401641028,4,2024,Colorado State,UTEP,0.678077421955935,0.7080128419174913,v1-backfill,10.0,,,,,,,
2024-09-21,401640991,4,2024,Liberty,East Carolina,0.7498352438961838,0.8578489422701303,v1-backfill,11.0,,,,,,,
2024-09-21,401628491,4,2024,Washington,Northwestern,0.7758389146003353,0.7989428012666047,v1-backfill,19.0,,,,,,,
2024-09-21,401629031,4,2024,UConn,Florida Atlantic,0.5981946437427496,0.5925003494747157,v1-backfill,34.0,,,,,,,
2024-09-21,401635551,4,2024,Florida State,California,0.5732076837952957,0.5415829304409837,v1-backfill,5.0,,,,,,,
2024-09-21,401635555,4,2024,South Florida,Miami,0.1571040907817392,0.4205280268882167,v1-backfill,-35.0,,,,,,,
2024-09-21,401641008,4,2024,Louisiana Tech,Tulsa,0.5217826708159873,0.498672157571507,v1-backfill,-3.0,,,,,,,
2024-09-21,401641034,4,2024,Sam Houston,New Mexico State,0.6279372735611397,0.4956047943543312,v1-backfill,20.0,,,,,,,
2024-09-21,401641037,4,2024,Western Kentucky,Toledo,0.4034136351786938,0.4413038600315331,v1-backfill,5.0,,,,,,,
2024-09-21,401643716,4,2024,North Texas,Wyoming,0.6482910972407677,0.7038800800528708,v1-backfill,27.0,,,,,,,
2024-09-21,401628369,4,2024,Oklahoma,Tennessee,0.3420499098301516,0.5080248131230739,v1-backfill,-10.0,,,,,,,
2024-09-21,401628370,4,2024,South Carolina,Akron,0.966753773207032,0.9041610108305008,v1-backfill,43.0,,,,,,,
2024-09-21,401628372,4,2024,Texas A&M,Bowling Green,0.890986678862403,0.6925134782183092,v1-backfill,6.0,,,,,,,
2024-09-21,401628487,4,2024,Minnesota,Iowa,0.4756890967153622,0.4019094271469136,v1-backfill,-17.0,,,,,,,
2024-09-21,401628366,4,2024,Ole Miss,Georgia Southern,0.9728268017981668,0.8978756475090083,v1-backfill,39.0,,,,,,,
2024-09-22,401628371,4,2024,Texas,UL Monroe,0.9904940107326492,0.9604520694099136,v1-backfill,48.0,,,,,,,
2024-09-22,401628490,4,2024,Boston College,Michigan State,0.6686375871234461,0.5465996262342495,v1-backfill,4.0,,,,,,,
2024-09-22,401636874,4,2024,Colorado,Baylor,0.3599504540555159,0.4433449094579873,v1-backfill,7.0,,,,,,,
2024-09-22,401643711,4,2024,New Mexico,Fresno State,0.1459337343810079,0.1231684022044974,v1-backfill,-17.0,,,,,,,
2024-09-22,401643717,4,2024,Oregon State,Purdue,0.7246622354055449,0.751173132899658,v1-backfill,17.0,,,,,,,
2024-09-22,401636872,4,2024,BYU,Kansas State,0.256550202138959,0.2566134773139705,v1-backfill,29.0,,,,,,,
2024-09-26,401645331,5,2024,Temple,Army,0.1775931042837529,0.1917856706413595,v1-backfill,-28.0,,,,,,,
2024-09-27,401634767,5,2024,Miami,Virginia Tech,0.7897050491267162,0.6956158837943297,v1-backfill,4.0,,,,,,,
2024-09-28,401628501,5,2024,Rutgers,Washington,0.391517454468047,0.2592726631970955,v1-backfill,3.0,,,,,,,
2024-09-28,401628377,5,2024,Ole Miss,Kentucky,0.8463362904666311,0.8017059028829567,v1-backfill,-3.0,,,,,,,
2024-09-28,401628496,5,2024,Indiana,Maryland,0.6059412674796426,0.4505437845065818,v1-backfill,14.0,,,,,,,
2024-09-28,401628497,5,2024,Michigan,Minnesota,0.8634209084212656,0.9221133252857392,v1-backfill,3.0,,,,,,,
2024-09-28,401628499,5,2024,Purdue,Nebraska,0.4066697412610093,0.490902873895935,v1-backfill,-18.0,,,,,,,
2024-09-28,401629032,5,2024,UConn,Buffalo,0.6900314945730289,0.5659021274732443,v1-backfill,44.0,,,,,,,
2024-09-28,401635560,5,2024,Boston College,Western Kentucky,0.8086768090401226,0.5010505496285801,v1-backfill,1.0,,,,,,,
2024-09-28,401635564,5,2024,NC State,Northern Illinois,0.7937357730997187,0.6858489865728408,v1-backfill,7.0,,,,,,,
2024-09-28,401636880,5,2024,Baylor,BYU,0.396969907115319,0.2677196098877611,v1-backfill,-6.0,,,,,,,
2024-09-28,401636883,5,2024,Kansas State,Oklahoma State,0.6519116405905663,0.6672968060705291,v1-backfill,22.0,,,,,,,
2024-09-28,401645332,5,2024,UAB,Navy,0.3143035986882141,0.2768190100753649,v1-backfill,-23.0,,,,,,,
2024-09-28,401645337,5,2024,Tulane,South Florida,0.7693411816671424,0.7351293273931105,v1-backfill,35.0,,,,,,,
2024-09-28,401643793,5,2024,James Madison,Ball State,0.920304364420383,0.9179670678175678,v1-backfill,56.0,,,,,,,
2024-09-28,401641041,5,2024,Sam Houston,Texas State,0.3883837995030788,0.3538179427168511,v1-backfill,1.0,,,,,,,
2024-09-28,401628373,5,2024,Texas A&M,Arkansas,0.62500268738365,0.5906354547007256,v1-backfill,4.0,,,,,,,
2024-09-28,401628375,5,2024,Auburn,Oklahoma,0.3825852131105697,0.2615228222865685,v1-backfill,-6.0,,,,,,,
2024-09-28,401628502,5,2024,USC,Wisconsin,0.7273797360380977,0.6909749852014129,v1-backfill,17.0,,,,,,,
2024-09-28,401628980,5,2024,Notre Dame,Louisville,0.7331962753924925,0.7132295591412551,v1-backfill,7.0,,,,,,,
2024-09-28,401629043,5,2024,Miami (OH),Massachusetts,0.8891390657334624,0.86849150771826,v1-backfill,3.0,,,,,,,
2024-09-28,401635659,5,2024,Wake Forest,Louisiana,0.648219998118008,0.4643503312647997,v1-backfill,-3.0,,,,,,,
2024-09-28,401636882,5,2024,Kansas,TCU,0.5178012635505846,0.5157428240879135,v1-backfill,-11.0,,,,,,,
2024-09-28,401636885,5,2024,UCF,Colorado,0.8441749431635419,0.7542609901586702,v1-backfill,-27.0,,,,,,,
2024-09-28,401643720,5,2024,UNLV,Fresno State,0.5618065843515642,0.4881604739088098,v1-backfill,45.0,,,,,,,
2024-09-28,401643721,5,2024,Central Michigan,San Diego State,0.480663605742907,0.4723382571627845,v1-backfill,1.0,,,,,,,
2024-09-28,401643792,5,2024,Georgia State,Georgia Southern,0.5961975788554296,0.6460235516405299,v1-backfill,-17.0,,,,,,,
2024-09-28,401643794,5,2024,Marshall,Western Michigan,0.7062971149323842,0.644568415756818,v1-backfill,7.0,,,,,,,
2024-09-28,401644738,5,2024,Ohio,Akron,0.856243686595832,0.8437559192226304,v1-backfill,20.0,,,,,,,
2024-09-28,401644739,5,2024,Kent State,Eastern Michigan,0.1686598571319948,0.181208205441679,v1-backfill,-19.0,,,,,,,
2024-09-28,401635562,5,2024,Duke,North Carolina,0.6679611237374774,0.7322282833109217,v1-backfill,1.0,,,,,,,
2024-09-28,401645334,5,2024,East Carolina,UTSA,0.505996592498886,0.3555137974521987,v1-backfill,10.0,,,,,,,
2024-09-28,401628378,5,2024,Texas,Mississippi State,0.9637958237140736,0.9642319040445892,v1-backfill,22.0,,,,,,,
2024-09-28,401643795,5,2024,Bowling Green,Old Dominion,0.7346743891439097,0.7518666148184745,v1-backfill,-3.0,,,,,,,
2024-09-28,401640981,5,2024,Florida International,Louisiana Tech,0.4922107539713002,0.4555294289056837,v1-backfill,7.0,,,,,,,
2024-09-28,401635561,5,2024,Clemson,Stanford,0.9275235609795086,0.9104377678118274,v1-backfill,26.0,,,,,,,
2024-09-28,401636881,5,2024,Houston,Iowa State,0.1851956295844628,0.1967581661838759,v1-backfill,-20.0,,,,,,,
2024-09-28,401643796,5,2024,Troy,UL Monroe,0.8491881164608396,0.8033224569858002,v1-backfill,-4.0,,,,,,,
2024-09-28,401645333,5,2024,Rice,Charlotte,0.7461641659924573,0.674820258252708,v1-backfill,-1.0,,,,,,,
2024-09-28,401645336,5,2024,North Texas,Tulsa,0.743911941765251,0.7455173060131457,v1-backfill,32.0,,,,,,,
2024-09-28,401628374,5,2024,Alabama,Georgia,0.6058219097088935,0.4825038174744522,v1-backfill,7.0,,,,,,,
2024-09-28,401628495,5,2024,Penn State,Illinois,0.8208203488046063,0.7744523284103352,v1-backfill,14.0,,,,,,,
2024-09-28,401628498,5,2024,Michigan State,Ohio State,0.105717527822636,0.2064445000616624,v1-backfill,-31.0,,,,,,,
2024-09-28,401641025,5,2024,Memphis,Middle Tennessee,0.92015975088477,0.8973747731466561,v1-backfill,17.0,,,,,,,
2024-09-28,401628376,5,2024,LSU,South Alabama,0.7910446912120606,0.751285377225883,v1-backfill,32.0,,,,,,,
2024-09-29,401635563,5,2024,SMU,Florida State,0.7599059219725246,0.6311893158727002,v1-backfill,26.0,,,,,,,
2024-09-29,401636884,5,2024,Texas Tech,Cincinnati,0.6384546897545579,0.6725467659283002,v1-backfill,3.0,,,,,,,
2024-09-29,401641035,5,2024,New Mexico State,New Mexico,0.6802036014614526,0.7826222485949258,v1-backfill,-10.0,,,,,,,
2024-09-29,401643718,5,2024,Wyoming,Air Force,0.3665132827077927,0.3782337056590518,v1-backfill,12.0,,,,,,,
2024-09-29,401643719,5,2024,Boise State,Washington State,0.4139638068471997,0.5775869641869917,v1-backfill,21.0,,,,,,,
2024-09-29,401636886,5,2024,Utah,Arizona,0.6037536743756179,0.5423305423699325,v1-backfill,-13.0,,,,,,,
2024-09-29,401628500,5,2024,UCLA,Oregon,0.1283136187340602,0.1277561988796155,v1-backfill,-21.0,,,,,,,
2024-10-03,401643797,6,2024,Troy,Texas State,0.5300743210109075,0.5151814714781386,v1-backfill,-21.0,,,,,,,
2024-10-04,401641029,6,2024,UTEP,Sam Houston,0.2602707513424452,0.194006202359684,v1-backfill,-20.0,,,,,,,
2024-10-04,401641001,6,2024,Kennesaw State,Jacksonville State,0.2356637803359252,0.2937235915894087,v1-backfill,-39.0,,,,,,,
2024-10-04,401636891,6,2024,TCU,Houston,0.8567874993533374,0.8328037555731889,v1-backfill,-11.0,,,,,,,
2024-10-05,401628506,6,2024,Oregon,Michigan State,0.9280195831188108,0.9256100143521756,v1-backfill,21.0,,,,,,,
2024-10-05,401634779,6,2024,UNLV,Syracuse,0.6608856712557797,0.7516051230229487,v1-backfill,-3.0,,,,,,,
2024-10-05,401628383,6,2024,Texas A&M,Missouri,0.4620791133255601,0.3709357980958029,v1-backfill,31.0,,,,,,,
2024-10-05,401628509,6,2024,Wisconsin,Purdue,0.726617205615591,0.7302392114278567,v1-backfill,46.0,,,,,,,
2024-10-05,401628510,6,2024,Penn State,UCLA,0.9154064124663576,0.8854636891673966,v1-backfill,16.0,,,,,,,
2024-10-05,401629044,6,2024,Northern Illinois,Massachusetts,0.8895875062666165,0.8595790388841321,v1-backfill,14.0,,,,,,,
2024-10-05,401635567,6,2024,Virginia,Boston College,0.489025192420752,0.4409817043971344,v1-backfill,10.0,,,,,,,
2024-10-05,401635571,6,2024,Louisville,SMU,0.5501641100670435,0.4714977437609796,v1-backfill,-7.0,,,,,,,
2024-10-05,401635572,6,2024,North Carolina,Pittsburgh,0.4524401338504218,0.5587205029640505,v1-backfill,-10.0,,,,,,,
2024-10-05,401635638,6,2024,NC State,Wake Forest,0.7245925837481558,0.8097549224344632,v1-backfill,-4.0,,,,,,,
2024-10-05,401643722,6,2024,Air Force,Navy,0.3703375980643545,0.3161365698623379,v1-backfill,-27.0,,,,,,,
2024-10-05,401645339,6,2024,Tulsa,Army,0.1747790416332177,0.1984113070732844,v1-backfill,-42.0,,,,,,,
2024-10-05,401645338,6,2024,UAB,Tulane,0.1756078308168769,0.1570672186620436,v1-backfill,-51.0,,,,,,,
2024-10-05,401644741,6,2024,Ball State,Western Michigan,0.4959547414987475,0.5517220141366329,v1-backfill,-3.0,,,,,,,
2024-10-05,401628381,6,2024,Georgia,Auburn,0.9040928679107598,0.9465368445658816,v1-backfill,18.0,,,,,,,
2024-10-05,401628382,6,2024,South Carolina,Ole Miss,0.3360762648654173,0.3670104991766451,v1-backfill,-24.0,,,,,,,
2024-10-05,401628503,6,2024,Northwestern,Indiana,0.2867272939125941,0.4176352880964623,v1-backfill,-17.0,,,,,,,
2024-10-05,401628504,6,2024,Ohio State,Iowa,0.8314885983589758,0.7148367713492075,v1-backfill,28.0,,,,,,,
2024-10-05,401629033,6,2024,UConn,Temple,0.8914308522222024,0.8206853102250239,v1-backfill,9.0,,,,,,,
2024-10-05,401635573,6,2024,Stanford,Virginia Tech,0.2871926902859108,0.3262907512144707,v1-backfill,-24.0,,,,,,,
2024-10-05,401643799,6,2024,Marshall,App State,0.5718012726921271,0.5155549811257075,v1-backfill,15.0,,,,,,,
2024-10-05,401644684,6,2024,Toledo,Miami (OH),0.7481713031147994,0.7194770657452231,v1-backfill,10.0,,,,,,,
2024-10-05,401644740,6,2024,Akron,Bowling Green,0.1861304698853262,0.2646262833935612,v1-backfill,-7.0,,,,,,,
2024-10-05,401645340,6,2024,Charlotte,East Carolina,0.2503792004214628,0.2568046528394489,v1-backfill,31.0,,,,,,,
2024-10-05,401628508,6,2024,Nebraska,Rutgers,0.5757569829267535,0.5020088693859187,v1-backfill,7.0,,,,,,,
2024-10-05,401636890,6,2024,Oklahoma State,West Virginia,0.5720129204308879,0.5891322007051782,v1-backfill,-24.0,,,,,,,
2024-10-05,401628384,6,2024,Vanderbilt,Alabama,0.0727520277014208,0.0625592979864384,v1-backfill,5.0,,,,,,,
2024-10-05,401643724,6,2024,Oregon State,Colorado State,0.9409172315174178,0.8742355208945725,v1-backfill,8.0,,,,,,,
2024-10-05,401635569,6,2024,Florida State,Clemson,0.2330704820240545,0.2975307784723314,v1-backfill,-16.0,,,,,,,
2024-10-05,401643723,6,2024,Boise State,Utah State,0.9336799813374071,0.914006599963744,v1-backfill,32.0,,,,,,,
2024-10-05,401643798,6,2024,Coastal Carolina,Old Dominion,0.7115069378900333,0.7943637455810425,v1-backfill,8.0,,,,,,,
2024-10-05,401643800,6,2024,Arkansas State,South Alabama,0.2690125461959758,0.4146758130057745,v1-backfill,2.0,,,,,,,
2024-10-05,401643801,6,2024,UL Monroe,James Madison,0.1023499106894711,0.1658111632003875,v1-backfill,2.0,,,,,,,
2024-10-05,401643802,6,2024,Southern Miss,Louisiana,0.2137870302919059,0.2543470124052859,v1-backfill,-10.0,,,,,,,
2024-10-05,401628379,6,2024,Arkansas,Tennessee,0.1761816553204748,0.2114730932850618,v1-backfill,5.0,,,,,,,
2024-10-05,401628505,6,2024,Washington,Michigan,0.4072313063902046,0.3757093841647215,v1-backfill,10.0,,,,,,,
2024-10-05,401628507,6,2024,Minnesota,USC,0.3932862835631139,0.3062414430362756,v1-backfill,7.0,,,,,,,
2024-10-05,401636889,6,2024,Iowa State,Baylor,0.8001007113540701,0.8436583585191363,v1-backfill,22.0,,,,,,,
2024-10-05,401643726,6,2024,San José State,Nevada,0.8728880721098472,0.8939639729748202,v1-backfill,4.0,,,,,,,
2024-10-05,401628380,6,2024,Florida,UCF,0.5785555892739488,0.5523530312430155,v1-backfill,11.0,,,,,,,
2024-10-06,401635570,6,2024,Georgia Tech,Duke,0.5545770963691894,0.3930324151815036,v1-backfill,10.0,,,,,,,
2024-10-06,401636888,6,2024,Arizona State,Kansas,0.510566746502883,0.6082661025686745,v1-backfill,4.0,,,,,,,
2024-10-06,401643725,6,2024,San Diego State,Hawai'i,0.6399898933799671,0.5455886244119462,v1-backfill,3.0,,,,,,,
2024-10-06,401635568,6,2024,California,Miami,0.2855605436524809,0.3896107323104345,v1-backfill,-1.0,,,,,,,
2024-10-06,401636887,6,2024,Arizona,Texas Tech,0.6568576399853902,0.6867467360453036,v1-backfill,-6.0,,,,,,,
2024-10-08,401640982,7,2024,Liberty,Florida International,0.9065053242242408,0.9420043067851408,v1-backfill,7.0,,,,,,,
2024-10-09,401641002,7,2024,Jacksonville State,New Mexico State,0.8178400238519661,0.741176182122131,v1-backfill,41.0,,,,,,,
2024-10-10,401643803,7,2024,James Madison,Coastal Carolina,0.7933360731449757,0.7362192622806444,v1-backfill,32.0,,,,,,,
2024-10-11,401641009,7,2024,Louisiana Tech,Middle Tennessee,0.5442616450358007,0.4256780354829383,v1-backfill,27.0,,,,,,,
2024-10-11,401641030,7,2024,Western Kentucky,UTEP,0.8783606963442119,0.9310830628690584,v1-backfill,27.0,,,,,,,
2024-10-12,401628513,7,2024,Maryland,Northwestern,0.7261309628702948,0.6633080765478774,v1-backfill,-27.0,,,,,,,
2024-10-12,401643733,7,2024,Utah State,UNLV,0.127053873996816,0.1744448101132889,v1-backfill,-16.0,,,,,,,
2024-10-12,401636892,7,2024,Arizona State,Utah,0.4452353513552493,0.472866465203145,v1-backfill,8.0,,,,,,,
2024-10-12,401628385,7,2024,Alabama,South Carolina,0.8763696075321452,0.8755825091062663,v1-backfill,2.0,,,,,,,
2024-10-12,401628389,7,2024,Massachusetts,Missouri,0.0393984829135837,0.0596900782658823,v1-backfill,-42.0,,,,,,,
2024-10-12,401628512,7,2024,Iowa,Washington,0.4904574842312377,0.3600204844362591,v1-backfill,24.0,,,,,,,
2024-10-12,401628517,7,2024,Rutgers,Wisconsin,0.5200055520567771,0.5621302955739698,v1-backfill,-35.0,,,,,,,
2024-10-12,401635576,7,2024,Wake Forest,Clemson,0.1663369214679905,0.1392073838298179,v1-backfill,-35.0,,,,,,,
2024-10-12,401635577,7,2024,North Carolina,Georgia Tech,0.4432947641589657,0.385728697072476,v1-backfill,-7.0,,,,,,,
2024-10-12,401644743,7,2024,Kent State,Ball State,0.3246175014831355,0.3210012093453884,v1-backfill,-2.0,,,,,,,
2024-10-12,401644745,7,2024,Buffalo,Toledo,0.2285623875529561,0.2201543955656849,v1-backfill,15.0,,,,,,,
2024-10-12,401645342,7,2024,Army,UAB,0.91933898609588,0.9096541300796952,v1-backfill,34.0,,,,,,,
2024-10-12,401644685,7,2024,Eastern Michigan,Miami (OH),0.5906553320900724,0.591365853796774,v1-backfill,-24.0,,,,,,,
2024-10-12,401628390,7,2024,Oklahoma,Texas,0.2100306063819027,0.2426422915882524,v1-backfill,-31.0,,,,,,,
2024-10-12,401628511,7,2024,Illinois,Purdue,0.8556291422632356,0.8158755842157033,v1-backfill,1.0,,,,,,,
2024-10-12,401628516,7,2024,USC,Penn State,0.3492454350240387,0.3374761915029092,v1-backfill,-3.0,,,,,,,
2024-10-12,401628981,7,2024,Notre Dame,Stanford,0.9659064159423132,0.9453586737388032,v1-backfill,42.0,,,,,,,
2024-10-12,401635575,7,2024,Pittsburgh,California,0.6867164397032505,0.6052091569751991,v1-backfill,2.0,,,,,,,
2024-10-12,401635578,7,2024,Virginia,Louisville,0.306929560838723,0.4359301879094914,v1-backfill,-4.0,,,,,,,
2024-10-12,401636895,7,2024,UCF,Cincinnati,0.5508245941014931,0.4676641221577899,v1-backfill,-6.0,,,,,,,
2024-10-12,401643729,7,2024,Colorado State,San José State,0.2393848484836991,0.1966811526577002,v1-backfill,7.0,,,,,,,
2024-10-12,401643732,7,2024,Wyoming,San Diego State,0.5426905117302449,0.5421633202811748,v1-backfill,-3.0,,,,,,,
2024-10-12,401643805,7,2024,Georgia State,Old Dominion,0.5274133823027505,0.6504908731404998,v1-backfill,-7.0,,,,,,,
2024-10-12,401644742,7,2024,Western Michigan,Akron,0.7931517318112825,0.7842580563869965,v1-backfill,10.0,,,,,,,
2024-10-12,401644744,7,2024,Bowling Green,Northern Illinois,0.5583623945548929,0.54681903431475,v1-backfill,-10.0,,,,,,,
2024-10-12,401645341,7,2024,South Florida,Memphis,0.2405365213758569,0.2131769981155052,v1-backfill,-18.0,,,,,,,
2024-10-12,401636893,7,2024,BYU,Arizona,0.6081495955864707,0.5585912519622789,v1-backfill,22.0,,,,,,,
2024-10-12,401644746,7,2024,Central Michigan,Ohio,0.428576024188341,0.32809967129801,v1-backfill,-2.0,,,,,,,
2024-10-12,401628386,7,2024,Georgia,Mississippi State,0.9467490495996695,0.9657712588243136,v1-backfill,10.0,,,,,,,
2024-10-12,401643807,7,2024,UL Monroe,Southern Miss,0.7427034861450584,0.7907298652447342,v1-backfill,17.0,,,,,,,
2024-10-12,401628391,7,2024,Tennessee,Florida,0.8508590491696485,0.8191208902432529,v1-backfill,6.0,,,,,,,
2024-10-12,401643727,7,2024,New Mexico,Air Force,0.481930435833897,0.4700915014514524,v1-backfill,15.0,,,,,,,
2024-10-12,401643730,7,2024,Fresno State,Washington State,0.3195300255754421,0.5540867666606573,v1-backfill,-8.0,,,,,,,
2024-10-12,401643808,7,2024,Texas State,Arkansas State,0.7853911453043769,0.7619320161975622,v1-backfill,32.0,,,,,,,
2024-10-12,401645343,7,2024,Florida Atlantic,North Texas,0.3798311597335746,0.3224287876790434,v1-backfill,-4.0,,,,,,,
2024-10-12,401645344,7,2024,Rice,UTSA,0.3844092964530539,0.2670875800135598,v1-backfill,2.0,,,,,,,
2024-10-12,401628388,7,2024,LSU,Ole Miss,0.4811528770263484,0.5111538626747704,v1-backfill,3.0,,,,,,,
2024-10-12,401628515,7,2024,Oregon,Ohio State,0.4538962693408492,0.617944857619598,v1-backfill,1.0,,,,,,,
2024-10-12,401643731,7,2024,Nevada,Oregon State,0.1303209418304657,0.1419397167741265,v1-backfill,5.0,,,,,,,
2024-10-12,401643806,7,2024,Louisiana,App State,0.7008424097515106,0.6758162185948651,v1-backfill,10.0,,,,,,,
2024-10-12,401628387,7,2024,Kentucky,Vanderbilt,0.7700285355007223,0.7846215069588612,v1-backfill,-7.0,,,,,,,
2024-10-13,401635574,7,2024,NC State,Syracuse,0.5557591910351688,0.5804090705299773,v1-backfill,-7.0,,,,,,,
2024-10-13,401636896,7,2024,West Virginia,Iowa State,0.4893938719832449,0.5196572867436264,v1-backfill,-12.0,,,,,,,
2024-10-13,401643804,7,2024,Georgia Southern,Marshall,0.4995381287248742,0.5363698933081457,v1-backfill,1.0,,,,,,,
2024-10-13,401628514,7,2024,UCLA,Minnesota,0.4033085756072367,0.4445182674097896,v1-backfill,-4.0,,,,,,,
2024-10-13,401636894,7,2024,Colorado,Kansas State,0.2718388389685849,0.2626620359555462,v1-backfill,-3.0,,,,,,,
2024-10-13,401643728,7,2024,Hawai'i,Boise State,0.1384778958295535,0.163648614110763,v1-backfill,-21.0,,,,,,,
2024-10-15,401643809,8,2024,South Alabama,Troy,0.7386912941755904,0.6397322907179583,v1-backfill,16.0,,,,,,,
2024-10-16,401641019,8,2024,Middle Tennessee,Kennesaw State,0.6522357893975101,0.6214873238685454,v1-backfill,9.0,,,,,,,
2024-10-16,401641010,8,2024,New Mexico State,Louisiana Tech,0.5162219179990729,0.5885769412042664,v1-backfill,3.0,,,,,,,
2024-10-16,401641038,8,2024,Sam Houston,Western Kentucky,0.5368753327832859,0.4461016275145394,v1-backfill,-17.0,,,,,,,
2024-10-17,401640983,8,2024,UTEP,Florida International,0.4650171597135699,0.4218067651488111,v1-backfill,9.0,,,,,,,
2024-10-17,401643810,8,2024,Marshall,Georgia State,0.755637191089598,0.7394587872674516,v1-backfill,15.0,,,,,,,
2024-10-17,401634768,8,2024,Virginia Tech,Boston College,0.7217778970385214,0.6837567047350681,v1-backfill,21.0,,,,,,,
2024-10-18,401634769,8,2024,Duke,Florida State,0.6695501731773479,0.6775681964313472,v1-backfill,7.0,,,,,,,
2024-10-19,401628523,8,2024,Purdue,Oregon,0.0835171599919392,0.0541908010410091,v1-backfill,-35.0,,,,,,,
2024-10-19,401636898,8,2024,BYU,Oklahoma State,0.7589978427010604,0.8041991503715674,v1-backfill,3.0,,,,,,,
2024-10-19,401643735,8,2024,Nevada,Fresno State,0.4228302527116336,0.3284182106598957,v1-backfill,-3.0,,,,,,,
2024-10-19,401628395,8,2024,Missouri,Auburn,0.7617537164283672,0.8682649453945542,v1-backfill,4.0,,,,,,,
2024-10-19,401628519,8,2024,Indiana,Nebraska,0.7090916121258798,0.6502594816375831,v1-backfill,49.0,,,,,,,
2024-10-19,401628522,8,2024,Northwestern,Wisconsin,0.3572031009454089,0.4318617715840306,v1-backfill,-20.0,,,,,,,
2024-10-19,401628524,8,2024,Rutgers,UCLA,0.6299157987050726,0.6277376082757024,v1-backfill,-3.0,,,,,,,
2024-10-19,401629034,8,2024,UConn,Wake Forest,0.5594441063656016,0.6772872657206491,v1-backfill,-3.0,,,,,,,
2024-10-19,401635588,8,2024,Clemson,Virginia,0.8971227506020825,0.8896709992851869,v1-backfill,17.0,,,,,,,
2024-10-19,401635589,8,2024,Louisville,Miami,0.487857515578627,0.4660358174720072,v1-backfill,-7.0,,,,,,,
2024-10-19,401636899,8,2024,Cincinnati,Arizona State,0.5886334383358226,0.526602424594896,v1-backfill,10.0,,,,,,,
2024-10-19,401643811,8,2024,Coastal Carolina,Louisiana,0.5047272292919345,0.5392362512961231,v1-backfill,-10.0,,,,,,,
2024-10-19,401645346,8,2024,Army,East Carolina,0.8637767905853833,0.8547355388720987,v1-backfill,17.0,,,,,,,
2024-10-19,401628396,8,2024,Oklahoma,South Carolina,0.6425315240637312,0.7028729861731787,v1-backfill,-26.0,,,,,,,
2024-10-19,401644750,8,2024,Eastern Michigan,Central Michigan,0.6420217306786508,0.6869529732632077,v1-backfill,4.0,,,,,,,
2024-10-19,401645351,8,2024,Temple,Tulsa,0.5879609368767594,0.5074861441723697,v1-backfill,10.0,,,,,,,
2024-10-19,401628397,8,2024,Tennessee,Alabama,0.5153403408338942,0.4328012848577909,v1-backfill,7.0,,,,,,,
2024-10-19,401628518,8,2024,Illinois,Michigan,0.342045126672741,0.2271107141881576,v1-backfill,14.0,,,,,,,
2024-10-19,401628982,8,2024,Georgia Tech,Notre Dame,0.2050458496634417,0.274320755657027,v1-backfill,-18.0,,,,,,,
2024-10-19,401635587,8,2024,California,NC State,0.6552556986444676,0.6208308014188246,v1-backfill,-1.0,,,,,,,
2024-10-19,401636901,8,2024,Kansas,Houston,0.6917119028039952,0.576039611251092,v1-backfill,28.0,,,,,,,
2024-10-19,401643736,8,2024,Washington State,Hawai'i,0.9403870759262076,0.862009034211904,v1-backfill,32.0,,,,,,,
2024-10-19,401643813,8,2024,Old Dominion,Texas State,0.3258106605105967,0.243100387773333,v1-backfill,10.0,,,,,,,
2024-10-19,401644686,8,2024,Miami (OH),Ohio,0.6385361449342758,0.5935504060542561,v1-backfill,10.0,,,,,,,
2024-10-19,401644748,8,2024,Bowling Green,Kent State,0.8934237276265685,0.8705999889715478,v1-backfill,21.0,,,,,,,
2024-10-19,401644749,8,2024,Buffalo,Western Michigan,0.6140424204658694,0.6193987936669132,v1-backfill,-7.0,,,,,,,
2024-10-19,401644751,8,2024,Northern Illinois,Toledo,0.5368012803927492,0.5178740491616436,v1-backfill,-7.0,,,,,,,
2024-10-19,401645345,8,2024,South Florida,UAB,0.7332139726292287,0.7499922063713237,v1-backfill,10.0,,,,,,,
2024-10-19,401645347,8,2024,Navy,Charlotte,0.8754375339280878,0.8657554201836442,v1-backfill,34.0,,,,,,,
2024-10-19,401645348,8,2024,UTSA,Florida Atlantic,0.6909012428138044,0.7506249290186202,v1-backfill,14.0,,,,,,,
2024-10-19,401645350,8,2024,Tulane,Rice,0.923519779941311,0.9014795062208864,v1-backfill,14.0,,,,,,,
2024-10-19,401628521,8,2024,Maryland,USC,0.4017256288667324,0.398603973891353,v1-backfill,1.0,,,,,,,
2024-10-19,401636897,8,2024,Arizona,Colorado,0.6655304172489342,0.7121470573485839,v1-backfill,-27.0,,,,,,,
2024-10-19,401636902,8,2024,Texas Tech,Baylor,0.7599372375838767,0.8684019387283842,v1-backfill,-24.0,,,,,,,
2024-10-19,401643737,8,2024,Utah State,New Mexico,0.4569879649688261,0.4779885504931521,v1-backfill,-5.0,,,,,,,
2024-10-19,401643738,8,2024,San José State,Wyoming,0.798300314276211,0.8277606314177651,v1-backfill,10.0,,,,,,,
2024-10-19,401643812,8,2024,Georgia Southern,James Madison,0.2036505001868146,0.2519452395178686,v1-backfill,14.0,,,,,,,
2024-10-19,401628394,8,2024,Mississippi State,Texas A&M,0.2189532152050561,0.1344585342533593,v1-backfill,-10.0,,,,,,,
2024-10-19,401628392,8,2024,Arkansas,LSU,0.3548345005507464,0.2955187432352735,v1-backfill,-24.0,,,,,,,
2024-10-19,401628399,8,2024,Vanderbilt,Ball State,0.9272032955549044,0.7814998627447423,v1-backfill,10.0,,,,,,,
2024-10-19,401643814,8,2024,Southern Miss,Arkansas State,0.4070578680501409,0.2983384525638067,v1-backfill,-16.0,,,,,,,
2024-10-19,401628398,8,2024,Texas,Georgia,0.6978215450615004,0.6004580113704994,v1-backfill,-15.0,,,,,,,
2024-10-19,401628520,8,2024,Michigan State,Iowa,0.2436517491690705,0.2261569217111948,v1-backfill,12.0,,,,,,,
2024-10-19,401636900,8,2024,Iowa State,UCF,0.8344010695265457,0.8862244912233075,v1-backfill,3.0,,,,,,,
2024-10-19,401636904,8,2024,West Virginia,Kansas State,0.4256200826138879,0.3388028268050296,v1-backfill,-27.0,,,,,,,
2024-10-19,401645349,8,2024,Memphis,North Texas,0.7194604283547282,0.7418268451665364,v1-backfill,8.0,,,,,,,
2024-10-19,401628393,8,2024,Florida,Kentucky,0.5451758187677538,0.5078321981461174,v1-backfill,28.0,,,,,,,
2024-10-20,401635590,8,2024,Stanford,SMU,0.0989278204414832,0.1139186470531271,v1-backfill,-30.0,,,,,,,
2024-10-20,401643734,8,2024,Air Force,Colorado State,0.5403718517228077,0.4266361337380355,v1-backfill,-8.0,,,,,,,
2024-10-20,401643739,8,2024,Oregon State,UNLV,0.6623077538034973,0.5218175775586559,v1-backfill,-8.0,,,,,,,
2024-10-20,401636903,8,2024,Utah,TCU,0.6237706845237755,0.6483364853525319,v1-backfill,-6.0,,,,,,,
2024-10-22,401640984,9,2024,Florida International,Sam Houston,0.254461049449504,0.2000394508922348,v1-backfill,-3.0,,,,,,,
2024-10-23,401641011,9,2024,Louisiana Tech,UTEP,0.6802666286953184,0.6327190692700541,v1-backfill,4.0,,,,,,,
2024-10-23,401640993,9,2024,Kennesaw State,Liberty,0.0941234112085513,0.0537576951211173,v1-backfill,3.0,,,,,,,
2024-10-23,401641003,9,2024,Jacksonville State,Middle Tennessee,0.916359429160582,0.8328010980946853,v1-backfill,22.0,,,,,,,
2024-10-24,401643815,9,2024,Old Dominion,Georgia Southern,0.5231343875623226,0.4059235670796749,v1-backfill,28.0,,,,,,,
2024-10-24,401634770,9,2024,Pittsburgh,Syracuse,0.678438634466997,0.5959508205746399,v1-backfill,28.0,,,,,,,
2024-10-25,401634771,9,2024,Boston College,Louisville,0.3124767733477948,0.3838567713550771,v1-backfill,-4.0,,,,,,,
2024-10-26,401643740,9,2024,UNLV,Boise State,0.5140503752460729,0.5252142503097986,v1-backfill,-5.0,,,,,,,
2024-10-26,401628532,9,2024,USC,Rutgers,0.7616822771953644,0.7554474185343795,v1-backfill,22.0,,,,,,,
2024-10-26,401628402,9,2024,Ole Miss,Oklahoma,0.8417274923883616,0.7877628169182698,v1-backfill,12.0,,,,,,,
2024-10-26,401628526,9,2024,Indiana,Washington,0.7269173532111618,0.5236470291318522,v1-backfill,14.0,,,,,,,
2024-10-26,401628530,9,2024,Ohio State,Nebraska,0.9309424308929072,0.8762398533307998,v1-backfill,4.0,,,,,,,
2024-10-26,401628983,9,2024,Navy,Notre Dame,0.1256848526357786,0.2241882806181757,v1-backfill,-37.0,,,,,,,
2024-10-26,401635597,9,2024,Virginia Tech,Georgia Tech,0.6530337135948296,0.5945512487857714,v1-backfill,15.0,,,,,,,
2024-10-26,401635598,9,2024,Virginia,North Carolina,0.5704002307561974,0.6027967829831048,v1-backfill,-27.0,,,,,,,
2024-10-26,401644755,9,2024,Ohio,Buffalo,0.671015736322984,0.6807772643201557,v1-backfill,31.0,,,,,,,
2024-10-26,401645353,9,2024,Memphis,Charlotte,0.900550302265371,0.9245603753678612,v1-backfill,5.0,,,,,,,
2024-10-26,401645354,9,2024,North Texas,Tulane,0.3079345104732238,0.366899573207217,v1-backfill,-8.0,,,,,,,
2024-10-26,401628403,9,2024,Mississippi State,Arkansas,0.4380753295401911,0.2868777193257362,v1-backfill,-33.0,,,,,,,
2024-10-26,401643816,9,2024,App State,Georgia State,0.6970045882920695,0.6717065220846284,v1-backfill,7.0,,,,,,,
2024-10-26,401644687,9,2024,Miami (OH),Central Michigan,0.7963775404626998,0.8603160712708241,v1-backfill,39.0,,,,,,,
2024-10-26,401645352,9,2024,East Carolina,Temple,0.7612500244948778,0.6555805642929412,v1-backfill,22.0,,,,,,,
2024-10-26,401628400,9,2024,Alabama,Missouri,0.7493114647646061,0.6996089811415164,v1-backfill,34.0,,,,,,,
2024-10-26,401628525,9,2024,Oregon,Illinois,0.8324186455924897,0.8483051386786199,v1-backfill,29.0,,,,,,,
2024-10-26,401628527,9,2024,Iowa,Northwestern,0.7690516618046477,0.7306109203794419,v1-backfill,26.0,,,,,,,
2024-10-26,401628528,9,2024,Minnesota,Maryland,0.66170332213101,0.6442195305019396,v1-backfill,25.0,,,,,,,
2024-10-26,401629035,9,2024,UConn,Rice,0.7791623914681612,0.767676663964708,v1-backfill,7.0,,,,,,,
2024-10-26,401635599,9,2024,Stanford,Wake Forest,0.4000444368589952,0.3947265905560035,v1-backfill,-3.0,,,,,,,
2024-10-26,401636906,9,2024,Baylor,Oklahoma State,0.5924212656347648,0.5344300382001317,v1-backfill,10.0,,,,,,,
2024-10-26,401636910,9,2024,TCU,Texas Tech,0.581093898189766,0.5011513210519102,v1-backfill,1.0,,,,,,,
2024-10-26,401636911,9,2024,UCF,BYU,0.3471435853823438,0.1703062537554382,v1-backfill,-13.0,,,,,,,
2024-10-26,401643817,9,2024,James Madison,Southern Miss,0.9483475661755232,0.9496163810228916,v1-backfill,17.0,,,,,,,
2024-10-26,401644752,9,2024,Akron,Eastern Michigan,0.279758264020772,0.2399447055199255,v1-backfill,4.0,,,,,,,
2024-10-26,401644753,9,2024,Ball State,Northern Illinois,0.3173335691230183,0.3202339347799907,v1-backfill,2.0,,,,,,,
2024-10-26,401644754,9,2024,Toledo,Bowling Green,0.718741706587663,0.7760702445589878,v1-backfill,-15.0,,,,,,,
2024-10-26,401644756,9,2024,Western Michigan,Kent State,0.8854566103318707,0.8986403183054517,v1-backfill,31.0,,,,,,,
2024-10-26,401645355,9,2024,Tulsa,UTSA,0.2311908765641476,0.2323392038433401,v1-backfill,1.0,,,,,,,
2024-10-26,401635594,9,2024,California,Oregon State,0.5667993521109422,0.5267449825414,v1-backfill,37.0,,,,,,,
2024-10-26,401628405,9,2024,Vanderbilt,Texas,0.1325025378501152,0.1577820049580626,v1-backfill,-3.0,,,,,,,
2024-10-26,401643741,9,2024,Colorado State,New Mexico,0.6131140079276685,0.6416411759453039,v1-backfill,11.0,,,,,,,
2024-10-26,401643819,9,2024,South Alabama,UL Monroe,0.7994616102594492,0.6861112722968706,v1-backfill,29.0,,,,,,,
2024-10-26,401635596,9,2024,Miami,Florida State,0.8626603446333763,0.8227384693698163,v1-backfill,22.0,,,,,,,
2024-10-26,401636905,9,2024,Arizona,West Virginia,0.49182287845676,0.5334406550250692,v1-backfill,-5.0,,,,,,,
2024-10-26,401636908,9,2024,Houston,Utah,0.3370853790638214,0.3411207218718649,v1-backfill,3.0,,,,,,,
2024-10-26,401643745,9,2024,Wyoming,Utah State,0.6954820763863699,0.6738339840290831,v1-backfill,-2.0,,,,,,,
2024-10-26,401643818,9,2024,Arkansas State,Troy,0.5270501326043638,0.6122706627378832,v1-backfill,3.0,,,,,,,
2024-10-26,401628404,9,2024,Texas A&M,LSU,0.5049827574890036,0.4554838963943772,v1-backfill,15.0,,,,,,,
2024-10-26,401628529,9,2024,Michigan,Michigan State,0.8092012213629873,0.8191744204943706,v1-backfill,7.0,,,,,,,
2024-10-26,401628531,9,2024,Wisconsin,Penn State,0.4018939581945979,0.386330625896835,v1-backfill,-15.0,,,,,,,
2024-10-26,401628401,9,2024,Kentucky,Auburn,0.6025351936489072,0.6797372291598833,v1-backfill,-14.0,,,,,,,
2024-10-27,401635595,9,2024,Duke,SMU,0.3497370953107807,0.4097779528779904,v1-backfill,-1.0,,,,,,,
2024-10-27,401636909,9,2024,Kansas State,Kansas,0.7953584430147698,0.872368770843483,v1-backfill,2.0,,,,,,,
2024-10-27,401643742,9,2024,Fresno State,San José State,0.5195000725472434,0.4796001053942352,v1-backfill,23.0,,,,,,,
2024-10-27,401636907,9,2024,Colorado,Cincinnati,0.5840486624473261,0.5653707123121768,v1-backfill,11.0,,,,,,,
2024-10-27,401643744,9,2024,San Diego State,Washington State,0.1709868836149691,0.2787686422247,v1-backfill,-3.0,,,,,,,
2024-10-27,401643743,9,2024,Hawai'i,Nevada,0.4530470605715765,0.5576680499397398,v1-backfill,21.0,,,,,,,
2024-10-29,401640985,10,2024,Florida International,New Mexico State,0.4455567375902277,0.3387331945681443,v1-backfill,21.0,,,,,,,
2024-10-29,401643820,10,2024,Texas State,Louisiana,0.5822686517727175,0.5293083510859264,v1-backfill,-6.0,,,,,,,
2024-10-30,401641012,10,2024,Sam Houston,Louisiana Tech,0.7477338471253445,0.7867879314141114,v1-backfill,6.0,,,,,,,
2024-10-30,401640994,10,2024,Liberty,Jacksonville State,0.5278273922401779,0.7492509002741408,v1-backfill,-10.0,,,,,,,
2024-10-30,401641020,10,2024,Western Kentucky,Kennesaw State,0.9152053511610356,0.937614964761689,v1-backfill,17.0,,,,,,,
2024-10-31,401645356,10,2024,Charlotte,Tulane,0.1346412700894872,0.1241750280807777,v1-backfill,-31.0,,,,,,,
2024-11-01,401629036,10,2024,UConn,Georgia State,0.7992227498766538,0.7779386272755652,v1-backfill,7.0,,,,,,,
2024-11-01,401645357,10,2024,Florida Atlantic,South Florida,0.5361330205794057,0.3879035530356527,v1-backfill,-23.0,,,,,,,
2024-11-02,401643747,10,2024,Boise State,San Diego State,0.8763943215685205,0.8970759079302786,v1-backfill,32.0,,,,,,,
2024-11-02,401628406,10,2024,Arkansas,Ole Miss,0.3247632667549494,0.2911036723700266,v1-backfill,-32.0,,,,,,,
2024-11-02,401628533,10,2024,Illinois,Minnesota,0.5261503368791626,0.583981075370867,v1-backfill,-8.0,,,,,,,
2024-11-02,401628538,10,2024,Purdue,Northwestern,0.4061681524929124,0.3390056971278368,v1-backfill,-6.0,,,,,,,
2024-11-02,401628539,10,2024,Penn State,Ohio State,0.5021911567467517,0.5731375434301829,v1-backfill,-7.0,,,,,,,
2024-11-02,401635516,10,2024,NC State,Stanford,0.8181849080450483,0.8104478504932815,v1-backfill,31.0,,,,,,,
2024-11-02,401635601,10,2024,Miami,Duke,0.7927952891693252,0.71880873573286,v1-backfill,22.0,,,,,,,
2024-11-02,401635604,10,2024,Syracuse,Virginia Tech,0.3661455083034308,0.3642666686311591,v1-backfill,7.0,,,,,,,
2024-11-02,401643746,10,2024,Army,Air Force,0.9208172812435196,0.9252565589512518,v1-backfill,17.0,,,,,,,
2024-11-02,401644757,10,2024,Akron,Buffalo,0.4151172685015046,0.3871143892427273,v1-backfill,-11.0,,,,,,,
2024-11-02,401644758,10,2024,Eastern Michigan,Toledo,0.411229299640453,0.3744045670320575,v1-backfill,-1.0,,,,,,,
2024-11-02,401645359,10,2024,UTSA,Memphis,0.3830804189426059,0.2661363320165753,v1-backfill,8.0,,,,,,,
2024-11-02,401628407,10,2024,Auburn,Vanderbilt,0.6402139502088822,0.5265235070129963,v1-backfill,-10.0,,,,,,,
2024-11-02,401643821,10,2024,App State,Old Dominion,0.4523872425208547,0.4314121601481982,v1-backfill,8.0,,,,,,,
2024-11-02,401645358,10,2024,UAB,Tulsa,0.5855734130429303,0.5296116123356133,v1-backfill,38.0,,,,,,,
2024-11-02,401628408,10,2024,Georgia,Florida,0.8260212880941378,0.891804369561811,v1-backfill,14.0,,,,,,,
2024-11-02,401628534,10,2024,Michigan State,Indiana,0.2302927201680901,0.2651329181225985,v1-backfill,-37.0,,,,,,,
2024-11-02,401628536,10,2024,Michigan,Oregon,0.3405135331129648,0.36227075143401,v1-backfill,-21.0,,,,,,,
2024-11-02,401628537,10,2024,Nebraska,UCLA,0.6598451695381411,0.654796308362555,v1-backfill,-7.0,,,,,,,
2024-11-02,401635602,10,2024,Florida State,North Carolina,0.4864083180516142,0.517499963810454,v1-backfill,-24.0,,,,,,,
2024-11-02,401636913,10,2024,Houston,Kansas State,0.1605630795437978,0.1032958525306732,v1-backfill,5.0,,,,,,,
2024-11-02,401636914,10,2024,Iowa State,Texas Tech,0.7977520979626149,0.765709321612445,v1-backfill,-1.0,,,,,,,
2024-11-02,401636915,10,2024,Oklahoma State,Arizona State,0.5710450373364253,0.4712474465798483,v1-backfill,-21.0,,,,,,,
2024-11-02,401636916,10,2024,UCF,Arizona,0.5969715353157694,0.4174649559131325,v1-backfill,44.0,,,,,,,
2024-11-02,401641026,10,2024,UTEP,Middle Tennessee,0.5844637541621427,0.4709758840321538,v1-backfill,-7.0,,,,,,,
2024-11-02,401643822,10,2024,Marshall,UL Monroe,0.7537680685840896,0.7010701924461478,v1-backfill,5.0,,,,,,,
2024-11-02,401643750,10,2024,New Mexico,Wyoming,0.5809939581217911,0.6155203851734548,v1-backfill,-4.0,,,,,,,
2024-11-02,401643824,10,2024,Troy,Coastal Carolina,0.5317863292056524,0.4378570482459825,v1-backfill,14.0,,,,,,,
2024-11-02,401645360,10,2024,Rice,Navy,0.2272427136714438,0.1822206554517346,v1-backfill,14.0,,,,,,,
2024-11-02,401628409,10,2024,Mississippi State,Massachusetts,0.918449823288195,0.6609657203064933,v1-backfill,25.0,,,,,,,
2024-11-02,401643749,10,2024,Fresno State,Hawai'i,0.8176119154478111,0.8175114391895992,v1-backfill,-1.0,,,,,,,
2024-11-02,401628411,10,2024,South Carolina,Texas A&M,0.4463156245150371,0.359454929770875,v1-backfill,24.0,,,,,,,
2024-11-02,401628535,10,2024,Iowa,Wisconsin,0.6440241875962476,0.6377526247093093,v1-backfill,32.0,,,,,,,
2024-11-02,401628540,10,2024,Washington,USC,0.5494513911841482,0.6436439206749833,v1-backfill,5.0,,,,,,,
2024-11-02,401635600,10,2024,Clemson,Louisville,0.7831413475474905,0.8044764781925764,v1-backfill,-12.0,,,,,,,
2024-11-02,401643823,10,2024,South Alabama,Georgia Southern,0.8094416449099228,0.6848098814053325,v1-backfill,-4.0,,,,,,,
2024-11-02,401628412,10,2024,Tennessee,Kentucky,0.8953937284454501,0.9179001898654536,v1-backfill,10.0,,,,,,,
2024-11-03,401635627,10,2024,SMU,Pittsburgh,0.6881535186155355,0.7112309267268985,v1-backfill,23.0,,,,,,,
2024-11-03,401636912,10,2024,Baylor,TCU,0.6063706762052662,0.5341915627351155,v1-backfill,3.0,,,,,,,
2024-11-03,401643748,10,2024,Nevada,Colorado State,0.4956931007032407,0.3050053402310373,v1-backfill,-17.0,,,,,,,
2024-11-06,401644760,11,2024,Central Michigan,Bowling Green,0.3205646616911967,0.2687243332627404,v1-backfill,-10.0,,,,,,,
2024-11-06,401644688,11,2024,Ball State,Miami (OH),0.2296952495709594,0.2304937258541876,v1-backfill,-6.0,,,,,,,
2024-11-07,401644761,11,2024,Kent State,Ohio,0.1132035452376286,0.1056072680223962,v1-backfill,-41.0,,,,,,,
2024-11-07,401644762,11,2024,Western Michigan,Northern Illinois,0.5622531742826681,0.5661136002896644,v1-backfill,-14.0,,,,,,,
2024-11-08,401643825,11,2024,Coastal Carolina,App State,0.5521305190261171,0.4883917901829049,v1-backfill,14.0,,,,,,,
2024-11-08,401645361,11,2024,East Carolina,Florida Atlantic,0.7602993061921504,0.7450349207540794,v1-backfill,35.0,,,,,,,
2024-11-09,401634773,11,2024,Wake Forest,California,0.3440222702284832,0.3911408295417569,v1-backfill,-10.0,,,,,,,
2024-11-09,401628542,11,2024,UCLA,Iowa,0.258260899161528,0.258145940167713,v1-backfill,3.0,,,,,,,
2024-11-09,401645362,11,2024,Memphis,Rice,0.8155988923692852,0.8719096068981416,v1-backfill,7.0,,,,,,,
2024-11-09,401643754,11,2024,San Diego State,New Mexico,0.6766846079732513,0.6834320280040044,v1-backfill,-5.0,,,,,,,
2024-11-09,401628417,11,2024,Texas,Florida,0.8485753166922468,0.8691217994011461,v1-backfill,32.0,,,,,,,
2024-11-09,401628544,11,2024,Rutgers,Minnesota,0.3203679141621589,0.2441104008129778,v1-backfill,7.0,,,,,,,
2024-11-09,401628545,11,2024,Ohio State,Purdue,0.9695839375466871,0.9709397088901278,v1-backfill,45.0,,,,,,,
2024-11-09,401635606,11,2024,Boston College,Syracuse,0.5126424305648732,0.3796442623288774,v1-backfill,6.0,,,,,,,
2024-11-09,401635609,11,2024,Georgia Tech,Miami,0.2599598405764644,0.2655814292270749,v1-backfill,5.0,,,,,,,
2024-11-09,401636918,11,2024,Cincinnati,West Virginia,0.5371430210722821,0.5069356649867496,v1-backfill,-7.0,,,,,,,
2024-11-09,401643828,11,2024,UL Monroe,Texas State,0.3773256576295642,0.3679921660614508,v1-backfill,-21.0,,,,,,,
2024-11-09,401645363,11,2024,South Florida,Navy,0.4441479481807559,0.5025519134145112,v1-backfill,-21.0,,,,,,,
2024-11-09,401640995,11,2024,Middle Tennessee,Liberty,0.229793751914216,0.1745559606952486,v1-backfill,-20.0,,,,,,,
2024-11-09,401629037,11,2024,UAB,UConn,0.3645702905750572,0.2995877889567871,v1-backfill,-8.0,,,,,,,
2024-11-09,401643829,11,2024,Southern Miss,Marshall,0.2252909301585165,0.1502683818201065,v1-backfill,-34.0,,,,,,,
2024-11-09,401628414,11,2024,Ole Miss,Georgia,0.5277700220527713,0.3542174297238277,v1-backfill,18.0,,,,,,,
2024-11-09,401628541,11,2024,Indiana,Michigan,0.7604795961107412,0.6359222936091903,v1-backfill,5.0,,,,,,,
2024-11-09,401629045,11,2024,North Texas,Army,0.337810247690974,0.3275946996279771,v1-backfill,-11.0,,,,,,,
2024-11-09,401635607,11,2024,Virginia Tech,Clemson,0.3955502518527854,0.3898680256569025,v1-backfill,-10.0,,,,,,,
2024-11-09,401635608,11,2024,NC State,Duke,0.5479999024863492,0.4704784358849346,v1-backfill,-10.0,,,,,,,
2024-11-09,401636919,11,2024,Kansas,Iowa State,0.3675316103077949,0.2297537180397017,v1-backfill,9.0,,,,,,,
2024-11-09,401643755,11,2024,Oregon State,San José State,0.754318030368689,0.5159860931392918,v1-backfill,-11.0,,,,,,,
2024-11-09,401643826,11,2024,James Madison,Georgia State,0.9071728799668952,0.919002497653314,v1-backfill,31.0,,,,,,,
2024-11-09,401636921,11,2024,Texas Tech,Colorado,0.534217254333314,0.5014095361698973,v1-backfill,-14.0,,,,,,,
2024-11-09,401641021,11,2024,UTEP,Kennesaw State,0.5822837481525518,0.4965250178408109,v1-backfill,8.0,,,,,,,
2024-11-09,401645364,11,2024,Tulane,Temple,0.9522636312998876,0.944198150877633,v1-backfill,46.0,,,,,,,
2024-11-09,401628418,11,2024,Vanderbilt,South Carolina,0.3422595446087473,0.3469603141932472,v1-backfill,-21.0,,,,,,,
2024-11-09,401641004,11,2024,Louisiana Tech,Jacksonville State,0.1866247552338332,0.1701114353253024,v1-backfill,-7.0,,,,,,,
2024-11-09,401643827,11,2024,Louisiana,Arkansas State,0.7671517067184414,0.7728275869410806,v1-backfill,36.0,,,,,,,
2024-11-09,401641036,11,2024,New Mexico State,Western Kentucky,0.1903627703120659,0.1202955295232478,v1-backfill,-13.0,,,,,,,
2024-11-10,401628416,11,2024,Tennessee,Mississippi State,0.9189019917906412,0.951113786609534,v1-backfill,19.0,,,,,,,
2024-11-10,401628543,11,2024,Oregon,Maryland,0.9349071764091372,0.9553213130445954,v1-backfill,21.0,,,,,,,
2024-11-10,401636917,11,2024,Arizona State,UCF,0.5536969360889017,0.7116064605400167,v1-backfill,4.0,,,,,,,
2024-11-10,401636920,11,2024,TCU,Oklahoma State,0.6899950779305659,0.7136887718884778,v1-backfill,25.0,,,,,,,
2024-11-10,401628413,11,2024,LSU,Alabama,0.4282272286978688,0.415351206540445,v1-backfill,-29.0,,,,,,,
2024-11-10,401628984,11,2024,Notre Dame,Florida State,0.9584735773502988,0.9387010212672606,v1-backfill,49.0,,,,,,,
2024-11-10,401628415,11,2024,Missouri,Oklahoma,0.5888052804195204,0.6942627716456956,v1-backfill,7.0,,,,,,,
2024-11-10,401628546,11,2024,Penn State,Washington,0.7709029325692954,0.6913270669275827,v1-backfill,29.0,,,,,,,
2024-11-10,401635610,11,2024,Pittsburgh,Virginia,0.8077613974727889,0.8184952965894997,v1-backfill,-5.0,,,,,,,
2024-11-10,401643752,11,2024,Boise State,Nevada,0.9424855675599876,0.9591578985811308,v1-backfill,7.0,,,,,,,
2024-11-10,401643753,11,2024,Hawai'i,UNLV,0.2300592316727395,0.2413996378421729,v1-backfill,-2.0,,,,,,,
2024-11-10,401643751,11,2024,Air Force,Fresno State,0.3039205661715797,0.177539375234753,v1-backfill,8.0,,,,,,,
2024-11-10,401636922,11,2024,Utah,BYU,0.3455705776907727,0.2156451499141061,v1-backfill,-1.0,,,,,,,
2024-11-10,401643756,11,2024,Washington State,Utah State,0.956386031933938,0.913294026625649,v1-backfill,21.0,,,,,,,
2024-11-13,401644763,12,2024,Buffalo,Ball State,0.6511804300785808,0.6541066710109219,v1-backfill,3.0,,,,,,,
2024-11-13,401644764,12,2024,Bowling Green,Western Michigan,0.7004414570908757,0.7253898057536246,v1-backfill,18.0,,,,,,,
2024-11-13,401644765,12,2024,Toledo,Central Michigan,0.8268371450693461,0.8595140233004532,v1-backfill,27.0,,,,,,,
2024-11-14,401644689,12,2024,Miami (OH),Kent State,0.9660783917786429,0.9617491303410918,v1-backfill,27.0,,,,,,,
2024-11-14,401644766,12,2024,Northern Illinois,Akron,0.8740823608352063,0.8937836768935338,v1-backfill,13.0,,,,,,,
2024-11-14,401644767,12,2024,Ohio,Eastern Michigan,0.7671003899991838,0.7571486005084207,v1-backfill,25.0,,,,,,,
2024-11-15,401645365,12,2024,Tulsa,East Carolina,0.1964441265107243,0.2517180431143505,v1-backfill,-7.0,,,,,,,
2024-11-16,401643759,12,2024,Colorado State,Wyoming,0.6823669485843326,0.7573904170878789,v1-backfill,14.0,,,,,,,
2024-11-16,401645366,12,2024,UTSA,North Texas,0.6518415685505381,0.6664865253482659,v1-backfill,21.0,,,,,,,
2024-11-16,401628553,12,2024,Washington,UCLA,0.6772546269425016,0.717187549967151,v1-backfill,12.0,,,,,,,
2024-11-16,401636923,12,2024,Arizona,Houston,0.550921487989333,0.5433031536864185,v1-backfill,24.0,,,,,,,
2024-11-16,401628419,12,2024,Arkansas,Texas,0.1968452120041194,0.159557215913874,v1-backfill,-10.0,,,,,,,
2024-11-16,401628550,12,2024,Northwestern,Ohio State,0.0916566382475423,0.1116965577394659,v1-backfill,-24.0,,,,,,,
2024-11-16,401629046,12,2024,Massachusetts,Liberty,0.1752391193823699,0.0986219062130719,v1-backfill,-1.0,,,,,,,
2024-11-16,401635582,12,2024,Pittsburgh,Clemson,0.3388461010627157,0.2788584177173191,v1-backfill,-4.0,,,,,,,
2024-11-16,401636925,12,2024,Colorado,Utah,0.7075693449788681,0.8163560062156106,v1-backfill,25.0,,,,,,,
2024-11-16,401641013,12,2024,Western Kentucky,Louisiana Tech,0.8620588458004449,0.925086316004247,v1-backfill,-5.0,,,,,,,
2024-11-16,401645370,12,2024,Navy,Tulane,0.3347770704422588,0.3747558579418039,v1-backfill,-35.0,,,,,,,
2024-11-16,401628426,12,2024,Auburn,UL Monroe,0.9068911885805848,0.6651608803035972,v1-backfill,34.0,,,,,,,
2024-11-16,401643832,12,2024,Marshall,Coastal Carolina,0.6868692260148068,0.6681917313161311,v1-backfill,12.0,,,,,,,
2024-11-16,401640986,12,2024,Jacksonville State,Florida International,0.8833826209848771,0.8919409877063647,v1-backfill,3.0,,,,,,,
2024-11-16,401645369,12,2024,Temple,Florida Atlantic,0.5126380960122147,0.5933627945223405,v1-backfill,3.0,,,,,,,
2024-11-16,401628547,12,2024,Illinois,Michigan State,0.7230736512245014,0.6754755648385319,v1-backfill,22.0,,,,,,,
2024-11-16,401635581,12,2024,California,Syracuse,0.7207544787838339,0.6855687587686187,v1-backfill,-8.0,,,,,,,
2024-11-16,401641022,12,2024,Kennesaw State,Sam Houston,0.272585228123283,0.1706252539627456,v1-backfill,-6.0,,,,,,,
2024-11-16,401643760,12,2024,Utah State,Hawai'i,0.4351753193198725,0.3994146218226885,v1-backfill,45.0,,,,,,,
2024-11-16,401628420,12,2024,Florida,LSU,0.4577872675671277,0.3707267890977086,v1-backfill,11.0,,,,,,,
2024-11-16,401628552,12,2024,Purdue,Penn State,0.0670636296730575,0.0603131110695581,v1-backfill,-39.0,,,,,,,
2024-11-16,401628985,12,2024,Notre Dame,Virginia,0.9612916918607116,0.933540543703706,v1-backfill,21.0,,,,,,,
2024-11-16,401635517,12,2024,Stanford,Louisville,0.1159612433704322,0.1128462765315201,v1-backfill,3.0,,,,,,,
2024-11-16,401635580,12,2024,SMU,Boston College,0.8738829237097053,0.8849681201433508,v1-backfill,10.0,,,,,,,
2024-11-16,401643757,12,2024,Air Force,Oregon State,0.3083309590979384,0.3859170502073755,v1-backfill,28.0,,,,,,,
2024-11-16,401645368,12,2024,Charlotte,South Florida,0.4518498486276248,0.3854279537980594,v1-backfill,-35.0,,,,,,,
2024-11-16,401628549,12,2024,USC,Nebraska,0.7312097885395706,0.7205644944713354,v1-backfill,8.0,,,,,,,
2024-11-16,401636929,12,2024,West Virginia,Baylor,0.6008227002732379,0.666053111886284,v1-backfill,-14.0,,,,,,,
2024-11-16,401643830,12,2024,Georgia Southern,Troy,0.5944575606783181,0.6779860469482648,v1-backfill,-8.0,,,,,,,
2024-11-16,401643833,12,2024,Old Dominion,James Madison,0.3281210651777603,0.2991193936183752,v1-backfill,-3.0,,,,,,,
2024-11-16,401628423,12,2024,South Carolina,Missouri,0.707054524899336,0.6374269098643149,v1-backfill,4.0,,,,,,,
2024-11-16,401643831,12,2024,Georgia State,Arkansas State,0.4860407604523547,0.3401208171611695,v1-backfill,-7.0,,,,,,,
2024-11-16,401628548,12,2024,Maryland,Rutgers,0.5824218942934198,0.5513465143038859,v1-backfill,-14.0,,,,,,,
2024-11-17,401636927,12,2024,Kansas State,Arizona State,0.7434930020262136,0.7500960563584673,v1-backfill,-10.0,,,,,,,
2024-11-17,401643758,12,2024,San José State,Boise State,0.3159022227881208,0.3200940231864357,v1-backfill,-21.0,,,,,,,
2024-11-17,401643834,12,2024,Louisiana,South Alabama,0.6074955817564659,0.7233548595212957,v1-backfill,-2.0,,,,,,,
2024-11-17,401643835,12,2024,Texas State,Southern Miss,0.9174013528084074,0.9287924707492424,v1-backfill,55.0,,,,,,,
2024-11-17,401628421,12,2024,Georgia,Tennessee,0.6407747806057856,0.6654256000183172,v1-backfill,14.0,,,,,,,
2024-11-17,401628551,12,2024,Wisconsin,Oregon,0.2027569207756257,0.138451787114428,v1-backfill,-3.0,,,,,,,
2024-11-17,401628424,12,2024,Texas A&M,New Mexico State,0.9795659742871556,0.9523090048706312,v1-backfill,35.0,,,,,,,
2024-11-17,401635583,12,2024,North Carolina,Wake Forest,0.7859505686413509,0.7606069793377844,v1-backfill,7.0,,,,,,,
2024-11-17,401636926,12,2024,Iowa State,Cincinnati,0.7635208279373535,0.7432761489330918,v1-backfill,17.0,,,,,,,
2024-11-17,401645367,12,2024,Memphis,UAB,0.8613936953852178,0.9174979552009694,v1-backfill,35.0,,,,,,,
2024-11-17,401643761,12,2024,New Mexico,Washington State,0.1194648300844104,0.185926665470348,v1-backfill,3.0,,,,,,,
2024-11-17,401636924,12,2024,BYU,Kansas,0.6678215007535443,0.7901980474451406,v1-backfill,-4.0,,,,,,,
2024-11-17,401643762,12,2024,UNLV,San Diego State,0.8567637947841419,0.8785266474480549,v1-backfill,21.0,,,,,,,
2024-11-20,401644769,13,2024,Kent State,Akron,0.3585967897386893,0.4263947070811826,v1-backfill,-21.0,,,,,,,
2024-11-20,401644770,13,2024,Central Michigan,Western Michigan,0.42691088859041,0.38486459370895,v1-backfill,2.0,,,,,,,
2024-11-20,401644690,13,2024,Miami (OH),Northern Illinois,0.695178958294863,0.676199209407337,v1-backfill,11.0,,,,,,,
2024-11-21,401644772,13,2024,Eastern Michigan,Buffalo,0.5365578347389653,0.4886889490678449,v1-backfill,-17.0,,,,,,,
2024-11-21,401644773,13,2024,Toledo,Ohio,0.5339280268931148,0.5472964992069522,v1-backfill,-17.0,,,,,,,
2024-11-22,401634772,13,2024,Georgia Tech,NC State,0.6682103988399533,0.7123541005882547,v1-backfill,1.0,,,,,,,
2024-11-23,401645374,13,2024,UTSA,Temple,0.898432011181605,0.8823769687605414,v1-backfill,24.0,,,,,,,
2024-11-23,401628558,13,2024,Michigan State,Purdue,0.7649152730993064,0.7517476486257086,v1-backfill,7.0,,,,,,,
2024-11-23,401643767,13,2024,San José State,UNLV,0.3812365689020674,0.3941212522847711,v1-backfill,-11.0,,,,,,,
2024-11-23,401628429,13,2024,Florida,Ole Miss,0.2347399522106875,0.2215413496411729,v1-backfill,7.0,,,,,,,
2024-11-23,401628554,13,2024,Rutgers,Illinois,0.4702984790042908,0.4422569286030381,v1-backfill,-7.0,,,,,,,
2024-11-23,401628555,13,2024,Ohio State,Indiana,0.7071418257059059,0.6878149382109192,v1-backfill,23.0,,,,,,,
2024-11-23,401628556,13,2024,Maryland,Iowa,0.2359086583436062,0.1860722536444891,v1-backfill,-16.0,,,,,,,
2024-11-23,401635518,13,2024,Syracuse,UConn,0.8087451256170958,0.6578090831812429,v1-backfill,7.0,,,,,,,
2024-11-23,401635612,13,2024,Boston College,North Carolina,0.4714106953691707,0.3836423061371318,v1-backfill,20.0,,,,,,,
2024-11-23,401635618,13,2024,Miami,Wake Forest,0.9065733512496116,0.89360304024481,v1-backfill,28.0,,,,,,,
2024-11-23,401635619,13,2024,Virginia,SMU,0.1902172247746715,0.1404902534665968,v1-backfill,-26.0,,,,,,,
2024-11-23,401641005,13,2024,Jacksonville State,Sam Houston,0.7746034088315586,0.7153175362692148,v1-backfill,10.0,,,,,,,
2024-11-23,401628430,13,2024,Georgia,Massachusetts,0.9929853101139082,0.9890562775717864,v1-backfill,38.0,,,,,,,
2024-11-23,401628435,13,2024,Tennessee,UTEP,0.985964861944076,0.9753204927479528,v1-backfill,56.0,,,,,,,
2024-11-23,401640996,13,2024,Liberty,Western Kentucky,0.5871643657836809,0.6073454694961694,v1-backfill,17.0,,,,,,,
2024-11-23,401644774,13,2024,Ball State,Bowling Green,0.3264788255967648,0.2329882052583438,v1-backfill,-25.0,,,,,,,
2024-11-23,401645373,13,2024,UAB,Rice,0.4460751045589516,0.4541067259349305,v1-backfill,26.0,,,,,,,
2024-11-23,401641027,13,2024,Middle Tennessee,New Mexico State,0.6005973225931855,0.6217850722274236,v1-backfill,-15.0,,,,,,,
2024-11-23,401643836,13,2024,App State,James Madison,0.2463296531352698,0.224167842394823,v1-backfill,14.0,,,,,,,
2024-11-23,401636935,13,2024,TCU,Arizona,0.7364400968041711,0.6842889859686416,v1-backfill,21.0,,,,,,,
2024-11-23,401640987,13,2024,Kennesaw State,Florida International,0.4277736899493594,0.3866342162839772,v1-backfill,1.0,,,,,,,
2024-11-23,401643839,13,2024,Arkansas State,UL Monroe,0.6823567126340255,0.758476423222406,v1-backfill,7.0,,,,,,,
2024-11-23,401643841,13,2024,Southern Miss,South Alabama,0.0926694113739497,0.1104842207860804,v1-backfill,-21.0,,,,,,,
2024-11-23,401645371,13,2024,Florida Atlantic,Charlotte,0.5927333436666693,0.516999020179322,v1-backfill,-12.0,,,,,,,
2024-11-23,401628436,13,2024,Texas,Kentucky,0.9020201368910146,0.9374647260817774,v1-backfill,17.0,,,,,,,
2024-11-23,401628557,13,2024,Michigan,Northwestern,0.8062077669511766,0.7956562822052574,v1-backfill,44.0,,,,,,,
2024-11-23,401628559,13,2024,Minnesota,Penn State,0.2717912112877504,0.2461433877362239,v1-backfill,-1.0,,,,,,,
2024-11-23,401628560,13,2024,Nebraska,Wisconsin,0.4528317224056518,0.3783647861662184,v1-backfill,19.0,,,,,,,
2024-11-23,401635613,13,2024,California,Stanford,0.8542829152944723,0.8397107376047628,v1-backfill,3.0,,,,,,,
2024-11-23,401636930,13,2024,Arizona State,BYU,0.5307294146194607,0.5113677235776067,v1-backfill,5.0,,,,,,,
2024-11-23,401636932,13,2024,Kansas,Colorado,0.4552438826271753,0.3649241135957684,v1-backfill,16.0,,,,,,,
2024-11-23,401636934,13,2024,Oklahoma State,Texas Tech,0.4464022412287401,0.3424579335334317,v1-backfill,-8.0,,,,,,,
2024-11-23,401636937,13,2024,West Virginia,UCF,0.5664728870834866,0.7044385592866161,v1-backfill,10.0,,,,,,,
2024-11-23,401643766,13,2024,Utah State,San Diego State,0.6155451283746494,0.5874029090724319,v1-backfill,21.0,,,,,,,
2024-11-23,401643837,13,2024,Coastal Carolina,Georgia Southern,0.5748803577589182,0.5180018491523486,v1-backfill,-20.0,,,,,,,
2024-11-23,401645372,13,2024,North Texas,East Carolina,0.4841142969879299,0.5235847863703805,v1-backfill,-12.0,,,,,,,
2024-11-23,401645375,13,2024,South Florida,Tulsa,0.8526177500567844,0.8685437348470804,v1-backfill,33.0,,,,,,,
2024-11-23,401628427,13,2024,Arkansas,Louisiana Tech,0.93464284040792,0.822234233029039,v1-backfill,21.0,,,,,,,
2024-11-23,401635617,13,2024,Louisville,Pittsburgh,0.6929524577910615,0.691806165314448,v1-backfill,28.0,,,,,,,
2024-11-23,401628432,13,2024,Mississippi State,Missouri,0.3011429853759673,0.1580679888822183,v1-backfill,-19.0,,,,,,,
2024-11-23,401643840,13,2024,Louisiana,Troy,0.7274151016574073,0.7353172902802968,v1-backfill,21.0,,,,,,,
2024-11-24,401628572,13,2024,Oregon State,Washington State,0.2992605316026018,0.243015704380738,v1-backfill,3.0,,,,,,,
2024-11-24,401636931,13,2024,Houston,Baylor,0.2806556750593706,0.239725481804067,v1-backfill,-10.0,,,,,,,
2024-11-24,401640959,13,2024,Notre Dame,Army,0.9187878103945288,0.7467200493988002,v1-backfill,35.0,,,,,,,
2024-11-24,401643764,13,2024,Wyoming,Boise State,0.1321745838568688,0.0809406254953051,v1-backfill,-4.0,,,,,,,
2024-11-24,401643842,13,2024,Texas State,Georgia State,0.900133790309927,0.8963075961950998,v1-backfill,-8.0,,,,,,,
2024-11-24,401628428,13,2024,Auburn,Texas A&M,0.3854379649651184,0.2496425638455666,v1-backfill,2.0,,,,,,,
2024-11-24,401628433,13,2024,Oklahoma,Alabama,0.2150736923452119,0.1435131364978704,v1-backfill,21.0,,,,,,,
2024-11-24,401636936,13,2024,Utah,Iowa State,0.3308874202914181,0.2581229664396885,v1-backfill,-3.0,,,,,,,
2024-11-24,401643838,13,2024,Old Dominion,Marshall,0.5138704706936821,0.3953329630699632,v1-backfill,-7.0,,,,,,,
2024-11-24,401628431,13,2024,LSU,Vanderbilt,0.7470886913333241,0.7242225636526097,v1-backfill,7.0,,,,,,,
2024-11-24,401635615,13,2024,Duke,Virginia Tech,0.5856589252698554,0.6419464587144534,v1-backfill,3.0,,,,,,,
2024-11-24,401636933,13,2024,Kansas State,Cincinnati,0.7696745211029209,0.8042911166222375,v1-backfill,26.0,,,,,,,
2024-11-24,401628561,13,2024,UCLA,USC,0.4168774250571457,0.424016501364768,v1-backfill,-6.0,,,,,,,
2024-11-24,401643763,13,2024,Nevada,Air Force,0.435771520100516,0.3513890700598577,v1-backfill,-3.0,,,,,,,
2024-11-24,401643765,13,2024,Fresno State,Colorado State,0.6419126891978053,0.55361137640075,v1-backfill,6.0,,,,,,,
2024-11-27,401644775,14,2024,Akron,Toledo,0.2730841454546645,0.2277882691358512,v1-backfill,7.0,,,,,,,
2024-11-27,401644776,14,2024,Buffalo,Kent State,0.9312059895493044,0.9349048637384167,v1-backfill,36.0,,,,,,,
2024-11-29,401645376,14,2024,Tulane,Memphis,0.782063076107447,0.6865830898900397,v1-backfill,-10.0,,,,,,,
2024-11-29,401628568,14,2024,Wisconsin,Minnesota,0.4965612790686654,0.4539791180598907,v1-backfill,-17.0,,,,,,,
2024-11-29,401636938,14,2024,Colorado,Oklahoma State,0.8101732170075122,0.8701132344473982,v1-backfill,52.0,,,,,,,
2024-11-29,401643769,14,2024,Boise State,Oregon State,0.7704457869097381,0.9215755375934188,v1-backfill,16.0,,,,,,,
2024-11-29,401644691,14,2024,Bowling Green,Miami (OH),0.5193196968833331,0.4810283268995319,v1-backfill,-16.0,,,,,,,
2024-11-29,401644777,14,2024,Ohio,Ball State,0.887089283813955,0.903039482785014,v1-backfill,21.0,,,,,,,
2024-11-29,401645379,14,2024,East Carolina,Navy,0.6058364034679409,0.5306441540356884,v1-backfill,-14.0,,,,,,,
2024-11-29,401628442,14,2024,Ole Miss,Mississippi State,0.939839690273564,0.958611396444328,v1-backfill,12.0,,,,,,,
2024-11-29,401640997,14,2024,Sam Houston,Liberty,0.3874289788240604,0.2877568826297159,v1-backfill,2.0,,,,,,,
2024-11-29,401643770,14,2024,Colorado State,Utah State,0.6300397603814228,0.6783781969633288,v1-backfill,5.0,,,,,,,
2024-11-29,401643843,14,2024,South Alabama,Texas State,0.6265376812959373,0.6516418200658337,v1-backfill,-7.0,,,,,,,
2024-11-29,401635625,14,2024,San José State,Stanford,0.5824360024033817,0.7853986401376238,v1-backfill,3.0,,,,,,,
2024-11-30,401628439,14,2024,Georgia,Georgia Tech,0.8887779370109051,0.8833839651949301,v1-backfill,2.0,,,,,,,
2024-11-30,401628562,14,2024,Iowa,Nebraska,0.7666106252609769,0.8039906460728112,v1-backfill,3.0,,,,,,,
2024-11-30,401636939,14,2024,UCF,Utah,0.6265961869634115,0.5580720329666037,v1-backfill,-14.0,,,,,,,
2024-11-30,401628440,14,2024,Kentucky,Louisville,0.3854335203461995,0.2508308038443883,v1-backfill,-27.0,,,,,,,
2024-11-30,401628444,14,2024,Clemson,South Carolina,0.5806449030562528,0.6009398570513463,v1-backfill,-3.0,,,,,,,
2024-11-30,401628446,14,2024,Vanderbilt,Tennessee,0.1894217155885196,0.1953820917799093,v1-backfill,-13.0,,,,,,,
2024-11-30,401628563,14,2024,Northwestern,Illinois,0.2638494568964435,0.2858887503033069,v1-backfill,-10.0,,,,,,,
2024-11-30,401628566,14,2024,Ohio State,Michigan,0.8160106154068866,0.8052052676128543,v1-backfill,-3.0,,,,,,,
2024-11-30,401629038,14,2024,Massachusetts,UConn,0.2276832088661431,0.1796789882537902,v1-backfill,-5.0,,,,,,,
2024-11-30,401635622,14,2024,Wake Forest,Duke,0.2942683053480272,0.224489369687955,v1-backfill,-6.0,,,,,,,
2024-11-30,401636941,14,2024,Baylor,Kansas,0.520992843768386,0.5175726679770719,v1-backfill,28.0,,,,,,,
2024-11-30,401636945,14,2024,Texas Tech,West Virginia,0.5490123993812644,0.5300090252869702,v1-backfill,37.0,,,,,,,
2024-11-30,401643848,14,2024,UL Monroe,Louisiana,0.1690162934476647,0.1315191900322134,v1-backfill,-14.0,,,,,,,
2024-11-30,401645378,14,2024,Army,UTSA,0.6739836003098796,0.659432956706313,v1-backfill,5.0,,,,,,,
2024-11-30,401645381,14,2024,Temple,North Texas,0.3440076884662172,0.398815770771812,v1-backfill,-7.0,,,,,,,
2024-11-30,401644780,14,2024,Western Michigan,Eastern Michigan,0.6318446670336408,0.6333935545630255,v1-backfill,8.0,,,,,,,
2024-11-30,401640988,14,2024,Florida International,Middle Tennessee,0.6580029270451758,0.5709225838167802,v1-backfill,11.0,,,,,,,
2024-11-30,401643845,14,2024,Georgia State,Coastal Carolina,0.542853084531817,0.4664212628238486,v1-backfill,-21.0,,,,,,,
2024-11-30,401643849,14,2024,Troy,Southern Miss,0.9013433497666646,0.8916887756411178,v1-backfill,32.0,,,,,,,
2024-11-30,401645382,14,2024,Rice,South Florida,0.3446949318066051,0.2939989787459671,v1-backfill,7.0,,,,,,,
2024-11-30,401635620,14,2024,Boston College,Pittsburgh,0.6319526445362472,0.6074318728036451,v1-backfill,11.0,,,,,,,
2024-11-30,401643847,14,2024,Arkansas State,Old Dominion,0.4449904608953598,0.6265857179668172,v1-backfill,-8.0,,,,,,,
2024-11-30,401628437,14,2024,Alabama,Auburn,0.8232110150507097,0.8877350617909722,v1-backfill,14.0,,,,,,,
2024-11-30,401628443,14,2024,Missouri,Arkansas,0.6799576256832596,0.7467010252610643,v1-backfill,7.0,,,,,,,
2024-11-30,401628565,14,2024,Penn State,Maryland,0.9325693048169164,0.9488389626055376,v1-backfill,37.0,,,,,,,
2024-11-30,401628567,14,2024,Michigan State,Rutgers,0.4785433399913917,0.5365487564585817,v1-backfill,-27.0,,,,,,,
2024-11-30,401628570,14,2024,UCLA,Fresno State,0.7535843759704635,0.4925123276653453,v1-backfill,7.0,,,,,,,
2024-11-30,401628571,14,2024,USC,Notre Dame,0.1744102237085061,0.2226210363575017,v1-backfill,-14.0,,,,,,,
2024-11-30,401635621,14,2024,SMU,California,0.8300075546172563,0.8430454392006186,v1-backfill,32.0,,,,,,,
2024-11-30,401635623,14,2024,Syracuse,Miami,0.3012123505515902,0.3683631962048704,v1-backfill,4.0,,,,,,,
2024-11-30,401635624,14,2024,North Carolina,NC State,0.6021078879635939,0.6329356495022108,v1-backfill,-5.0,,,,,,,
2024-11-30,401636940,14,2024,Arizona,Arizona State,0.3377576131962433,0.221087983678208,v1-backfill,-42.0,,,,,,,
2024-11-30,401644779,14,2024,Northern Illinois,Central Michigan,0.8210252179299034,0.8266210933433898,v1-backfill,8.0,,,,,,,
2024-11-30,401645377,14,2024,Charlotte,UAB,0.4897405367191372,0.4938841331282835,v1-backfill,2.0,,,,,,,
2024-11-30,401645380,14,2024,Tulsa,Florida Atlantic,0.5332613313119028,0.5778612401911225,v1-backfill,-47.0,,,,,,,
2024-11-30,401641006,14,2024,Western Kentucky,Jacksonville State,0.4487888875092626,0.4530073980346649,v1-backfill,2.0,,,,,,,
2024-11-30,401641014,14,2024,Louisiana Tech,Kennesaw State,0.7054556096705172,0.7293716331274194,v1-backfill,33.0,,,,,,,
2024-11-30,401641031,14,2024,New Mexico State,UTEP,0.6777826565289782,0.7028929721780056,v1-backfill,-7.0,,,,,,,
2024-11-30,401636943,14,2024,Cincinnati,TCU,0.3763349039772318,0.3735161456132422,v1-backfill,-7.0,,,,,,,
2024-11-30,401643844,14,2024,Georgia Southern,App State,0.5953918859162284,0.6181182587968269,v1-backfill,9.0,,,,,,,
2024-11-30,401643773,14,2024,Washington State,Wyoming,0.920506794256074,0.8546482617045943,v1-backfill,-1.0,,,,,,,
2024-12-01,401628438,14,2024,Florida State,Florida,0.3126355920923652,0.2949532053836884,v1-backfill,-20.0,,,,,,,
2024-12-01,401628441,14,2024,LSU,Oklahoma,0.5448463542948031,0.5959267300231655,v1-backfill,20.0,,,,,,,
2024-12-01,401628564,14,2024,Indiana,Purdue,0.9554892896627027,0.9535224987126496,v1-backfill,66.0,,,,,,,
2024-12-01,401628445,14,2024,Texas A&M,Texas,0.3566074779475111,0.2830447737508112,v1-backfill,-10.0,,,,,,,
2024-12-01,401628569,14,2024,Oregon,Washington,0.8568792141728654,0.8609717173808763,v1-backfill,28.0,,,,,,,
2024-12-01,401636944,14,2024,Iowa State,Kansas State,0.5853567699373419,0.5388285503674505,v1-backfill,8.0,,,,,,,
2024-12-01,401635640,14,2024,Virginia Tech,Virginia,0.7816204675772759,0.7419269500230666,v1-backfill,20.0,,,,,,,
2024-12-01,401643772,14,2024,UNLV,Nevada,0.8963657030822039,0.9510011325061352,v1-backfill,24.0,,,,,,,
2024-12-01,401643846,14,2024,James Madison,Marshall,0.6445981655462056,0.5673059406335341,v1-backfill,-2.0,,,,,,,
2024-12-01,401636942,14,2024,BYU,Houston,0.8525504853919919,0.8885211076817237,v1-backfill,12.0,,,,,,,
2024-12-01,401643768,14,2024,San Diego State,Air Force,0.4176284272642468,0.3893886453315366,v1-backfill,-11.0,,,,,,,
2024-12-01,401643771,14,2024,Hawai'i,New Mexico,0.4738185928047085,0.4429229102393521,v1-backfill,8.0,,,,,,,
2024-12-07,401673466,15,2024,Jacksonville State,Western Kentucky,0.6734668734168127,0.611276191286428,v1-backfill,40.0,,,,,,,
2024-12-07,401673462,15,2024,Army,Tulane,0.4537477463652165,0.5405104598811125,v1-backfill,21.0,,,,,,,
2024-12-07,401673468,15,2024,Boise State,UNLV,0.6581951519287653,0.693489360542805,v1-backfill,14.0,,,,,,,
2024-12-07,401673465,15,2024,Arizona State,Iowa State,0.4865141492617051,0.500716612300864,v1-backfill,26.0,,,,,,,
2024-12-07,401673467,15,2024,Miami (OH),Ohio,0.5359696230568326,0.5853508000331052,v1-backfill,-35.0,,,,,,,
2024-12-07,401673469,15,2024,Texas,Georgia,0.5151617871769307,0.4779667110032385,v1-backfill,-3.0,,,,,,,
2024-12-08,401673470,15,2024,Louisiana,Marshall,0.649738488110179,0.6174551965349753,v1-backfill,-28.0,,,,,,,
2024-12-08,401673463,15,2024,SMU,Clemson,0.6104147905761874,0.6004605082218404,v1-backfill,-3.0,,,,,,,
2024-12-08,401673464,15,2024,Oregon,Penn State,0.5851477606767038,0.6708382618270624,v1-backfill,8.0,,,,,,,
2024-12-14,401645383,16,2024,Army,Navy,0.7171674935229424,0.7067445322337481,v1-backfill,-18.0,,,,,,,
2024-12-15,401677077,1,2024,Western Michigan,South Alabama,0.2400640799241708,0.2766377051731108,v1-backfill,-7.0,,,,,,,
2024-12-18,401677080,1,2024,West Virginia,Memphis,0.5186925531730959,0.2500948793133247,v1-backfill,-5.0,,,,,,,
2024-12-18,401677079,1,2024,James Madison,Western Kentucky,0.7610122165151623,0.6166714451259564,v1-backfill,10.0,,,,,,,
2024-12-19,401677081,1,2024,UNLV,California,0.4573193961583823,0.6483118174990925,v1-backfill,11.0,,,,,,,
2024-12-20,401677082,1,2024,Sam Houston,Georgia Southern,0.4336335530591022,0.3770308517709189,v1-backfill,5.0,,,,,,,
2024-12-20,401677083,1,2024,Jacksonville State,Ohio,0.4692862696280315,0.4410916425140564,v1-backfill,-3.0,,,,,,,
2024-12-20,401677084,1,2024,Florida,Tulane,0.7183632070515062,0.5814049146853197,v1-backfill,25.0,,,,,,,
2024-12-21,401677179,1,2024,Notre Dame,Indiana,0.7788326283081884,0.7627247459286781,v1-backfill,10.0,,,,,,,
2024-12-21,401677178,1,2024,Penn State,SMU,0.6759407483002142,0.5820306812112644,v1-backfill,28.0,,,,,,,
2024-12-21,401677176,1,2024,Texas,Clemson,0.719503301052298,0.6805651488741146,v1-backfill,14.0,,,,,,,
2024-12-22,401677177,1,2024,Ohio State,Tennessee,0.6833105141228913,0.6816588563406734,v1-backfill,25.0,,,,,,,
2024-12-23,401677085,1,2024,UTSA,Coastal Carolina,0.7564516516060745,0.721147360925144,v1-backfill,29.0,,,,,,,
2024-12-23,401677086,1,2024,Fresno State,Northern Illinois,0.5638539452593504,0.496860214615538,v1-backfill,-8.0,,,,,,,
2024-12-25,401677087,1,2024,San José State,South Florida,0.5368550475345869,0.6141544902006901,v1-backfill,-2.0,,,,,,,
2024-12-26,401677180,1,2024,Toledo,Pittsburgh,0.2472060373183115,0.4187163873533853,v1-backfill,2.0,,,,,,,
2024-12-26,401677088,1,2024,Kansas State,Rutgers,0.6649637264228029,0.6693033012951608,v1-backfill,3.0,,,,,,,
2024-12-27,401677089,1,2024,Bowling Green,Arkansas State,0.6918489249082068,0.6216656877792583,v1-backfill,-7.0,,,,,,,
2024-12-27,401677090,1,2024,Navy,Oklahoma,0.2853673981094731,0.59073234713994,v1-backfill,1.0,,,,,,,
2024-12-27,401677091,1,2024,Vanderbilt,Georgia Tech,0.3806227457233642,0.3132513410801563,v1-backfill,8.0,,,,,,,
2024-12-28,401677092,1,2024,Arkansas,Texas Tech,0.4682652438965148,0.3433507935928459,v1-backfill,13.0,,,,,,,
2024-12-28,401729867,1,2024,Washington State,Syracuse,0.4568254570404994,0.3602659686947092,v1-backfill,-17.0,,,,,,,
2024-12-28,401677093,1,2024,USC,Texas A&M,0.4553129222955005,0.4499054625246486,v1-backfill,4.0,,,,,,,
2024-12-28,401677094,1,2024,North Carolina,UConn,0.7494269571203558,0.4913346856167448,v1-backfill,-13.0,,,,,,,
2024-12-28,401677095,1,2024,Nebraska,Boston College,0.4969957273855078,0.3929271217129936,v1-backfill,5.0,,,,,,,
2024-12-28,401677096,1,2024,TCU,Louisiana,0.7849956298268643,0.5438690847681729,v1-backfill,31.0,,,,,,,
2024-12-28,401677097,1,2024,Miami,Iowa State,0.6499159361876604,0.5616839970702981,v1-backfill,-1.0,,,,,,,
2024-12-28,401677188,1,2024,Colorado State,Miami (OH),0.4348183478247192,0.3577449140883394,v1-backfill,-26.0,,,,,,,
2024-12-28,401677098,1,2024,NC State,East Carolina,0.7820817310066492,0.6202141343299552,v1-backfill,-5.0,,,,,,,
2024-12-29,401677099,1,2024,Colorado,BYU,0.6009775007613959,0.4641925473817874,v1-backfill,-22.0,,,,,,,
2024-12-29,401677100,1,2024,Army,Louisiana Tech,0.8409212040934552,0.8755083061050942,v1-backfill,21.0,,,,,,,
2024-12-30,401677101,1,2024,Missouri,Iowa,0.4887013112608383,0.4681180821104457,v1-backfill,3.0,,,,,,,
2024-12-31,401677102,1,2024,Michigan,Alabama,0.4225385371070534,0.4115914374792495,v1-backfill,6.0,,,,,,,
2024-12-31,401677190,1,2024,Washington,Louisville,0.3525915865692571,0.4335172952330413,v1-backfill,-1.0,,,,,,,
2024-12-31,401677103,1,2024,Illinois,South Carolina,0.3294003083808849,0.305237866552471,v1-backfill,4.0,,,,,,,
2024-12-31,401677104,1,2024,LSU,Baylor,0.5507356719579476,0.4919000378637655,v1-backfill,13.0,,,,,,,
2025-01-01,401677181,1,2024,Boise State,Penn State,0.1658075223135986,0.4200010001503728,v1-backfill,-17.0,,,,,,,
2025-01-01,401677182,1,2024,Arizona State,Texas,0.3495040200785157,0.3329366676996163,v1-backfill,-8.0,,,,,,,
2025-01-01,401677183,1,2024,Oregon,Ohio State,0.5411310604409042,0.6021501987122695,v1-backfill,-20.0,,,,,,,
2025-01-02,401677184,1,2024,Georgia,Notre Dame,0.4091679122528865,0.5079500558437225,v1-backfill,-13.0,,,,,,,
2025-01-03,401677105,1,2024,Ole Miss,Duke,0.786619846067456,0.6965824320232802,v1-backfill,32.0,,,,,,,
2025-01-03,401677106,1,2024,Texas State,North Texas,0.7795527792387991,0.7264067306136364,v1-backfill,2.0,,,,,,,
2025-01-04,401677107,1,2024,Virginia Tech,Minnesota,0.4857904835773924,0.4409963594724671,v1-backfill,-14.0,,,,,,,
2025-01-04,401677108,1,2024,Liberty,Buffalo,0.6506102975954925,0.7391995881955942,v1-backfill,-19.0,,,,,,,
2025-01-10,401677189,1,2024,Penn State,Notre Dame,0.4328139292888867,0.3911734837865139,v1-backfill,-3.0,,,,,,,
2025-01-11,401677191,1,2024,Texas,Ohio State,0.4133619217708508,0.4302182827134259,v1-backfill,-14.0,,,,,,,
2025-01-21,401677192,1,2024,Notre Dame,Ohio State,0.5119639047782956,0.4718619511890577,v1-backfill,-11.0,,,,,,,
2025-08-23,401756846,1,2025,Kansas State,Iowa State,0.4788159683456021,0.5065691699415239,v1-backfill,-3.0,,,,,,,
2025-08-23,401756847,1,2025,Kansas,Fresno State,0.8472173811765035,0.7251950918578349,v1-backfill,24.0,,,,,,,
2025-08-23,401757218,1,2025,Western Kentucky,Sam Houston,0.5041649188837972,0.5139651685578909,v1-backfill,17.0,,,,,,,
2025-08-23,401754516,1,2025,Hawai'i,Stanford,0.3594762486810783,0.5990417769805166,v1-backfill,3.0,,,,,,,
2025-08-28,401762522,1,2025,South Florida,Boise State,0.3509280246081846,0.2432641858321342,v1-backfill,27.0,,,,,,,
2025-08-28,401752794,1,2025,Rutgers,Ohio,0.6570517790508724,0.3722164742899857,v1-backfill,3.0,,,,,,,
2025-08-28,401754373,1,2025,NC State,East Carolina,0.7629995960912912,0.5685282430150582,v1-backfill,7.0,,,,,,,
2025-08-28,401756848,1,2025,UCF,Jacksonville State,0.6489373186582794,0.3057573145628473,v1-backfill,7.0,,,,,,,
2025-08-28,401762789,1,2025,Akron,Wyoming,0.4616864384742946,0.5076303394110788,v1-backfill,-10.0,,,,,,,
2025-08-29,401752793,1,2025,Minnesota,Buffalo,0.8866142942392214,0.7159122673318137,v1-backfill,13.0,,,,,,,
2025-08-29,401752796,1,2025,Cincinnati,Nebraska,0.3414818103758231,0.3875658775999661,v1-backfill,-3.0,,,,,,,
2025-08-29,401762791,1,2025,Wisconsin,Miami (OH),0.6864440875631893,0.3764577896894836,v1-backfill,17.0,,,,,,,
2025-08-29,401752802,1,2025,Michigan State,Western Michigan,0.7835896932692805,0.6194170394455119,v1-backfill,17.0,,,,,,,
2025-08-29,401754374,1,2025,Wake Forest,Kennesaw State,0.8987758325247066,0.8035690199454285,v1-backfill,1.0,,,,,,,
2025-08-29,401761589,1,2025,Charlotte,App State,0.324146983605194,0.3331569898228816,v1-backfill,-23.0,,,,,,,
2025-08-30,401752667,1,2025,Baylor,Auburn,0.617400100702118,0.7260798067306558,v1-backfill,-14.0,,,,,,,
2025-08-30,401754375,1,2025,Colorado,Georgia Tech,0.6255532831946816,0.6172571961232988,v1-backfill,-7.0,,,,,,,
2025-08-30,401757224,1,2025,Sam Houston,UNLV,0.2919149004069774,0.2547785313738983,v1-backfill,-17.0,,,,,,,
2025-08-30,401760358,1,2025,San José State,Central Michigan,0.7968361926655261,0.7827218605407377,v1-backfill,-2.0,,,,,,,
2025-08-30,401752673,1,2025,Southern Miss,Mississippi State,0.1208933986387679,0.3803898893851424,v1-backfill,-17.0,,,,,,,
2025-08-30,401752676,1,2025,Tennessee,Syracuse,0.6626045354112404,0.5812302744276674,v1-backfill,19.0,,,,,,,
2025-08-30,401752677,1,2025,Ohio State,Texas,0.7417669597692839,0.7377696027041447,v1-backfill,7.0,,,,,,,
2025-08-30,401752797,1,2025,Maryland,Florida Atlantic,0.8084020470564294,0.6992511426828035,v1-backfill,32.0,,,,,,,
2025-08-30,401752801,1,2025,Purdue,Ball State,0.6772840832737382,0.5864960193417902,v1-backfill,31.0,,,,,,,
2025-08-30,401752803,1,2025,Tulane,Northwestern,0.6173576455355031,0.698000826136008,v1-backfill,20.0,,,,,,,
2025-08-30,401752670,1,2025,Kentucky,Toledo,0.7930636515896535,0.540033302205385,v1-backfill,8.0,,,,,,,
2025-08-30,401752806,1,2025,Indiana,Old Dominion,0.9256874411307396,0.7980639242343773,v1-backfill,13.0,,,,,,,
2025-08-30,401752665,1,2025,Florida State,Alabama,0.1865423289945886,0.2254564133377149,v1-backfill,14.0,,,,,,,
2025-08-30,401752669,1,2025,Georgia,Marshall,0.8834479208046621,0.740656420662229,v1-backfill,38.0,,,,,,,
2025-08-30,401752807,1,2025,Penn State,Nevada,0.9799681881055216,0.9619671191865522,v1-backfill,35.0,,,,,,,
2025-08-30,401762456,1,2025,Massachusetts,Temple,0.6121949329462909,0.5085134201145651,v1-backfill,-32.0,,,,,,,
2025-08-30,401754616,1,2025,Virginia,Coastal Carolina,0.7758974665401616,0.5598467753165693,v1-backfill,41.0,,,,,,,
2025-08-30,401752678,1,2025,Texas A&M,UTSA,0.8155039433225231,0.5944564580137991,v1-backfill,18.0,,,,,,,
2025-08-30,401752671,1,2025,Clemson,LSU,0.6062700702224643,0.580148964446794,v1-backfill,-7.0,,,,,,,
2025-08-30,401752798,1,2025,USC,Missouri State,0.9471063657409002,0.8446030614705258,v1-backfill,60.0,,,,,,,
2025-08-30,401752808,1,2025,Michigan,New Mexico,0.9555935489286782,0.9086387379229296,v1-backfill,17.0,,,,,,,
2025-08-30,401757225,1,2025,Utah State,UTEP,0.7592470602870188,0.6986835356122639,v1-backfill,12.0,,,,,,,
2025-08-30,401752672,1,2025,Ole Miss,Georgia State,0.9775367406477226,0.9436972244955772,v1-backfill,56.0,,,,,,,
2025-08-31,401761592,1,2025,Louisiana,Rice,0.698495939697391,0.7621352619213724,v1-backfill,-2.0,,,,,,,
2025-08-31,401761594,1,2025,Texas State,Eastern Michigan,0.8492020650269082,0.8397876096176963,v1-backfill,25.0,,,,,,,
2025-08-31,401760361,1,2025,Fresno State,Georgia Southern,0.5018983121543399,0.4365013895711058,v1-backfill,28.0,,,,,,,
2025-08-31,401752936,1,2025,Oregon State,California,0.4701523197809168,0.4224486583031255,v1-backfill,-19.0,,,,,,,
2025-08-31,401756849,1,2025,Arizona,Hawai'i,0.7827166566211117,0.6142429574288332,v1-backfill,34.0,,,,,,,
2025-08-31,401752800,1,2025,UCLA,Utah,0.5255664356799231,0.5896122288079737,v1-backfill,-33.0,,,,,,,
2025-08-31,401752805,1,2025,Washington,Colorado State,0.8746538821767419,0.7558323831159349,v1-backfill,17.0,,,,,,,
2025-08-31,401752680,1,2025,South Carolina,Virginia Tech,0.677368846691852,0.7144595608167197,v1-backfill,13.0,,,,,,,
2025-08-31,401754522,1,2025,Miami,Notre Dame,0.3318358937258443,0.2855531278849471,v1-backfill,3.0,,,,,,,
2025-09-02,401754523,1,2025,North Carolina,TCU,0.3451880055451939,0.3117776480397437,v1-backfill,-34.0,,,,,,,
2025-09-05,401754528,2,2025,Louisville,James Madison,0.8115209480327769,0.6388242624088918,v1-backfill,14.0,,,,,,,
2025-09-05,401752826,2,2025,Maryland,Northern Illinois,0.7485286611324248,0.427827364819054,v1-backfill,11.0,,,,,,,
2025-09-06,401752693,2,2025,Texas,San José State,0.9522833117945158,0.8935563319190969,v1-backfill,31.0,,,,,,,
2025-09-06,401752811,2,2025,Penn State,Florida International,0.9757489518143656,0.9331505047749038,v1-backfill,34.0,,,,,,,
2025-09-06,401752812,2,2025,Indiana,Kennesaw State,0.9834342032242116,0.9567999092525732,v1-backfill,47.0,,,,,,,
2025-09-06,401752822,2,2025,Iowa State,Iowa,0.6206033613722903,0.5943816742820446,v1-backfill,3.0,,,,,,,
2025-09-06,401752825,2,2025,Duke,Illinois,0.4946329597004448,0.507504839650875,v1-backfill,-26.0,,,,,,,
2025-09-06,401754524,2,2025,NC State,Virginia,0.5895523164726921,0.6155217488791802,v1-backfill,4.0,,,,,,,
2025-09-06,401754525,2,2025,SMU,Baylor,0.7455149863786692,0.757078857344898,v1-backfill,-3.0,,,,,,,
2025-09-06,401754529,2,2025,Pittsburgh,Central Michigan,0.932221428824493,0.7648619421934354,v1-backfill,28.0,,,,,,,
2025-09-06,401754618,2,2025,Syracuse,UConn,0.7601569368800198,0.614137451321062,v1-backfill,7.0,,,,,,,
2025-09-06,401756885,2,2025,Texas Tech,Kent State,0.9863483636612193,0.9307994089006936,v1-backfill,48.0,,,,,,,
2025-09-06,401757227,2,2025,Jacksonville State,Liberty,0.6692573521467876,0.544284725097955,v1-backfill,10.0,,,,,,,
2025-09-06,401752694,2,2025,Texas A&M,Utah State,0.931104629938416,0.8099473242687518,v1-backfill,22.0,,,,,,,
2025-09-06,401752686,2,2025,Kentucky,Ole Miss,0.1508648883176256,0.1894513743456264,v1-backfill,-7.0,,,,,,,
2025-09-06,401752689,2,2025,Missouri,Kansas,0.7265088314742024,0.6460715666422259,v1-backfill,11.0,,,,,,,
2025-09-06,401752818,2,2025,Rutgers,Miami (OH),0.816955016394889,0.5874486439646267,v1-backfill,28.0,,,,,,,
2025-09-06,401752824,2,2025,Oregon,Oklahoma State,0.9515430569832356,0.9258365747990496,v1-backfill,66.0,,,,,,,
2025-09-06,401752937,2,2025,Oregon State,Fresno State,0.6205331787843893,0.3789066603234453,v1-backfill,-9.0,,,,,,,
2025-09-06,401754637,2,2025,Clemson,Troy,0.864893125473241,0.7461524109181443,v1-backfill,11.0,,,,,,,
2025-09-06,401756880,2,2025,Cincinnati,Bowling Green,0.7151792377813616,0.4650915680343956,v1-backfill,14.0,,,,,,,
2025-09-06,401756881,2,2025,Colorado,Delaware,0.9198172683163496,0.6861500132829422,v1-backfill,24.0,,,,,,,
2025-09-06,401761603,2,2025,UTSA,Texas State,0.5054814873055022,0.4911931929769382,v1-backfill,-7.0,,,,,,,
2025-09-06,401762458,2,2025,Navy,UAB,0.8358522770545352,0.8380155085472889,v1-backfill,14.0,,,,,,,
2025-09-06,401762461,2,2025,Western Michigan,North Texas,0.3564518442303961,0.3906182733859942,v1-backfill,-3.0,,,,,,,
2025-09-06,401752820,2,2025,Wisconsin,Middle Tennessee,0.961391927945765,0.8988804401809174,v1-backfill,32.0,,,,,,,
2025-09-06,401756883,2,2025,Ohio,West Virginia,0.480156020566662,0.687149781229352,v1-backfill,7.0,,,,,,,
2025-09-06,401752684,2,2025,Florida,South Florida,0.8944833999449727,0.7505708346386182,v1-backfill,-2.0,,,,,,,
2025-09-06,401752682,2,2025,Arkansas,Arkansas State,0.8511486674653316,0.5975295905211405,v1-backfill,42.0,,,,,,,
2025-09-06,401757228,2,2025,Marshall,Missouri State,0.9126217292643732,0.8687448673622747,v1-backfill,-1.0,,,,,,,
2025-09-06,401754527,2,2025,Charlotte,North Carolina,0.2268885602562008,0.415540728575377,v1-backfill,-17.0,,,,,,,
2025-09-06,401756882,2,2025,Kansas State,Army,0.7820372599841863,0.6188254586590752,v1-backfill,-3.0,,,,,,,
2025-09-06,401756884,2,2025,Rice,Houston,0.3322184063448723,0.5167744378876759,v1-backfill,-26.0,,,,,,,
2025-09-06,401757232,2,2025,Toledo,Western Kentucky,0.4403951424623706,0.3619458673448137,v1-backfill,24.0,,,,,,,
2025-09-06,401761598,2,2025,Georgia State,Memphis,0.1465104196279764,0.1302679882727637,v1-backfill,-22.0,,,,,,,
2025-09-06,401761601,2,2025,South Alabama,Tulane,0.4938721457137879,0.5073294669183013,v1-backfill,-2.0,,,,,,,
2025-09-06,401752683,2,2025,Auburn,Ball State,0.9675490181273292,0.8806140746754169,v1-backfill,39.0,,,,,,,
2025-09-06,401752687,2,2025,LSU,Louisiana Tech,0.9405481662827808,0.8994909044374008,v1-backfill,16.0,,,,,,,
2025-09-06,401752688,2,2025,Mississippi State,Arizona State,0.2455902100722702,0.1758087029089736,v1-backfill,4.0,,,,,,,
2025-09-06,401752690,2,2025,Oklahoma,Michigan,0.4482392020217628,0.3484403058451183,v1-backfill,11.0,,,,,,,
2025-09-06,401752695,2,2025,Virginia Tech,Vanderbilt,0.5251047111641002,0.507616840777349,v1-backfill,-24.0,,,,,,,
2025-09-06,401752810,2,2025,Nebraska,Akron,0.9401503101486134,0.8597525628786299,v1-backfill,68.0,,,,,,,
2025-09-06,401752814,2,2025,USC,Georgia Southern,0.9473270738201948,0.7894220790909419,v1-backfill,39.0,,,,,,,
2025-09-06,401752816,2,2025,Michigan State,Boston College,0.2911379148338845,0.4222089798274127,v1-backfill,2.0,,,,,,,
2025-09-06,401752681,2,2025,Alabama,UL Monroe,0.9426034553170728,0.8450364632595757,v1-backfill,73.0,,,,,,,
2025-09-07,401752823,2,2025,UNLV,UCLA,0.5977066660717332,0.83694331418058,v1-backfill,7.0,,,,,,,
2025-09-07,401757229,2,2025,New Mexico State,Tulsa,0.6758255801425391,0.6745627153074056,v1-backfill,7.0,,,,,,,
2025-09-07,401752948,2,2025,Washington State,San Diego State,0.8143200099864865,0.7557363172393754,v1-backfill,23.0,,,,,,,
2025-09-07,401754526,2,2025,BYU,Stanford,0.9205975102643876,0.9115822048832344,v1-backfill,24.0,,,,,,,
2025-09-07,401757230,2,2025,Hawai'i,Sam Houston,0.4326987088880262,0.432616933755217,v1-backfill,17.0,,,,,,,
2025-09-11,401754531,3,2025,Wake Forest,NC State,0.4156920718076078,0.4487912565248806,v1-backfill,-10.0,,,,,,,
2025-09-12,401756893,3,2025,Houston,Colorado,0.4432599488872835,0.4649203448063752,v1-backfill,16.0,,,,,,,
2025-09-13,401756888,3,2025,Arizona,Kansas State,0.5391340063475718,0.4798451523577406,v1-backfill,6.0,,,,,,,
2025-09-13,401752837,3,2025,UCLA,New Mexico,0.8230249443096483,0.6019106649695679,v1-backfill,-25.0,,,,,,,
2025-09-13,401752696,3,2025,Alabama,Wisconsin,0.8215876228718906,0.713716751777698,v1-backfill,24.0,,,,,,,
2025-09-13,401752703,3,2025,Temple,Oklahoma,0.1381661701488414,0.2616939882423506,v1-backfill,-39.0,,,,,,,
2025-09-13,401752831,3,2025,Northwestern,Oregon,0.0698934463579182,0.130762515598745,v1-backfill,-20.0,,,,,,,
2025-09-13,401752839,3,2025,Michigan,Central Michigan,0.96594712212608,0.9157215622120636,v1-backfill,60.0,,,,,,,
2025-09-13,401754623,3,2025,Georgia Tech,Clemson,0.5688427794422292,0.4672103455990652,v1-backfill,3.0,,,,,,,
2025-09-13,401761608,3,2025,Troy,Memphis,0.3753925706133068,0.2726557703388702,v1-backfill,-21.0,,,,,,,
2025-09-13,401762817,3,2025,Kent State,Buffalo,0.0915286596515933,0.145439558618203,v1-backfill,-3.0,,,,,,,
2025-09-13,401752697,3,2025,Auburn,South Alabama,0.8410378123530784,0.6191925427632274,v1-backfill,16.0,,,,,,,
2025-09-13,401752702,3,2025,Missouri,Louisiana,0.9372124290658989,0.7986877931880514,v1-backfill,42.0,,,,,,,
2025-09-13,401757168,3,2025,Delaware,UConn,0.2654105705611622,0.390385461559869,v1-backfill,3.0,,,,,,,
2025-09-13,401752705,3,2025,Tennessee,Georgia,0.5977508159552882,0.4393767163748872,v1-backfill,-3.0,,,,,,,
2025-09-13,401752832,3,2025,Purdue,USC,0.1163844502381993,0.258126461783447,v1-backfill,-16.0,,,,,,,
2025-09-13,401752938,3,2025,Texas Tech,Oregon State,0.8833151385663434,0.8437067983303306,v1-backfill,31.0,,,,,,,
2025-09-13,401752949,3,2025,North Texas,Washington State,0.3318943448690387,0.468002186374905,v1-backfill,49.0,,,,,,,
2025-09-13,401754615,3,2025,Missouri State,SMU,0.0487869577969007,0.1906396411168029,v1-backfill,-18.0,,,,,,,
2025-09-13,401754638,3,2025,West Virginia,Pittsburgh,0.470080769066556,0.5494075216510421,v1-backfill,7.0,,,,,,,
2025-09-13,401756890,3,2025,Arkansas State,Iowa State,0.1030073893718607,0.2418185377669054,v1-backfill,-8.0,,,,,,,
2025-09-13,401752706,3,2025,Texas,UTEP,0.9783479551844836,0.9460590139364228,v1-backfill,17.0,,,,,,,
2025-09-13,401754535,3,2025,Miami,South Florida,0.8712439856515626,0.7123792981306406,v1-backfill,37.0,,,,,,,
2025-09-13,401757256,3,2025,Bowling Green,Liberty,0.5931232447599517,0.4656297216019316,v1-backfill,10.0,,,,,,,
2025-09-13,401757258,3,2025,Nevada,Middle Tennessee,0.7821872963545342,0.7187146783873498,v1-backfill,-1.0,,,,,,,
2025-09-13,401757233,3,2025,Florida International,Florida Atlantic,0.5590727295065535,0.6255977366595262,v1-backfill,10.0,,,,,,,
2025-09-13,401752700,3,2025,Ole Miss,Arkansas,0.7586408073970299,0.7536580824451569,v1-backfill,6.0,,,,,,,
2025-09-13,401752827,3,2025,Ohio State,Ohio,0.9570824268246216,0.880240254867549,v1-backfill,28.0,,,,,,,
2025-09-13,401752829,3,2025,Illinois,Western Michigan,0.9628081827626884,0.9294458790696736,v1-backfill,38.0,,,,,,,
2025-09-13,401754536,3,2025,Virginia Tech,Old Dominion,0.671992343326552,0.4745453435299359,v1-backfill,-19.0,,,,,,,
2025-09-13,401757234,3,2025,Georgia Southern,Jacksonville State,0.3163548807325448,0.3375551472317724,v1-backfill,7.0,,,,,,,
2025-09-13,401761607,3,2025,Southern Miss,App State,0.2469503818455936,0.2163679145968111,v1-backfill,16.0,,,,,,,
2025-09-13,401752698,3,2025,Kentucky,Eastern Michigan,0.938494414942058,0.8087643921869052,v1-backfill,25.0,,,,,,,
2025-09-13,401752699,3,2025,LSU,Florida,0.5455217530157791,0.6703954552864513,v1-backfill,10.0,,,,,,,
2025-09-13,401752707,3,2025,Notre Dame,Texas A&M,0.7457032185526363,0.7659861690736647,v1-backfill,-1.0,,,,,,,
2025-09-13,401752830,3,2025,Iowa,Massachusetts,0.9763215598658656,0.9497618644276954,v1-backfill,40.0,,,,,,,
2025-09-13,401757257,3,2025,Louisiana Tech,New Mexico State,0.665155112148411,0.5919567256983561,v1-backfill,35.0,,,,,,,
2025-09-13,401761604,3,2025,Coastal Carolina,East Carolina,0.2541081680233089,0.4254596521158332,v1-backfill,-38.0,,,,,,,
2025-09-13,401752704,3,2025,South Carolina,Vanderbilt,0.6650368947054062,0.719405000275551,v1-backfill,-24.0,,,,,,,
2025-09-14,401754534,3,2025,Tulane,Duke,0.5058018865877275,0.645109236041687,v1-backfill,7.0,,,,,,,
2025-09-14,401756895,3,2025,Wyoming,Utah,0.1304892028178526,0.35994945988886,v1-backfill,-25.0,,,,,,,
2025-09-14,401762465,3,2025,Tulsa,Navy,0.1115919583126033,0.1059163011451463,v1-backfill,-19.0,,,,,,,
2025-09-14,401762463,3,2025,UAB,Akron,0.7952738478359197,0.7211482562727404,v1-backfill,3.0,,,,,,,
2025-09-14,401760368,3,2025,Utah State,Air Force,0.3775832647360898,0.4502563725198951,v1-backfill,19.0,,,,,,,
2025-09-14,401752840,3,2025,California,Minnesota,0.3300672549703908,0.4276078322054817,v1-backfill,13.0,,,,,,,
2025-09-14,401754533,3,2025,Stanford,Boston College,0.1972594909786707,0.2702926912466343,v1-backfill,10.0,,,,,,,
2025-09-14,401756889,3,2025,Arizona State,Texas State,0.7937922785098572,0.6383368884571188,v1-backfill,19.0,,,,,,,
2025-09-18,401762468,4,2025,Charlotte,Rice,0.4310128136580611,0.4567865601490906,v1-backfill,-11.0,,,,,,,
2025-09-19,401756900,4,2025,Oklahoma State,Tulsa,0.8521216001215726,0.8014559595575016,v1-backfill,-7.0,,,,,,,
2025-09-20,401752844,4,2025,Rutgers,Iowa,0.5747091516763465,0.5345223337334769,v1-backfill,-10.0,,,,,,,
2025-09-20,401752708,4,2025,Memphis,Arkansas,0.3566548820883218,0.7108523794930173,v1-backfill,1.0,,,,,,,
2025-09-20,401752845,4,2025,Wisconsin,Maryland,0.6176491069288915,0.5520782382534757,v1-backfill,-17.0,,,,,,,
2025-09-20,401754537,4,2025,Clemson,Syracuse,0.5787574829375683,0.582729629362961,v1-backfill,-13.0,,,,,,,
2025-09-20,401754636,4,2025,TCU,SMU,0.60660250806788,0.574869597427901,v1-backfill,11.0,,,,,,,
2025-09-20,401754642,4,2025,Louisville,Bowling Green,0.924940231426178,0.8198507679272843,v1-backfill,23.0,,,,,,,
2025-09-20,401756901,4,2025,Utah,Texas Tech,0.583695675066302,0.6094564408932525,v1-backfill,-24.0,,,,,,,
2025-09-20,401760376,4,2025,Miami (OH),UNLV,0.4034123078280453,0.2899326125850688,v1-backfill,-3.0,,,,,,,
2025-09-20,401762469,4,2025,Army,North Texas,0.5699267484213457,0.6408187815190773,v1-backfill,-7.0,,,,,,,
2025-09-20,401752715,4,2025,Tennessee,UAB,0.9766309819710576,0.898024661707239,v1-backfill,32.0,,,,,,,
2025-09-20,401752841,4,2025,Oregon,Oregon State,0.973851414174762,0.9649236407505636,v1-backfill,34.0,,,,,,,
2025-09-20,401752711,4,2025,Ole Miss,Tulane,0.9110606039259148,0.763951634471526,v1-backfill,35.0,,,,,,,
2025-09-20,401752714,4,2025,Oklahoma,Auburn,0.6042582473338465,0.6413679465882729,v1-backfill,7.0,,,,,,,
2025-09-20,401752846,4,2025,Nebraska,Michigan,0.5249274413595174,0.427758628539297,v1-backfill,-3.0,,,,,,,
2025-09-20,401752848,4,2025,Notre Dame,Purdue,0.9499491121654232,0.9239755825685796,v1-backfill,26.0,,,,,,,
2025-09-20,401754541,4,2025,Florida State,Kent State,0.986761237283003,0.92413690246419,v1-backfill,56.0,,,,,,,
2025-09-20,401754640,4,2025,UCF,North Carolina,0.7601293843920538,0.5668834924058095,v1-backfill,25.0,,,,,,,
2025-09-20,401757169,4,2025,UConn,Ball State,0.889946819404429,0.813781594618677,v1-backfill,6.0,,,,,,,
2025-09-20,401757262,4,2025,Liberty,James Madison,0.3260658799259214,0.3976634170056,v1-backfill,-18.0,,,,,,,
2025-09-20,401761610,4,2025,Eastern Michigan,Louisiana,0.3445713203846776,0.2221147400579274,v1-backfill,3.0,,,,,,,
2025-09-20,401761613,4,2025,Buffalo,Troy,0.6118636236818208,0.6505740995378906,v1-backfill,-4.0,,,,,,,
2025-09-20,401762820,4,2025,Western Michigan,Toledo,0.1800771370582682,0.2781765621400257,v1-backfill,1.0,,,,,,,
2025-09-20,401754538,4,2025,Duke,NC State,0.5453508498734314,0.4867848543904601,v1-backfill,12.0,,,,,,,
2025-09-20,401752712,4,2025,Mississippi State,Northern Illinois,0.854643054872355,0.5548347207299729,v1-backfill,28.0,,,,,,,
2025-09-20,401754542,4,2025,Georgia Tech,Temple,0.9456968334511002,0.8481973535396299,v1-backfill,21.0,,,,,,,
2025-09-20,401756899,4,2025,Kansas,West Virginia,0.6574339209231457,0.6281642661501522,v1-backfill,31.0,,,,,,,
2025-09-20,401757259,4,2025,Florida International,Delaware,0.6254987962135614,0.5380041752029733,v1-backfill,-22.0,,,,,,,
2025-09-20,401757261,4,2025,Kennesaw State,Arkansas State,0.3748576473883618,0.302440336756597,v1-backfill,7.0,,,,,,,
2025-09-20,401752713,4,2025,Missouri,South Carolina,0.7904832477073294,0.6977407092681343,v1-backfill,9.0,,,,,,,
2025-09-20,401757264,4,2025,Middle Tennessee,Marshall,0.1709465021498382,0.1072300513095577,v1-backfill,-14.0,,,,,,,
2025-09-20,401757268,4,2025,Western Kentucky,Nevada,0.8025907999688486,0.8021965321818878,v1-backfill,15.0,,,,,,,
2025-09-20,401760372,4,2025,Air Force,Boise State,0.3911131508940492,0.2837174198814919,v1-backfill,-12.0,,,,,,,
2025-09-20,401761611,4,2025,South Alabama,Coastal Carolina,0.8685813385783384,0.754534200368589,v1-backfill,-18.0,,,,,,,
2025-09-20,401752709,4,2025,Miami,Florida,0.718157067488568,0.687242461426009,v1-backfill,19.0,,,,,,,
2025-09-20,401752716,4,2025,Vanderbilt,Georgia State,0.9658785227573042,0.9041072672943292,v1-backfill,49.0,,,,,,,
2025-09-20,401752842,4,2025,Washington State,Washington,0.2092131750639144,0.3047727760278898,v1-backfill,-35.0,,,,,,,
2025-09-20,401752843,4,2025,Indiana,Illinois,0.7340536896262315,0.5431685175644261,v1-backfill,53.0,,,,,,,
2025-09-20,401754539,4,2025,Virginia,Stanford,0.7973985702133773,0.7271997582161208,v1-backfill,28.0,,,,,,,
2025-09-20,401756896,4,2025,Baylor,Arizona State,0.5108122049264578,0.4171514101182114,v1-backfill,-3.0,,,,,,,
2025-09-20,401756898,4,2025,East Carolina,BYU,0.2377426203633023,0.3623332433828947,v1-backfill,-21.0,,,,,,,
2025-09-20,401757263,4,2025,Louisiana Tech,Southern Miss,0.7901238984596902,0.7146001233294608,v1-backfill,10.0,,,,,,,
2025-09-21,401752723,4,2025,Texas,Sam Houston,0.968524670271548,0.9346856998431996,v1-backfill,55.0,,,,,,,
2025-09-21,401757267,4,2025,UTEP,UL Monroe,0.6291654403922566,0.5170691644868517,v1-backfill,-6.0,,,,,,,
2025-09-21,401760373,4,2025,Colorado State,UTSA,0.3748962390561448,0.4676756462759391,v1-backfill,-1.0,,,,,,,
2025-09-21,401756897,4,2025,Colorado,Wyoming,0.8739499255481268,0.7006879617465881,v1-backfill,17.0,,,,,,,
2025-09-21,401754540,4,2025,San Diego State,California,0.1727176436926803,0.197837849084375,v1-backfill,34.0,,,,,,,
2025-09-21,401752847,4,2025,USC,Michigan State,0.8485127481279608,0.77823810678634,v1-backfill,14.0,,,,,,,
2025-09-21,401760374,4,2025,Hawai'i,Fresno State,0.2885289137903417,0.3926907026296708,v1-backfill,-2.0,,,,,,,
2025-09-25,401762471,5,2025,East Carolina,Army,0.5443248114504602,0.4952501512290113,v1-backfill,22.0,,,,,,,
2025-09-26,401754543,5,2025,Virginia,Florida State,0.4287197131357061,0.5432957325906299,v1-backfill,8.0,,,,,,,
2025-09-27,401756902,5,2025,Arizona State,TCU,0.5183581825321897,0.5676524259269533,v1-backfill,3.0,,,,,,,
2025-09-27,401752939,5,2025,Oregon State,Houston,0.277264032347557,0.2482711226447153,v1-backfill,-3.0,,,,,,,
2025-09-27,401752717,5,2025,Arkansas,Notre Dame,0.3700581271180434,0.2996684779402256,v1-backfill,-43.0,,,,,,,
2025-09-27,401752849,5,2025,Minnesota,Rutgers,0.5910338273047079,0.6234878085801877,v1-backfill,3.0,,,,,,,
2025-09-27,401752850,5,2025,Illinois,USC,0.4199401663494159,0.4989017761172471,v1-backfill,2.0,,,,,,,
2025-09-27,401754545,5,2025,Syracuse,Duke,0.6891183948338172,0.7118371926926258,v1-backfill,-35.0,,,,,,,
2025-09-27,401754546,5,2025,Wake Forest,Georgia Tech,0.2448554657191946,0.2631360477172129,v1-backfill,-1.0,,,,,,,
2025-09-27,401754547,5,2025,Pittsburgh,Louisville,0.3416357202118678,0.2402010766004057,v1-backfill,-7.0,,,,,,,
2025-09-27,401756905,5,2025,Kansas,Cincinnati,0.6718222305310264,0.7341926103939467,v1-backfill,-3.0,,,,,,,
2025-09-27,401756906,5,2025,Kansas State,UCF,0.4289660330378734,0.5614261041717014,v1-backfill,14.0,,,,,,,
2025-09-27,401761617,5,2025,North Texas,South Alabama,0.7795568825428713,0.7956541363978206,v1-backfill,14.0,,,,,,,
2025-09-27,401762825,5,2025,Ohio,Bowling Green,0.7617137749389589,0.7782958482628952,v1-backfill,15.0,,,,,,,
2025-09-27,401752725,5,2025,Vanderbilt,Utah State,0.9272035254079029,0.8096839736762786,v1-backfill,20.0,,,,,,,
2025-09-27,401762826,5,2025,Central Michigan,Eastern Michigan,0.5869609306833742,0.660821856822075,v1-backfill,11.0,,,,,,,
2025-09-27,401761614,5,2025,James Madison,Georgia Southern,0.7791621258188124,0.7314536865817649,v1-backfill,25.0,,,,,,,
2025-09-27,401761616,5,2025,UL Monroe,Arkansas State,0.5346771360012095,0.5849971403521658,v1-backfill,12.0,,,,,,,
2025-09-27,401752719,5,2025,Ole Miss,LSU,0.7660243941867334,0.6447943724020847,v1-backfill,5.0,,,,,,,
2025-09-27,401752724,5,2025,Texas A&M,Auburn,0.6739092327531122,0.6802240975307963,v1-backfill,6.0,,,,,,,
2025-09-27,401752851,5,2025,Northwestern,UCLA,0.6675446798785436,0.6962097007046194,v1-backfill,3.0,,,,,,,
2025-09-27,401752852,5,2025,Washington,Ohio State,0.2753242850708282,0.2163405985616864,v1-backfill,-18.0,,,,,,,
2025-09-27,401752853,5,2025,Iowa,Indiana,0.2549985724445138,0.4295675997491651,v1-backfill,-5.0,,,,,,,
2025-09-27,401754544,5,2025,Boston College,California,0.6845707457558025,0.482283798858292,v1-backfill,-4.0,,,,,,,
2025-09-27,401756907,5,2025,Oklahoma State,Baylor,0.1764452182308753,0.2708158616140383,v1-backfill,-18.0,,,,,,,
2025-09-27,401756908,5,2025,West Virginia,Utah,0.3744770907365893,0.4753077184976076,v1-backfill,-34.0,,,,,,,
2025-09-27,401757170,5,2025,Buffalo,UConn,0.5245019922317742,0.5301980619254009,v1-backfill,-3.0,,,,,,,
2025-09-27,401760380,5,2025,Northern Illinois,San Diego State,0.4809177093145441,0.5481177029262297,v1-backfill,-3.0,,,,,,,
2025-09-27,401762473,5,2025,Navy,Rice,0.8371682328866332,0.831132544845491,v1-backfill,8.0,,,,,,,
2025-09-27,401762824,5,2025,Toledo,Akron,0.8640875888423429,0.7957527144455881,v1-backfill,42.0,,,,,,,
2025-09-27,401757274,5,2025,New Mexico,New Mexico State,0.7892518323469155,0.7640667149478169,v1-backfill,18.0,,,,,,,
2025-09-27,401760378,5,2025,Air Force,Hawai'i,0.7204022142419626,0.5338481339678072,v1-backfill,-9.0,,,,,,,
2025-09-27,401762474,5,2025,Tulsa,Tulane,0.1638483222325703,0.1617258617057446,v1-backfill,-17.0,,,,,,,
2025-09-27,401752720,5,2025,Mississippi State,Tennessee,0.2777391406191127,0.2837056319706061,v1-backfill,-7.0,,,,,,,
2025-09-27,401757270,5,2025,Kennesaw State,Middle Tennessee,0.6683764990892025,0.69979591323076,v1-backfill,8.0,,,,,,,
2025-09-27,401757271,5,2025,Old Dominion,Liberty,0.8264779818819068,0.7396119557471532,v1-backfill,14.0,,,,,,,
2025-09-27,401754548,5,2025,NC State,Virginia Tech,0.6147376113792701,0.6775432036005972,v1-backfill,-2.0,,,,,,,
2025-09-27,401756904,5,2025,Iowa State,Arizona,0.7093163740163531,0.7559803930268341,v1-backfill,25.0,,,,,,,
2025-09-27,401757269,5,2025,Southern Miss,Jacksonville State,0.2420869580583554,0.234694489827325,v1-backfill,17.0,,,,,,,
2025-09-27,401757273,5,2025,Missouri State,Western Kentucky,0.3479984065661169,0.3997141273167618,v1-backfill,-5.0,,,,,,,
2025-09-27,401762472,5,2025,Florida Atlantic,Memphis,0.1943955328603759,0.0950299110838891,v1-backfill,-29.0,,,,,,,
2025-09-27,401752718,5,2025,Georgia,Alabama,0.5757919244869623,0.7709884577902538,v1-backfill,-3.0,,,,,,,
2025-09-27,401752721,5,2025,Missouri,Massachusetts,0.9913795863053346,0.9768884843306948,v1-backfill,36.0,,,,,,,
2025-09-27,401752854,5,2025,Penn State,Oregon,0.5419356616918388,0.5106171255887136,v1-backfill,-6.0,,,,,,,
2025-09-27,401752950,5,2025,Colorado State,Washington State,0.4247992145825728,0.5772492578075278,v1-backfill,-17.0,,,,,,,
2025-09-27,401754549,5,2025,Stanford,San José State,0.6630805540700597,0.403484325660616,v1-backfill,1.0,,,,,,,
2025-09-27,401760379,5,2025,Boise State,App State,0.8395126498060775,0.8144277365235462,v1-backfill,33.0,,,,,,,
2025-09-27,401752722,5,2025,South Carolina,Kentucky,0.6193713034617916,0.7387571946165301,v1-backfill,22.0,,,,,,,
2025-09-28,401761615,5,2025,Louisiana,Marshall,0.3965647578879283,0.3306045665220987,v1-backfill,3.0,,,,,,,
2025-09-28,401757272,5,2025,UTEP,Louisiana Tech,0.3537173732823416,0.3248462186027838,v1-backfill,-19.0,,,,,,,
2025-09-28,401756903,5,2025,Colorado,BYU,0.3244814340737597,0.293514658349757,v1-backfill,-3.0,,,,,,,
2025-10-03,401757275,6,2025,New Mexico State,Sam Houston,0.4732614229150037,0.4477204638785699,v1-backfill,27.0,,,,,,,
2025-10-03,401757276,6,2025,Delaware,Western Kentucky,0.485521046617701,0.5121863596228289,v1-backfill,-3.0,,,,,,,
2025-10-03,401762475,6,2025,South Florida,Charlotte,0.8855895466365024,0.8709484531888724,v1-backfill,28.0,,,,,,,
2025-10-04,401760384,6,2025,San José State,New Mexico,0.5315751595652282,0.4929758622930467,v1-backfill,7.0,,,,,,,
2025-10-04,401756909,6,2025,BYU,West Virginia,0.8830719017114166,0.8884289625878024,v1-backfill,14.0,,,,,,,
2025-10-04,401760382,6,2025,San Diego State,Colorado State,0.7194219219093145,0.6814936325403121,v1-backfill,21.0,,,,,,,
2025-10-04,401752728,6,2025,Georgia,Kentucky,0.8610035980365359,0.9145198168088164,v1-backfill,21.0,,,,,,,
2025-10-04,401752856,6,2025,Michigan,Wisconsin,0.854009358890774,0.85037272982198,v1-backfill,14.0,,,,,,,
2025-10-04,401752861,6,2025,Purdue,Illinois,0.223301727144616,0.202865262643646,v1-backfill,-16.0,,,,,,,
2025-10-04,401754550,6,2025,Pittsburgh,Boston College,0.6123134977157616,0.5957407951271275,v1-backfill,41.0,,,,,,,
2025-10-04,401754552,6,2025,North Carolina,Clemson,0.3553440792744894,0.360903342605479,v1-backfill,-28.0,,,,,,,
2025-10-04,401756911,6,2025,Baylor,Kansas State,0.6172032497156525,0.5827908303738226,v1-backfill,1.0,,,,,,,
2025-10-04,401756912,6,2025,Cincinnati,Iowa State,0.4407122446506034,0.2911009497557076,v1-backfill,8.0,,,,,,,
2025-10-04,401760381,6,2025,Navy,Air Force,0.7831822304955556,0.8907723520479585,v1-backfill,3.0,,,,,,,
2025-10-04,401762476,6,2025,UAB,Army,0.3463110113305335,0.3901693864188723,v1-backfill,-18.0,,,,,,,
2025-10-04,401762830,6,2025,Ball State,Ohio,0.1272002228112436,0.1144705474746387,v1-backfill,6.0,,,,,,,
2025-10-04,401754556,6,2025,Virginia Tech,Wake Forest,0.6601575753964323,0.6471060147154277,v1-backfill,-7.0,,,,,,,
2025-10-04,401762479,6,2025,Temple,UTSA,0.3223781886180524,0.3268317290420844,v1-backfill,6.0,,,,,,,
2025-10-04,401762832,6,2025,Massachusetts,Western Michigan,0.2700165427645694,0.2547113036596314,v1-backfill,-18.0,,,,,,,
2025-10-04,401756910,6,2025,Arizona,Oklahoma State,0.8364738377241036,0.8053663323839028,v1-backfill,28.0,,,,,,,
2025-10-04,401752726,6,2025,Alabama,Vanderbilt,0.6472232513640553,0.5718949738857357,v1-backfill,16.0,,,,,,,
2025-10-04,401752727,6,2025,Florida,Texas,0.2731525552480151,0.2868433201695329,v1-backfill,8.0,,,,,,,
2025-10-04,401752855,6,2025,UCLA,Penn State,0.0767511316269714,0.091684771532612,v1-backfill,5.0,,,,,,,
2025-10-04,401752857,6,2025,Maryland,Washington,0.3644482004842211,0.4292484550296108,v1-backfill,-4.0,,,,,,,
2025-10-04,401752858,6,2025,Northwestern,UL Monroe,0.8453098457300829,0.5952843266196856,v1-backfill,35.0,,,,,,,
2025-10-04,401752940,6,2025,App State,Oregon State,0.4356394631488992,0.7205688007456327,v1-backfill,4.0,,,,,,,
2025-10-04,401754554,6,2025,Louisville,Virginia,0.6978946419498626,0.7782491582881597,v1-backfill,-3.0,,,,,,,
2025-10-04,401754555,6,2025,SMU,Syracuse,0.696892737194002,0.6165915287477023,v1-backfill,13.0,,,,,,,
2025-10-04,401757165,6,2025,Notre Dame,Boise State,0.9145097477322696,0.770101257483413,v1-backfill,21.0,,,,,,,
2025-10-04,401757171,6,2025,UConn,Florida International,0.7733752262338455,0.7887749250513754,v1-backfill,41.0,,,,,,,
2025-10-04,401761618,6,2025,Georgia State,James Madison,0.1289439208224804,0.167286110849314,v1-backfill,-7.0,,,,,,,
2025-10-04,401762829,6,2025,Akron,Central Michigan,0.4660074336337538,0.4399929807599182,v1-backfill,6.0,,,,,,,
2025-10-04,401762831,6,2025,Buffalo,Eastern Michigan,0.7936622890280918,0.8156043498769895,v1-backfill,1.0,,,,,,,
2025-10-04,401762873,6,2025,Northern Illinois,Miami (OH),0.3509464340767362,0.4276206609926707,v1-backfill,-11.0,,,,,,,
2025-10-04,401752729,6,2025,Oklahoma,Kent State,0.9918730264552365,0.9692002095538492,v1-backfill,44.0,,,,,,,
2025-10-04,401752860,6,2025,Nebraska,Michigan State,0.828933616774264,0.6700281388364764,v1-backfill,11.0,,,,,,,
2025-10-04,401761620,6,2025,Arkansas State,Texas State,0.2335622816658398,0.2464361837061569,v1-backfill,1.0,,,,,,,
2025-10-04,401761619,6,2025,Old Dominion,Coastal Carolina,0.8641697831647257,0.7695521909047776,v1-backfill,40.0,,,,,,,
2025-10-04,401756913,6,2025,Houston,Texas Tech,0.3221157392615588,0.4034735402364267,v1-backfill,-24.0,,,,,,,
2025-10-04,401760385,6,2025,Wyoming,UNLV,0.2771708115491844,0.1666436751412255,v1-backfill,-14.0,,,,,,,
2025-10-04,401761621,6,2025,Troy,South Alabama,0.6280978387197034,0.6964830385283007,v1-backfill,7.0,,,,,,,
2025-10-04,401762477,6,2025,Rice,Florida Atlantic,0.6443990680622337,0.7267155464422731,v1-backfill,-6.0,,,,,,,
2025-10-04,401752730,6,2025,Texas A&M,Mississippi State,0.7170922187070452,0.7886066125609612,v1-backfill,22.0,,,,,,,
2025-10-04,401752859,6,2025,Ohio State,Minnesota,0.8859044818509425,0.9081590186346088,v1-backfill,39.0,,,,,,,
2025-10-04,401754553,6,2025,Florida State,Miami,0.4450702447425116,0.2417633421106666,v1-backfill,-6.0,,,,,,,
2025-10-04,401756914,6,2025,TCU,Colorado,0.7299689342822127,0.7797599535233107,v1-backfill,14.0,,,,,,,
2025-10-04,401756915,6,2025,UCF,Kansas,0.5291414436583496,0.425041141739048,v1-backfill,-7.0,,,,,,,
2025-10-05,401762478,6,2025,Memphis,Tulsa,0.948362707108433,0.9537368021111996,v1-backfill,38.0,,,,,,,
2025-10-05,401754551,6,2025,California,Duke,0.390625130876987,0.4092472721417902,v1-backfill,-24.0,,,,,,,
2025-10-05,401760383,6,2025,Fresno State,Nevada,0.8570346855768608,0.8820802691674293,v1-backfill,3.0,,,,,,,
2025-10-08,401757278,7,2025,Middle Tennessee,Missouri State,0.3718431089105719,0.3013072668448845,v1-backfill,-2.0,,,,,,,
2025-10-09,401757277,7,2025,UTEP,Liberty,0.4457282623525996,0.3638606462165614,v1-backfill,-11.0,,,,,,,
2025-10-09,401757280,7,2025,Kennesaw State,Louisiana Tech,0.3051926416407176,0.3182882565226315,v1-backfill,28.0,,,,,,,
2025-10-09,401762480,7,2025,Tulane,East Carolina,0.5636661139253648,0.6402186125527742,v1-backfill,7.0,,,,,,,
2025-10-10,401757279,7,2025,Sam Houston,Jacksonville State,0.2049129334517991,0.2662856472299234,v1-backfill,-2.0,,,,,,,
2025-10-10,401761622,7,2025,Georgia Southern,Southern Miss,0.6550043015207261,0.6856208184029189,v1-backfill,-3.0,,,,,,,
2025-10-10,401762481,7,2025,North Texas,South Florida,0.6100960075783534,0.6394184446774815,v1-backfill,-27.0,,,,,,,
2025-10-11,401752862,7,2025,Washington,Rutgers,0.6674151420748557,0.7523313787419285,v1-backfill,19.0,,,,,,,
2025-10-11,401760388,7,2025,Colorado State,Fresno State,0.3113265938439497,0.2499239482551741,v1-backfill,28.0,,,,,,,
2025-10-11,401752734,7,2025,Missouri,Alabama,0.5372073431195048,0.5586366655287502,v1-backfill,-3.0,,,,,,,
2025-10-11,401752863,7,2025,Michigan State,UCLA,0.633643833609696,0.6675423973986603,v1-backfill,-25.0,,,,,,,
2025-10-11,401752865,7,2025,Illinois,Ohio State,0.1628299934686884,0.1896636224434683,v1-backfill,-18.0,,,,,,,
2025-10-11,401754559,7,2025,Florida State,Pittsburgh,0.6080737725012483,0.5248119007104997,v1-backfill,-3.0,,,,,,,
2025-10-11,401754561,7,2025,SMU,Stanford,0.8723975997548122,0.886682753851155,v1-backfill,24.0,,,,,,,
2025-10-11,401756917,7,2025,Cincinnati,UCF,0.659184365658804,0.7272896626381491,v1-backfill,9.0,,,,,,,
2025-10-11,401756920,7,2025,Oklahoma State,Houston,0.2536067185659458,0.2873494327477719,v1-backfill,-22.0,,,,,,,
2025-10-11,401761625,7,2025,James Madison,Louisiana,0.7683469748610323,0.7825524102761119,v1-backfill,10.0,,,,,,,
2025-10-11,401762483,7,2025,Army,Charlotte,0.8711099252743415,0.8733089772627008,v1-backfill,17.0,,,,,,,
2025-10-11,401762833,7,2025,Akron,Miami (OH),0.2090304646712365,0.2843221524700335,v1-backfill,-13.0,,,,,,,
2025-10-11,401762835,7,2025,Bowling Green,Toledo,0.3549068354314521,0.4520151321830586,v1-backfill,5.0,,,,,,,
2025-10-11,401752733,7,2025,Ole Miss,Washington State,0.9504082256871615,0.9115542848972604,v1-backfill,3.0,,,,,,,
2025-10-11,401762836,7,2025,Eastern Michigan,Northern Illinois,0.4415318065378378,0.3901409798490878,v1-backfill,6.0,,,,,,,
2025-10-11,401762837,7,2025,Kent State,Massachusetts,0.4724613017725614,0.5704227165118416,v1-backfill,36.0,,,,,,,
2025-10-11,401752736,7,2025,Texas,Oklahoma,0.5917304103470848,0.5653364276394938,v1-backfill,17.0,,,,,,,
2025-10-11,401752866,7,2025,Penn State,Northwestern,0.8822079038519058,0.8106659057348035,v1-backfill,-1.0,,,,,,,
2025-10-11,401752867,7,2025,Maryland,Nebraska,0.3555854568522576,0.5016134209212356,v1-backfill,-3.0,,,,,,,
2025-10-11,401752870,7,2025,Oregon,Indiana,0.5825863474917674,0.6690337589541453,v1-backfill,-10.0,,,,,,,
2025-10-11,401754560,7,2025,Georgia Tech,Virginia Tech,0.7961979555957442,0.8262712963843549,v1-backfill,15.0,,,,,,,
2025-10-11,401754562,7,2025,Notre Dame,NC State,0.9072723008207128,0.8979661903928464,v1-backfill,29.0,,,,,,,
2025-10-11,401754563,7,2025,Oregon State,Wake Forest,0.4115143634722541,0.3122183407829842,v1-backfill,-25.0,,,,,,,
2025-10-11,401756918,7,2025,Colorado,Iowa State,0.3957063747921329,0.3071042981043386,v1-backfill,7.0,,,,,,,
2025-10-11,401756919,7,2025,Kansas State,TCU,0.4311892863552722,0.3700194525524128,v1-backfill,13.0,,,,,,,
2025-10-11,401760386,7,2025,UNLV,Air Force,0.7703169880008359,0.9141609655279084,v1-backfill,3.0,,,,,,,
2025-10-11,401761624,7,2025,Georgia State,App State,0.4207878621634714,0.4020217438291366,v1-backfill,-21.0,,,,,,,
2025-10-11,401761626,7,2025,Marshall,Old Dominion,0.4229375965170303,0.53198474856618,v1-backfill,24.0,,,,,,,
2025-10-11,401762834,7,2025,Western Michigan,Ball State,0.7192704268940623,0.6914103052817613,v1-backfill,42.0,,,,,,,
2025-10-11,401762484,7,2025,Temple,Navy,0.2729336485665558,0.2156229851968944,v1-backfill,-1.0,,,,,,,
2025-10-11,401752735,7,2025,Tennessee,Arkansas,0.822660563950545,0.7913152629563179,v1-backfill,3.0,,,,,,,
2025-10-11,401762482,7,2025,Florida Atlantic,UAB,0.6435281624792711,0.5661562135916278,v1-backfill,20.0,,,,,,,
2025-10-11,401752737,7,2025,Texas A&M,Florida,0.6758217727591004,0.6543195216922115,v1-backfill,17.0,,,,,,,
2025-10-11,401752869,7,2025,Wisconsin,Iowa,0.3068197931858148,0.2632362458290077,v1-backfill,-37.0,,,,,,,
2025-10-11,401760391,7,2025,Wyoming,San José State,0.4882904397348806,0.3883754449254371,v1-backfill,7.0,,,,,,,
2025-10-11,401761623,7,2025,Coastal Carolina,UL Monroe,0.5656654677621443,0.5725293943100555,v1-backfill,15.0,,,,,,,
2025-10-11,401752731,7,2025,Auburn,Georgia,0.3264086850244299,0.2196314889063995,v1-backfill,-10.0,,,,,,,
2025-10-11,401752864,7,2025,Minnesota,Purdue,0.8461886890816485,0.8403155352007301,v1-backfill,7.0,,,,,,,
2025-10-11,401752868,7,2025,USC,Michigan,0.5281596037020144,0.5134247725509463,v1-backfill,18.0,,,,,,,
2025-10-11,401754558,7,2025,Boston College,Clemson,0.3247621809820228,0.2450675173543382,v1-backfill,-31.0,,,,,,,
2025-10-11,401756921,7,2025,Texas Tech,Kansas,0.7129519561084902,0.6801408685907631,v1-backfill,25.0,,,,,,,
2025-10-11,401762485,7,2025,UTSA,Rice,0.7382449655190085,0.723421427451703,v1-backfill,48.0,,,,,,,
2025-10-11,401752732,7,2025,LSU,South Carolina,0.6650196716836402,0.7000483866820792,v1-backfill,10.0,,,,,,,
2025-10-12,401756916,7,2025,Arizona,BYU,0.3347744622741125,0.2888226775726595,v1-backfill,-6.0,,,,,,,
2025-10-12,401761627,7,2025,Texas State,Troy,0.65306938551309,0.6332845281760737,v1-backfill,-7.0,,,,,,,
2025-10-12,401760387,7,2025,Boise State,New Mexico,0.815706495974164,0.802404366387218,v1-backfill,16.0,,,,,,,
2025-10-12,401756922,7,2025,Utah,Arizona State,0.601446496958451,0.3871096293821718,v1-backfill,32.0,,,,,,,
2025-10-12,401760390,7,2025,Nevada,San Diego State,0.2973385665757144,0.2469640744981724,v1-backfill,-34.0,,,,,,,
2025-10-12,401760389,7,2025,Hawai'i,Utah State,0.482378906091276,0.5492790879422303,v1-backfill,18.0,,,,,,,
2025-10-14,401757282,8,2025,Liberty,New Mexico State,0.6699201450348238,0.6720235392393357,v1-backfill,3.0,,,,,,,
2025-10-14,401761628,8,2025,South Alabama,Arkansas State,0.6883133163756805,0.5760622169681624,v1-backfill,-1.0,,,,,,,
2025-10-15,401757281,8,2025,Western Kentucky,Florida International,0.8185245331793236,0.8348026576756516,v1-backfill,-19.0,,,,,,,
2025-10-15,401757283,8,2025,Jacksonville State,Delaware,0.6446713745387547,0.5908310494506647,v1-backfill,13.0,,,,,,,
2025-10-15,401757284,8,2025,Sam Houston,UTEP,0.5220878929088778,0.5900691759924139,v1-backfill,-18.0,,,,,,,
2025-10-16,401762486,8,2025,East Carolina,Tulsa,0.9146717503475672,0.8693013748764485,v1-backfill,14.0,,,,,,,
2025-10-17,401754564,8,2025,Miami,Louisville,0.6624133250242007,0.6514579148234114,v1-backfill,-3.0,,,,,,,
2025-10-18,401752872,8,2025,Minnesota,Nebraska,0.4335975919104118,0.5768634130937075,v1-backfill,18.0,,,,,,,
2025-10-18,401760396,8,2025,Utah State,San José State,0.601038487168955,0.5500210211186587,v1-backfill,5.0,,,,,,,
2025-10-18,401754371,8,2025,California,North Carolina,0.6732154134940892,0.7146042260554297,v1-backfill,3.0,,,,,,,
2025-10-18,401752745,8,2025,Vanderbilt,LSU,0.5794325102955116,0.4250617286047602,v1-backfill,7.0,,,,,,,
2025-10-18,401752873,8,2025,Michigan,Washington,0.5568405679619053,0.4805708090706363,v1-backfill,17.0,,,,,,,
2025-10-18,401754566,8,2025,Duke,Georgia Tech,0.6084905413318487,0.6299223867494255,v1-backfill,-9.0,,,,,,,
2025-10-18,401754569,8,2025,Boston College,UConn,0.5736847028974995,0.2922722585259779,v1-backfill,-15.0,,,,,,,
2025-10-18,401756925,8,2025,Houston,Arizona,0.5556552901462193,0.573382727522898,v1-backfill,3.0,,,,,,,
2025-10-18,401756927,8,2025,TCU,Baylor,0.6249300296981091,0.6240918409107533,v1-backfill,6.0,,,,,,,
2025-10-18,401762488,8,2025,Tulane,Army,0.6771455086333171,0.6956445192208413,v1-backfill,7.0,,,,,,,
2025-10-18,401762839,8,2025,Bowling Green,Central Michigan,0.7956240320858886,0.760251131431432,v1-backfill,-21.0,,,,,,,
2025-10-18,401762841,8,2025,Miami (OH),Eastern Michigan,0.8556698325154288,0.8658957287324262,v1-backfill,14.0,,,,,,,
2025-10-18,401752744,8,2025,South Carolina,Oklahoma,0.5149088162563544,0.5175672603478366,v1-backfill,-19.0,,,,,,,
2025-10-18,401756928,8,2025,UCF,West Virginia,0.7251752475119932,0.6004991161094906,v1-backfill,32.0,,,,,,,
2025-10-18,401762842,8,2025,Toledo,Kent State,0.943323731981174,0.8767387634262563,v1-backfill,35.0,,,,,,,
2025-10-18,401762840,8,2025,Massachusetts,Buffalo,0.1389197948275151,0.1266058223970878,v1-backfill,-7.0,,,,,,,
2025-10-18,401752874,8,2025,Northwestern,Purdue,0.7804471388223065,0.7745737462434547,v1-backfill,19.0,,,,,,,
2025-10-18,401761633,8,2025,UL Monroe,Troy,0.2307995549073393,0.2621499129317843,v1-backfill,-23.0,,,,,,,
2025-10-18,401752739,8,2025,Arkansas,Texas A&M,0.3717886041514451,0.2982908564904965,v1-backfill,-3.0,,,,,,,
2025-10-18,401752742,8,2025,Georgia,Ole Miss,0.5534842072861597,0.5459901375116786,v1-backfill,8.0,,,,,,,
2025-10-18,401752877,8,2025,Wisconsin,Ohio State,0.0557612015199041,0.0367653278080789,v1-backfill,-34.0,,,,,,,
2025-10-18,401752878,8,2025,Indiana,Michigan State,0.9596090965649214,0.9558505830967376,v1-backfill,25.0,,,,,,,
2025-10-18,401754565,8,2025,Clemson,SMU,0.6093727353202171,0.5273460861331803,v1-backfill,-11.0,,,,,,,
2025-10-18,401760392,8,2025,Air Force,Wyoming,0.6599168291980992,0.476902276314075,v1-backfill,3.0,,,,,,,
2025-10-18,401760393,8,2025,Boise State,UNLV,0.6185119128763817,0.500001135678223,v1-backfill,25.0,,,,,,,
2025-10-18,401761629,8,2025,App State,Coastal Carolina,0.7148306217742209,0.6263982806203527,v1-backfill,-8.0,,,,,,,
2025-10-18,401761631,8,2025,James Madison,Old Dominion,0.6159447938264075,0.729905527916528,v1-backfill,36.0,,,,,,,
2025-10-18,401761632,8,2025,Marshall,Texas State,0.6847139002041045,0.7356113266158093,v1-backfill,3.0,,,,,,,
2025-10-18,401762489,8,2025,Charlotte,Temple,0.3569945289212115,0.339439845445696,v1-backfill,-35.0,,,,,,,
2025-10-18,401762491,8,2025,North Texas,UTSA,0.5590221518077988,0.5940048202735653,v1-backfill,38.0,,,,,,,
2025-10-18,401762838,8,2025,Ball State,Akron,0.5309523469503751,0.5386829868025838,v1-backfill,14.0,,,,,,,
2025-10-18,401762843,8,2025,Ohio,Northern Illinois,0.8348149001822709,0.8781735823222705,v1-backfill,27.0,,,,,,,
2025-10-18,401756923,8,2025,Arizona State,Texas Tech,0.34272166428987,0.4363495862499588,v1-backfill,4.0,,,,,,,
2025-10-18,401762487,8,2025,UAB,Memphis,0.1056809958737441,0.0827674720370747,v1-backfill,7.0,,,,,,,
2025-10-18,401752741,8,2025,Florida,Mississippi State,0.6709677508157783,0.7296663591282875,v1-backfill,2.0,,,,,,,
2025-10-18,401761668,8,2025,Louisiana,Southern Miss,0.6628692929276693,0.6510796506652005,v1-backfill,-12.0,,,,,,,
2025-10-18,401752876,8,2025,Rutgers,Oregon,0.2263504332506342,0.1837607995373582,v1-backfill,-46.0,,,,,,,
2025-10-18,401752951,8,2025,Virginia,Washington State,0.8308873618613596,0.7236080196245054,v1-backfill,2.0,,,,,,,
2025-10-18,401752743,8,2025,Kentucky,Texas,0.2105019648128631,0.1482693330034371,v1-backfill,-3.0,,,,,,,
2025-10-18,401752875,8,2025,Iowa,Penn State,0.5536710277783341,0.5477030782703775,v1-backfill,1.0,,,,,,,
2025-10-18,401752879,8,2025,UCLA,Maryland,0.5053608868702797,0.4717454523875511,v1-backfill,3.0,,,,,,,
2025-10-18,401760394,8,2025,Colorado State,Hawai'i,0.5350263285430981,0.4378617794596394,v1-backfill,-12.0,,,,,,,
2025-10-18,401761630,8,2025,Georgia Southern,Georgia State,0.7830915184496857,0.7583388901408391,v1-backfill,17.0,,,,,,,
2025-10-18,401752738,8,2025,Alabama,Tennessee,0.6240704370976015,0.6154574253741875,v1-backfill,17.0,,,,,,,
2025-10-18,401752871,8,2025,Notre Dame,USC,0.7707839303420088,0.7438377287898571,v1-backfill,10.0,,,,,,,
2025-10-18,401754568,8,2025,Syracuse,Pittsburgh,0.4203270882286669,0.5741404619107918,v1-backfill,-17.0,,,,,,,
2025-10-18,401762490,8,2025,South Florida,Florida Atlantic,0.8554745326544292,0.8515337090039145,v1-backfill,35.0,,,,,,,
2025-10-18,401752740,8,2025,Auburn,Missouri,0.3459751362149383,0.2945854313145633,v1-backfill,-6.0,,,,,,,
2025-10-19,401756924,8,2025,BYU,Utah,0.5521013253771401,0.6736500415126144,v1-backfill,3.0,,,,,,,
2025-10-19,401756926,8,2025,Oklahoma State,Cincinnati,0.1282286808118041,0.1539090176609741,v1-backfill,-32.0,,,,,,,
2025-10-19,401760395,8,2025,New Mexico,Nevada,0.7712445686325416,0.8064482771177982,v1-backfill,2.0,,,,,,,
2025-10-19,401754567,8,2025,Stanford,Florida State,0.2100907807363107,0.3907864691260743,v1-backfill,7.0,,,,,,,
2025-10-21,401757285,9,2025,Florida International,Kennesaw State,0.535159089407143,0.5696721363447151,v1-backfill,-19.0,,,,,,,
2025-10-21,401757286,9,2025,Louisiana Tech,Western Kentucky,0.5851834763567765,0.4889523970865052,v1-backfill,-1.0,,,,,,,
2025-10-22,401757287,9,2025,Delaware,Middle Tennessee,0.8118378234691523,0.8571590692805636,v1-backfill,3.0,,,,,,,
2025-10-23,401757288,9,2025,New Mexico State,Missouri State,0.5674930042288137,0.5099363205691624,v1-backfill,-7.0,,,,,,,
2025-10-23,401761634,9,2025,Georgia State,South Alabama,0.3470040117030157,0.4162704935550022,v1-backfill,-7.0,,,,,,,
2025-10-24,401762492,9,2025,Charlotte,North Texas,0.1013576860216578,0.1130980391649476,v1-backfill,-34.0,,,,,,,
2025-10-24,401754372,9,2025,Virginia Tech,California,0.566749726725747,0.3983656540312519,v1-backfill,8.0,,,,,,,
2025-10-25,401760397,9,2025,Nevada,Boise State,0.1069427584862137,0.0648998511255237,v1-backfill,-21.0,,,,,,,
2025-10-25,401752750,9,2025,Oklahoma,Ole Miss,0.4527803232248553,0.4082051108861969,v1-backfill,-8.0,,,,,,,
2025-10-25,401752883,9,2025,Nebraska,Northwestern,0.7144895140016447,0.5882220725596362,v1-backfill,7.0,,,,,,,
2025-10-25,401752884,9,2025,Purdue,Rutgers,0.3269572246434259,0.3426460878780236,v1-backfill,-3.0,,,,,,,
2025-10-25,401752885,9,2025,Indiana,UCLA,0.9307081578252454,0.921543084960264,v1-backfill,50.0,,,,,,,
2025-10-25,401752942,9,2025,Wake Forest,SMU,0.3402445385345872,0.2545980448394447,v1-backfill,1.0,,,,,,,
2025-10-25,401754571,9,2025,Georgia Tech,Syracuse,0.8083177023612006,0.8274208692368339,v1-backfill,25.0,,,,,,,
2025-10-25,401754573,9,2025,North Carolina,Virginia,0.2778561301740699,0.2465814216796798,v1-backfill,-1.0,,,,,,,
2025-10-25,401756932,9,2025,Kansas,Kansas State,0.536910726355791,0.499881475093288,v1-backfill,-25.0,,,,,,,
2025-10-25,401761635,9,2025,Old Dominion,App State,0.7567555398437452,0.6910571506072536,v1-backfill,3.0,,,,,,,
2025-10-25,401762494,9,2025,Memphis,South Florida,0.5286736159669677,0.59922649035467,v1-backfill,3.0,,,,,,,
2025-10-25,401762846,9,2025,Kent State,Bowling Green,0.2241893751641014,0.2665752298187899,v1-backfill,3.0,,,,,,,
2025-10-25,401762848,9,2025,Eastern Michigan,Ohio,0.1934934641287604,0.1394519894687539,v1-backfill,-7.0,,,,,,,
2025-10-25,401752746,9,2025,Arkansas,Auburn,0.6124560026086158,0.5946159330248465,v1-backfill,-9.0,,,,,,,
2025-10-25,401762844,9,2025,Buffalo,Akron,0.8058718743982134,0.8158341031704244,v1-backfill,-8.0,,,,,,,
2025-10-25,401757172,9,2025,Rice,UConn,0.2440690199948185,0.2225792337716672,v1-backfill,3.0,,,,,,,
2025-10-25,401760400,9,2025,New Mexico,Utah State,0.5355400587043369,0.54277289498563,v1-backfill,19.0,,,,,,,
2025-10-25,401752751,9,2025,South Carolina,Alabama,0.2403138581544294,0.2023947621273505,v1-backfill,-7.0,,,,,,,
2025-10-25,401752752,9,2025,Vanderbilt,Missouri,0.541160450329417,0.5067393462538959,v1-backfill,7.0,,,,,,,
2025-10-25,401752880,9,2025,Washington,Illinois,0.6138889418866478,0.5489855612255663,v1-backfill,17.0,,,,,,,
2025-10-25,401752882,9,2025,Iowa,Minnesota,0.7214815752804422,0.5991158864461158,v1-backfill,38.0,,,,,,,
2025-10-25,401752952,9,2025,Washington State,Toledo,0.5882803567985339,0.5231897869106517,v1-backfill,21.0,,,,,,,
2025-10-25,401754574,9,2025,Pittsburgh,NC State,0.7479294358921378,0.6875932944937824,v1-backfill,19.0,,,,,,,
2025-10-25,401756931,9,2025,Iowa State,BYU,0.4530599078176681,0.3438235549392968,v1-backfill,-14.0,,,,,,,
2025-10-25,401760399,9,2025,Fresno State,San Diego State,0.4470253696263994,0.5072332776200842,v1-backfill,-23.0,,,,,,,
2025-10-25,401761637,9,2025,Southern Miss,UL Monroe,0.7875865995930658,0.7645563855352179,v1-backfill,28.0,,,,,,,
2025-10-25,401762493,9,2025,Navy,Florida Atlantic,0.8461565829563478,0.8849556888758319,v1-backfill,10.0,,,,,,,
2025-10-25,401762495,9,2025,Tulsa,Temple,0.2822949373100108,0.2944141822557306,v1-backfill,-1.0,,,,,,,
2025-10-25,401762845,9,2025,Northern Illinois,Ball State,0.6715786658444677,0.5259946078624296,v1-backfill,14.0,,,,,,,
2025-10-25,401762847,9,2025,Central Michigan,Massachusetts,0.8748407084925391,0.9056067550221804,v1-backfill,25.0,,,,,,,
2025-10-25,401762874,9,2025,Miami (OH),Western Michigan,0.7158673662819174,0.7071393872015443,v1-backfill,9.0,,,,,,,
2025-10-25,401756930,9,2025,Cincinnati,Baylor,0.6632155149689688,0.6316925973733016,v1-backfill,21.0,,,,,,,
2025-10-25,401756933,9,2025,Texas Tech,Oklahoma State,0.9627208403892364,0.9492103105102494,v1-backfill,42.0,,,,,,,
2025-10-25,401752749,9,2025,Mississippi State,Texas,0.2790343806065203,0.1681570168417118,v1-backfill,-7.0,,,,,,,
2025-10-25,401756935,9,2025,West Virginia,TCU,0.223949100047057,0.1741475863249744,v1-backfill,-6.0,,,,,,,
2025-10-25,401752886,9,2025,Oregon,Wisconsin,0.9587424463096352,0.946194002443034,v1-backfill,14.0,,,,,,,
2025-10-25,401754572,9,2025,Miami,Stanford,0.9130537147204344,0.904831464224821,v1-backfill,35.0,,,,,,,
2025-10-25,401761636,9,2025,Arkansas State,Georgia Southern,0.4752075419014346,0.4532480497619884,v1-backfill,10.0,,,,,,,
2025-10-25,401761638,9,2025,Troy,Louisiana,0.7814860206787599,0.7875507529650525,v1-backfill,12.0,,,,,,,
2025-10-25,401752748,9,2025,LSU,Texas A&M,0.5018222621223472,0.5112051365938735,v1-backfill,-24.0,,,,,,,
2025-10-25,401752881,9,2025,Michigan State,Michigan,0.1888599171570168,0.1494921274129367,v1-backfill,-11.0,,,,,,,
2025-10-25,401754570,9,2025,Louisville,Boston College,0.897547191206042,0.9324822578144042,v1-backfill,14.0,,,,,,,
2025-10-25,401760398,9,2025,Wyoming,Colorado State,0.592857360730306,0.5510937579041261,v1-backfill,28.0,,,,,,,
2025-10-25,401752747,9,2025,Kentucky,Tennessee,0.2871532466266209,0.1972298204700956,v1-backfill,-22.0,,,,,,,
2025-10-26,401756929,9,2025,Arizona State,Houston,0.6823146791755356,0.7379071430196765,v1-backfill,-8.0,,,,,,,
2025-10-26,401756934,9,2025,Utah,Colorado,0.7844371700588183,0.7309365906550662,v1-backfill,46.0,,,,,,,
2025-10-29,401757289,10,2025,Kennesaw State,UTEP,0.7378126505812195,0.7820335018104934,v1-backfill,13.0,,,,,,,
2025-10-29,401761639,10,2025,Texas State,James Madison,0.3434994557795295,0.2696993939962622,v1-backfill,-32.0,,,,,,,
2025-10-29,401757292,10,2025,Middle Tennessee,Jacksonville State,0.2173176966458286,0.1313340656933293,v1-backfill,-3.0,,,,,,,
2025-10-30,401757291,10,2025,Missouri State,Florida International,0.6427892801418889,0.6631217122986879,v1-backfill,7.0,,,,,,,
2025-10-30,401761640,10,2025,Coastal Carolina,Marshall,0.2684001431951395,0.3201102670914844,v1-backfill,17.0,,,,,,,
2025-10-30,401762443,10,2025,UTSA,Tulane,0.4320114318474753,0.278970090492774,v1-backfill,22.0,,,,,,,
2025-10-31,401762497,10,2025,Rice,Memphis,0.2065954609652662,0.1463174307178976,v1-backfill,-24.0,,,,,,,
2025-10-31,401754575,10,2025,Syracuse,North Carolina,0.6524500856969447,0.6957144544757748,v1-backfill,-17.0,,,,,,,
2025-11-01,401757290,10,2025,Louisiana Tech,Sam Houston,0.7947402167660702,0.7855662594068239,v1-backfill,41.0,,,,,,,
2025-11-01,401752758,10,2025,Texas,Vanderbilt,0.6634747566311674,0.6354659665054344,v1-backfill,3.0,,,,,,,
2025-11-01,401752889,10,2025,Ohio State,Penn State,0.8533502384050738,0.894567056807269,v1-backfill,24.0,,,,,,,
2025-11-01,401752891,10,2025,Illinois,Rutgers,0.7216379560949919,0.7136265006914224,v1-backfill,22.0,,,,,,,
2025-11-01,401754577,10,2025,Clemson,Duke,0.6040730736302639,0.487291510170262,v1-backfill,-1.0,,,,,,,
2025-11-01,401754581,10,2025,SMU,Miami,0.4363134371219763,0.5145018612861045,v1-backfill,6.0,,,,,,,
2025-11-01,401756936,10,2025,Baylor,UCF,0.5223375295303939,0.6263614347558312,v1-backfill,27.0,,,,,,,
2025-11-01,401756938,10,2025,Houston,West Virginia,0.8081914539634447,0.8562248443675913,v1-backfill,-10.0,,,,,,,
2025-11-01,401757173,10,2025,UConn,UAB,0.8335786408961321,0.8053103465170286,v1-backfill,19.0,,,,,,,
2025-11-01,401760401,10,2025,Air Force,Army,0.5306345305014197,0.3356924796735819,v1-backfill,-3.0,,,,,,,
2025-11-01,401762499,10,2025,North Texas,Navy,0.6540706544943743,0.4545129060159285,v1-backfill,14.0,,,,,,,
2025-11-01,401762849,10,2025,Bowling Green,Buffalo,0.5810604478544287,0.5156648006663541,v1-backfill,-25.0,,,,,,,
2025-11-01,401756939,10,2025,Iowa State,Arizona State,0.630447923332428,0.5092359471686511,v1-backfill,-5.0,,,,,,,
2025-11-01,401762498,10,2025,Temple,East Carolina,0.4023553245603734,0.4158602597956632,v1-backfill,-31.0,,,,,,,
2025-11-01,401754580,10,2025,Virginia Tech,Louisville,0.2991083517148494,0.1959272001708106,v1-backfill,-12.0,,,,,,,
2025-11-01,401760404,10,2025,UNLV,New Mexico,0.7645338290669036,0.7677638250899597,v1-backfill,-5.0,,,,,,,
2025-11-01,401752755,10,2025,Florida,Georgia,0.2303630404041837,0.1846903906740131,v1-backfill,-4.0,,,,,,,
2025-11-01,401752887,10,2025,Maryland,Indiana,0.1216849428776667,0.1254340168128015,v1-backfill,-45.0,,,,,,,
2025-11-01,401752888,10,2025,Minnesota,Michigan State,0.7772499169475077,0.853745905020758,v1-backfill,3.0,,,,,,,
2025-11-01,401754582,10,2025,Stanford,Pittsburgh,0.1737857408704819,0.2178334757800666,v1-backfill,-15.0,,,,,,,
2025-11-01,401754583,10,2025,Boston College,Notre Dame,0.0787992248344474,0.0451748770060097,v1-backfill,-15.0,,,,,,,
2025-11-01,401756941,10,2025,Kansas State,Texas Tech,0.4954645966692612,0.5224085596640552,v1-backfill,-23.0,,,,,,,
2025-11-01,401757293,10,2025,Liberty,Delaware,0.6011002154231699,0.587079152353606,v1-backfill,29.0,,,,,,,
2025-11-01,401757294,10,2025,Western Kentucky,New Mexico State,0.743496310119013,0.7915532478669749,v1-backfill,19.0,,,,,,,
2025-11-01,401760402,10,2025,Boise State,Fresno State,0.8782101041132075,0.884416084074949,v1-backfill,-23.0,,,,,,,
2025-11-01,401761641,10,2025,UL Monroe,Old Dominion,0.1969176395657975,0.2284944550553867,v1-backfill,-25.0,,,,,,,
2025-11-01,401761642,10,2025,South Alabama,Louisiana,0.6339712081867208,0.5575710911076698,v1-backfill,-9.0,,,,,,,
2025-11-01,401754576,10,2025,California,Virginia,0.4046339675291481,0.3539048804879391,v1-backfill,-10.0,,,,,,,
2025-11-01,401752753,10,2025,Arkansas,Mississippi State,0.6161204328944329,0.605939376114431,v1-backfill,-3.0,,,,,,,
2025-11-01,401756940,10,2025,Kansas,Oklahoma State,0.91450667853851,0.8664449952149125,v1-backfill,17.0,,,,,,,
2025-11-01,401762850,10,2025,Western Michigan,Central Michigan,0.6721641943542654,0.579063289821645,v1-backfill,3.0,,,,,,,
2025-11-01,401752756,10,2025,Ole Miss,South Carolina,0.8367299951037165,0.8823667862388244,v1-backfill,16.0,,,,,,,
2025-11-01,401752890,10,2025,Michigan,Purdue,0.9275712407903484,0.9316291942548136,v1-backfill,5.0,,,,,,,
2025-11-01,401756937,10,2025,Colorado,Arizona,0.5122550545671861,0.5641077075872873,v1-backfill,-35.0,,,,,,,
2025-11-01,401760405,10,2025,San Diego State,Wyoming,0.7569930918000919,0.7606862804894174,v1-backfill,17.0,,,,,,,
2025-11-01,401752754,10,2025,Auburn,Kentucky,0.7248116850120165,0.7648407802184827,v1-backfill,-7.0,,,,,,,
2025-11-01,401752757,10,2025,Tennessee,Oklahoma,0.6935873183418886,0.6568493523536679,v1-backfill,-6.0,,,,,,,
2025-11-01,401752892,10,2025,Nebraska,USC,0.4683442320339164,0.411208039416178,v1-backfill,-4.0,,,,,,,
2025-11-01,401752943,10,2025,Oregon State,Washington State,0.4114280804835064,0.2677616901428526,v1-backfill,3.0,,,,,,,
2025-11-01,401754578,10,2025,Florida State,Wake Forest,0.6725741323159141,0.4278288857531868,v1-backfill,35.0,,,,,,,
2025-11-01,401754579,10,2025,NC State,Georgia Tech,0.3273743326610456,0.2309079479028883,v1-backfill,12.0,,,,,,,
2025-11-02,401761643,10,2025,Troy,Arkansas State,0.8027746826693284,0.791739015669276,v1-backfill,-13.0,,,,,,,
2025-11-02,401756942,10,2025,Utah,Cincinnati,0.7205898062530557,0.6177777359488329,v1-backfill,31.0,,,,,,,
2025-11-02,401760403,10,2025,San José State,Hawai'i,0.4715230544238237,0.3518455655452815,v1-backfill,7.0,,,,,,,
2025-11-05,401762851,11,2025,Akron,Massachusetts,0.8291699979633915,0.8498931343969782,v1-backfill,34.0,,,,,,,
2025-11-05,401762852,11,2025,Ohio,Miami (OH),0.6243343409025227,0.623567246591906,v1-backfill,4.0,,,,,,,
2025-11-06,401762853,11,2025,Ball State,Kent State,0.6910092404926986,0.6481819046461832,v1-backfill,4.0,,,,,,,
2025-11-06,401762854,11,2025,Toledo,Northern Illinois,0.7949995928954624,0.7026744638098129,v1-backfill,39.0,,,,,,,
2025-11-07,401761644,11,2025,App State,Georgia Southern,0.5945893016855843,0.5736553772095991,v1-backfill,-2.0,,,,,,,
2025-11-07,401762500,11,2025,South Florida,UTSA,0.7248415775366457,0.6965970225432048,v1-backfill,32.0,,,,,,,
2025-11-08,401756946,11,2025,UCF,Houston,0.570188907483425,0.4219161707038558,v1-backfill,-3.0,,,,,,,
2025-11-08,401752896,11,2025,USC,Northwestern,0.7992356864123055,0.8152382225009293,v1-backfill,21.0,,,,,,,
2025-11-08,401762501,11,2025,Memphis,Tulane,0.7303095190657222,0.7306293386570017,v1-backfill,-6.0,,,,,,,
2025-11-08,401752762,11,2025,Mississippi State,Georgia,0.274098832986489,0.1164840514015643,v1-backfill,-20.0,,,,,,,
2025-11-08,401752893,11,2025,Penn State,Indiana,0.2439017140010333,0.270253905615396,v1-backfill,-3.0,,,,,,,
2025-11-08,401754584,11,2025,Boston College,SMU,0.2289285540388999,0.0986705294276938,v1-backfill,-32.0,,,,,,,
2025-11-08,401756945,11,2025,Texas Tech,BYU,0.6312600228570601,0.5140878895600484,v1-backfill,22.0,,,,,,,
2025-11-08,401756947,11,2025,West Virginia,Colorado,0.6107973563170713,0.5515120831135769,v1-backfill,7.0,,,,,,,
2025-11-08,401761646,11,2025,Marshall,James Madison,0.3226951667923879,0.3393016803594953,v1-backfill,-12.0,,,,,,,
2025-11-08,401761647,11,2025,Arkansas State,Southern Miss,0.5396804141426449,0.56415577108964,v1-backfill,-6.0,,,,,,,
2025-11-08,401762503,11,2025,Army,Temple,0.7427731011008027,0.7542795613332101,v1-backfill,1.0,,,,,,,
2025-11-08,401752897,11,2025,Purdue,Ohio State,0.0340803085391288,0.0214728473759794,v1-backfill,-24.0,,,,,,,
2025-11-08,401757299,11,2025,Liberty,Missouri State,0.7263654271826575,0.6499140761047476,v1-backfill,-4.0,,,,,,,
2025-11-08,401762855,11,2025,Eastern Michigan,Bowling Green,0.5921117552327639,0.4919377682497155,v1-backfill,6.0,,,,,,,
2025-11-08,401762502,11,2025,Rice,UAB,0.6204273121911185,0.5888934346549018,v1-backfill,7.0,,,,,,,
2025-11-08,401752894,11,2025,Rutgers,Maryland,0.5647276578972602,0.5639294110299118,v1-backfill,15.0,,,,,,,
2025-11-08,401757295,11,2025,Delaware,Louisiana Tech,0.3826818723774008,0.4875612172909455,v1-backfill,1.0,,,,,,,
2025-11-08,401757296,11,2025,Middle Tennessee,Florida International,0.4904200488391728,0.3299333358373369,v1-backfill,-26.0,,,,,,,
2025-11-08,401757297,11,2025,UTEP,Jacksonville State,0.3362428708315467,0.2222592610632617,v1-backfill,-3.0,,,,,,,
2025-11-08,401762504,11,2025,East Carolina,Charlotte,0.9484217523920462,0.9367311487864124,v1-backfill,26.0,,,,,,,
2025-11-08,401762505,11,2025,Florida Atlantic,Tulsa,0.7317627155342339,0.7230610730353683,v1-backfill,19.0,,,,,,,
2025-11-08,401752763,11,2025,Missouri,Texas A&M,0.4709380269994557,0.4115413785528674,v1-backfill,-21.0,,,,,,,
2025-11-08,401752898,11,2025,Iowa,Oregon,0.4909220119644047,0.4258869243893321,v1-backfill,-2.0,,,,,,,
2025-11-08,401754587,11,2025,Miami,Syracuse,0.8999723980743809,0.8862695142103916,v1-backfill,28.0,,,,,,,
2025-11-08,401754590,11,2025,UConn,Duke,0.2957954096830616,0.4142212574376873,v1-backfill,3.0,,,,,,,
2025-11-08,401756943,11,2025,Arizona,Kansas,0.6775717686214557,0.6258563268850452,v1-backfill,4.0,,,,,,,
2025-11-08,401756944,11,2025,TCU,Iowa State,0.6692642462507283,0.7289991023989315,v1-backfill,-3.0,,,,,,,
2025-11-08,401752764,11,2025,Vanderbilt,Auburn,0.7782075470482674,0.8219300965421483,v1-backfill,7.0,,,,,,,
2025-11-08,401757298,11,2025,New Mexico State,Kennesaw State,0.3552709889550469,0.2760156589175208,v1-backfill,-3.0,,,,,,,
2025-11-08,401761645,11,2025,Coastal Carolina,Georgia State,0.8194625039804406,0.8994384241699558,v1-backfill,13.0,,,,,,,
2025-11-08,401752899,11,2025,Wisconsin,Washington,0.2315797172392331,0.1666781039804457,v1-backfill,3.0,,,,,,,
2025-11-08,401754588,11,2025,North Carolina,Stanford,0.7070302454223607,0.6846655677267168,v1-backfill,5.0,,,,,,,
2025-11-08,401761648,11,2025,Louisiana,Texas State,0.5002071445819236,0.5206647572521205,v1-backfill,3.0,,,,,,,
2025-11-08,401760406,11,2025,San José State,Air Force,0.5843522948325429,0.6979801913538581,v1-backfill,-10.0,,,,,,,
2025-11-09,401754585,11,2025,Louisville,California,0.8549002552213407,0.8888311523442981,v1-backfill,-3.0,,,,,,,
2025-11-09,401754586,11,2025,Clemson,Florida State,0.6167108959801472,0.6945970888389774,v1-backfill,14.0,,,,,,,
2025-11-09,401754589,11,2025,Virginia,Wake Forest,0.7856305225564059,0.8162874777834083,v1-backfill,-7.0,,,,,,,
2025-11-09,401752759,11,2025,Alabama,LSU,0.804505169959614,0.7944662308355587,v1-backfill,11.0,,,,,,,
2025-11-09,401752760,11,2025,Kentucky,Florida,0.4558577138292869,0.3631253580370008,v1-backfill,31.0,,,,,,,
2025-11-09,401757166,11,2025,Notre Dame,Navy,0.9497073575459742,0.8584243659203484,v1-backfill,39.0,,,,,,,
2025-11-09,401760409,11,2025,Utah State,Nevada,0.7491624203653908,0.7921403340633483,v1-backfill,37.0,,,,,,,
2025-11-09,401752895,11,2025,UCLA,Nebraska,0.3583255592395699,0.4152624329324036,v1-backfill,-7.0,,,,,,,
2025-11-09,401760407,11,2025,Colorado State,UNLV,0.3085210778437541,0.2073719825282342,v1-backfill,-32.0,,,,,,,
2025-11-09,401752944,11,2025,Oregon State,Sam Houston,0.9034198829619464,0.7585175657028428,v1-backfill,-4.0,,,,,,,
2025-11-09,401760408,11,2025,Hawai'i,San Diego State,0.4200370931927809,0.4134822056112472,v1-backfill,32.0,,,,,,,
2025-11-12,401762856,12,2025,Akron,Kent State,0.7977799238211964,0.7374687884495632,v1-backfill,-7.0,,,,,,,
2025-11-12,401762857,12,2025,Western Michigan,Ohio,0.3846955943367661,0.2904338664773593,v1-backfill,4.0,,,,,,,
2025-11-13,401762858,12,2025,Central Michigan,Buffalo,0.5319430460143177,0.4748105260150929,v1-backfill,19.0,,,,,,,
2025-11-13,401762859,12,2025,Massachusetts,Northern Illinois,0.2330321424520204,0.215126873772892,v1-backfill,-42.0,,,,,,,
2025-11-13,401762860,12,2025,Miami (OH),Toledo,0.5479806628149023,0.6688504291326424,v1-backfill,-21.0,,,,,,,
2025-11-14,401761649,12,2025,Old Dominion,Troy,0.6405697890261411,0.6000552800277232,v1-backfill,33.0,,,,,,,
2025-11-15,401754591,12,2025,Louisville,Clemson,0.5883394885366835,0.6944745502178603,v1-backfill,-1.0,,,,,,,
2025-11-15,401752904,12,2025,Oregon,Minnesota,0.8845870316863438,0.8393275527374128,v1-backfill,29.0,,,,,,,
2025-11-15,401752772,12,2025,Texas A&M,South Carolina,0.863734284305922,0.9012404454554336,v1-backfill,1.0,,,,,,,
2025-11-15,401752901,12,2025,Indiana,Wisconsin,0.9611024228955384,0.9533745705983484,v1-backfill,24.0,,,,,,,
2025-11-15,401752905,12,2025,Northwestern,Michigan,0.2645782940702717,0.209359539786209,v1-backfill,-2.0,,,,,,,
2025-11-15,401754597,12,2025,Pittsburgh,Notre Dame,0.3119047467418501,0.232485705190105,v1-backfill,-22.0,,,,,,,
2025-11-15,401756951,12,2025,Cincinnati,Arizona,0.6320560773127796,0.5864287382694002,v1-backfill,-6.0,,,,,,,
2025-11-15,401756952,12,2025,Oklahoma State,Kansas State,0.1109320242623105,0.1164928158141837,v1-backfill,-8.0,,,,,,,
2025-11-15,401757174,12,2025,UConn,Air Force,0.7482602156983792,0.7905767609588463,v1-backfill,10.0,,,,,,,
2025-11-15,401762507,12,2025,Charlotte,UTSA,0.1753693952098007,0.1630828438531641,v1-backfill,-21.0,,,,,,,
2025-11-15,401762510,12,2025,Navy,South Florida,0.3184618447309644,0.4703498643712011,v1-backfill,3.0,,,,,,,
2025-11-15,401762861,12,2025,Ball State,Eastern Michigan,0.4571547913172424,0.5760292249129241,v1-backfill,-15.0,,,,,,,
2025-11-15,401752768,12,2025,LSU,Arkansas,0.6750050968193657,0.7935865098016364,v1-backfill,1.0,,,,,,,
2025-11-15,401752945,12,2025,Tulsa,Oregon State,0.2676723414514983,0.4284488786454609,v1-backfill,17.0,,,,,,,
2025-11-15,401756948,12,2025,Arizona State,West Virginia,0.7615911085306395,0.8151970641640836,v1-backfill,2.0,,,,,,,
2025-11-15,401761651,12,2025,Georgia State,Marshall,0.2090017512565078,0.1465285989725351,v1-backfill,-12.0,,,,,,,
2025-11-15,401762506,12,2025,UAB,North Texas,0.149748389192826,0.1319272353306438,v1-backfill,-29.0,,,,,,,
2025-11-15,401757304,12,2025,Missouri State,UTEP,0.7047505573436015,0.8204461425494334,v1-backfill,14.0,,,,,,,
2025-11-15,401760411,12,2025,New Mexico,Colorado State,0.796925137458978,0.8352688408200508,v1-backfill,3.0,,,,,,,
2025-11-15,401752765,12,2025,Alabama,Oklahoma,0.7310506352552065,0.7562871708049048,v1-backfill,-2.0,,,,,,,
2025-11-15,401752903,12,2025,Michigan State,Penn State,0.2086337081377787,0.1767874744386375,v1-backfill,-18.0,,,,,,,
2025-11-15,401752906,12,2025,Illinois,Maryland,0.8068336612882634,0.8247869223470459,v1-backfill,18.0,,,,,,,
2025-11-15,401752907,12,2025,USC,Iowa,0.5103339316340004,0.5887289040294458,v1-backfill,5.0,,,,,,,
2025-11-15,401754592,12,2025,Boston College,Georgia Tech,0.2123699789622224,0.1369616116254419,v1-backfill,-2.0,,,,,,,
2025-11-15,401754593,12,2025,Duke,Virginia,0.6906396297239539,0.6276783848074646,v1-backfill,-17.0,,,,,,,
2025-11-15,401754595,12,2025,Miami,NC State,0.7967117130320903,0.7772280001396118,v1-backfill,34.0,,,,,,,
2025-11-15,401756953,12,2025,Texas Tech,UCF,0.8801598970780736,0.9341777299090872,v1-backfill,39.0,,,,,,,
2025-11-15,401757303,12,2025,Western Kentucky,Middle Tennessee,0.8617465111847492,0.9268961165836972,v1-backfill,16.0,,,,,,,
2025-11-15,401760413,12,2025,Nevada,San José State,0.3287598433311854,0.2884952274437506,v1-backfill,45.0,,,,,,,
2025-11-15,401761652,12,2025,James Madison,App State,0.9179675115840816,0.9266129685355956,v1-backfill,48.0,,,,,,,
2025-11-15,401761653,12,2025,UL Monroe,South Alabama,0.3229878617438535,0.4492099444372247,v1-backfill,-12.0,,,,,,,
2025-11-15,401761654,12,2025,Southern Miss,Texas State,0.5931114249118908,0.690641724134966,v1-backfill,-27.0,,,,,,,
2025-11-15,401762508,12,2025,East Carolina,Memphis,0.5761428821029603,0.4761049267314472,v1-backfill,4.0,,,,,,,
2025-11-15,401762509,12,2025,Tulane,Florida Atlantic,0.8181092509817572,0.8510933467941774,v1-backfill,11.0,,,,,,,
2025-11-15,401752771,12,2025,Tennessee,New Mexico State,0.9792045164399736,0.941864409573942,v1-backfill,33.0,,,,,,,
2025-11-15,401754596,12,2025,Wake Forest,North Carolina,0.6253384775439184,0.6088676676551908,v1-backfill,16.0,,,,,,,
2025-11-15,401757301,12,2025,Florida International,Liberty,0.4739583326917199,0.4080631104936041,v1-backfill,7.0,,,,,,,
2025-11-15,401761650,12,2025,Georgia Southern,Coastal Carolina,0.5154318780847961,0.3747604154241005,v1-backfill,5.0,,,,,,,
2025-11-16,401752769,12,2025,Ole Miss,Florida,0.8845050409109547,0.8983237776470182,v1-backfill,10.0,,,,,,,
2025-11-16,401752902,12,2025,Washington,Purdue,0.8829167101961665,0.9118446228486152,v1-backfill,36.0,,,,,,,
2025-11-16,401756949,12,2025,Baylor,Utah,0.2717020863299741,0.3213356223164534,v1-backfill,-27.0,,,,,,,
2025-11-16,401757300,12,2025,Sam Houston,Delaware,0.3272832355338856,0.2929991605971035,v1-backfill,3.0,,,,,,,
2025-11-16,401760414,12,2025,UNLV,Utah State,0.7534147153532794,0.8040090573120355,v1-backfill,3.0,,,,,,,
2025-11-16,401752766,12,2025,Georgia,Texas,0.6378832347846115,0.6664213661535667,v1-backfill,25.0,,,,,,,
2025-11-16,401752900,12,2025,Ohio State,UCLA,0.9678533129541914,0.9738101883701894,v1-backfill,38.0,,,,,,,
2025-11-16,401754594,12,2025,Florida State,Virginia Tech,0.7330799570764166,0.6028644978326446,v1-backfill,20.0,,,,,,,
2025-11-16,401752770,12,2025,Missouri,Mississippi State,0.7407792018028754,0.7964143594738314,v1-backfill,22.0,,,,,,,
2025-11-16,401757302,12,2025,Jacksonville State,Kennesaw State,0.6337577363490198,0.6231819980445439,v1-backfill,9.0,,,,,,,
2025-11-16,401752953,12,2025,Washington State,Louisiana Tech,0.765968694373759,0.6722310190385311,v1-backfill,25.0,,,,,,,
2025-11-16,401756950,12,2025,BYU,TCU,0.6900225777683497,0.7091323561079701,v1-backfill,31.0,,,,,,,
2025-11-16,401760410,12,2025,San Diego State,Boise State,0.4751516946661479,0.4154214206200936,v1-backfill,10.0,,,,,,,
2025-11-16,401760412,12,2025,Fresno State,Wyoming,0.6601685522363555,0.7138582932445187,v1-backfill,21.0,,,,,,,
2025-11-19,401762862,13,2025,Bowling Green,Akron,0.5833003547172658,0.5536530090624205,v1-backfill,-3.0,,,,,,,
2025-11-19,401762863,13,2025,Ohio,Massachusetts,0.9737749910621646,0.9770185249206252,v1-backfill,28.0,,,,,,,
2025-11-19,401762864,13,2025,Northern Illinois,Western Michigan,0.4530517155546862,0.3387846704264632,v1-backfill,-16.0,,,,,,,
2025-11-20,401762865,13,2025,Buffalo,Miami (OH),0.4337422611340383,0.4404313701052655,v1-backfill,-17.0,,,,,,,
2025-11-20,401762866,13,2025,Kent State,Central Michigan,0.2795734694900257,0.2798456093850655,v1-backfill,-12.0,,,,,,,
2025-11-21,401761655,13,2025,Arkansas State,Louisiana,0.5389830434411002,0.5526791380368751,v1-backfill,-4.0,,,,,,,
2025-11-22,401754598,13,2025,NC State,Florida State,0.4371523512381656,0.5840568551182342,v1-backfill,10.0,,,,,,,
2025-11-22,401760418,13,2025,UNLV,Hawai'i,0.607614234976483,0.6437236759627771,v1-backfill,28.0,,,,,,,
2025-11-22,401752778,13,2025,Oklahoma,Missouri,0.6154135848635275,0.6417478297999009,v1-backfill,11.0,,,,,,,
2025-11-22,401752909,13,2025,Northwestern,Minnesota,0.479579762733991,0.3427814594892691,v1-backfill,3.0,,,,,,,
2025-11-22,401752912,13,2025,Ohio State,Rutgers,0.9619079455734192,0.9593270896623188,v1-backfill,33.0,,,,,,,
2025-11-22,401754602,13,2025,SMU,Louisville,0.6661269416328617,0.6404118632695797,v1-backfill,32.0,,,,,,,
2025-11-22,401754603,13,2025,Virginia Tech,Miami,0.1825327736809898,0.1401446665296189,v1-backfill,-17.0,,,,,,,
2025-11-22,401754606,13,2025,Wake Forest,Delaware,0.8995522619937364,0.7926980144957105,v1-backfill,38.0,,,,,,,
2025-11-22,401756958,13,2025,Iowa State,Kansas,0.6723342976640765,0.6745258403701012,v1-backfill,24.0,,,,,,,
2025-11-22,401762512,13,2025,Army,Tulsa,0.8345473674419422,0.8694393170543441,v1-backfill,-1.0,,,,,,,
2025-11-22,401752776,13,2025,Georgia,Charlotte,0.9948314860036186,0.9915322821473206,v1-backfill,32.0,,,,,,,
2025-11-22,401752954,13,2025,James Madison,Washington State,0.7901245856315031,0.8501362375038533,v1-backfill,4.0,,,,,,,
2025-11-22,401756954,13,2025,Arizona,Baylor,0.6583792527672985,0.7005027226087968,v1-backfill,24.0,,,,,,,
2025-11-22,401761657,13,2025,Georgia Southern,Old Dominion,0.3690514172487569,0.3573849756171146,v1-backfill,-35.0,,,,,,,
2025-11-22,401757306,13,2025,Kennesaw State,Missouri State,0.5951391555505672,0.5259126643998151,v1-backfill,7.0,,,,,,,
2025-11-22,401760419,13,2025,Wyoming,Nevada,0.6570882822816304,0.6873995606197524,v1-backfill,-6.0,,,,,,,
2025-11-22,401762867,13,2025,Toledo,Ball State,0.9387100145357528,0.8959865444031356,v1-backfill,29.0,,,,,,,
2025-11-22,401761656,13,2025,App State,Marshall,0.3398906743164985,0.2970686958470375,v1-backfill,2.0,,,,,,,
2025-11-22,401757175,13,2025,Florida Atlantic,UConn,0.3396293127663783,0.2484328509500443,v1-backfill,-3.0,,,,,,,
2025-11-22,401757307,13,2025,Louisiana Tech,Liberty,0.581140619904007,0.510679409801362,v1-backfill,6.0,,,,,,,
2025-11-22,401757308,13,2025,Middle Tennessee,Sam Houston,0.5236916451086062,0.324103720047607,v1-backfill,14.0,,,,,,,
2025-11-22,401757309,13,2025,UTEP,New Mexico State,0.6336011260306841,0.5467929443222747,v1-backfill,-3.0,,,,,,,
2025-11-22,401762511,13,2025,UAB,South Florida,0.1202698481017385,0.1295482209375162,v1-backfill,-30.0,,,,,,,
2025-11-22,401752780,13,2025,Texas,Arkansas,0.7969852386116328,0.897270049931438,v1-backfill,15.0,,,,,,,
2025-11-22,401752782,13,2025,Vanderbilt,Kentucky,0.7529124743750298,0.7884838957610031,v1-backfill,28.0,,,,,,,
2025-11-22,401752911,13,2025,Oregon,USC,0.7655862630983749,0.7028431078738755,v1-backfill,15.0,,,,,,,
2025-11-22,401752913,13,2025,Iowa,Michigan State,0.9176880597075744,0.9186230956804254,v1-backfill,3.0,,,,,,,
2025-11-22,401754600,13,2025,North Carolina,Duke,0.3635074490999276,0.3558382085770531,v1-backfill,-7.0,,,,,,,
2025-11-22,401754604,13,2025,Notre Dame,Syracuse,0.969272084565512,0.969516792194555,v1-backfill,63.0,,,,,,,
2025-11-22,401757305,13,2025,Florida International,Jacksonville State,0.4558059142019172,0.3189174885926339,v1-backfill,6.0,,,,,,,
2025-11-22,401761658,13,2025,South Alabama,Southern Miss,0.5838033514700893,0.4550303876080784,v1-backfill,7.0,,,,,,,
2025-11-22,401762513,13,2025,UTSA,East Carolina,0.4035826656043801,0.3911642509711298,v1-backfill,34.0,,,,,,,
2025-11-22,401762515,13,2025,Temple,Tulane,0.3151570430227386,0.2156704876460712,v1-backfill,-24.0,,,,,,,
2025-11-22,401752914,13,2025,Maryland,Michigan,0.2458888686436327,0.1666844454027729,v1-backfill,-25.0,,,,,,,
2025-11-22,401756957,13,2025,Houston,TCU,0.584254694830654,0.4949146446052683,v1-backfill,-3.0,,,,,,,
2025-11-22,401756959,13,2025,UCF,Oklahoma State,0.8715465347474669,0.7969555713705117,v1-backfill,3.0,,,,,,,
2025-11-22,401756960,13,2025,Utah,Kansas State,0.8764322187442969,0.7630651143651981,v1-backfill,4.0,,,,,,,
2025-11-22,401761660,13,2025,Troy,Georgia State,0.8226222295525145,0.8712333859357955,v1-backfill,12.0,,,,,,,
2025-11-22,401752779,13,2025,South Carolina,Coastal Carolina,0.8860937896258141,0.5776185724488722,v1-backfill,44.0,,,,,,,
2025-11-22,401761659,13,2025,Texas State,UL Monroe,0.9035260456679086,0.8878459263556141,v1-backfill,17.0,,,,,,,
2025-11-23,401752908,13,2025,Penn State,Nebraska,0.7060496601012678,0.6590545226269795,v1-backfill,27.0,,,,,,,
2025-11-23,401754601,13,2025,Georgia Tech,Pittsburgh,0.5828066668189402,0.6142078631551602,v1-backfill,-14.0,,,,,,,
2025-11-23,401760415,13,2025,Air Force,New Mexico,0.5696339211187842,0.3490820337059617,v1-backfill,-17.0,,,,,,,
2025-11-23,401760416,13,2025,Boise State,Colorado State,0.862693620263226,0.877404758236278,v1-backfill,28.0,,,,,,,
2025-11-23,401752775,13,2025,Florida,Tennessee,0.3299768574426523,0.3178761894597888,v1-backfill,-20.0,,,,,,,
2025-11-23,401752915,13,2025,Wisconsin,Illinois,0.3251196656498711,0.2314318158849257,v1-backfill,17.0,,,,,,,
2025-11-23,401754599,13,2025,Stanford,California,0.3951759114675353,0.3545072084053917,v1-backfill,21.0,,,,,,,
2025-11-23,401762514,13,2025,Rice,North Texas,0.1808873909033727,0.1829388451062912,v1-backfill,-32.0,,,,,,,
2025-11-23,401752777,13,2025,LSU,Western Kentucky,0.8905655609844585,0.7500748500412299,v1-backfill,3.0,,,,,,,
2025-11-23,401756955,13,2025,Cincinnati,BYU,0.398439839108455,0.2671172926949056,v1-backfill,-12.0,,,,,,,
2025-11-23,401756956,13,2025,Colorado,Arizona State,0.3453880613727545,0.2041391005229084,v1-backfill,-25.0,,,,,,,
2025-11-23,401752910,13,2025,UCLA,Washington,0.2479263009822939,0.2404289819196066,v1-backfill,-34.0,,,,,,,
2025-11-23,401760417,13,2025,Fresno State,Utah State,0.6849137058483019,0.7364689323530592,v1-backfill,-11.0,,,,,,,
2025-11-23,401760420,13,2025,San Diego State,San José State,0.8445345973079411,0.8750696012015726,v1-backfill,22.0,,,,,,,
2025-11-25,401762868,14,2025,Massachusetts,Bowling Green,0.2244197619485824,0.2556530058764056,v1-backfill,-31.0,,,,,,,
2025-11-26,401762869,14,2025,Eastern Michigan,Western Michigan,0.38393673728073,0.3161193814904168,v1-backfill,-10.0,,,,,,,
2025-11-28,401762516,14,2025,Memphis,Navy,0.6848155600815353,0.564131229250184,v1-backfill,-11.0,,,,,,,
2025-11-28,401752788,14,2025,Mississippi State,Ole Miss,0.2036813543986705,0.1060638729362654,v1-backfill,-19.0,,,,,,,
2025-11-28,401752916,14,2025,Nebraska,Iowa,0.3804441572785223,0.3610079973842655,v1-backfill,-24.0,,,,,,,
2025-11-28,401756964,14,2025,Kansas,Utah,0.1426666816445326,0.1609386129507934,v1-backfill,-10.0,,,,,,,
2025-11-28,401762870,14,2025,Buffalo,Ohio,0.3141713462020783,0.2254401484063221,v1-backfill,-5.0,,,,,,,
2025-11-28,401762871,14,2025,Northern Illinois,Kent State,0.7800069849954316,0.666324550912669,v1-backfill,-4.0,,,,,,,
2025-11-28,401760421,14,2025,Colorado State,Air Force,0.4550767323578094,0.4534705089096459,v1-backfill,-21.0,,,,,,,
2025-11-28,401752786,14,2025,Georgia Tech,Georgia,0.2130546856598656,0.1322202646414978,v1-backfill,-7.0,,,,,,,
2025-11-28,401760426,14,2025,New Mexico,San Diego State,0.4731087318898828,0.5375457850846058,v1-backfill,6.0,,,,,,,
2025-11-28,401762442,14,2025,North Texas,Temple,0.9134681172506331,0.8984802825462569,v1-backfill,27.0,,,,,,,
2025-11-28,401760422,14,2025,Utah State,Boise State,0.4084497422204098,0.3935252452638311,v1-backfill,-1.0,,,,,,,
2025-11-29,401752792,14,2025,Texas,Texas A&M,0.4938390237351877,0.4449753593515623,v1-backfill,10.0,,,,,,,
2025-11-29,401752924,14,2025,Purdue,Indiana,0.045113879870477,0.0378363854778101,v1-backfill,-53.0,,,,,,,
2025-11-29,401756961,14,2025,Arizona State,Arizona,0.541469013000522,0.5843329437236253,v1-backfill,-16.0,,,,,,,
2025-11-29,401752787,14,2025,Louisville,Kentucky,0.6306674015181442,0.7162452798079161,v1-backfill,41.0,,,,,,,
2025-11-29,401752790,14,2025,South Carolina,Clemson,0.5854693970684219,0.469905652919586,v1-backfill,-14.0,,,,,,,
2025-11-29,401752921,14,2025,Michigan,Ohio State,0.2160846156230637,0.20988651091718,v1-backfill,-18.0,,,,,,,
2025-11-29,401754611,14,2025,Pittsburgh,Miami,0.4590783926306581,0.4751352619302119,v1-backfill,-31.0,,,,,,,
2025-11-29,401756962,14,2025,Baylor,Houston,0.5681563021007474,0.5206148480163062,v1-backfill,-7.0,,,,,,,
2025-11-29,401756965,14,2025,Kansas State,Colorado,0.8484645905883446,0.847522795775249,v1-backfill,10.0,,,,,,,
2025-11-29,401756966,14,2025,Oklahoma State,Iowa State,0.1222153322533157,0.1027326821635527,v1-backfill,-7.0,,,,,,,
2025-11-29,401756968,14,2025,West Virginia,Texas Tech,0.1368192920151133,0.1146762883284516,v1-backfill,-49.0,,,,,,,
2025-11-29,401762519,14,2025,Florida Atlantic,East Carolina,0.3652776385921906,0.2905517805156294,v1-backfill,-39.0,,,,,,,
2025-11-29,401762872,14,2025,Central Michigan,Toledo,0.3217859573887708,0.4295121455008616,v1-backfill,-18.0,,,,,,,
2025-11-29,401762875,14,2025,Miami (OH),Ball State,0.908384242577832,0.8868273291330803,v1-backfill,21.0,,,,,,,
2025-11-29,401756963,14,2025,BYU,UCF,0.8830740486476503,0.926466760386589,v1-backfill,20.0,,,,,,,
2025-11-29,401757310,14,2025,Delaware,UTEP,0.5835030473264743,0.7186258990690688,v1-backfill,30.0,,,,,,,
2025-11-29,401757311,14,2025,Sam Houston,Florida International,0.2469109455890187,0.205881968524716,v1-backfill,-40.0,,,,,,,
2025-11-29,401761663,14,2025,Marshall,Georgia Southern,0.7460955916122666,0.7242575960444662,v1-backfill,-5.0,,,,,,,
2025-11-29,401757312,14,2025,Jacksonville State,Western Kentucky,0.5760565203828285,0.6049707443048826,v1-backfill,3.0,,,,,,,
2025-11-29,401757314,14,2025,Missouri State,Louisiana Tech,0.5498935451981245,0.6215433848400282,v1-backfill,-12.0,,,,,,,
2025-11-29,401761664,14,2025,Old Dominion,Georgia State,0.9373510210811088,0.95234908470863,v1-backfill,17.0,,,,,,,
2025-11-29,401761661,14,2025,App State,Arkansas State,0.5409742445624123,0.5416151314548245,v1-backfill,-1.0,,,,,,,
2025-11-29,401754608,14,2025,Syracuse,Boston College,0.5143378008832383,0.6739366823200511,v1-backfill,-22.0,,,,,,,
2025-11-29,401757315,14,2025,New Mexico State,Middle Tennessee,0.6503538342434848,0.7173172569425148,v1-backfill,-7.0,,,,,,,
2025-11-29,401761665,14,2025,Louisiana,UL Monroe,0.87142349690986,0.8757217479740155,v1-backfill,3.0,,,,,,,
2025-11-29,401761667,14,2025,Texas State,South Alabama,0.6980842381351277,0.719540689324864,v1-backfill,23.0,,,,,,,
2025-11-29,401762517,14,2025,Tulsa,UAB,0.6632013618791119,0.5991539886830739,v1-backfill,-7.0,,,,,,,
2025-11-29,401752783,14,2025,Arkansas,Missouri,0.4291787348039919,0.2702972959590557,v1-backfill,-14.0,,,,,,,
2025-11-29,401752789,14,2025,Oklahoma,LSU,0.75551349637122,0.7199797143737325,v1-backfill,4.0,,,,,,,
2025-11-29,401752791,14,2025,Tennessee,Vanderbilt,0.5571875177401165,0.509768714562233,v1-backfill,-21.0,,,,,,,
2025-11-29,401752917,14,2025,Washington,Oregon,0.3664677423602747,0.2883644187129421,v1-backfill,-12.0,,,,,,,
2025-11-29,401752918,14,2025,Minnesota,Wisconsin,0.6404313662170897,0.667642496458109,v1-backfill,10.0,,,,,,,
2025-11-29,401752920,14,2025,Rutgers,Penn State,0.2363522097608623,0.2895404314932472,v1-backfill,-4.0,,,,,,,
2025-11-29,401754610,14,2025,Duke,Wake Forest,0.6130524202698557,0.6103434237593285,v1-backfill,17.0,,,,,,,
2025-11-29,401756967,14,2025,TCU,Cincinnati,0.5632526406950792,0.6809761106385537,v1-backfill,22.0,,,,,,,
2025-11-29,401757313,14,2025,Liberty,Kennesaw State,0.5329401296677406,0.3912524370713406,v1-backfill,-6.0,,,,,,,
2025-11-29,401761666,14,2025,Southern Miss,Troy,0.5287202042173046,0.4464753697761373,v1-backfill,-10.0,,,,,,,
2025-11-29,401762441,14,2025,UTSA,Army,0.7376438544077712,0.6556869536418206,v1-backfill,-3.0,,,,,,,
2025-11-29,401761662,14,2025,Coastal Carolina,James Madison,0.1335121149519351,0.1556335716913575,v1-backfill,-49.0,,,,,,,
2025-11-29,401752785,14,2025,Florida,Florida State,0.5427564107309759,0.5890083207542156,v1-backfill,19.0,,,,,,,
2025-11-29,401752946,14,2025,Washington State,Oregon State,0.8342826900727442,0.869266393594719,v1-backfill,24.0,,,,,,,
2025-11-30,401752923,14,2025,Michigan State,Maryland,0.5159822752873854,0.4025878739884913,v1-backfill,10.0,,,,,,,
2025-11-30,401754613,14,2025,Virginia,Virginia Tech,0.7796147758985064,0.8699809610828069,v1-backfill,20.0,,,,,,,
2025-11-30,401762520,14,2025,South Florida,Rice,0.9224677637262818,0.888318413722062,v1-backfill,49.0,,,,,,,
2025-11-30,401752784,14,2025,Auburn,Alabama,0.3165863706942124,0.1815647593263261,v1-backfill,-7.0,,,,,,,
2025-11-30,401752919,14,2025,USC,UCLA,0.8976564088092798,0.9021536463022112,v1-backfill,19.0,,,,,,,
2025-11-30,401752922,14,2025,Illinois,Northwestern,0.6334500362656605,0.6637808560554403,v1-backfill,7.0,,,,,,,
2025-11-30,401754612,14,2025,NC State,North Carolina,0.7388398601676924,0.7667283030543905,v1-backfill,23.0,,,,,,,
2025-11-30,401762518,14,2025,Tulane,Charlotte,0.9520439509696006,0.9638614367295888,v1-backfill,27.0,,,,,,,
2025-11-30,401754609,14,2025,California,SMU,0.1793346087113174,0.120918242182402,v1-backfill,3.0,,,,,,,
2025-11-30,401760425,14,2025,Nevada,UNLV,0.2595071032998753,0.1467120621728135,v1-backfill,-25.0,,,,,,,
2025-11-30,401754614,14,2025,Stanford,Notre Dame,0.0555167663667621,0.0550697054935456,v1-backfill,-29.0,,,,,,,
2025-11-30,401760423,14,2025,San José State,Fresno State,0.3341625714641131,0.2847404601302322,v1-backfill,-27.0,,,,,,,
2025-11-30,401760424,14,2025,Hawai'i,Wyoming,0.7548825246223002,0.8126839626047389,v1-backfill,20.0,,,,,,,
2025-12-06,401777325,15,2025,Jacksonville State,Kennesaw State,0.5977543539584084,0.5877179661701604,v1-backfill,-4.0,,,,,,,
2025-12-06,401777352,15,2025,James Madison,Troy,0.924725944705408,0.8703929797055422,v1-backfill,17.0,,,,,,,
2025-12-06,401777324,15,2025,Tulane,North Texas,0.4520365938962514,0.5288065762899441,v1-backfill,13.0,,,,,,,
2025-12-06,401777326,15,2025,Boise State,UNLV,0.5488540160797208,0.4445398504898058,v1-backfill,17.0,,,,,,,
2025-12-06,401777327,15,2025,Texas Tech,BYU,0.6774601837703179,0.5481776653566361,v1-backfill,27.0,,,,,,,
2025-12-06,401777329,15,2025,Western Michigan,Miami (OH),0.4573660095485474,0.508327198950473,v1-backfill,10.0,,,,,,,
2025-12-06,401777351,15,2025,Alabama,Georgia,0.537071085350235,0.3737536852238239,v1-backfill,-21.0,,,,,,,
2025-12-07,401777328,15,2025,Virginia,Duke,0.5040692719669518,0.5489901594088381,v1-backfill,-7.0,,,,,,,
2025-12-07,401777353,15,2025,Ohio State,Indiana,0.5732564379232977,0.6904940864302694,v1-backfill,-3.0,,,,,,,
2025-12-13,401762521,16,2025,Navy,Army,0.6135959661598261,0.6788531071351538,v1-backfill,1.0,,,,,,,
2025-12-14,401778302,1,2025,Washington,Boise State,0.7962769539171631,0.526774016614123,v1-backfill,28.0,,,,,,,
2025-12-17,401778303,1,2025,Jacksonville State,Troy,0.5061839238284667,0.4822803084096897,v1-backfill,4.0,,,,,,,
2025-12-17,401778304,1,2025,South Florida,Old Dominion,0.6825008007911234,0.5255505247522948,v1-backfill,-14.0,,,,,,,
2025-12-18,401778305,1,2025,Delaware,Louisiana,0.4069641750162208,0.3090602743696272,v1-backfill,7.0,,,,,,,
2025-12-19,401838053,1,2025,Arkansas State,Missouri State,0.5402591758499128,0.5581019942757893,v1-backfill,6.0,,,,,,,
2025-12-19,401778306,1,2025,Western Michigan,Kennesaw State,0.5885838652567275,0.5503462646734614,v1-backfill,35.0,,,,,,,
2025-12-19,401778307,1,2025,NC State,Memphis,0.6976677589946019,0.499656989038921,v1-backfill,24.0,,,,,,,
2025-12-20,401779840,1,2025,Oklahoma,Alabama,0.5445677041457009,0.5386952059375777,v1-backfill,-10.0,,,,,,,
2025-12-20,401779841,1,2025,Texas A&M,Miami,0.5749768092545086,0.5689932489869308,v1-backfill,-7.0,,,,,,,
2025-12-20,401779842,1,2025,Ole Miss,Tulane,0.9095206554973944,0.7553145185055741,v1-backfill,31.0,,,,,,,
2025-12-21,401779843,1,2025,Oregon,James Madison,0.8451594912311172,0.7123673796824017,v1-backfill,17.0,,,,,,,
2025-12-22,401778308,1,2025,Utah State,Washington State,0.2464637214907314,0.4052612929424807,v1-backfill,-13.0,,,,,,,
2025-12-23,401778309,1,2025,Louisville,Toledo,0.7332727308389969,0.6027785363657507,v1-backfill,5.0,,,,,,,
2025-12-23,401778310,1,2025,Southern Miss,Western Kentucky,0.3865697881699379,0.3580734546592528,v1-backfill,-11.0,,,,,,,
2025-12-24,401778311,1,2025,Ohio,UNLV,0.4924309597248897,0.4873475342203675,v1-backfill,7.0,,,,,,,
2025-12-25,401778312,1,2025,Hawai'i,California,0.4687100230108275,0.6976582736795917,v1-backfill,4.0,,,,,,,
2025-12-26,401778313,1,2025,Northwestern,Central Michigan,0.8358982639941651,0.5960722324715118,v1-backfill,27.0,,,,,,,
2025-12-26,401778314,1,2025,Minnesota,New Mexico,0.7729378051010988,0.4856304707780212,v1-backfill,3.0,,,,,,,
2025-12-27,401778315,1,2025,UTSA,Florida International,0.6493320793946843,0.6382116848897376,v1-backfill,37.0,,,,,,,
2025-12-27,401778316,1,2025,East Carolina,Pittsburgh,0.3256294801656761,0.442025869571817,v1-backfill,6.0,,,,,,,
2025-12-27,401778317,1,2025,Clemson,Penn State,0.4484282256087918,0.4485860447956599,v1-backfill,-12.0,,,,,,,
2025-12-27,401778318,1,2025,Army,UConn,0.4020001552807228,0.4031048722222868,v1-backfill,25.0,,,,,,,
2025-12-27,401778319,1,2025,BYU,Georgia Tech,0.6835060002019857,0.7318182697462818,v1-backfill,4.0,,,,,,,
2025-12-27,401778320,1,2025,Fresno State,Miami (OH),0.5168695812491241,0.5227210763467317,v1-backfill,15.0,,,,,,,
2025-12-27,401778321,1,2025,San Diego State,North Texas,0.3331999815434905,0.3625256562636862,v1-backfill,-2.0,,,,,,,
2025-12-28,401778322,1,2025,Missouri,Virginia,0.6561954625647036,0.5753535878493461,v1-backfill,-6.0,,,,,,,
2025-12-28,401778323,1,2025,Houston,LSU,0.4577143615482333,0.4145311838525004,v1-backfill,3.0,,,,,,,
2025-12-29,401778324,1,2025,App State,Georgia Southern,0.4826156137297206,0.3884826145863593,v1-backfill,-19.0,,,,,,,
2025-12-30,401778325,1,2025,Louisiana Tech,Coastal Carolina,0.7076266399894118,0.5445465229922587,v1-backfill,9.0,,,,,,,
2025-12-30,401778326,1,2025,Illinois,Tennessee,0.3646601272146699,0.4298347394243015,v1-backfill,2.0,,,,,,,
2025-12-31,401778327,1,2025,TCU,USC,0.3840945012510089,0.3876241013656705,v1-backfill,3.0,,,,,,,
2025-12-31,401778328,1,2025,Vanderbilt,Iowa,0.5844470585265908,0.6082721293765639,v1-backfill,-7.0,,,,,,,
2025-12-31,401778329,1,2025,Duke,Arizona State,0.5964760125947032,0.5627627778966494,v1-backfill,3.0,,,,,,,
2025-12-31,401778330,1,2025,Texas,Michigan,0.6305094547204152,0.6449329145010647,v1-backfill,14.0,,,,,,,
2025-12-31,401778331,1,2025,Utah,Nebraska,0.855068934899063,0.8489501080645581,v1-backfill,22.0,,,,,,,
2026-01-01,401769070,1,2025,Ohio State,Miami,0.7369884743935867,0.7052493206142124,v1-backfill,-10.0,,,,,,,
2026-01-01,401769071,1,2025,Texas Tech,Oregon,0.5022155725415698,0.430785641405873,v1-backfill,-23.0,,,,,,,
2026-01-01,401769072,1,2025,Indiana,Alabama,0.7215970903942187,0.6191719605962063,v1-backfill,35.0,,,,,,,
2026-01-02,401769073,1,2025,Georgia,Ole Miss,0.505372008930897,0.6111614787821952,v1-backfill,-5.0,,,,,,,
2026-01-02,401778332,1,2025,Texas State,Rice,0.8367284116277715,0.7913971682726492,v1-backfill,31.0,,,,,,,
2026-01-02,401778333,1,2025,Cincinnati,Navy,0.6750876650909721,0.2636599796785218,v1-backfill,-22.0,,,,,,,
2026-01-03,401778334,1,2025,Mississippi State,Wake Forest,0.482377794388432,0.3901779533399244,v1-backfill,-14.0,,,,,,,
2026-01-03,401831583,1,2025,SMU,Arizona,0.5837919390373283,0.5181372528119025,v1-backfill,5.0,,,,,,,
2026-01-09,401769075,1,2025,Ole Miss,Miami,0.582982932745244,0.5330277597833857,v1-backfill,-4.0,,,,,,,
2026-01-10,401769074,1,2025,Indiana,Oregon,0.5919680545531834,0.4659019268600929,v1-backfill,34.0,,,,,,,
2026-01-20,401769076,1,2025,Indiana,Miami,0.7827328228729753,0.6525918895731252,v1-backfill,6.0,,,,,,,
2026-08-29,401856766,1,2026,TCU,North Carolina,0.7816395861983592,0.8138684567232842,v1,-5.0,1.0,-12.497671425813898,50.36942028913748,True,home,TCU,0.7816395861983592
2026-08-29,401864494,1,2026,USC,San José State,0.9643309964515182,0.9130995797661262,v1,16.0,1.0,-32.03507218520415,60.30439125928664,True,home,USC,0.9643309964515182
2026-08-29,401858202,1,2026,Virginia,NC State,0.5515371141405528,0.592590176630059,v1,26.0,1.0,-1.951562021710084,52.24884605636107,True,home,Virginia,0.5515371141405528
2026-08-29,401858201,1,2026,Stanford,Hawai'i,0.6218789557933303,0.3833583203958373,v1,10.0,1.0,-6.06658291325396,52.56336827587632,True,home,Stanford,0.6218789557933303
2026-08-29,401864570,1,2026,Florida State,New Mexico State,0.9234042238426124,0.7555618858707076,v1,17.0,1.0,-25.00086030344792,52.34868915658787,True,home,Florida State,0.9234042238426124
2026-08-29,401862693,1,2026,UNLV,Memphis,0.6242225017748483,0.6377246322396121,v1,-6.0,1.0,-4.558835386420162,60.17460591723732,True,home,UNLV,0.6242225017748483
2026-09-03,401858423,1,2026,Rutgers,Massachusetts,0.9769935277269616,0.9280667392684624,v1,,1.0,-36.4413636751122,60.865182370617454,True,home,Rutgers,0.9769935277269616
2026-09-03,401858204,1,2026,Wake Forest,Akron,0.9180839425002936,0.8015204215782467,v1,,1.0,-23.91891367917193,53.35357473819311,True,home,Wake Forest,0.9180839425002936
2026-09-03,401856776,1,2026,Georgia Tech,Colorado,0.8027541645589813,0.7733664964395491,v1,,1.0,-13.147646432715067,57.208573657106406,True,home,Georgia Tech,0.8027541645589813
2026-09-03,401858424,1,2026,Illinois,UAB,0.9426710030973624,0.8498166003752867,v1,,1.0,-27.59937923227769,57.93786542848255,True,home,Illinois,0.9426710030973624
2026-09-04,401864495,1,2026,Eastern Michigan,San José State,0.7064735836250566,0.7072824743280023,v1,,1.0,-7.950072306036308,57.025567709807454,True,home,Eastern Michigan,0.7064735836250566
2026-09-04,401856664,1,2026,Oklahoma,UTEP,0.970495667745116,0.9400974215330736,v1,,1.0,-33.859310693103524,51.49962385872359,True,home,Oklahoma,0.970495667745116
2026-09-04,401858429,1,2026,Michigan State,Toledo,0.5621448199617287,0.3419964690380419,v1,,1.0,-3.5234485678779883,51.4127433355596,True,home,Michigan State,0.5621448199617287
2026-09-04,401858206,1,2026,Stanford,Miami,0.1533790234826931,0.1477837323041543,v1,,1.0,16.3413485134996,51.54259624637773,True,away,Miami,0.8466209765173068
2026-09-04,401858436,1,2026,USC,Fresno State,0.8644538674414396,0.7335838484283903,v1,,1.0,-18.12583233734533,55.03118699681824,True,home,USC,0.8644538674414396
2026-09-05,401856634,1,2026,Alabama,East Carolina,0.8519516734233114,0.7339489036040626,v1,,1.0,-17.586030002570684,52.4155596915158,True,home,Alabama,0.8519516734233114
2026-09-05,401856778,1,2026,Houston,Oregon State,0.8752061846840968,0.8751344303452422,v1,,0.0,-17.899866416198527,50.27856593035069,True,home,Houston,0.8752061846840968
2026-09-05,401856780,1,2026,West Virginia,Coastal Carolina,0.8235714974585528,0.6059861340683133,v1,,1.0,-15.914036338604156,58.28228358419497,True,home,West Virginia,0.8235714974585528
2026-09-05,401858425,1,2026,Indiana,North Texas,0.9521946776866176,0.8875003943376448,v1,,1.0,-29.332514254274543,66.42233237439258,True,home,Indiana,0.9521946776866176
2026-09-05,401858430,1,2026,Nebraska,Ohio,0.7129779914804772,0.3972810179950887,v1,,1.0,-10.147112645090624,51.60405133561774,True,home,Nebraska,0.7129779914804772
2026-09-05,401869960,1,2026,James Madison,Liberty,0.9072213708500514,0.9007356970398556,v1,,0.0,-21.255506530369917,58.15030280431279,True,home,James Madison,0.9072213708500514
2026-09-05,401858207,1,2026,Pittsburgh,Miami (OH),0.8387919174143148,0.7109153881637872,v1,,1.0,-16.496432114669233,53.15673529205876,True,home,Pittsburgh,0.8387919174143148
2026-09-05,401858432,1,2026,Ohio State,Ball State,0.9916106041921868,0.9706736145986564,v1,,0.0,-46.25930762218493,48.42957047099923,True,home,Ohio State,0.9916106041921868
2026-09-05,401856665,1,2026,South Carolina,Kent State,0.9569664374632364,0.814289586511919,v1,,1.0,-31.063470616156927,52.64007436206975,True,home,South Carolina,0.9569664374632364
2026-09-05,401856636,1,2026,Auburn,Baylor,0.6801106214825854,0.5556893282502714,v1,,1.0,-8.399479401533863,53.5755777051356,True,home,Auburn,0.6801106214825854
2026-09-05,401856667,1,2026,Texas,Texas State,0.91007108745787,0.8153412796141541,v1,,1.0,-22.842085321418907,61.40278229953833,True,home,Texas,0.91007108745787
2026-09-05,401856777,1,2026,Cincinnati,Boston College,0.670797001654819,0.6814021805501881,v1,,0.0,-6.609655839370724,56.08327549411483,True,home,Cincinnati,0.670797001654819
2026-09-05,401858209,1,2026,Duke,Tulane,0.7829204182513069,0.5702520172667129,v1,,1.0,-13.134814672295548,58.69575516965654,True,home,Duke,0.7829204182513069
2026-09-05,401858433,1,2026,Oregon,Boise State,0.9348442240340288,0.8499315109879976,v1,,1.0,-26.094512111790515,56.04770626764292,True,home,Oregon,0.9348442240340288
2026-09-05,401858434,1,2026,Penn State,Marshall,0.9333039021671564,0.8161344141130649,v1,,1.0,-26.14024514988146,55.47892371862991,True,home,Penn State,0.9333039021671564
2026-09-05,401856772,1,2026,Tulsa,Oklahoma State,0.4445287624456968,0.5919525713164562,v1,,1.0,3.3005673374994764,54.89347902710808,True,away,Oklahoma State,0.5554712375543032
2026-09-05,401858426,1,2026,Iowa,Northern Illinois,0.9679114034099076,0.9314608259230756,v1,,1.0,-32.91545003217248,44.68080361393755,True,home,Iowa,0.9679114034099076
2026-09-05,401860878,1,2026,Colorado State,Wyoming,0.500465594450541,0.4811022647723667,v1,,0.0,0.0553768355985608,44.8904701112369,True,home,Colorado State,0.500465594450541
2026-09-05,401856668,1,2026,Texas A&M,Missouri State,0.9520209341694972,0.8894583650708229,v1,,1.0,-29.292150875035546,56.32815234342617,True,home,Texas A&M,0.9520209341694972
2026-09-05,401862695,1,2026,Memphis,Arkansas State,0.7189157183564704,0.6871634806923921,v1,,0.0,-8.676183688020524,55.9926506981782,True,home,Memphis,0.7189157183564704
2026-09-05,401862699,1,2026,South Florida,Florida International,0.8375330855756222,0.7624655633251913,v1,,1.0,-15.78660704478754,63.29276039631965,True,home,South Florida,0.8375330855756222
2026-09-05,401870763,1,2026,Troy,Sam Houston,0.8461040171870062,0.8316771800887358,v1,,0.0,-16.026486834128363,50.167992407654566,True,home,Troy,0.8461040171870062
2026-09-05,401856660,1,2026,LSU,Clemson,0.5097453567411918,0.5189728591061744,v1,,0.0,-0.3339596076397577,49.4573084230437,True,home,LSU,0.5097453567411918
2026-09-05,401856662,1,2026,Mississippi State,UL Monroe,0.9247529561959266,0.7653079636717242,v1,,1.0,-24.977328481826124,57.45753658551516,True,home,Mississippi State,0.9247529561959266
2026-09-05,401858428,1,2026,Michigan,Western Michigan,0.8296462843932143,0.6127797073028444,v1,,1.0,-16.338893331568183,47.95178843775038,True,home,Michigan,0.8296462843932143
2026-09-05,401856637,1,2026,Florida,Florida Atlantic,0.915093692242077,0.7619943151439742,v1,,1.0,-23.87549114787859,56.24247107257826,True,home,Florida,0.915093692242077
2026-09-05,401864497,1,2026,Hawai'i,UNLV,0.5336381596240164,0.5268409270816954,v1,,0.0,-1.01717024950646,58.08794659912859,True,home,Hawai'i,0.5336381596240164
2026-09-05,401864498,1,2026,New Mexico,Central Michigan,0.7322054072829656,0.7563970252186243,v1,,0.0,-9.207814222400556,52.22874026659443,True,home,New Mexico,0.7322054072829656
2026-09-05,401858210,1,2026,California,UCLA,0.679573765656323,0.5991145995141758,v1,,1.0,-7.216138988051151,53.12262091658211,True,home,California,0.679573765656323
2026-09-05,401864432,1,2026,Nevada,Western Kentucky,0.4131935458088843,0.3619837969916459,v1,,1.0,3.099150548297265,49.94401906391038,True,away,Western Kentucky,0.5868064541911157
2026-09-06,401858437,1,2026,Washington,Washington State,0.7886073655392707,0.7306559072390701,v1,,1.0,-12.474503733082411,51.30997920791389,True,home,Washington,0.7886073655392707
2026-09-06,401856661,1,2026,Ole Miss,Louisville,0.7272959570460742,0.7044179184005267,v1,,1.0,-10.046085882311225,54.369604708643976,True,home,Ole Miss,0.7272959570460742
2026-09-06,401858438,1,2026,Notre Dame,Wisconsin,0.922284906171565,0.8889678114100108,v1,,1.0,-24.11496169284628,45.34618930384328,True,home,Notre Dame,0.922284906171565
