date,game_id,week,season,home,away,p_home,p_elo,model,result,sp_margin,p_sp_m75,p_sp_m35,p_sp_m05,p_sp_p35,p_sp_p75,final_margin
2024-09-05,2024_01_BAL_KC,1,2024,KC,BAL,0.5013748710968478,0.6556628963563349,v1-backfill,7.0,0.9409262243706262,0.8017229888291433,0.6696586792425776,0.5237663875473461,0.3807959667694725,0.2440189479813397,7.0
2024-09-06,2024_01_GB_PHI,1,2024,PHI,GB,0.3677509158335694,0.5946298378920895,v1-backfill,5.0,-2.7880022096112898,0.7096235636990533,0.5479602116065158,0.3793297657995007,0.263291527414971,0.1581737117868379,5.0
2024-09-08,2024_01_ARI_BUF,1,2024,BUF,ARI,0.7409764676103875,0.7307908511877648,v1-backfill,6.0,9.17964363510499,0.9292387042451856,0.8532218516250921,0.7531522293287304,0.6299801296739067,0.4887245706452583,6.0
2024-09-08,2024_01_CAR_NO,1,2024,NO,CAR,0.7569352706504443,0.6964975440408917,v1-backfill,37.0,8.887196505552318,0.9314466516257516,0.8655216288442821,0.7824528615446839,0.6381500134538234,0.4784704524285705,37.0
2024-09-08,2024_01_DAL_CLE,1,2024,CLE,DAL,0.2302414049091836,0.5269569251059579,v1-backfill,-16.0,-7.116920422266208,0.5826853743699325,0.4091059947701075,0.2428131744042588,0.1546659228382564,0.0822971848039758,-16.0
2024-09-08,2024_01_DEN_SEA,1,2024,SEA,DEN,0.7224588035078373,0.6358998041351007,v1-backfill,6.0,6.810590657626667,0.8951626736503768,0.819895748734083,0.7346195868018424,0.582842837600514,0.4209887633919904,6.0
2024-09-08,2024_01_HOU_IND,1,2024,IND,HOU,0.3757888264937574,0.5901931612661689,v1-backfill,-2.0,-2.639984559251761,0.703959556416557,0.5436457423296539,0.3778391768014718,0.2718851390642484,0.171755712613385,-2.0
2024-09-08,2024_01_JAX_MIA,1,2024,MIA,JAX,0.5814885186211469,0.6280546150210629,v1-backfill,3.0,3.151613415923975,0.8468925275713098,0.7278339658432789,0.5891436414471033,0.4473838121852853,0.3044038403571775,3.0
2024-09-08,2024_01_LA_DET,1,2024,DET,LA,0.5128471946742916,0.582339711091371,v1-backfill,6.0,1.0081018628702791,0.8035421119916601,0.6672755020505838,0.5146850596706316,0.3783034045025562,0.2461111628115565,6.0
2024-09-08,2024_01_LV_LAC,1,2024,LAC,LV,0.400794962877726,0.5571972291966422,v1-backfill,12.0,-2.3203595817162577,0.7296127707094201,0.5621242382862434,0.3814370218625233,0.2662885228615319,0.1612727049734654,12.0
2024-09-08,2024_01_MIN_NYG,1,2024,NYG,MIN,0.4012167218253662,0.5294436601465279,v1-backfill,-22.0,-2.136540217690922,0.731778974077869,0.5628476637372859,0.3796220876015768,0.2705205659683441,0.1685963565024815,-22.0
2024-09-08,2024_01_NE_CIN,1,2024,CIN,NE,0.656647039871673,0.6745043225873643,v1-backfill,-6.0,4.910692238871155,0.8780687789995221,0.7653164853012293,0.6253588023414348,0.4944028734740297,0.3553962274152104,-6.0
2024-09-08,2024_01_PIT_ATL,1,2024,ATL,PIT,0.4560929722014894,0.4956526095224041,v1-backfill,-8.0,-1.9459583100671427,0.7364110018555663,0.5873912695586772,0.4312087339776262,0.2921448591068565,0.1696455886556088,-8.0
2024-09-08,2024_01_TEN_CHI,1,2024,CHI,TEN,0.4583081650075605,0.5477000196347469,v1-backfill,7.0,-1.80825536588082,0.7132556068395555,0.566740294426731,0.4178395795950032,0.3084172933101384,0.2018163198398571,7.0
2024-09-08,2024_01_WAS_TB,1,2024,TB,WAS,0.8100334115862818,0.669811120479092,v1-backfill,17.0,11.462406030207188,0.9443560287342492,0.890742211586131,0.8231358506515551,0.7046165947833776,0.5638911665221218,17.0
2024-09-09,2024_01_NYJ_SF,1,2024,SF,NYJ,0.8466204791759971,0.7278343822313074,v1-backfill,13.0,12.364018742987367,0.9562512844263948,0.9026587142402762,0.8281534780621371,0.7193380134062665,0.5870897264361923,13.0
2024-09-12,2024_02_BUF_MIA,2,2024,MIA,BUF,0.374862478827096,0.5177267794238907,v1-backfill,-21.0,-1.982076719557638,0.7291062578671291,0.5762937026245731,0.4162455063609102,0.2911492683705186,0.1768045326851453,-21.0
2024-09-15,2024_02_CHI_HOU,2,2024,HOU,CHI,0.7377156259890179,0.6094606586978524,v1-backfill,6.0,7.2008106894257455,0.8991296027541689,0.826752975950083,0.7447678556558619,0.5950611516499159,0.4339302029229792,6.0
2024-09-15,2024_02_CIN_KC,2,2024,KC,CIN,0.7252972131383184,0.6884679905181837,v1-backfill,1.0,7.471974193011666,0.9083180994554274,0.823241460185641,0.7174968614024383,0.5843086812634418,0.4372270970614585,1.0
2024-09-15,2024_02_CLE_JAX,2,2024,JAX,CLE,0.6351899387993797,0.5423781791155317,v1-backfill,-5.0,3.423090045279076,0.8461376664791849,0.7331687411463962,0.6041864653463358,0.4614820766877839,0.3165060676689296,-5.0
2024-09-15,2024_02_IND_GB,2,2024,GB,IND,0.6283532835300819,0.6408437106105705,v1-backfill,6.0,5.001727142716106,0.8494292768412556,0.7292508343690682,0.5879524368533593,0.4887280323206363,0.3759605730126903,6.0
2024-09-15,2024_02_LAC_CAR,2,2024,CAR,LAC,0.3649946909772564,0.4894966368574372,v1-backfill,-23.0,-3.7718086816242233,0.6781236465773313,0.5124781640250627,0.343776022970272,0.2387277988930924,0.1435128593387777,-23.0
2024-09-15,2024_02_LA_ARI,2,2024,ARI,LA,0.3247274626047093,0.4708798770466391,v1-backfill,31.0,-4.679547311384376,0.6461287756945275,0.4878929567543436,0.3332007185239827,0.2275354112321997,0.1336043573462333,31.0
2024-09-15,2024_02_LV_BAL,2,2024,BAL,LV,0.7562579999423922,0.6659805033520205,v1-backfill,-3.0,8.492704722678534,0.9186185559699778,0.837216967303502,0.7330637721261376,0.6095634613581742,0.4691361763649369,-3.0
2024-09-15,2024_02_NO_DAL,2,2024,DAL,NO,0.566945445555056,0.6343767006327281,v1-backfill,-25.0,2.841770207363041,0.8311030937998061,0.7086098912595891,0.5693439761815776,0.438291383447867,0.3038397946464186,-25.0
2024-09-15,2024_02_NYG_WAS,2,2024,WAS,NYG,0.5064923283771617,0.552567456758208,v1-backfill,3.0,-0.4926223411915487,0.748365144719217,0.6134992328407188,0.4744510841238623,0.3497712464738053,0.2284869740926126,3.0
2024-09-15,2024_02_NYJ_TEN,2,2024,TEN,NYJ,0.5247444600485136,0.602866826266667,v1-backfill,-7.0,2.335239377106435,0.8181826374896206,0.6867342120481965,0.5374486772869972,0.4172347721345876,0.2925840865489832,-7.0
2024-09-15,2024_02_PIT_DEN,2,2024,DEN,PIT,0.3630758756558063,0.4854330862808176,v1-backfill,-7.0,-4.319121229742874,0.6557861730137586,0.4884040967865999,0.3207688822957752,0.2276859280516731,0.1411273006194169,-7.0
2024-09-15,2024_02_SEA_NE,2,2024,NE,SEA,0.361586497347509,0.520391138597079,v1-backfill,-3.0,-3.343212758679935,0.6848303655089902,0.5329519364059093,0.3812454405458516,0.2632154700846842,0.1569525882254908,-3.0
2024-09-15,2024_02_SF_MIN,2,2024,MIN,SF,0.2658434436469342,0.4849833184524099,v1-backfill,6.0,-6.8295958558500125,0.5829153269969831,0.4223132163024865,0.2716478278863057,0.1779632117652713,0.0985523850499987,6.0
2024-09-15,2024_02_TB_DET,2,2024,DET,TB,0.5368139391348862,0.5905744849702963,v1-backfill,-4.0,1.8726562822875907,0.8119664395750587,0.6817109573593162,0.5359150813009699,0.4073982481556054,0.277603476301463,-4.0
2024-09-16,2024_02_ATL_PHI,2,2024,PHI,ATL,0.7017615924599979,0.6934656127814672,v1-backfill,-1.0,6.2273525198017055,0.8911602051930204,0.7962612835065963,0.6810360635117902,0.5457004208838446,0.3994823891372421,-1.0
2024-09-19,2024_03_NE_NYJ,3,2024,NYJ,NE,0.5182750973152161,0.5692865375219366,v1-backfill,21.0,1.2635475655568715,0.8003503817209376,0.6709988520662281,0.529401354770834,0.3936689487141258,0.2602452176763176,21.0
2024-09-22,2024_03_BAL_DAL,3,2024,DAL,BAL,0.4911422795114193,0.5912304542496866,v1-backfill,-3.0,0.1893378922734943,0.7751398902688578,0.6405299683890843,0.4968908919014418,0.3630284507812039,0.2342136951402925,-3.0
2024-09-22,2024_03_CAR_LV,3,2024,LV,CAR,0.710727256271341,0.6864964252595108,v1-backfill,-14.0,7.666600121387315,0.9063118056495968,0.8128286666810629,0.6933315298198067,0.5768302333219344,0.4442605370292162,-14.0
2024-09-22,2024_03_CHI_IND,3,2024,IND,CHI,0.6297860572762816,0.5988331216297088,v1-backfill,5.0,4.947001617939461,0.8570561434452793,0.767451042002572,0.6704124856946679,0.5251476640079487,0.3727849122785416,5.0
2024-09-22,2024_03_DEN_TB,3,2024,TB,DEN,0.7942416947078629,0.6744593378191318,v1-backfill,-19.0,9.209836435158277,0.9283602478448636,0.8691682809201527,0.7987019298574376,0.6540914534715173,0.4931586664517795,-19.0
2024-09-22,2024_03_DET_ARI,3,2024,ARI,DET,0.4524652442369472,0.4726586145680889,v1-backfill,-7.0,-1.5121617531071658,0.731899101372488,0.596269227552652,0.4588400216307138,0.3217085572855084,0.1960137279427526,-7.0
2024-09-22,2024_03_GB_TEN,3,2024,TEN,GB,0.4431387250225615,0.4868788635976126,v1-backfill,-16.0,-2.169196165261577,0.7039841483606863,0.5736573992082208,0.44680699712874,0.315854519255681,0.1946643122919243,-16.0
2024-09-22,2024_03_HOU_MIN,3,2024,MIN,HOU,0.5339771118550265,0.6186763741851153,v1-backfill,27.0,1.9299374777110945,0.8087913844248469,0.6823171982302196,0.542921772044332,0.4136204660271275,0.2826814815724768,27.0
2024-09-22,2024_03_KC_ATL,3,2024,ATL,KC,0.3157848637995606,0.3691245614961138,v1-backfill,-5.0,-6.200842725605483,0.5991595977206918,0.4514650404339633,0.3145228307912947,0.2046660056996841,0.1122600397966415,-5.0
2024-09-22,2024_03_LAC_PIT,3,2024,PIT,LAC,0.605612258802535,0.6499043643543617,v1-backfill,10.0,2.967141804899114,0.8322104442900415,0.7175212081633418,0.5897242367547421,0.4499421286087286,0.3081287145480728,10.0
2024-09-22,2024_03_MIA_SEA,3,2024,SEA,MIA,0.6415998533282611,0.589447851239152,v1-backfill,21.0,3.731901287458845,0.848279283615115,0.7529871577112325,0.6497247495192782,0.4882736702693589,0.3275101803574447,21.0
2024-09-22,2024_03_NYG_CLE,3,2024,CLE,NYG,0.6472645874113676,0.6518994689059656,v1-backfill,-6.0,4.462652428683213,0.8601155594676133,0.7558779826487296,0.6362529674279555,0.4959562457135393,0.3497243624723933,-6.0
2024-09-22,2024_03_PHI_NO,3,2024,NO,PHI,0.6639630617947253,0.5596539627276914,v1-backfill,-3.0,6.115689793807593,0.8850222965714066,0.7892553069048754,0.6749138555955497,0.5426419112193155,0.3990820317725596,-3.0
2024-09-22,2024_03_SF_LA,3,2024,LA,SF,0.3291187445780846,0.4899449031665559,v1-backfill,3.0,-4.710622858526078,0.6434290890987221,0.4926363586208064,0.3475093421352175,0.2343817055338644,0.1352436460972418,3.0
2024-09-23,2024_03_JAX_BUF,3,2024,BUF,JAX,0.7688107031163893,0.7140086639945648,v1-backfill,37.0,9.14459835385814,0.9268027942030764,0.858881343171884,0.7744605564318416,0.641025578930813,0.4902962845288298,37.0
2024-09-23,2024_03_WAS_CIN,3,2024,CIN,WAS,0.7279857879903077,0.6774955847394972,v1-backfill,-5.0,8.759231975511,0.9123409969742122,0.8403309863338756,0.7547845336732272,0.6280883661090643,0.4838744063463747,-5.0
2024-09-26,2024_04_DAL_NYG,4,2024,NYG,DAL,0.2932420295424993,0.4768223776865852,v1-backfill,-5.0,-4.713741227812642,0.651345754501579,0.4908449913090794,0.3326330786420579,0.2212577779286156,0.1251960742445659,-5.0
2024-09-29,2024_04_BUF_BAL,4,2024,BAL,BUF,0.4337986109291018,0.5307877936253035,v1-backfill,25.0,-1.4648226573216556,0.7329473466024379,0.586901158205604,0.4353956492262155,0.3133439607098447,0.1979833228487563,25.0
2024-09-29,2024_04_CIN_CAR,4,2024,CAR,CIN,0.2625938414025413,0.4398202813850648,v1-backfill,-10.0,-7.553959240585739,0.559324154403075,0.4060867022015607,0.2661373899257301,0.1703696788675617,0.0912989933082035,-10.0
2024-09-29,2024_04_CLE_LV,4,2024,LV,CLE,0.5935246211309646,0.5483557500268854,v1-backfill,4.0,2.56514991494849,0.8259563618534709,0.7134056666829638,0.5902752021155445,0.4423085451178514,0.2954957056005228,4.0
2024-09-29,2024_04_DEN_NYJ,4,2024,NYJ,DEN,0.6611502652948227,0.5796110229245302,v1-backfill,-1.0,4.7687851344745,0.8603859206067725,0.7756934584717067,0.6849379959954508,0.5255889153624479,0.3627638617434763,-1.0
2024-09-29,2024_04_JAX_HOU,4,2024,HOU,JAX,0.5757155793289356,0.6050379543004245,v1-backfill,4.0,2.859445893416644,0.8297454543271686,0.7198884252020643,0.5997919430611038,0.4525963465133886,0.3052893617288555,4.0
2024-09-29,2024_04_KC_LAC,4,2024,LAC,KC,0.3109164820150689,0.377815609828242,v1-backfill,-7.0,-5.596400670290764,0.6173181868276526,0.4603132257632686,0.3104659072691119,0.2094123291618293,0.1208479353621148,-7.0
2024-09-29,2024_04_LA_CHI,4,2024,CHI,LA,0.3502575773044454,0.4869043327511236,v1-backfill,6.0,-3.4725923874448554,0.6768909661455331,0.5139213198630659,0.3489363795163241,0.2519080897793658,0.1598580257043878,6.0
2024-09-29,2024_04_MIN_GB,4,2024,GB,MIN,0.6258346659127364,0.5916299730282683,v1-backfill,-2.0,2.5224939430765514,0.8220481361530607,0.70555077606154,0.5775881464288591,0.4378526197570176,0.2972150019363408,-2.0
2024-09-29,2024_04_NE_SF,4,2024,SF,NE,0.808323129830009,0.7095874223829349,v1-backfill,17.0,11.370814531937988,0.9435150937553656,0.8851179557147472,0.8094166375768468,0.69564586478806,0.5597108519036307,17.0
2024-09-29,2024_04_NO_ATL,4,2024,ATL,NO,0.3382229129935276,0.5052035979043455,v1-backfill,2.0,-4.822143353912118,0.6379564653324944,0.4904028416489226,0.3498323393043047,0.2360821281080103,0.1363335606260389,2.0
2024-09-29,2024_04_PHI_TB,4,2024,TB,PHI,0.4843520689036454,0.5461088801042857,v1-backfill,17.0,0.0792338389011657,0.7711240489437761,0.6367814558542524,0.4943183313309078,0.3610880401980195,0.23290748178357,17.0
2024-09-29,2024_04_PIT_IND,4,2024,IND,PIT,0.3947346010057362,0.4860643643761268,v1-backfill,3.0,-3.319145438997128,0.6773598622015259,0.5275281263849676,0.3794612387225108,0.2692972834187877,0.1668769036975785,3.0
2024-09-29,2024_04_WAS_ARI,4,2024,ARI,WAS,0.5925991294577434,0.5517790112829378,v1-backfill,-28.0,3.897247556457401,0.8371445426207738,0.727865134165215,0.6068453764536429,0.4790065095496664,0.3435881236701316,-28.0
2024-09-30,2024_04_SEA_DET,4,2024,DET,SEA,0.5631011209741141,0.5762072396797835,v1-backfill,13.0,2.387356349984086,0.8216402872438158,0.6980813879000621,0.5597792588970351,0.4267090361139996,0.2918568212382324,13.0
2024-09-30,2024_04_TEN_MIA,4,2024,MIA,TEN,0.6090841597764511,0.6526181643488039,v1-backfill,-19.0,3.568101434255826,0.8433720404493807,0.7365292897160807,0.617556589567782,0.4725276447314842,0.3248652690470071,-19.0
2024-10-03,2024_05_TB_ATL,5,2024,ATL,TB,0.4048807481335287,0.4971757641647654,v1-backfill,6.0,-1.746020884232594,0.7320367401484861,0.5879406091756726,0.4392254429009423,0.3058533292567594,0.1845771263952039,6.0
2024-10-06,2024_05_ARI_SF,5,2024,SF,ARI,0.7903244143582328,0.7476710197452343,v1-backfill,-1.0,11.49065524736674,0.9427995571211144,0.8830167565372862,0.805182690422019,0.6954556903714026,0.5633117572728218,-1.0
2024-10-06,2024_05_BAL_CIN,5,2024,CIN,BAL,0.3858230736765041,0.5367123553935358,v1-backfill,-3.0,-3.699852208862573,0.6688226834921911,0.5304794145494396,0.3977864928479647,0.2701735348043493,0.1574381149456777,-3.0
2024-10-06,2024_05_BUF_HOU,5,2024,HOU,BUF,0.3359355929317764,0.4629980822714139,v1-backfill,3.0,-5.15629208666744,0.6290597576154597,0.4825733762878652,0.3442124350265719,0.2291325809963492,0.1297900397966016,3.0
2024-10-06,2024_05_CAR_CHI,5,2024,CHI,CAR,0.6058792580695277,0.6421720141852322,v1-backfill,26.0,5.058129468206287,0.8555114600123115,0.7388672651022312,0.6011637451674275,0.4945383394674274,0.3751321092491957,26.0
2024-10-06,2024_05_CLE_WAS,5,2024,WAS,CLE,0.679825441136565,0.5400084562886611,v1-backfill,21.0,4.118598974693187,0.8481762868875715,0.7570955629396849,0.6598398311032873,0.5034581432474639,0.3447961214683171,21.0
2024-10-06,2024_05_DAL_PIT,5,2024,PIT,DAL,0.4385144962365582,0.566211804240428,v1-backfill,-3.0,-0.8284275121111717,0.7486589847484038,0.6083759585615974,0.461933610941146,0.3339396689995594,0.212315692390211,-3.0
2024-10-06,2024_05_GB_LA,5,2024,LA,GB,0.4549915378336848,0.553804601687289,v1-backfill,-5.0,-0.6232686487528172,0.7572353653280277,0.6157546090025791,0.4660588203769464,0.3365073995877179,0.2135833639943128,-5.0
2024-10-06,2024_05_IND_JAX,5,2024,JAX,IND,0.5154812592879344,0.5443301264588705,v1-backfill,3.0,0.6215064509027783,0.7824967006140243,0.6458283786019611,0.4977080646810343,0.3719496645445245,0.2475786538128229,3.0
2024-10-06,2024_05_LV_DEN,5,2024,DEN,LV,0.4843965687396599,0.5636078604557702,v1-backfill,16.0,0.7571196847734534,0.7754747782910589,0.6365203355944271,0.4866593317616589,0.3746841798849842,0.2597874957033527,16.0
2024-10-06,2024_05_MIA_NE,5,2024,NE,MIA,0.504643315854865,0.5175867504671722,v1-backfill,-5.0,0.161977540104675,0.7652183731125406,0.637225514547316,0.5045765935461621,0.3716098814570132,0.2424195706389017,-5.0
2024-10-06,2024_05_NYG_SEA,5,2024,SEA,NYG,0.6563326031176957,0.6665019396061999,v1-backfill,-9.0,5.313277508471774,0.8749234110394779,0.7791939421220915,0.6683017017723316,0.5249266208079872,0.3740157636046187,-9.0
2024-10-06,2024_05_NYJ_MIN,5,2024,MIN,NYJ,0.657460478640697,0.675719914782096,v1-backfill,6.0,5.158575855440345,0.867506217323913,0.7703385997678742,0.6594416120613713,0.5203523280883782,0.3730791683036826,6.0
2024-10-07,2024_05_NO_KC,5,2024,KC,NO,0.5726731164801158,0.7316902064819312,v1-backfill,13.0,3.1157149833752324,0.8341189983263765,0.7203188700472845,0.593356883387062,0.4545445843800286,0.3130041814522263,13.0
2024-10-10,2024_06_SF_SEA,6,2024,SEA,SF,0.3467439549647019,0.5188620108790618,v1-backfill,-12.0,-3.461541376894814,0.6849467062693159,0.5337044513323116,0.3828019167961565,0.2592233465389064,0.1504256311894925,-12.0
2024-10-13,2024_06_ARI_GB,6,2024,GB,ARI,0.6984856028695445,0.6967313516416794,v1-backfill,21.0,5.359493424681423,0.8747210485753663,0.7740220753678818,0.6553273569649747,0.5201432897149016,0.3759071298401941,21.0
2024-10-13,2024_06_ATL_CAR,6,2024,CAR,ATL,0.3038160094170781,0.4786581284713871,v1-backfill,-18.0,-5.422867863068722,0.6204353894363539,0.4648812157663841,0.3164635290478882,0.2156546163264051,0.1262566421862577,-18.0
2024-10-13,2024_06_CIN_NYG,6,2024,NYG,CIN,0.3639444796726596,0.5136451936035706,v1-backfill,-10.0,-3.204286561089258,0.6868580866997929,0.531330659452408,0.3745965952207296,0.2639891456323351,0.1619981040885219,-10.0
2024-10-13,2024_06_CLE_PHI,6,2024,PHI,CLE,0.7593413559159804,0.6444133536669528,v1-backfill,4.0,6.92201992718049,0.9020043749626472,0.8258686159323854,0.737206299959041,0.583755334836222,0.4205327983005314,4.0
2024-10-13,2024_06_DET_DAL,6,2024,DAL,DET,0.486343543452172,0.6019863817316541,v1-backfill,-38.0,0.7016452219858396,0.7848211926708732,0.652123509837083,0.5091739649897894,0.3777253131233551,0.2488859082184201,-38.0
2024-10-13,2024_06_HOU_NE,6,2024,NE,HOU,0.2778216021976899,0.5125570059363275,v1-backfill,-20.0,-7.16109962745002,0.5621471248941231,0.4068290280652366,0.2642449754157472,0.1825479827316612,0.1089440431352337,-20.0
2024-10-13,2024_06_IND_TEN,6,2024,TEN,IND,0.4854195827656014,0.5607351568821973,v1-backfill,-3.0,-0.3844410879485398,0.7579688918295457,0.6123351319523374,0.456679153054488,0.3396031139232033,0.2245138010075267,-3.0
2024-10-13,2024_06_JAX_CHI,6,2024,CHI,JAX,0.533611847431601,0.5741516532901393,v1-backfill,19.0,1.8247206631577413,0.8013736023816831,0.6758965510742627,0.5396688472041319,0.413228723130112,0.2843768614702003,19.0
2024-10-13,2024_06_LAC_DEN,6,2024,DEN,LAC,0.4515244835610837,0.5891335285392272,v1-backfill,-7.0,0.4960370749634233,0.7697095252689152,0.6282371670367844,0.4760230572450751,0.3660129843707283,0.253319255383007,-7.0
2024-10-13,2024_06_PIT_LV,6,2024,LV,PIT,0.3850799484213164,0.512245938105794,v1-backfill,-19.0,-3.825196896538219,0.6669708820935101,0.520158723140536,0.3772105786085002,0.2588508608678244,0.1530390683686474,-19.0
2024-10-13,2024_06_TB_NO,6,2024,NO,TB,0.3983636061813607,0.5556784079715988,v1-backfill,-24.0,-1.67445194987073,0.7103068110455055,0.5544757283131028,0.3936337976563714,0.3030365500345249,0.2100856776408318,-24.0
2024-10-13,2024_06_WAS_BAL,6,2024,BAL,WAS,0.7471279060930789,0.6899184887571337,v1-backfill,7.0,9.609553668279062,0.9209607079470992,0.8505194675637502,0.7642900205227446,0.6464081914094578,0.5089917271652593,7.0
2024-10-14,2024_06_BUF_NYJ,6,2024,NYJ,BUF,0.2812039308146957,0.424565063586059,v1-backfill,-3.0,-6.102827774864084,0.6003283591451503,0.4459584148179231,0.3010203538293361,0.2019833443922483,0.1157055463038839,-3.0
2024-10-17,2024_07_DEN_NO,7,2024,NO,DEN,0.5153449208812979,0.6091217699282362,v1-backfill,-23.0,1.2980637482465154,0.786469251805013,0.6594232366034037,0.5241191218540114,0.4000986923272079,0.2741932062538404,-23.0
2024-10-20,2024_07_CAR_WAS,7,2024,WAS,CAR,0.7833171039844093,0.6721727521939266,v1-backfill,33.0,9.69547134495826,0.9233378462488452,0.8567418395366726,0.7759924410299932,0.6535559265062332,0.5117208251472599,33.0
2024-10-20,2024_07_CIN_CLE,7,2024,CLE,CIN,0.2834507411596929,0.5253549330864602,v1-backfill,-7.0,-5.198011472892147,0.6294088559505161,0.4649542126802203,0.3045287582756681,0.2112679214217184,0.1268324490259017,-7.0
2024-10-20,2024_07_DET_MIN,7,2024,MIN,DET,0.4396053323936148,0.5708685861342357,v1-backfill,-2.0,-1.3404097185296893,0.7307437028194725,0.5892087796218805,0.4441407505264383,0.3223984098156131,0.206147944022436,-2.0
2024-10-20,2024_07_HOU_GB,7,2024,GB,HOU,0.6562326083012221,0.6235105857806493,v1-backfill,2.0,4.970381077756435,0.8649190836255611,0.7641879794940539,0.6485579461916118,0.5119067151294174,0.3671627208553504,2.0
2024-10-20,2024_07_KC_SF,7,2024,SF,KC,0.5644526126074706,0.4837812724062469,v1-backfill,-10.0,1.686125843029446,0.8040456194241008,0.6812024749359014,0.5481656688746788,0.4116478487697898,0.275834072472789,-10.0
2024-10-20,2024_07_LV_LA,7,2024,LA,LV,0.7445854012372392,0.6164587612866936,v1-backfill,5.0,6.708533467722536,0.8940635882179152,0.806359348232345,0.7018743425990401,0.5653428159483159,0.416799103445541,5.0
2024-10-20,2024_07_MIA_IND,7,2024,IND,MIA,0.5729810294232944,0.5458135123183103,v1-backfill,6.0,2.2626779168604463,0.8046527589553107,0.6846303353252332,0.5554891357158882,0.4301633345441654,0.3006234912435057,6.0
2024-10-20,2024_07_NE_JAX,7,2024,JAX,NE,0.7919556644985635,0.6010517168774125,v1-backfill,16.0,8.969828568189918,0.916633253816248,0.8524324729476113,0.7779013377034355,0.6427967950284252,0.490542946287922,16.0
2024-10-20,2024_07_NYJ_PIT,7,2024,PIT,NYJ,0.5878634957756289,0.6900427350667138,v1-backfill,22.0,2.9339251312013737,0.8332219461101393,0.7142137411066312,0.5796603360584875,0.4441857114754316,0.3059966610737513,22.0
2024-10-20,2024_07_PHI_NYG,7,2024,NYG,PHI,0.3933889264105489,0.4629737518130676,v1-backfill,-25.0,-2.3235288559691827,0.7075888533762398,0.5580326662257975,0.405997435792913,0.2910738285981747,0.1829401168624156,-25.0
2024-10-20,2024_07_SEA_ATL,7,2024,ATL,SEA,0.546958059629487,0.5443054175691896,v1-backfill,-20.0,1.5518288057875846,0.8026346886928827,0.6846715754375617,0.5588593669454109,0.4130165715764131,0.2707223370642313,-20.0
2024-10-20,2024_07_TEN_BUF,7,2024,BUF,TEN,0.8276905948740187,0.7234297229791224,v1-backfill,24.0,12.043859359272671,0.9463398708803696,0.8898143207764612,0.8159888789976121,0.7096828550664939,0.5802116735560585,24.0
2024-10-21,2024_07_BAL_TB,7,2024,TB,BAL,0.4157294612579513,0.5285463236337985,v1-backfill,-10.0,-2.428844386129718,0.7048461801320038,0.559986150062893,0.4145126974068068,0.2929815539296018,0.1805299854242577,-10.0
2024-10-21,2024_07_LAC_ARI,7,2024,ARI,LAC,0.5196538918784787,0.51754525872897,v1-backfill,2.0,0.0964905606388004,0.7673702427970018,0.6382910883673575,0.5037886086006623,0.367884752037107,0.2371834716415277,2.0
2024-10-24,2024_08_MIN_LA,8,2024,LA,MIN,0.472197733842443,0.5451141705760605,v1-backfill,10.0,-0.4876774071584906,0.7618692654763383,0.6274380267681083,0.4866088236007755,0.3458084094533948,0.2146954100072367,10.0
2024-10-27,2024_08_ARI_MIA,8,2024,MIA,ARI,0.4332527569654543,0.6545924335521822,v1-backfill,-1.0,-1.2252437573739696,0.7304314552410669,0.5839622687493893,0.4323192995282959,0.3211345630497225,0.2119825062654406,-1.0
2024-10-27,2024_08_ATL_TB,8,2024,TB,ATL,0.6326573316211442,0.6389799101084134,v1-backfill,-5.0,4.969154999015377,0.8622151358874,0.7596501976969557,0.6419877971158696,0.5099698019998948,0.3689614984982667,-5.0
2024-10-27,2024_08_BAL_CLE,8,2024,CLE,BAL,0.1637767601669942,0.4444746062696387,v1-backfill,5.0,-11.63341333868594,0.4303370564680219,0.2878029575156997,0.1676886286727598,0.1045894774796467,0.0540042048324398,5.0
2024-10-27,2024_08_BUF_SEA,8,2024,SEA,BUF,0.377704395735693,0.4953438801574844,v1-backfill,-21.0,-4.158168012804795,0.655601972906532,0.5129444010084594,0.3764314367856205,0.2561039571578232,0.1495963223755138,-21.0
2024-10-27,2024_08_CAR_DEN,8,2024,DEN,CAR,0.8480945751541792,0.6931331500343478,v1-backfill,14.0,12.728686361144348,0.95140223273849,0.9003243409285193,0.8336739320249558,0.7294324020045464,0.6011993609097612,14.0
2024-10-27,2024_08_CHI_WAS,8,2024,WAS,CHI,0.5803056777315402,0.5855696756967645,v1-backfill,3.0,2.6418411076645,0.810808334475259,0.7015217537672688,0.5862105060111289,0.4509111229195902,0.3122434658160017,3.0
2024-10-27,2024_08_DAL_SF,8,2024,SF,DAL,0.6300580150536274,0.5985163474973257,v1-backfill,6.0,5.123924543542181,0.8659686359126869,0.7609582560133703,0.638306755740031,0.5102526921798687,0.3723361918936361,6.0
2024-10-27,2024_08_GB_JAX,8,2024,JAX,GB,0.4088502442288257,0.4687426913125641,v1-backfill,-3.0,-3.6967231867789967,0.6675265454368451,0.5295783530591102,0.3975112010920661,0.2713706050398699,0.1592767066182513,-3.0
2024-10-27,2024_08_IND_HOU,8,2024,HOU,IND,0.5699057384914643,0.5891654293704899,v1-backfill,3.0,2.8556756541414035,0.8222628440748512,0.7078089297655008,0.5827697773650692,0.4489765530897276,0.3115786213646934,3.0
2024-10-27,2024_08_KC_LV,8,2024,LV,KC,0.2665991906337573,0.3411213262087125,v1-backfill,-7.0,-8.329240925378736,0.5302980339599312,0.3871338547390818,0.2606645821115998,0.1684070739807345,0.0914353493501656,-7.0
2024-10-27,2024_08_NO_LAC,8,2024,LAC,NO,0.6709358242949415,0.5624164441645181,v1-backfill,18.0,5.035157545666515,0.867943590872899,0.7930488606458246,0.7144769362524762,0.5419026093970032,0.3681036904885243,18.0
2024-10-27,2024_08_NYJ_NE,8,2024,NE,NYJ,0.384665454263534,0.5691323584505595,v1-backfill,3.0,-5.568215010841254,0.6077800808316829,0.4644479094261754,0.3318387411669034,0.2285925217982656,0.1358803245006016,3.0
2024-10-27,2024_08_PHI_CIN,8,2024,CIN,PHI,0.5628113311494978,0.5501932814173272,v1-backfill,-20.0,1.4662336267499203,0.7984434196938851,0.6825505846815141,0.560445488035677,0.4136571292104994,0.2706622648912445,-20.0
2024-10-27,2024_08_TEN_DET,8,2024,DET,TEN,0.8458301226904492,0.7059915371207343,v1-backfill,38.0,12.090141599527772,0.9510092631918772,0.9003932945334989,0.8347960182513512,0.7199486041406934,0.5819709208175695,38.0
2024-10-28,2024_08_NYG_PIT,8,2024,PIT,NYG,0.7070633955026282,0.6896047022309293,v1-backfill,8.0,6.9239088155802335,0.8939421317053114,0.805759138517921,0.700539644307278,0.56945271760676,0.4250548490349227,8.0
2024-10-31,2024_09_HOU_NYJ,9,2024,NYJ,HOU,0.4865197323165138,0.484073983792611,v1-backfill,8.0,0.0847432794776832,0.7743987762191351,0.6409783851383233,0.4991567022957458,0.3610953724907676,0.2297984842950534,8.0
2024-11-03,2024_09_CHI_ARI,9,2024,ARI,CHI,0.5915009498188017,0.567178254638272,v1-backfill,20.0,1.9114713938365675,0.8028700973251213,0.6953903177669009,0.5839965578853348,0.4341769673519422,0.2869425547995296,20.0
2024-11-03,2024_09_DAL_ATL,9,2024,ATL,DAL,0.5646673304928135,0.5036476367585148,v1-backfill,6.0,1.5144143040662676,0.7991424130145224,0.6825042250326938,0.5592326207858762,0.4141662775708922,0.2722676926343337,6.0
2024-11-03,2024_09_DEN_BAL,9,2024,BAL,DEN,0.7984666143187709,0.6797129299330137,v1-backfill,31.0,9.410161699886263,0.926862604665538,0.8672026879357289,0.7965076472450955,0.6576257531952423,0.5012983933235576,31.0
2024-11-03,2024_09_DET_GB,9,2024,GB,DET,0.478294409134161,0.5708925023989538,v1-backfill,-10.0,-0.0884439418797464,0.7588573376652867,0.6243864812891697,0.4840502020901285,0.3593717789235399,0.2370509351611044,-10.0
2024-11-03,2024_09_IND_MIN,9,2024,MIN,IND,0.6594269245354468,0.6288976670644059,v1-backfill,8.0,4.947052046519716,0.8612195516026164,0.765357650456032,0.6581621823004729,0.5174577068190814,0.3691745590741589,8.0
2024-11-03,2024_09_JAX_PHI,9,2024,PHI,JAX,0.678587760387716,0.7049703275570949,v1-backfill,5.0,6.259268403840821,0.8833233267804721,0.7928082365711746,0.6874560780676008,0.5525660764297049,0.4062214324247862,5.0
2024-11-03,2024_09_LAC_CLE,9,2024,CLE,LAC,0.4243604084837964,0.5814246124742989,v1-backfill,-17.0,-2.365927692869038,0.7027227668612592,0.5620712010285867,0.4223262765521712,0.2999202007274291,0.1860278982140862,-17.0
2024-11-03,2024_09_LA_SEA,9,2024,SEA,LA,0.4958260576359243,0.5729253338815012,v1-backfill,-6.0,0.4384483478110361,0.7726920918740361,0.6445490479405789,0.5103652648220212,0.377691419507119,0.248032599930408,-6.0
2024-11-03,2024_09_LV_CIN,9,2024,CIN,LV,0.7644760831371421,0.6566963007386198,v1-backfill,17.0,7.130720555247255,0.9030714338496986,0.8269098298910265,0.7378619908526786,0.5885081968276985,0.4281303427411022,17.0
2024-11-03,2024_09_MIA_BUF,9,2024,BUF,MIA,0.8259848101528541,0.6936903894028374,v1-backfill,3.0,12.162355841968996,0.945786859733054,0.8871138165890161,0.8096435931717649,0.7080031885358373,0.5830898186082686,3.0
2024-11-03,2024_09_NE_TEN,9,2024,TEN,NE,0.6111335430089528,0.585000779749048,v1-backfill,3.0,3.483444779372618,0.8254637037163973,0.721843304852152,0.6115632441774536,0.4766851009886937,0.3361106743834073,3.0
2024-11-03,2024_09_NO_CAR,9,2024,CAR,NO,0.2472802289239156,0.4501906076691859,v1-backfill,1.0,-8.0252448309951,0.5466843449098225,0.3756043192834223,0.2159687054775685,0.1432870371314112,0.0807830002690239,1.0
2024-11-03,2024_09_WAS_NYG,9,2024,NYG,WAS,0.4287747903545932,0.5357333973237157,v1-backfill,-5.0,-2.1509359971708566,0.7046189478758589,0.5698363903690578,0.4373109004786104,0.3119654729233935,0.1947173502460933,-5.0
2024-11-04,2024_09_TB_KC,9,2024,KC,TB,0.6626997857220743,0.7444610044995335,v1-backfill,6.0,6.146835535098216,0.8825373578179756,0.7903632023853663,0.6826441900561823,0.5480311863115043,0.4022243754570943,6.0
2024-11-07,2024_10_CIN_BAL,10,2024,BAL,CIN,0.732146189195313,0.6351029372683018,v1-backfill,1.0,8.419928693565176,0.9194873488949432,0.8460814457935415,0.7554508229160192,0.619130383182432,0.467267084928147,1.0
2024-11-10,2024_10_ATL_NO,10,2024,NO,ATL,0.4327504173918204,0.5525168981552794,v1-backfill,3.0,-1.6031236108483906,0.7255670938566221,0.5804581638789001,0.4314617646686572,0.3123235201867438,0.1989364633105117,3.0
2024-11-10,2024_10_BUF_IND,10,2024,IND,BUF,0.2910291318246417,0.4307488332005064,v1-backfill,-10.0,-6.961092885390734,0.572579736553918,0.4230760442734834,0.286329049916165,0.1896122173299564,0.106617007651097,-10.0
2024-11-10,2024_10_DEN_KC,10,2024,KC,DEN,0.7673825271021161,0.7785654275120034,v1-backfill,2.0,9.674680935728205,0.927083515368086,0.8654355329628033,0.7914280687018975,0.6601422526622581,0.5101931235744911,2.0
2024-11-10,2024_10_DET_HOU,10,2024,HOU,DET,0.3742517706826697,0.4861750527216201,v1-backfill,-3.0,-4.196576394506978,0.653781095985061,0.5060866056599054,0.3635970900442722,0.2510608495686935,0.1497299676775494,-3.0
2024-11-10,2024_10_MIN_JAX,10,2024,JAX,MIN,0.3629117824808158,0.4745309964110107,v1-backfill,-5.0,-4.938421561229136,0.6335020886921507,0.4772424936890213,0.3265127564448318,0.2262089040130132,0.1355415143497282,-5.0
2024-11-10,2024_10_NE_CHI,10,2024,CHI,NE,0.7267597770050748,0.6042690058064696,v1-backfill,-16.0,7.993791611187886,0.8967645873416992,0.8189050516749548,0.7291765241648072,0.6050522631860704,0.4643413337230445,-16.0
2024-11-10,2024_10_NYG_CAR,10,2024,CAR,NYG,0.4403740749363663,0.5162755715433555,v1-backfill,3.0,-2.5936243186941312,0.6954429725290426,0.562242417327108,0.4328367436904369,0.3021353451890413,0.1829519260909044,3.0
2024-11-10,2024_10_NYJ_ARI,10,2024,ARI,NYJ,0.5514712187816285,0.5993890701772707,v1-backfill,25.0,1.1469724151107377,0.7888928050680533,0.6703920822155381,0.5464700202502523,0.4041087910544002,0.265108184568553,25.0
2024-11-10,2024_10_PHI_DAL,10,2024,DAL,PHI,0.3666452567348866,0.5361551322812538,v1-backfill,-28.0,-3.989448658759644,0.6554669553575341,0.5026438794706084,0.3535837451963784,0.2527237415703864,0.1581644330254028,-28.0
2024-11-10,2024_10_PIT_WAS,10,2024,WAS,PIT,0.4922200673303987,0.5003779922786168,v1-backfill,-1.0,-0.8869977927401358,0.7411404976745148,0.5954439626052231,0.4429549529916846,0.3290880138186363,0.2172809048007828,-1.0
2024-11-10,2024_10_SF_TB,10,2024,TB,SF,0.4233890400525853,0.4994865672801503,v1-backfill,-3.0,-2.153949778188844,0.7091331137807158,0.5734204542070156,0.4391248002886345,0.3091074186384682,0.1893802215363909,-3.0
2024-11-10,2024_10_TEN_LAC,10,2024,LAC,TEN,0.6973675902040993,0.6262795497784528,v1-backfill,10.0,6.436199594147395,0.8844417568455478,0.7990590146470917,0.7013601664541695,0.5628222988667633,0.4128475537889889,10.0
2024-11-11,2024_10_MIA_LA,10,2024,LA,MIA,0.647138060674769,0.6215249146603237,v1-backfill,-8.0,4.23782600965508,0.8520818851749572,0.7421173695462341,0.616023271517032,0.4848019546668445,0.346337514776973,-8.0
2024-11-14,2024_11_WAS_PHI,11,2024,PHI,WAS,0.667072872879859,0.6934448021819799,v1-backfill,8.0,6.211906658919699,0.8880225863464215,0.8004044686145125,0.6981140034354988,0.5546282639862594,0.4013444273191061,8.0
2024-11-17,2024_11_ATL_DEN,11,2024,DEN,ATL,0.5005180400308415,0.5692318205637165,v1-backfill,32.0,0.4983090460836603,0.772568753285122,0.6390361773702138,0.497419332014111,0.3739720652250435,0.2509871491919961,32.0
2024-11-17,2024_11_BAL_PIT,11,2024,PIT,BAL,0.3043637871763623,0.5470755152861703,v1-backfill,2.0,-4.835666226511989,0.6351229780934247,0.4766412749090606,0.3229735088090134,0.227039518194474,0.1388377531118505,2.0
2024-11-17,2024_11_CIN_LAC,11,2024,LAC,CIN,0.5029025045543426,0.5430523631570752,v1-backfill,7.0,0.8460477545808756,0.7829745493089981,0.6523310033081839,0.5126777440758448,0.3844770153685594,0.2571486996274826,7.0
2024-11-17,2024_11_CLE_NO,11,2024,NO,CLE,0.5872372359453579,0.5837769696815395,v1-backfill,21.0,4.316966803703828,0.8493502188135158,0.7527350355972962,0.6473254520020958,0.5024054597465156,0.3521859910701961,21.0
2024-11-17,2024_11_GB_CHI,11,2024,CHI,GB,0.2677954139409523,0.4463950729000233,v1-backfill,-1.0,-6.353114664560358,0.5906543317268027,0.4327316357481134,0.2845041629402025,0.1946521354558003,0.1146022900543401,-1.0
2024-11-17,2024_11_IND_NYJ,11,2024,NYJ,IND,0.5866376143268217,0.530043485736489,v1-backfill,-1.0,2.370610133890032,0.814906528178819,0.7025361532269998,0.5820907727108204,0.4394644385306221,0.2966400826830745,-1.0
2024-11-17,2024_11_JAX_DET,11,2024,DET,JAX,0.8530906143432717,0.7334654501356888,v1-backfill,46.0,12.224522793424924,0.9544896776670307,0.909164987063747,0.8512706245043791,0.7305092745597705,0.5865651982139002,46.0
2024-11-17,2024_11_KC_BUF,11,2024,BUF,KC,0.5953580954049745,0.4959619458339555,v1-backfill,9.0,2.3786346062597845,0.8155930840185206,0.6966194856321805,0.5665621734485851,0.4325411813688991,0.2964664418297083,9.0
2024-11-17,2024_11_LA_NE,11,2024,NE,LA,0.3909574686090253,0.487048093341223,v1-backfill,-6.0,-3.855434642042284,0.657170382630124,0.5158381086051037,0.3807707481251989,0.2676283105252799,0.1636235977457746,-6.0
2024-11-17,2024_11_LV_MIA,11,2024,MIA,LV,0.6847137729537947,0.6329799913890924,v1-backfill,15.0,4.167275042238772,0.8550773978768847,0.7469392740263607,0.6227795271127905,0.4847770950638427,0.3411923357106894,15.0
2024-11-17,2024_11_MIN_TEN,11,2024,TEN,MIN,0.4031492553619286,0.4572498377032455,v1-backfill,-10.0,-4.132047506468772,0.6515792244153489,0.5148494283378142,0.3859234761684667,0.2647518882098582,0.1564632198982591,-10.0
2024-11-17,2024_11_SEA_SF,11,2024,SF,SEA,0.7053329339627983,0.67199138811091,v1-backfill,-3.0,8.114512829841676,0.9055702599565436,0.823866176023957,0.7249438948460265,0.6021816759858426,0.4628026024874444,-3.0
2024-11-18,2024_11_HOU_DAL,11,2024,DAL,HOU,0.4313366926992689,0.6216470251683072,v1-backfill,-24.0,-2.3554218450716102,0.7017392065550038,0.5570371748082601,0.4122141330684261,0.296797556290165,0.1876486574341468,-24.0
2024-11-21,2024_12_PIT_CLE,12,2024,CLE,PIT,0.3739828674330262,0.4556521245372593,v1-backfill,5.0,-3.602966301436165,0.6726121619629406,0.5345917568660508,0.4018719971566494,0.2720576540038054,0.1578084142979291,5.0
2024-11-24,2024_12_ARI_SEA,12,2024,SEA,ARI,0.4241056448235892,0.6365336046212912,v1-backfill,10.0,-0.7660340708023519,0.7435805321599116,0.6037060865427302,0.4587161924424289,0.3378738225816851,0.2204471184638883,10.0
2024-11-24,2024_12_DAL_WAS,12,2024,WAS,DAL,0.7480785329093468,0.5250990236532782,v1-backfill,-8.0,7.268464833568627,0.8890414045997501,0.8057640521096752,0.7099548705465373,0.5832624845190637,0.4416457519223582,-8.0
2024-11-24,2024_12_DEN_LV,12,2024,LV,DEN,0.3248783440991696,0.5331332038452402,v1-backfill,-10.0,-5.444835298840689,0.6187527279772851,0.4675067193765647,0.3244733018884798,0.2196788787905995,0.1274407677331377,-10.0
2024-11-24,2024_12_DET_IND,12,2024,IND,DET,0.2481208911945016,0.4485747043304865,v1-backfill,-18.0,-8.281522875073328,0.5338007005840897,0.3795680865127752,0.240496639893341,0.1570747985911785,0.0866088389891728,-18.0
2024-11-24,2024_12_KC_CAR,12,2024,CAR,KC,0.2251023216315339,0.2611695665625595,v1-backfill,-3.0,-11.385117975907654,0.4387848821773928,0.3035456118864525,0.1905593462228907,0.1165723020982604,0.0585422222842417,-3.0
2024-11-24,2024_12_MIN_CHI,12,2024,CHI,MIN,0.3773711501652652,0.4378810757318362,v1-backfill,-3.0,-4.021668949305503,0.6560942320444025,0.5081816280252778,0.3651557504424587,0.2560385486626017,0.1560146541142571,-3.0
2024-11-24,2024_12_NE_MIA,12,2024,MIA,NE,0.745057372542576,0.6625363346585702,v1-backfill,19.0,8.446846642730105,0.9094151616436096,0.839885031749895,0.7592605017323647,0.6251995968519268,0.4748653267724545,19.0
2024-11-24,2024_12_PHI_LA,12,2024,LA,PHI,0.4701904568069724,0.5020807340429835,v1-backfill,-17.0,-1.3457332632468768,0.7299846523942155,0.5992058302948128,0.4683819124702197,0.3327068193983686,0.2064328619894245,-17.0
2024-11-24,2024_12_SF_GB,12,2024,GB,SF,0.6789433223814242,0.5606773547136757,v1-backfill,28.0,4.197461885308516,0.8499752352782945,0.7639119397607708,0.6733008861818032,0.5106146213618712,0.3467967798868106,28.0
2024-11-24,2024_12_TB_NYG,12,2024,NYG,TB,0.2800682612881163,0.4862437617788798,v1-backfill,-23.0,-6.636789107799562,0.585107454890849,0.4215368296806775,0.2671089163632228,0.1817128165172072,0.1061312932765331,-23.0
2024-11-24,2024_12_TEN_HOU,12,2024,HOU,TEN,0.6770187789622379,0.6551858778994533,v1-backfill,-5.0,6.751183841061164,0.8856509354774273,0.7973898457616205,0.694844661833791,0.5660512701022047,0.4237574547834711,-5.0
2024-11-25,2024_12_BAL_LAC,12,2024,LAC,BAL,0.3433473743639723,0.4873984613020131,v1-backfill,-7.0,-4.825624812934398,0.6363328584517767,0.4866721797571202,0.3437143174807229,0.2349691992222319,0.1381793858338743,-7.0
2024-11-28,2024_13_CHI_DET,13,2024,DET,CHI,0.8232348509184039,0.7576177839971118,v1-backfill,3.0,11.805713164898425,0.955116058322135,0.9085550826467328,0.8481156889401168,0.7213183524196767,0.5722564391138156,3.0
2024-11-28,2024_13_MIA_GB,13,2024,GB,MIA,0.6490696267896352,0.6417950977540043,v1-backfill,13.0,5.626720788104281,0.8806849021140012,0.7801945304749417,0.6597263317082231,0.5260136277854903,0.3824942942208159,13.0
2024-11-28,2024_13_NYG_DAL,13,2024,DAL,NYG,0.6588030200591463,0.7001401205536723,v1-backfill,7.0,5.881345970846748,0.8782879553582313,0.7838588002007141,0.6739478080356927,0.5395549718801612,0.3945220916026597,7.0
2024-11-29,2024_13_LV_KC,13,2024,KC,LV,0.8087557650748269,0.8123833869035538,v1-backfill,2.0,11.49782200388032,0.9528895943467796,0.9036482210436484,0.8395363887548442,0.7117999653529169,0.5623426782423031,2.0
2024-12-01,2024_13_ARI_MIN,13,2024,MIN,ARI,0.6378279917634653,0.6914899440739011,v1-backfill,1.0,5.242485633157383,0.8666709692531502,0.7674752185033423,0.6536987874126996,0.5200072441950562,0.376945951164814,1.0
2024-12-01,2024_13_HOU_JAX,13,2024,JAX,HOU,0.462662852057788,0.5131066339602695,v1-backfill,-3.0,-2.823827008895644,0.6927738376366783,0.5594584818108939,0.4302268869467471,0.2949345960538297,0.1741262137192706,-3.0
2024-12-01,2024_13_IND_NE,13,2024,NE,IND,0.4866019753689159,0.521092426924388,v1-backfill,-1.0,-0.9331720132619096,0.7350465690546051,0.607284535481656,0.4796430790501038,0.3472721214462589,0.2212602913569133,-1.0
2024-12-01,2024_13_LAC_ATL,13,2024,ATL,LAC,0.5940169121680869,0.5567189206136011,v1-backfill,-4.0,1.4525971857592204,0.7971901517725485,0.682952358725559,0.5633600604661042,0.4152411356816365,0.271187454882638,-4.0
2024-12-01,2024_13_LA_NO,13,2024,NO,LA,0.5919963439137846,0.5417869359855515,v1-backfill,-7.0,1.6694823522229187,0.8016297176073055,0.6905373059510348,0.5744461081804942,0.4236664395777,0.2769189636492373,-7.0
2024-12-01,2024_13_PHI_BAL,13,2024,BAL,PHI,0.6687400824772953,0.5690646340380546,v1-backfill,-5.0,4.541673879784106,0.8586359866980444,0.7652585825045232,0.6623876302291934,0.5103896345844894,0.354267951975388,-5.0
2024-12-01,2024_13_PIT_CIN,13,2024,CIN,PIT,0.6158421232676455,0.5295930938740409,v1-backfill,-6.0,2.431632402347232,0.8159826916327488,0.7086830181849623,0.5951343019357855,0.4462189769681632,0.2983557129520636,-6.0
2024-12-01,2024_13_SEA_NYJ,13,2024,NYJ,SEA,0.5553281077374305,0.4625618336875847,v1-backfill,-5.0,0.73815477820194,0.7811023517506375,0.6553632108006866,0.5229250350563366,0.3867658086004337,0.2537924219988764,-5.0
2024-12-01,2024_13_SF_BUF,13,2024,BUF,SF,0.7004455371405021,0.6380313753864034,v1-backfill,25.0,5.917550147519362,0.8787370530639618,0.7864307606315839,0.6797081534281394,0.5429499822170659,0.395802051505785,25.0
2024-12-01,2024_13_TB_CAR,13,2024,CAR,TB,0.2435830961742549,0.4283010439855307,v1-backfill,-3.0,-8.334985006470426,0.5309467696011945,0.3792925840640692,0.2433379948207716,0.1593646859697657,0.0882120488470121,-3.0
2024-12-01,2024_13_TEN_WAS,13,2024,WAS,TEN,0.6667292290435324,0.6011863380020366,v1-backfill,23.0,5.040892898718688,0.8539751332290936,0.7563083957472417,0.6482661512491583,0.5182017705679473,0.3781245343639444,23.0
2024-12-02,2024_13_CLE_DEN,13,2024,DEN,CLE,0.695028109955918,0.5990239992853498,v1-backfill,9.0,6.552686089794356,0.8849360837915249,0.796514112933196,0.6939414852233925,0.5615925991196214,0.4166816441446877,9.0
2024-12-05,2024_14_GB_DET,14,2024,DET,GB,0.6212131574320257,0.6120249204004058,v1-backfill,3.0,4.171897582409507,0.8479958006394455,0.7450985344661668,0.6308125746034207,0.491835780422079,0.3469343955256939,3.0
2024-12-08,2024_14_ATL_MIN,14,2024,MIN,ATL,0.6706331530197621,0.6852017685121262,v1-backfill,21.0,5.900318520248408,0.8791959494575708,0.7880227988513518,0.6829255654720662,0.5438895275247687,0.3948809813200535,21.0
2024-12-08,2024_14_BUF_LA,14,2024,LA,BUF,0.3664678172726197,0.4585172797528243,v1-backfill,2.0,-4.819844662975479,0.6360508788153404,0.4934346774888191,0.3590110096879464,0.2417498530022107,0.13917928606837,2.0
2024-12-08,2024_14_CAR_PHI,14,2024,PHI,CAR,0.8528054038206455,0.8045245660536215,v1-backfill,6.0,14.04073485295289,0.9612565744041024,0.9183659216089558,0.8612096058373317,0.7630633711341598,0.6396693601378173,6.0
2024-12-08,2024_14_CHI_SF,14,2024,SF,CHI,0.6851509159255752,0.7277721159787505,v1-backfill,25.0,5.866342061127604,0.8806986801153293,0.7955879562138971,0.6993673042259955,0.5501307868456143,0.3927536326995593,25.0
2024-12-08,2024_14_CLE_PIT,14,2024,PIT,CLE,0.7224724167972946,0.6896163431612635,v1-backfill,13.0,7.787926141446023,0.9023526462149942,0.8229734063756131,0.7290283780519665,0.5988113845703956,0.4532958555232116,13.0
2024-12-08,2024_14_JAX_TEN,14,2024,TEN,JAX,0.5774521146930264,0.5915263278733964,v1-backfill,-4.0,2.943200747443026,0.8196817345169796,0.7122407098920036,0.5977632961201997,0.4593904364768195,0.3177304089691288,-4.0
2024-12-08,2024_14_LAC_KC,14,2024,KC,LAC,0.7116720923048561,0.7598353273300413,v1-backfill,2.0,7.214188022742121,0.898648432526142,0.8191680033929727,0.7263046960019989,0.5866117591142574,0.4340717998032038,2.0
2024-12-08,2024_14_LV_TB,14,2024,TB,LV,0.7445972479424635,0.6730474976731186,v1-backfill,15.0,7.750031663211805,0.9075441372201826,0.8322846039964297,0.7431723235154624,0.6031598070828389,0.4492600594083453,15.0
2024-12-08,2024_14_NO_NYG,14,2024,NYG,NO,0.3285243488322181,0.502979638005714,v1-backfill,-3.0,-5.550907030965941,0.6150223114275231,0.4549097619774683,0.3015228145297582,0.2095322079089688,0.1260848756083722,-3.0
2024-12-08,2024_14_NYJ_MIA,14,2024,MIA,NYJ,0.7312877283497355,0.6793537387336676,v1-backfill,6.0,6.944143473426978,0.898296740838016,0.8239228424284735,0.7391238191638452,0.5867597250330833,0.4241546723895385,6.0
2024-12-08,2024_14_SEA_ARI,14,2024,ARI,SEA,0.5558867220362779,0.4880361889340371,v1-backfill,-12.0,1.4188694685193974,0.7943391871628932,0.6731849886099851,0.544560506183181,0.4080008581474888,0.2725273795086991,-12.0
2024-12-09,2024_14_CIN_DAL,14,2024,DAL,CIN,0.4435605765971203,0.6051347154289506,v1-backfill,-7.0,-1.4075265033246795,0.7274408990753414,0.5870654879637562,0.4440662372322478,0.3224881125740738,0.2063327151685916,-7.0
2024-12-12,2024_15_LA_SF,15,2024,SF,LA,0.5820288460566484,0.6152080673691162,v1-backfill,-6.0,3.668914423132617,0.8486035738253632,0.7383333138568353,0.6127799636596205,0.47054129918312,0.3250747561623636,-6.0
2024-12-15,2024_15_BAL_NYG,15,2024,NYG,BAL,0.1380755734034718,0.3714213467290757,v1-backfill,-21.0,-13.038175242550771,0.3877527694311454,0.2519972372209636,0.1406888101787305,0.0865627116945384,0.043832907889757,-21.0
2024-12-15,2024_15_BUF_DET,15,2024,DET,BUF,0.5638026194748603,0.5691357867303036,v1-backfill,-6.0,1.467812137821702,0.7976794810309678,0.6825770744517523,0.5617062511100325,0.4147036040258607,0.2714516615695609,-6.0
2024-12-15,2024_15_CIN_TEN,15,2024,TEN,CIN,0.3131370391532618,0.4699349327765692,v1-backfill,-10.0,-5.374496618502635,0.6269112575585567,0.4613325858370862,0.2998063160088176,0.2049900637196082,0.1205801209981512,-10.0
2024-12-15,2024_15_DAL_CAR,15,2024,CAR,DAL,0.4454370487189408,0.4023226594206854,v1-backfill,-16.0,-2.744820519692309,0.6948643389215234,0.5550294677893599,0.4173667585651898,0.2909047051339578,0.1757862625952488,-16.0
2024-12-15,2024_15_GB_SEA,15,2024,SEA,GB,0.3807762358279783,0.5423747184446297,v1-backfill,-17.0,-3.4148553362220824,0.6762194944537085,0.5314309684001975,0.3898826719792582,0.2711312509937649,0.163317473830702,-17.0
2024-12-15,2024_15_IND_DEN,15,2024,DEN,IND,0.728348710017847,0.5984997584012921,v1-backfill,18.0,6.88025300381036,0.8933123826047541,0.8099392192982756,0.7126483359417528,0.5746678256518504,0.4243201868024672,18.0
2024-12-15,2024_15_KC_CLE,15,2024,CLE,KC,0.3174779161105405,0.323189957474378,v1-backfill,-14.0,-6.199001535526556,0.5975095774374353,0.4429953542759726,0.2981586757903798,0.1997583934580268,0.1141851197253051,-14.0
2024-12-15,2024_15_MIA_HOU,15,2024,HOU,MIA,0.526080202816007,0.5659847671511619,v1-backfill,8.0,0.8522902206929475,0.7840308424623611,0.6477418155596154,0.4998264631397415,0.3785375433381885,0.2566114086122076,8.0
2024-12-15,2024_15_NE_ARI,15,2024,ARI,NE,0.6516130319286207,0.6095291960589432,v1-backfill,13.0,5.415380221695992,0.8670514696939569,0.7699852359231865,0.6593746050208154,0.5265581389784714,0.3837050384726,13.0
2024-12-15,2024_15_NYJ_JAX,15,2024,JAX,NYJ,0.5272798567412088,0.6111548234205968,v1-backfill,-7.0,0.5737045535434335,0.7751879655970575,0.6479540393090751,0.5145599260311559,0.3819582239025152,0.2518906761101433,-7.0
2024-12-15,2024_15_PIT_PHI,15,2024,PHI,PIT,0.6371394484325482,0.6193960747463074,v1-backfill,14.0,4.415017262665262,0.8521018305413264,0.7459368395912218,0.6256602933538651,0.4935439307693559,0.3537099895507009,14.0
2024-12-15,2024_15_TB_LAC,15,2024,LAC,TB,0.4903328297055214,0.552194354900774,v1-backfill,-23.0,-0.1946187104650114,0.7593547254415316,0.629282975979693,0.494831609829449,0.3603415841406192,0.2314289665062962,-23.0
2024-12-15,2024_15_WAS_NO,15,2024,NO,WAS,0.3448044334750147,0.5926478337378667,v1-backfill,-1.0,-4.513974175053626,0.6382508486345377,0.4810659290777892,0.3286387529743904,0.2377999541214899,0.1513863378731786,-1.0
2024-12-16,2024_15_ATL_LV,15,2024,LV,ATL,0.4207174354167488,0.5374478295601712,v1-backfill,-6.0,-2.528150388705736,0.7018126468245643,0.5584814090844099,0.4154181392424023,0.2922373252071721,0.1788884829847422,-6.0
2024-12-16,2024_15_CHI_MIN,15,2024,MIN,CHI,0.7538005353848529,0.7398637389253768,v1-backfill,18.0,8.812314004337757,0.9201067043992116,0.854406391845094,0.7763257688190147,0.6375297833026828,0.4824717629862227,18.0
2024-12-19,2024_16_DEN_LAC,16,2024,LAC,DEN,0.4585051082877061,0.561482985347137,v1-backfill,7.0,-0.6105864320941832,0.7557792176757243,0.623325046719583,0.4862687608780385,0.3458143293737139,0.2149132504038415,7.0
2024-12-21,2024_16_HOU_KC,16,2024,KC,HOU,0.7217568741529936,0.7662980780342316,v1-backfill,8.0,7.221287646369257,0.9014920376536816,0.8234963650698222,0.732056222827855,0.5884382483916569,0.4326162110812184,8.0
2024-12-21,2024_16_PIT_BAL,16,2024,BAL,PIT,0.7676348946460618,0.5990591309412767,v1-backfill,17.0,8.619460193729212,0.9152790847574134,0.8443832542712186,0.759592788229947,0.6267826174576158,0.4774123201709106,17.0
2024-12-22,2024_16_ARI_CAR,16,2024,CAR,ARI,0.3036055879514376,0.4801969713015538,v1-backfill,6.0,-6.240691351043045,0.5988503168127683,0.4410943999286381,0.2922572467372888,0.1943158216347889,0.1098832413265401,6.0
2024-12-22,2024_16_CLE_CIN,16,2024,CIN,CLE,0.7647706677595386,0.6575897722621458,v1-backfill,18.0,8.10450842948823,0.9124133822171252,0.842164038506853,0.7594249117898536,0.616984697514196,0.4601967693760247,18.0
2024-12-22,2024_16_DET_CHI,16,2024,CHI,DET,0.2045652342506577,0.3603550917085172,v1-backfill,-17.0,-9.34426133099457,0.50264224775541,0.3418150679110264,0.1976322195025115,0.1282851571181796,0.070118007090202,-17.0
2024-12-22,2024_16_JAX_LV,16,2024,LV,JAX,0.474016098565566,0.5687330822604338,v1-backfill,5.0,-0.4409368327667264,0.7534018078771627,0.620111222889397,0.482332258925314,0.3513896892522344,0.2258132547129389,5.0
2024-12-22,2024_16_LA_NYJ,16,2024,NYJ,LA,0.4254172758584783,0.4301631574739986,v1-backfill,-10.0,-2.350755061975814,0.7056510488103851,0.5623578040238918,0.418801147894503,0.2967729113670862,0.1835209713260431,-10.0
2024-12-22,2024_16_MIN_SEA,16,2024,SEA,MIN,0.4327434220499003,0.5225215506568658,v1-backfill,-3.0,-2.5401353819561883,0.7000902813534001,0.5586824323950436,0.4183265021551759,0.294335771256665,0.1802178526278147,-3.0
2024-12-22,2024_16_NE_BUF,16,2024,BUF,NE,0.8854812445271756,0.7945445466103453,v1-backfill,3.0,16.10768484187191,0.9714715885201978,0.9373901906422054,0.8905118272478953,0.8069730438422965,0.697380225636987,3.0
2024-12-22,2024_16_NYG_ATL,16,2024,ATL,NYG,0.6474940389709837,0.6623704470786572,v1-backfill,27.0,4.772718161274528,0.8349569783505472,0.7393850683072388,0.6384667667131295,0.5157092095643256,0.3816476639955418,27.0
2024-12-22,2024_16_PHI_WAS,16,2024,WAS,PHI,0.3613812423914999,0.4188149515186672,v1-backfill,3.0,-4.825690177785615,0.6378803117554401,0.4841809711425088,0.336106476241448,0.2304669674697027,0.1361108102739552,3.0
2024-12-22,2024_16_SF_MIA,16,2024,MIA,SF,0.4934938530753603,0.5167365683430819,v1-backfill,12.0,-0.3591752825850376,0.7553310938327316,0.628158916329127,0.4982528602787593,0.3592274381762116,0.2275425355390811,12.0
2024-12-22,2024_16_TB_DAL,16,2024,DAL,TB,0.3848395488961292,0.5745405273641038,v1-backfill,2.0,-3.347884930744508,0.6768361752188088,0.5308201394813993,0.3876515536186128,0.2720980428991875,0.1660439987548047,2.0
2024-12-22,2024_16_TEN_IND,16,2024,IND,TEN,0.5908485041377164,0.640816411315307,v1-backfill,8.0,3.794933561735651,0.8360391137253171,0.7261256514875851,0.6044433883980369,0.4759138892456706,0.340206749586076,8.0
2024-12-23,2024_16_NO_GB,16,2024,GB,NO,0.8812953210394172,0.6906532318655073,v1-backfill,34.0,13.795326409767103,0.9619781313520872,0.9266247160706946,0.8826492078415846,0.7719898410627417,0.635949144294908,34.0
2024-12-25,2024_17_BAL_HOU,17,2024,HOU,BAL,0.2617515167649568,0.4726087582380848,v1-backfill,-29.0,-6.323832766981102,0.6006407953466939,0.43787809948544,0.282818104805468,0.1853245252817717,0.1026630036222322,-29.0
2024-12-25,2024_17_KC_PIT,17,2024,PIT,KC,0.3881291036589235,0.4218296775019564,v1-backfill,-19.0,-2.96163698591184,0.6977642369592612,0.5469294985165567,0.3947082813092878,0.2718506255109426,0.1615516997423038,-19.0
2024-12-26,2024_17_SEA_CHI,17,2024,CHI,SEA,0.4510196604511822,0.4465917157011952,v1-backfill,-3.0,-1.3411358701432796,0.7405137584425258,0.6005673057820298,0.4560060447674327,0.3201461536017106,0.1954236054619418,-3.0
2024-12-28,2024_17_ARI_LA,17,2024,LA,ARI,0.6381424213534618,0.6996232489524169,v1-backfill,4.0,5.130598653914106,0.8655385693785054,0.7690206976357479,0.6596743090716682,0.5206573591908942,0.3734161798304435,4.0
2024-12-28,2024_17_DEN_CIN,17,2024,CIN,DEN,0.603524923306885,0.618377130797728,v1-backfill,6.0,2.714227893064008,0.8241272524380625,0.7153478920149926,0.5980529783667713,0.4508625135014426,0.3037299413249144,6.0
2024-12-28,2024_17_LAC_NE,17,2024,NE,LAC,0.4309642046356287,0.4679231934456997,v1-backfill,-33.0,-2.388418107136283,0.7016763314985989,0.5617335056838615,0.4230367628562529,0.3002501896508863,0.1860818996087603,-33.0
2024-12-29,2024_17_ATL_WAS,17,2024,WAS,ATL,0.6954699213691535,0.5948613362109296,v1-backfill,6.0,7.409215690756673,0.8891441009972378,0.8123491487471375,0.7263911367410294,0.5945692528909725,0.4479723266253295,6.0
2024-12-29,2024_17_CAR_TB,17,2024,TB,CAR,0.8159862872860429,0.7376673543745451,v1-backfill,34.0,11.200848862580136,0.9429075818637892,0.8847675597683471,0.809849969939227,0.6931510417614584,0.5546158085270246,34.0
2024-12-29,2024_17_DAL_PHI,17,2024,PHI,DAL,0.7458521554279746,0.6572459858980855,v1-backfill,34.0,9.043809297490048,0.9155400415029988,0.8409111021522171,0.7498477493489113,0.6298841034174155,0.491450462159492,34.0
2024-12-29,2024_17_GB_MIN,17,2024,MIN,GB,0.4574239675532779,0.5808160052921328,v1-backfill,2.0,-1.116096479925031,0.7343516940387458,0.6041208703796357,0.4733822132283634,0.339202082156485,0.2130297090410249,2.0
2024-12-29,2024_17_IND_NYG,17,2024,NYG,IND,0.3920207776240489,0.4711324787748047,v1-backfill,12.0,-4.142335432123931,0.6488106450462022,0.5094762053978085,0.3777042776983623,0.2633340855314907,0.1591887174284212,12.0
2024-12-29,2024_17_LV_NO,17,2024,NO,LV,0.5457114470880674,0.6273200878472803,v1-backfill,-15.0,-0.0115420888340995,0.7477417606832741,0.608799705899536,0.4643482252122152,0.3590576748889429,0.2504286745865874,-15.0
2024-12-29,2024_17_MIA_CLE,17,2024,CLE,MIA,0.4670393323890808,0.5079924422950163,v1-backfill,-17.0,-1.7952163221871569,0.716618946665676,0.5857486324683456,0.4566262888140641,0.3228076920533599,0.1989597339427923,-17.0
2024-12-29,2024_17_NYJ_BUF,17,2024,BUF,NYJ,0.8167693814857852,0.7953612445934858,v1-backfill,26.0,12.047459390900748,0.9476381321399268,0.8939081573759574,0.8244642442451717,0.7142675322557712,0.5809087468231263,26.0
2024-12-29,2024_17_TEN_JAX,17,2024,JAX,TEN,0.542777592396776,0.5844539953417922,v1-backfill,7.0,1.5254850197269034,0.7926727061481975,0.6703875064299815,0.540512190852933,0.4101823123913452,0.2788384220337221,7.0
2024-12-30,2024_17_DET_SF,17,2024,SF,DET,0.3826789373206655,0.5100473074128322,v1-backfill,-6.0,-3.5730633878384777,0.6735065644648266,0.5219780979328333,0.3722608034140395,0.2605814054173755,0.1584098484374902,-6.0
2025-01-04,2024_18_CIN_PIT,18,2024,PIT,CIN,0.4209873037686243,0.5946213452440552,v1-backfill,-2.0,-1.4064705802332664,0.7295123142346597,0.5835479874287467,0.4327437675790846,0.3164150727216115,0.2043658076944388,-2.0
2025-01-04,2024_18_CLE_BAL,18,2024,BAL,CLE,0.9386407618997132,0.7441406609209197,v1-backfill,25.0,17.640881928302445,0.9830901351484956,0.9614611672564016,0.9308279644003769,0.8496503566203135,0.7415463366466865,25.0
2025-01-05,2024_18_BUF_NE,18,2024,NE,BUF,0.1859105046915686,0.3086055641855105,v1-backfill,7.0,-14.607484132139248,0.345766429506607,0.2436364167700352,0.1658906611173292,0.101541693079351,0.0510372883200784,7.0
2025-01-05,2024_18_CAR_ATL,18,2024,ATL,CAR,0.6813140451422757,0.6880715865844371,v1-backfill,-6.0,6.971885397530712,0.8764741278582782,0.7874977358999656,0.6865753704477281,0.5697566599577053,0.4373096769832388,-6.0
2025-01-05,2024_18_CHI_GB,18,2024,GB,CHI,0.8022889831198013,0.7596992017227527,v1-backfill,-2.0,11.720481881011562,0.9445633676163488,0.888870601430606,0.8174895723260347,0.7057500302153933,0.5712848314342394,-2.0
2025-01-05,2024_18_HOU_TEN,18,2024,TEN,HOU,0.5315365819080579,0.4743659276476024,v1-backfill,-9.0,0.0729036415408339,0.7590205754470243,0.6387515277567104,0.517375442648,0.3783996012297734,0.244492539502528,-9.0
2025-01-05,2024_18_JAX_IND,18,2024,IND,JAX,0.5795421191879558,0.6309309994288237,v1-backfill,3.0,3.339710000253406,0.8311008034585551,0.7202984340305463,0.5985073749535691,0.464191190808725,0.3250870680204867,3.0
2025-01-05,2024_18_KC_DEN,18,2024,DEN,KC,0.4965570398545954,0.336858350101344,v1-backfill,38.0,-1.1149037032158953,0.7307398695066161,0.6030280905952835,0.4760483987273694,0.3429925150640969,0.2170604392244264,38.0
2025-01-05,2024_18_LAC_LV,18,2024,LV,LAC,0.3884106358372036,0.4947567133861455,v1-backfill,-14.0,-3.158199919840035,0.6808247813492921,0.5366782232622185,0.3953614311406649,0.2786961986803772,0.1710860602899914,-14.0
2025-01-05,2024_18_MIA_NYJ,18,2024,NYJ,MIA,0.4030200817842929,0.4461870768643163,v1-backfill,12.0,-2.799643892915492,0.6934788939881004,0.5424500865756953,0.3906071454893067,0.2792352662891538,0.1747990929775683,12.0
2025-01-05,2024_18_MIN_DET,18,2024,DET,MIN,0.6623676778326621,0.6060417186037548,v1-backfill,22.0,4.77634191547257,0.861730046389716,0.7671208953958518,0.6616624953343315,0.514587484831985,0.3617359167455714,22.0
2025-01-05,2024_18_NO_TB,18,2024,TB,NO,0.8645729172974386,0.6594931375366613,v1-backfill,8.0,12.119998686906332,0.9554313152149791,0.91380892382401,0.8619491699318723,0.7343441745004408,0.5839382582402155,8.0
2025-01-05,2024_18_NYG_PHI,18,2024,PHI,NYG,0.8110025119887974,0.7910653692910542,v1-backfill,7.0,13.24684965827282,0.9376473553285276,0.8742108613235938,0.7924990760091732,0.7147522630326074,0.6137160111359792,7.0
2025-01-05,2024_18_SEA_LA,18,2024,LA,SEA,0.5215958296923382,0.6144333760069863,v1-backfill,-5.0,1.3084697715094151,0.7943031535905918,0.6616489085177178,0.5166561151367515,0.3928830328703082,0.2678297257964967,-5.0
2025-01-05,2024_18_SF_ARI,18,2024,ARI,SF,0.5935085160032771,0.4562930582132839,v1-backfill,23.0,1.1269907927077734,0.7888834251072736,0.6815728921968192,0.5726849232041231,0.4144696433615883,0.2639271452537596,23.0
2025-01-05,2024_18_WAS_DAL,18,2024,DAL,WAS,0.3266745456874447,0.6159663273701838,v1-backfill,-4.0,-5.008381290049893,0.6225467038518541,0.474001951153926,0.3338277436261831,0.2362331412589814,0.1458038646204911,-4.0
2025-01-11,2024_19_LAC_HOU,19,2024,HOU,LAC,0.4206312926430456,0.564267409927846,v1-backfill,20.0,-1.8994244817847763,0.7188182778559963,0.5693284644866543,0.415580329353866,0.3009305813841103,0.1917708053294726,20.0
2025-01-11,2024_19_PIT_BAL,19,2024,BAL,PIT,0.8385362715039882,0.6472091809947531,v1-backfill,14.0,12.020317101180469,0.9495614301258972,0.8993727638383114,0.8352876121544351,0.7194471601607849,0.5805609451631251,14.0
2025-01-12,2024_19_DEN_BUF,19,2024,BUF,DEN,0.6819703458559055,0.7068032759293419,v1-backfill,24.0,5.515686792120087,0.8737464839433273,0.7812694900487052,0.6757708182372653,0.5337870183042123,0.3832475466588911,24.0
2025-01-12,2024_19_GB_PHI,19,2024,PHI,GB,0.5735638250376784,0.6408803933517702,v1-backfill,12.0,2.387685514144906,0.8159379997480197,0.7022501650212107,0.579716862511599,0.4383399799189352,0.2965005867669603,12.0
2025-01-12,2024_19_WAS_TB,19,2024,TB,WAS,0.6822717509298627,0.6098437360130903,v1-backfill,-3.0,5.316441786680377,0.8730415765130769,0.7851373930652301,0.6867618624415679,0.5342542241539248,0.3757012917349356,-3.0
2025-01-13,2024_19_MIN_LA,19,2024,LA,MIN,0.5256864869154366,0.5348803359828922,v1-backfill,18.0,-0.2414782572543776,0.7586183644059128,0.6358217344855469,0.5111890666018972,0.3660279808956518,0.229646506538148,18.0
2025-01-18,2024_20_HOU_KC,20,2024,KC,HOU,0.7521955314306595,0.7606855608573106,v1-backfill,9.0,6.972232392792112,0.9031627790485948,0.8321946240831327,0.7512185911165578,0.5909472975783436,0.42192246514726,9.0
2025-01-18,2024_20_WAS_DET,20,2024,DET,WAS,0.7933469968069126,0.6861349484264585,v1-backfill,-14.0,9.04138202351621,0.925952975310883,0.8633773975270952,0.7882687706897196,0.6462054154183937,0.4878834745170953,-14.0
2025-01-19,2024_20_BAL_BUF,20,2024,BUF,BAL,0.5195861545204975,0.5963528415022922,v1-backfill,2.0,0.4938966349063882,0.7752628828634491,0.6505593545644606,0.5206151374030001,0.3820527350618054,0.2480038032162216,2.0
2025-01-19,2024_20_LA_PHI,20,2024,PHI,LA,0.6731128223906333,0.6541941077403712,v1-backfill,6.0,5.931187772263273,0.8780255441633937,0.7829621583507055,0.6721351628894054,0.5399198163260741,0.3965946732177838,6.0
2025-01-26,2024_21_BUF_KC,21,2024,KC,BUF,0.439081795990201,0.643072902699323,v1-backfill,3.0,-1.7990009028654326,0.7193164104790843,0.5876439898993542,0.4571427206474854,0.3207613492236263,0.1956434111557811,3.0
2025-01-26,2024_21_WAS_PHI,21,2024,PHI,WAS,0.6079779483632287,0.6819305175699498,v1-backfill,32.0,4.964718893516785,0.8592364932734309,0.7535151758304962,0.6318546695209722,0.5062857745113117,0.3706221884456333,32.0
2025-02-09,2024_22_KC_PHI,22,2024,PHI,KC,0.6223857637897627,0.5034976791443964,v1-backfill,18.0,4.188861056905649,0.8483063112180549,0.7332512280246799,0.6003947214403054,0.4779666682758636,0.346827583428123,18.0
2025-09-04,2025_01_DAL_PHI,1,2025,PHI,DAL,0.7777563943438572,0.6872531556076386,v1-backfill,4.0,10.40295381661134,0.940949004228404,0.8724413489399452,0.7793625933115379,0.6630662919566828,0.5262794089652623,4.0
2025-09-05,2025_01_KC_LAC,1,2025,LAC,KC,0.3703963392983537,0.4129276526889531,v1-backfill,6.0,-1.871858744377051,0.7333743806053555,0.5747589270397423,0.405840362411945,0.2881079002539098,0.1786108984349474,6.0
2025-09-07,2025_01_ARI_NO,1,2025,NO,ARI,0.2667604557459108,0.58485784614712,v1-backfill,-7.0,-5.1918099343815385,0.6443460627411914,0.4621182892526622,0.2767709585587671,0.1884359438897254,0.1101813978352228,-7.0
2025-09-07,2025_01_BAL_BUF,1,2025,BUF,BAL,0.4532505283767966,0.6010830769396426,v1-backfill,1.0,-0.7226883863576994,0.7618011707573128,0.6171390714887157,0.4620638414677709,0.3286643419136554,0.2043100372506634,1.0
2025-09-07,2025_01_CAR_JAX,1,2025,JAX,CAR,0.4661094351863895,0.6110661247054032,v1-backfill,16.0,0.1318474181344484,0.7866851614709958,0.6395605499348538,0.4751250078709505,0.345714870591722,0.2217897062799268,16.0
2025-09-07,2025_01_CIN_CLE,1,2025,CLE,CIN,0.1927481224495834,0.4795269090928107,v1-backfill,-1.0,-7.366892044513002,0.5748282878726698,0.3997683414703731,0.2325256107725909,0.148191060516091,0.0789111755644535,-1.0
2025-09-07,2025_01_DET_GB,1,2025,GB,DET,0.3989923994852297,0.5327433334131916,v1-backfill,14.0,-0.8822085242776261,0.7587845913770641,0.6017936123116998,0.4296842264885039,0.3131072553930217,0.2012766244092144,14.0
2025-09-07,2025_01_HOU_LA,1,2025,LA,HOU,0.5904586340063245,0.613985535406711,v1-backfill,5.0,2.6554175038676124,0.8378983249285958,0.7214934008317564,0.5895986409332367,0.4380879044351407,0.2892962322656157,5.0
2025-09-07,2025_01_LV_NE,1,2025,NE,LV,0.4754284483896142,0.5624477853903501,v1-backfill,-7.0,-0.1789863980622055,0.7787947592732375,0.6260595971003969,0.4552899125784316,0.333046990347383,0.2152389507918666,-7.0
2025-09-07,2025_01_MIA_IND,1,2025,IND,MIA,0.3107281859586405,0.5505229710176035,v1-backfill,25.0,-3.7951639255008542,0.6896946325232132,0.5082185067158964,0.3159937246927222,0.2189921624114353,0.1312768295742214,25.0
2025-09-07,2025_01_NYG_WAS,1,2025,WAS,NYG,0.734035593422132,0.6902149421834255,v1-backfill,15.0,7.452897414890307,0.9123909720319034,0.8247725354450073,0.712671059320354,0.5801306991228428,0.4338502092723221,15.0
2025-09-07,2025_01_PIT_NYJ,1,2025,NYJ,PIT,0.4102381147337396,0.4735808714768038,v1-backfill,-2.0,-1.5967877695581905,0.7493557543465672,0.5839927358045574,0.4018899129134818,0.2853352897159903,0.1769195172398595,-2.0
2025-09-07,2025_01_SF_SEA,1,2025,SEA,SF,0.3212783395350463,0.583861596834264,v1-backfill,-4.0,-2.843830356610153,0.7154827043071927,0.537403584883617,0.3446466387250901,0.2445963689014056,0.1515758982803285,-4.0
2025-09-07,2025_01_TB_ATL,1,2025,ATL,TB,0.2923031594367204,0.5230480487794931,v1-backfill,-3.0,-5.078687676268166,0.6350217194513155,0.467071509489311,0.3015348070375926,0.2097109787203368,0.1263361148281644,-3.0
2025-09-07,2025_01_TEN_DEN,1,2025,DEN,TEN,0.8162845759508939,0.6603888638323085,v1-backfill,8.0,12.089845039658046,0.948862314026268,0.8983951960964822,0.8341616022247667,0.7201543218061025,0.5829567849480655,8.0
2025-09-08,2025_01_MIN_CHI,1,2025,CHI,MIN,0.4957742451656484,0.4358708261457305,v1-backfill,-3.0,0.2029893307095776,0.763465425070432,0.6447401005548923,0.5247196343355228,0.382560228817095,0.2461028292077215,-3.0
2025-09-11,2025_02_WAS_GB,2,2025,GB,WAS,0.5957033400937699,0.599594216793137,v1-backfill,9.0,4.642734520340508,0.8716602137755182,0.763348218342139,0.6334065157035376,0.4940885142559078,0.3487448170225712,9.0
2025-09-14,2025_02_ATL_MIN,2,2025,MIN,ATL,0.474690308749084,0.6900768761281973,v1-backfill,-16.0,1.163232879101974,0.7761463039127019,0.6384069243998287,0.4901326756057299,0.3861913943091024,0.2763420172563446,-16.0
2025-09-14,2025_02_BUF_NYJ,2,2025,NYJ,BUF,0.1890896056033934,0.3745711367651066,v1-backfill,-20.0,-8.356906435902248,0.5375423286913517,0.3704043891769417,0.2162195237211615,0.1391339758938968,0.0751125200476602,-20.0
2025-09-14,2025_02_CAR_ARI,2,2025,ARI,CAR,0.7012057165514596,0.6497899386014598,v1-backfill,5.0,7.317194856478631,0.9033191525872172,0.8178133852854288,0.7134422520576527,0.5807974351408837,0.4343882034479578,5.0
2025-09-14,2025_02_CHI_DET,2,2025,DET,CHI,0.7670745535931832,0.7316704290912651,v1-backfill,31.0,8.760540920606783,0.9219527949642906,0.8508472238600878,0.7630811774053011,0.6291232483713257,0.4786432455207602,31.0
2025-09-14,2025_02_CLE_BAL,2,2025,BAL,CLE,0.8783229388182512,0.7136087002393209,v1-backfill,24.0,14.587884651532471,0.9653927503986788,0.9208707457133218,0.8576552570755557,0.7676724446494163,0.6524221201321012,24.0
2025-09-14,2025_02_DEN_IND,2,2025,IND,DEN,0.3816827204325527,0.5649596878977197,v1-backfill,1.0,-3.04025170689659,0.6966036635816513,0.5407620833144505,0.3821341160719316,0.2651826258008837,0.1592632234860598,1.0
2025-09-14,2025_02_JAX_CIN,2,2025,CIN,JAX,0.7016122481926479,0.6875559283082533,v1-backfill,4.0,6.3583615801463935,0.8932289154578913,0.7998691139443616,0.6863932445750912,0.5504087997065967,0.4033418617058436,4.0
2025-09-14,2025_02_LA_TEN,2,2025,TEN,LA,0.1950043879683977,0.4310047684506747,v1-backfill,-14.0,-9.286804391121112,0.5033979124401848,0.3422948301599089,0.1977468254708405,0.1299233887538336,0.0722439195112659,-14.0
2025-09-14,2025_02_NE_MIA,2,2025,MIA,NE,0.6238217244860154,0.6652901055352932,v1-backfill,-6.0,4.548833238785033,0.8600092551670471,0.756913131701394,0.6390797799696178,0.4994358456505096,0.3534072083512872,-6.0
2025-09-14,2025_02_NYG_DAL,2,2025,DAL,NYG,0.6368923199696588,0.6814765886005328,v1-backfill,3.0,4.486526570136968,0.8657035928937373,0.754584196969491,0.6222315618303482,0.4877908599893625,0.3466380972663881,3.0
2025-09-14,2025_02_PHI_KC,2,2025,KC,PHI,0.4087649138616725,0.5955654605454651,v1-backfill,-3.0,-2.830161966905996,0.6972106414070653,0.553531699003964,0.4106579036158905,0.2832260721434501,0.1686375476682019,-3.0
2025-09-14,2025_02_SEA_PIT,2,2025,PIT,SEA,0.5518877064099362,0.5990982092409387,v1-backfill,-14.0,1.3801067285083457,0.809648614881743,0.6839875332469014,0.545577877989583,0.3982285788847972,0.2565933103830569,-14.0
2025-09-14,2025_02_SF_NO,2,2025,NO,SF,0.3162287967434357,0.4863474289948387,v1-backfill,-5.0,-4.818107260426952,0.6483551039510919,0.480034400927359,0.3122331183796621,0.2123267619409066,0.1239428752260661,-5.0
2025-09-15,2025_02_LAC_LV,2,2025,LV,LAC,0.3091105793569663,0.5096235847131945,v1-backfill,-11.0,-4.511069127479316,0.6538247379796336,0.4948175106443155,0.3381772144655294,0.2291269257824269,0.1330608005977641,-11.0
2025-09-15,2025_02_TB_HOU,2,2025,HOU,TB,0.3371716289643155,0.5485738668795305,v1-backfill,-1.0,-2.8335040048811155,0.7012102331724002,0.5392620923631397,0.3717192203269056,0.2649782224372828,0.1652196459983639,-1.0
2025-09-18,2025_03_MIA_BUF,3,2025,BUF,MIA,0.764374689217513,0.7099527647036391,v1-backfill,10.0,9.765636038566292,0.9342610516339886,0.8628855906684669,0.7685207836243751,0.6475863095513833,0.5073874458162796,10.0
2025-09-21,2025_03_ARI_SF,3,2025,SF,ARI,0.5037101225989773,0.6526437609758426,v1-backfill,1.0,1.4624648091199193,0.8038524131642768,0.6671699146735034,0.5138743739501896,0.3909211128011314,0.266635598201425,1.0
2025-09-21,2025_03_ATL_CAR,3,2025,CAR,ATL,0.3817765520522171,0.492717838663149,v1-backfill,30.0,-3.4137377726216003,0.6741322511166795,0.5347269997147084,0.4001289137995694,0.2771255362756178,0.1659789458478964,30.0
2025-09-21,2025_03_CIN_MIN,3,2025,MIN,CIN,0.4249699229947589,0.5772739627648066,v1-backfill,38.0,-0.7636568730135647,0.7531673340153257,0.6027733973768443,0.4413859308475762,0.3248182737447113,0.2116674307350631,38.0
2025-09-21,2025_03_DAL_CHI,3,2025,CHI,DAL,0.4112539622384311,0.4676932054556446,v1-backfill,17.0,-1.2679177144752511,0.7404688811324875,0.5912170209570975,0.4339567321039075,0.3140989310203266,0.2000402846699293,17.0
2025-09-21,2025_03_DEN_LAC,3,2025,LAC,DEN,0.5201839955059243,0.60891001485589,v1-backfill,3.0,0.9775459645694076,0.7901101028200737,0.6664285785604854,0.535108871539471,0.3935101219881326,0.2561792519704458,3.0
2025-09-21,2025_03_GB_CLE,3,2025,CLE,GB,0.1795909489168774,0.4447418071870823,v1-backfill,3.0,-9.784642199058004,0.4903872871732285,0.3369998275935195,0.2019185930153401,0.1255495975451747,0.0645400696723714,3.0
2025-09-21,2025_03_HOU_JAX,3,2025,JAX,HOU,0.4465800723213156,0.5211517324688377,v1-backfill,7.0,-1.7071464005536487,0.7287611713325708,0.5870694219179504,0.4421130505971453,0.3107906457916186,0.1900527367304237,7.0
2025-09-21,2025_03_IND_TEN,3,2025,TEN,IND,0.3096883146711633,0.4747562892262796,v1-backfill,-21.0,-5.614431201673915,0.6139553759567999,0.451418329575372,0.2951799297716829,0.2054952239860134,0.1239685090245608,-21.0
2025-09-21,2025_03_KC_NYG,3,2025,NYG,KC,0.297041999482981,0.3325762314112754,v1-backfill,-13.0,-5.485552594991417,0.6219698440173992,0.4693339030353175,0.3242925695034282,0.2148236575086207,0.1208498902758105,-13.0
2025-09-21,2025_03_LA_PHI,3,2025,PHI,LA,0.62026398895605,0.666435440936065,v1-backfill,7.0,4.917378233920142,0.865910262338027,0.7591836802847447,0.6338258755167766,0.5033718424948649,0.3640755606690168,7.0
2025-09-21,2025_03_LV_WAS,3,2025,WAS,LV,0.6723853223230566,0.6629195099162297,v1-backfill,17.0,5.580395664442504,0.8811249333006851,0.7785893775318443,0.6545882176580221,0.5223649058350378,0.3802832531144849,17.0
2025-09-21,2025_03_NO_SEA,3,2025,SEA,NO,0.5958624095597109,0.6689067450044598,v1-backfill,31.0,3.813924075145572,0.8506071289463866,0.7385511669878775,0.609659661724719,0.4720071392940827,0.3297662080726725,31.0
2025-09-21,2025_03_NYJ_TB,3,2025,TB,NYJ,0.7730095912142154,0.6990158726178838,v1-backfill,2.0,9.17738535446161,0.923444644295848,0.8507735678719626,0.7596609329234402,0.6351022366932347,0.4923618678993831,2.0
2025-09-21,2025_03_PIT_NE,3,2025,NE,PIT,0.4492736491893379,0.4710204823591709,v1-backfill,-7.0,-0.9591893337190064,0.7455357724402596,0.6075727806718831,0.4648310474267014,0.332959226794797,0.2090082329332586,-7.0
2025-09-22,2025_03_DET_BAL,3,2025,BAL,DET,0.5745111594618366,0.5795933627069817,v1-backfill,-8.0,3.2041601657200145,0.8369593863109988,0.7189820479884586,0.5849550468391717,0.4517927952435953,0.3146094711197287,-8.0
2025-09-25,2025_04_SEA_ARI,4,2025,ARI,SEA,0.5145224416550126,0.5027084473407921,v1-backfill,-3.0,1.0060852081442917,0.7995562033415723,0.669877392406071,0.5279888049054231,0.3857796093578551,0.2489196589032017,-3.0
2025-09-28,2025_04_BAL_KC,4,2025,KC,BAL,0.3894211372522069,0.6501581491648765,v1-backfill,17.0,-2.897816560301324,0.6948989832713746,0.5482845932010949,0.4019559642356534,0.2792739635740503,0.1680090170410024,17.0
2025-09-28,2025_04_CAR_NE,4,2025,NE,CAR,0.5525602883054321,0.5993369325466108,v1-backfill,29.0,1.9567721072968096,0.8126641997697648,0.6943347104658134,0.5658722549211512,0.4220157815315724,0.2801048248862621,29.0
2025-09-28,2025_04_CHI_LV,4,2025,LV,CHI,0.4829795710267607,0.5903418379322928,v1-backfill,-1.0,0.0198170313792607,0.7696034029634994,0.6379454337418672,0.4994980741227579,0.3622759676407951,0.2313757591446044,-1.0
2025-09-28,2025_04_CLE_DET,4,2025,DET,CLE,0.8767582195354344,0.7224403200217816,v1-backfill,24.0,12.980422405403491,0.9622197288179264,0.9206362985360615,0.8653527520492179,0.748993018723917,0.6083879826665284,24.0
2025-09-28,2025_04_IND_LA,4,2025,LA,IND,0.5873294786846349,0.6219008891348058,v1-backfill,7.0,3.2495697952585645,0.8375369179130578,0.7236850346428945,0.5957504996324082,0.4574439067522598,0.3160067351213936,7.0
2025-09-28,2025_04_JAX_SF,4,2025,SF,JAX,0.6439463094325523,0.6850587718166632,v1-backfill,-5.0,4.584660208692507,0.8657725946871243,0.7654528161582279,0.6502049462153812,0.5026512704119089,0.3504651368819721,-5.0
2025-09-28,2025_04_LAC_NYG,4,2025,NYG,LAC,0.220824955236975,0.4328854491595915,v1-backfill,3.0,-9.694694280428635,0.4870977145175507,0.3395049709357375,0.2109440934836235,0.1382333228139674,0.0765811229720549,3.0
2025-09-28,2025_04_MIN_PIT,4,2025,PIT,MIN,0.5517784941959334,0.5497618303344849,v1-backfill,3.0,0.5913966815857679,0.7800062805579508,0.6559458667899623,0.5260239496341224,0.3842580111365903,0.2478611804066454,3.0
2025-09-28,2025_04_NO_BUF,4,2025,BUF,NO,0.8668369141889779,0.7596679768419097,v1-backfill,12.0,13.21981513555122,0.9611641870373449,0.91806449844499,0.8605712521954241,0.7503510233710965,0.6155505087125468,12.0
2025-09-28,2025_04_PHI_TB,4,2025,TB,PHI,0.4740050498631062,0.4650419638090005,v1-backfill,-6.0,-1.0470569246623311,0.7424288249693383,0.6107440810348307,0.4768923815857229,0.3369872605338407,0.2075726484842119,-6.0
2025-09-28,2025_04_TEN_HOU,4,2025,HOU,TEN,0.7250735018856153,0.6662893682810471,v1-backfill,26.0,9.10011138769618,0.9166655187405984,0.8458937221724039,0.7607939162666517,0.6363940990941857,0.4937233880948819,26.0
2025-09-28,2025_04_WAS_ATL,4,2025,ATL,WAS,0.3830632192430634,0.5020389652699453,v1-backfill,7.0,-2.5416066410940714,0.7002551223505544,0.5535100832100623,0.4062520678823135,0.289259251032234,0.1800686961972852,7.0
2025-09-29,2025_04_CIN_DEN,4,2025,DEN,CIN,0.6552956243726942,0.5140693761689065,v1-backfill,25.0,5.942571652394936,0.883127645365972,0.7868892698783012,0.6724608632540646,0.5382999790445651,0.3935404864191542,25.0
2025-09-29,2025_04_NYJ_MIA,4,2025,MIA,NYJ,0.6125454337381,0.6521657568755233,v1-backfill,6.0,3.3576268063701966,0.8372109555879181,0.7325576242377476,0.6182878507048701,0.4703458084926452,0.320803141149878,6.0
2025-10-02,2025_05_SF_LA,5,2025,LA,SF,0.598795419338574,0.5979430910621272,v1-backfill,-3.0,3.787887314455755,0.8550122208991183,0.7489052796731331,0.6278937477476598,0.4770481541217562,0.3248100084053293,-3.0
2025-10-05,2025_05_DAL_NYJ,5,2025,NYJ,DAL,0.4152470994264384,0.4683681807674282,v1-backfill,-15.0,-1.1917553844325477,0.7388583143941406,0.5899706902600343,0.4335162632827703,0.3173568970559818,0.2053112125406503,-15.0
2025-10-05,2025_05_DEN_PHI,5,2025,PHI,DEN,0.6533120839927703,0.7329841407591051,v1-backfill,-4.0,5.015066214116286,0.8670280770098678,0.7650957985783423,0.6469530801189175,0.5113215316951364,0.3674081257359755,-4.0
2025-10-05,2025_05_DET_CIN,5,2025,CIN,DET,0.1937960912288613,0.5150855338393874,v1-backfill,-13.0,-9.61180722040663,0.4966925615830411,0.3348516844716697,0.1899647052839112,0.1201006881140295,0.0632266417528789,-13.0
2025-10-05,2025_05_HOU_BAL,5,2025,BAL,HOU,0.6618354701678658,0.6597901605862274,v1-backfill,-34.0,5.134119039409807,0.867021370052385,0.7550479513299833,0.620824676883537,0.5016767419676605,0.3714809584816557,-34.0
2025-10-05,2025_05_LV_IND,5,2025,IND,LV,0.6987264432493564,0.6565793677808041,v1-backfill,34.0,6.221637568519078,0.8872596699368448,0.7967621342636295,0.6901438119232284,0.5514139428343132,0.4020986323809041,34.0
2025-10-05,2025_05_MIA_CAR,5,2025,CAR,MIA,0.3970591439562979,0.4731458300339341,v1-backfill,3.0,-2.3203419124009046,0.7113811697254911,0.558511838842469,0.401466434397275,0.2866601287492165,0.1791530708189981,3.0
2025-10-05,2025_05_MIN_CLE,5,2025,CLE,MIN,0.3161977899834457,0.4556470499271031,v1-backfill,-4.0,-7.204424524364983,0.5565538241169317,0.4186517606815366,0.2962237470644844,0.2016526113911817,0.1178867696684832,-4.0
2025-10-05,2025_05_NE_BUF,5,2025,BUF,NE,0.7973834556055039,0.7697127204076984,v1-backfill,-3.0,10.9895670452225,0.9371320876539876,0.8721934413286441,0.7880419246361412,0.6789637676153646,0.5481208230959209,-3.0
2025-10-05,2025_05_NYG_NO,5,2025,NO,NYG,0.66596173835486,0.6024728480522027,v1-backfill,12.0,5.42706489397516,0.861209678899654,0.768156789959396,0.6651356788032868,0.5321160796088363,0.3887026321931498,12.0
2025-10-05,2025_05_TB_SEA,5,2025,SEA,TB,0.4806106929811441,0.5897883569925645,v1-backfill,-3.0,-0.0956277374647518,0.7655342407825044,0.6335891860921669,0.4954998017620355,0.3596653343517283,0.2299645598219964,-3.0
2025-10-05,2025_05_TEN_ARI,5,2025,ARI,TEN,0.8230764257157398,0.6487420319973627,v1-backfill,-1.0,11.324964506580947,0.9452202932621576,0.8942898100176034,0.8309404656510219,0.7062594843093639,0.5598281454495734,-1.0
2025-10-05,2025_05_WAS_LAC,5,2025,LAC,WAS,0.5015242187247579,0.5783263305365616,v1-backfill,-17.0,1.4205719385547306,0.7999848212551501,0.6736216775585524,0.5364288714213792,0.4013656948794075,0.2675977816409263,-17.0
2025-10-06,2025_05_KC_JAX,5,2025,JAX,KC,0.3256247168563853,0.3739948340649534,v1-backfill,3.0,-4.64666051134336,0.6466721544928575,0.4892903940130898,0.3356019049679144,0.2292446554157488,0.1346653768254876,3.0
2025-10-09,2025_06_PHI_NYG,6,2025,NYG,PHI,0.1723775162706438,0.3228821779633192,v1-backfill,17.0,-12.61896309275145,0.4017225350893089,0.2607409763104385,0.1435556357695268,0.0866001683976055,0.0426260980825341,17.0
2025-10-12,2025_06_ARI_IND,6,2025,IND,ARI,0.7263946573515221,0.6434262036769062,v1-backfill,4.0,6.638463953711756,0.8950143212717275,0.815615905804166,0.7240256342170702,0.5738579702746596,0.4139312812635576,4.0
2025-10-12,2025_06_CIN_GB,6,2025,GB,CIN,0.834029504807227,0.5995875339739508,v1-backfill,9.0,10.820863091691267,0.948374536931625,0.8972329972872473,0.8320447772713564,0.6966195149426666,0.541100666073784,9.0
2025-10-12,2025_06_CLE_PIT,6,2025,PIT,CLE,0.8138938353794896,0.6907192206325535,v1-backfill,14.0,9.908425869277398,0.925518518740806,0.8653802879480748,0.794380240608156,0.6666898580175521,0.5195353471890908,14.0
2025-10-12,2025_06_DAL_CAR,6,2025,CAR,DAL,0.3487157332670786,0.4555979876997728,v1-backfill,3.0,-3.6358698591653327,0.675996733352079,0.5161706473197257,0.3554286698845096,0.2497050396957425,0.1525706196551514,3.0
2025-10-12,2025_06_DEN_NYJ,6,2025,NYJ,DEN,0.3502344750882715,0.4542034359213776,v1-backfill,-2.0,-5.163033091402101,0.6277430790335004,0.4812414020455548,0.3429946499143154,0.2296775486165169,0.131190850902786,-2.0
2025-10-12,2025_06_DET_KC,6,2025,KC,DET,0.4412518070752357,0.6093731669707226,v1-backfill,13.0,-1.430165923203532,0.7321931089626145,0.5909650174492527,0.4460703371511383,0.3192690974386385,0.2001950852337666,13.0
2025-10-12,2025_06_LAC_MIA,6,2025,MIA,LAC,0.5475235497289843,0.5451263461483199,v1-backfill,-2.0,0.475691311480424,0.7788592761840162,0.6626764401479333,0.5436119307529625,0.3884063525908671,0.2429582504516075,-2.0
2025-10-12,2025_06_LA_BAL,6,2025,BAL,LA,0.4222922363157999,0.5874503616244268,v1-backfill,-14.0,-1.5016463971399556,0.7357858723516679,0.5717434012269935,0.3946422265583764,0.2938479773826206,0.1946091766986782,-14.0
2025-10-12,2025_06_NE_NO,6,2025,NO,NE,0.4575233763653549,0.5753476438507804,v1-backfill,-6.0,-0.4101025306983628,0.7561997282526625,0.6118381149894894,0.4583262491008128,0.3405859953014867,0.2249434768246709,-6.0
2025-10-12,2025_06_SEA_JAX,6,2025,JAX,SEA,0.4205713575728373,0.5082642868904449,v1-backfill,-8.0,-1.9358416945123187,0.71933193289774,0.5710860356528773,0.4189182578364033,0.3007512042430821,0.1893843631823172,-8.0
2025-10-12,2025_06_SF_TB,6,2025,TB,SF,0.6176528592041033,0.5746613274040239,v1-backfill,11.0,3.793588225070393,0.8467644838061118,0.7411139710065182,0.6230463568503818,0.4792223002539793,0.3318265704663945,11.0
2025-10-12,2025_06_TEN_LV,6,2025,LV,TEN,0.6460286386693479,0.5976721575087178,v1-backfill,10.0,5.086080423692412,0.8650796419311526,0.7725658552196669,0.6693694665492633,0.524282549159531,0.3721243384538305,10.0
2025-10-13,2025_06_BUF_ATL,6,2025,ATL,BUF,0.3220033408259204,0.4192795068963226,v1-backfill,10.0,-5.317953368449924,0.6212341527410508,0.4745153961641394,0.336654053520098,0.2273009165467512,0.1313537844499826,10.0
2025-10-13,2025_06_CHI_WAS,6,2025,WAS,CHI,0.6702560113152146,0.6766320492026628,v1-backfill,-1.0,5.61283691494595,0.8744866257710011,0.7726083721030693,0.6521012998164845,0.524528118048833,0.3859873858814136,-1.0
2025-10-16,2025_07_PIT_CIN,7,2025,CIN,PIT,0.3556801552231106,0.5489002075254684,v1-backfill,2.0,-3.242919674854619,0.6979259977279432,0.5282249291638146,0.3507154127792496,0.2452568881407844,0.1488879192856036,2.0
2025-10-19,2025_07_ATL_SF,7,2025,SF,ATL,0.6034230401284962,0.6418832657661862,v1-backfill,10.0,2.956267622370824,0.8264268515102045,0.7163687181260879,0.5967367414962468,0.4557109059220557,0.3124719044131434,10.0
2025-10-19,2025_07_CAR_NYJ,7,2025,NYJ,CAR,0.517125734293603,0.5528063402535734,v1-backfill,-7.0,1.202847224643861,0.7916772610712428,0.6650484662144804,0.529266579348755,0.3967968867698515,0.2652776164141313,-7.0
2025-10-19,2025_07_GB_ARI,7,2025,ARI,GB,0.2660845820490596,0.4494165104250321,v1-backfill,-4.0,-6.682962919472983,0.587146044493934,0.4192917100191982,0.2594873196653143,0.1748505080045473,0.1007597940121525,-4.0
2025-10-19,2025_07_IND_LAC,7,2025,LAC,IND,0.4794798763486239,0.5858506747476364,v1-backfill,-14.0,-0.1772994399601737,0.7616067724477842,0.6276176603236681,0.4874428756392298,0.35637351369364,0.2301414017040648,-14.0
2025-10-19,2025_07_LA_JAX,7,2025,JAX,LA,0.3740666736008437,0.4741602053984369,v1-backfill,-28.0,-3.889638295284112,0.6657139346260155,0.5147039297017147,0.366647529949809,0.2533416835309777,0.1512362334367974,-28.0
2025-10-19,2025_07_LV_KC,7,2025,KC,LV,0.8343999269123693,0.7803424523838032,v1-backfill,31.0,11.546895743327,0.9462690000530832,0.8925277000315136,0.8237673041563833,0.7058872991166758,0.5656949387926181,31.0
2025-10-19,2025_07_MIA_CLE,7,2025,CLE,MIA,0.3706387054380712,0.5325322422329065,v1-backfill,25.0,-4.082219117427055,0.6568327094351217,0.4951464325230613,0.334696664962236,0.2405778066700283,0.151747951368193,25.0
2025-10-19,2025_07_NE_TEN,7,2025,TEN,NE,0.2809009512967682,0.5153295607576537,v1-backfill,-18.0,-6.347798825207511,0.5933460619973252,0.4284741089674839,0.2716290198336867,0.1869187851009368,0.1109442834955082,-18.0
2025-10-19,2025_07_NO_CHI,7,2025,CHI,NO,0.613222293817354,0.6004050194428445,v1-backfill,12.0,3.562471472257489,0.8416042995963241,0.7378264816880742,0.6238051363763777,0.4760098692776648,0.326041347136183,12.0
2025-10-19,2025_07_NYG_DEN,7,2025,DEN,NYG,0.7803766766223619,0.6858388158876207,v1-backfill,1.0,10.374241139053408,0.9304143311337334,0.871832173875503,0.8016145280613717,0.677651998749777,0.5332506491273241,1.0
2025-10-19,2025_07_PHI_MIN,7,2025,MIN,PHI,0.4764797212512701,0.5054362563141284,v1-backfill,-6.0,-0.6746778252076799,0.746093931695995,0.6193919924612115,0.4915293516864168,0.3527138017178453,0.2219598134068811,-6.0
2025-10-19,2025_07_WAS_DAL,7,2025,DAL,WAS,0.5252646012599119,0.5629679542024062,v1-backfill,22.0,0.5323672981466396,0.7761232246860119,0.6589068124998441,0.5389076145687172,0.3902588998863397,0.2487176572461565,22.0
2025-10-20,2025_07_HOU_SEA,7,2025,SEA,HOU,0.565595027614923,0.625260629089483,v1-backfill,8.0,1.4659464228402088,0.7989878095010643,0.6795032797792627,0.5522903491343334,0.4099126782954206,0.2702778246179147,8.0
2025-10-20,2025_07_TB_DET,7,2025,DET,TB,0.5933836128015871,0.6274921010305694,v1-backfill,15.0,2.921778609785658,0.8284431915293307,0.7151062213339298,0.5902406699159833,0.4508770412728607,0.3092766273624879,15.0
2025-10-23,2025_08_MIN_LAC,8,2025,LAC,MIN,0.5357007459792005,0.5317166633647978,v1-backfill,27.0,1.04608499026354,0.797205133876506,0.6709207070919738,0.5344523257952971,0.3909971784160607,0.2527284803728581,27.0
2025-10-26,2025_08_BUF_CAR,8,2025,CAR,BUF,0.2388287857625896,0.3812042939120985,v1-backfill,-31.0,-7.616714564881024,0.5556406549381678,0.3981665143948389,0.2536394711519117,0.166563404693159,0.0925526386316638,-31.0
2025-10-26,2025_08_CHI_BAL,8,2025,BAL,CHI,0.5989914301281414,0.6677963174694922,v1-backfill,14.0,2.674120741206917,0.820401368359766,0.6942636156061874,0.5524176869612756,0.4315057500096945,0.3051422284581147,14.0
2025-10-26,2025_08_CLE_NE,8,2025,NE,CLE,0.7744436688016123,0.6054191156920067,v1-backfill,19.0,7.611965453667267,0.9036021820912116,0.8387209571419251,0.7667967307812834,0.6132364723118051,0.4477524265154416,19.0
2025-10-26,2025_08_DAL_DEN,8,2025,DEN,DAL,0.5429769537561786,0.591143346700074,v1-backfill,20.0,2.7682870505495587,0.8237968016601203,0.6998482572462996,0.5603895075317857,0.4359019475512176,0.306496102524193,20.0
2025-10-26,2025_08_GB_PIT,8,2025,PIT,GB,0.447702071975524,0.5529827401552545,v1-backfill,-10.0,-2.007248776869483,0.7144331113469097,0.5795076166353119,0.445505188639596,0.3126322133185202,0.1907162798460424,-10.0
2025-10-26,2025_08_MIA_ATL,8,2025,ATL,MIA,0.5685957034358805,0.5916708635804614,v1-backfill,-24.0,3.019720569349209,0.8292504930051757,0.7086629987114357,0.5728037967579307,0.4453010007881951,0.3128582939715862,-24.0
2025-10-26,2025_08_NYG_PHI,8,2025,PHI,NYG,0.8187859895267089,0.7909534170486351,v1-backfill,18.0,11.641200046155523,0.9412031316919154,0.8887590249265278,0.8245406254303843,0.7093342465810168,0.571472163960223,18.0
2025-10-26,2025_08_NYJ_CIN,8,2025,CIN,NYJ,0.7400768241560809,0.7278140515371282,v1-backfill,-1.0,6.631659893022004,0.892293854382522,0.8108960394721378,0.7170227412349695,0.5715474444630338,0.4154568358848096,-1.0
2025-10-26,2025_08_SF_HOU,8,2025,HOU,SF,0.4963482162944012,0.5182827220994574,v1-backfill,11.0,1.220806527578841,0.792742990670001,0.6663307412690952,0.5306327527874262,0.3972838309442623,0.265110174775513,11.0
2025-10-26,2025_08_TB_NO,8,2025,NO,TB,0.3008817858821374,0.4414893739673826,v1-backfill,-20.0,-6.0978352309273625,0.5982915503396851,0.4496907671522073,0.3117643812943425,0.2087344780374897,0.1192036554593577,-20.0
2025-10-26,2025_08_TEN_IND,8,2025,IND,TEN,0.8760062176843594,0.7175852343713314,v1-backfill,24.0,14.316797118293756,0.9648318088969886,0.9271843997465816,0.877695280224742,0.7761844983227583,0.648992604517128,24.0
2025-10-27,2025_08_WAS_KC,8,2025,KC,WAS,0.7444934713160887,0.7133588639023493,v1-backfill,21.0,8.266497611296066,0.9139024416948895,0.842177160300749,0.7565347371241381,0.6184442497003491,0.4651498959659325,21.0
2025-10-30,2025_09_BAL_MIA,9,2025,MIA,BAL,0.401055437350965,0.4949394663333495,v1-backfill,-22.0,-2.498456155025081,0.7132757226043882,0.5568221418490094,0.3946314995212341,0.2765430535373795,0.1683700882180786,-22.0
2025-11-02,2025_09_ATL_NE,9,2025,NE,ATL,0.6951341557816852,0.5847642486139958,v1-backfill,1.0,6.059570939644617,0.8803703462841835,0.7958722740672107,0.7006681570752085,0.555519268251096,0.4008740534045621,1.0
2025-11-02,2025_09_CAR_GB,9,2025,GB,CAR,0.8567677424035944,0.7343292914132097,v1-backfill,-3.0,12.93911897798788,0.9579795662386776,0.9141281932015192,0.8570703650833528,0.7446699181710641,0.6080001296729197,-3.0
2025-11-02,2025_09_CHI_CIN,9,2025,CIN,CHI,0.5837986962975977,0.6485519637129477,v1-backfill,-5.0,1.60529413202907,0.7999123556615954,0.6778176145421433,0.5467352657814757,0.4110635626752725,0.2758941201796131,-5.0
2025-11-02,2025_09_DEN_HOU,9,2025,HOU,DEN,0.4967046264237512,0.54424737194914,v1-backfill,-3.0,0.1862021795190322,0.7684870048871877,0.6418896425113374,0.5105640545905075,0.3727465966845779,0.2402414900685653,-3.0
2025-11-02,2025_09_IND_PIT,9,2025,PIT,IND,0.4456524427984606,0.5800331767224135,v1-backfill,7.0,-2.0776722696125898,0.7109610584125436,0.5758348700970322,0.4420434773640357,0.3115085989914145,0.1911480706217563,7.0
2025-11-02,2025_09_JAX_LV,9,2025,LV,JAX,0.4146381543752944,0.5471897079876574,v1-backfill,-1.0,-2.3919922116958703,0.7039985209987701,0.5680256274047027,0.4340734594927017,0.302784424784085,0.1831637689251979,-1.0
2025-11-02,2025_09_KC_BUF,9,2025,BUF,KC,0.5211868748366176,0.5348360501878985,v1-backfill,7.0,0.0633758948570575,0.764838138482206,0.635211341896617,0.5004120961589632,0.3670959133892108,0.2381775122251841,7.0
2025-11-02,2025_09_LAC_TEN,9,2025,TEN,LAC,0.2239847409883109,0.4266314744849437,v1-backfill,-7.0,-9.493367581581852,0.4960390456059609,0.346751910943998,0.2157944450883242,0.138227704426119,0.0741397358221698,-7.0
2025-11-02,2025_09_MIN_DET,9,2025,DET,MIN,0.8749654575411394,0.6430562215320612,v1-backfill,-3.0,12.860306015429492,0.9557104976503814,0.9164737527160584,0.8685497569325084,0.750567527135115,0.6083662230901544,-3.0
2025-11-02,2025_09_NO_LA,9,2025,LA,NO,0.915994606127599,0.7280671728038217,v1-backfill,24.0,15.425017338772273,0.9732623424553074,0.9465685252696988,0.9124391303738684,0.8112242419999037,0.6831878921359459,24.0
2025-11-02,2025_09_SEA_WAS,9,2025,WAS,SEA,0.4682180443653327,0.5308743921027043,v1-backfill,-24.0,-1.103027080914612,0.7360409172483402,0.5935139818255024,0.4462341294939561,0.327173920712434,0.21211628013168,-24.0
2025-11-02,2025_09_SF_NYG,9,2025,NYG,SF,0.4278540897877994,0.431776678173446,v1-backfill,-10.0,-2.527474856465364,0.6913901436946059,0.5564410768253925,0.4253432678321768,0.3044894667169338,0.1909760167015089,-10.0
2025-11-03,2025_09_ARI_DAL,9,2025,DAL,ARI,0.6456235818651584,0.6566777676315895,v1-backfill,-10.0,4.0373431088958025,0.8473187176110889,0.750368752747348,0.6449360736181708,0.4950859289603111,0.3418923485720003,-10.0
2025-11-06,2025_10_LV_DEN,10,2025,DEN,LV,0.795252250056697,0.7084709633513095,v1-backfill,3.0,10.788777940526572,0.9407841930201508,0.8780603763227888,0.7959575672681194,0.6789344565298697,0.5407474079476355,3.0
2025-11-09,2025_10_ARI_SEA,10,2025,SEA,ARI,0.7150278029650537,0.6972282088203489,v1-backfill,22.0,6.706085192734227,0.8904322044193878,0.8130209075771394,0.7257937263669424,0.5782470686061612,0.4200392724806184,22.0
2025-11-09,2025_10_ATL_IND,10,2025,IND,ATL,0.7128672473462181,0.6480598077530201,v1-backfill,6.0,6.674829245324296,0.8880419668156421,0.8022072474961212,0.7027176011504235,0.5673594019338384,0.419623750164698,6.0
2025-11-09,2025_10_BAL_MIN,10,2025,MIN,BAL,0.2818651738668083,0.5768293596803163,v1-backfill,-8.0,-5.7147393743343375,0.6129006968347719,0.4364740756780595,0.2630599930738405,0.1892790332522336,0.1195598899570702,-8.0
2025-11-09,2025_10_BUF_MIA,10,2025,MIA,BUF,0.2715993530504051,0.4071700726896198,v1-backfill,17.0,-7.80815081359097,0.5458104993093121,0.4059304779199231,0.2820448970544706,0.1823299819657904,0.0990794716070352,17.0
2025-11-09,2025_10_CLE_NYJ,10,2025,NYJ,CLE,0.5983747162191109,0.5387067064477197,v1-backfill,7.0,1.6864413128099258,0.7919684194430899,0.6852085041198821,0.5765692422035604,0.4311286766681136,0.2871932351732698,7.0
2025-11-09,2025_10_DET_WAS,10,2025,WAS,DET,0.2962431127375635,0.4715591242203973,v1-backfill,-22.0,-7.140835150740092,0.5677192505791,0.4148308751289743,0.2745853568806657,0.1823234428569115,0.1029079984804634,-22.0
2025-11-09,2025_10_JAX_HOU,10,2025,HOU,JAX,0.5318517213601481,0.6095963189847735,v1-backfill,7.0,2.9029260224386664,0.8189799834445393,0.6935822958294579,0.5532235342451771,0.4380945431586849,0.3156249341531445,7.0
2025-11-09,2025_10_LA_SF,10,2025,SF,LA,0.429604335396021,0.5537349078771434,v1-backfill,-16.0,-2.867792881611738,0.6884242753493365,0.54859462282812,0.4117555455013743,0.2894973861119458,0.1770717816468222,-16.0
2025-11-09,2025_10_NE_TB,10,2025,TB,NE,0.659079943200021,0.6590976860199702,v1-backfill,-5.0,5.032468630864984,0.8623684235322133,0.7591015166790348,0.6403064041723657,0.510584106845235,0.3713282557578383,-5.0
2025-11-09,2025_10_NO_CAR,10,2025,CAR,NO,0.7366998542640762,0.6016170773741326,v1-backfill,-10.0,7.124791397203635,0.8866099078646716,0.8095186668774395,0.7237708318803976,0.58821270710683,0.4389326433027148,-10.0
2025-11-09,2025_10_NYG_CHI,10,2025,CHI,NYG,0.6866628971404711,0.6465994190689681,v1-backfill,4.0,6.186997962656443,0.8785932471989416,0.7940410779540766,0.6992303367206876,0.5585744226153535,0.407221814897898,4.0
2025-11-09,2025_10_PIT_LAC,10,2025,LAC,PIT,0.6022807846630983,0.5650351143879748,v1-backfill,15.0,3.527667965106541,0.8379929806991269,0.7286329085489525,0.6072829990619151,0.4696002326913672,0.3275450270622277,15.0
2025-11-10,2025_10_PHI_GB,10,2025,GB,PHI,0.5034748208835338,0.4902385312078895,v1-backfill,-3.0,0.0815340785833331,0.7640673811292575,0.637352397431251,0.5066247610438959,0.3707485600065283,0.2397383746674283,-3.0
2025-11-13,2025_11_NYJ_NE,11,2025,NE,NYJ,0.7899249963794153,0.6687571435806451,v1-backfill,13.0,9.363777518833624,0.9297955745030226,0.8646168672644754,0.7835888433253456,0.6490771861185084,0.4969665507856007,13.0
2025-11-16,2025_11_BAL_CLE,11,2025,CLE,BAL,0.2300598639434349,0.4172139398719404,v1-backfill,-7.0,-7.293691945461697,0.5600493694859783,0.4018110818082587,0.2560204312346744,0.1759091663041798,0.1041862418622635,-7.0
2025-11-16,2025_11_CAR_ATL,11,2025,ATL,CAR,0.652498780874384,0.6107746713207967,v1-backfill,-3.0,5.454543386930734,0.86603815613986,0.7684039868946905,0.6572135536387773,0.5268364316226994,0.3858956781450577,-3.0
2025-11-16,2025_11_CHI_MIN,11,2025,MIN,CHI,0.4627379524546053,0.6587206040361885,v1-backfill,-2.0,-2.002508002094213,0.7085292296948682,0.5536998517472677,0.3945007365354376,0.2954574446670893,0.1972483162483282,-2.0
2025-11-16,2025_11_CIN_PIT,11,2025,PIT,CIN,0.4758587893078436,0.6057357072742272,v1-backfill,22.0,0.9716676729625772,0.7839537153856537,0.6498435217837976,0.5050665705348254,0.384148793526724,0.2619492112067634,22.0
2025-11-16,2025_11_DET_PHI,11,2025,PHI,DET,0.54952054536462,0.629203007977715,v1-backfill,7.0,1.771315751169502,0.8020823558259443,0.6817241413244484,0.5526475177893775,0.4170761284230155,0.2813803469940512,7.0
2025-11-16,2025_11_GB_NYG,11,2025,NYG,GB,0.2505310542206691,0.4014857349043549,v1-backfill,-7.0,-7.739582406277725,0.5542336494088345,0.3907091312697103,0.2392657908625938,0.1568590241067139,0.0869518144068274,-7.0
2025-11-16,2025_11_HOU_TEN,11,2025,TEN,HOU,0.3540910804759892,0.4402279519104836,v1-backfill,-3.0,-7.2382283507463425,0.5609963308957254,0.4280768455808347,0.3108501943342244,0.2022864109485786,0.110962813157534,-3.0
2025-11-16,2025_11_KC_DEN,11,2025,DEN,KC,0.3645960378572425,0.4738465387766951,v1-backfill,3.0,-3.106803352235912,0.6844129608581406,0.5332486194809795,0.3825207629290512,0.272370151341967,0.1695619189981959,3.0
2025-11-16,2025_11_LAC_JAX,11,2025,JAX,LAC,0.4227144054026887,0.4913707525914462,v1-backfill,29.0,-3.087912240050647,0.6855184662071973,0.5415369287591726,0.3998303279387555,0.2792121842837999,0.1691699300271193,29.0
2025-11-16,2025_11_SEA_LA,11,2025,LA,SEA,0.6354362456586192,0.5935266654657317,v1-backfill,2.0,4.457928508561581,0.8518211881478901,0.7484441818518457,0.6324563904115958,0.497875095442281,0.3558133287040301,2.0
2025-11-16,2025_11_SF_ARI,11,2025,ARI,SF,0.4605781017872802,0.4696379353645738,v1-backfill,-19.0,-0.4975072567850045,0.7512303723542504,0.6032818728913619,0.4457381470534841,0.3355853939212294,0.2256568925852658,-19.0
2025-11-16,2025_11_TB_BUF,11,2025,BUF,TB,0.6704818183972104,0.6487487966991851,v1-backfill,12.0,4.434494162638655,0.8565655213152443,0.7603786977152318,0.653880478770514,0.5048234473010137,0.3513437393078505,12.0
2025-11-16,2025_11_WAS_MIA,11,2025,MIA,WAS,0.6114087459922761,0.5633301206611898,v1-backfill,3.0,3.5448116918925408,0.8378319741695377,0.731588989829116,0.6148614640398349,0.4735201549839287,0.3284403360947116,3.0
2025-11-17,2025_11_DAL_LV,11,2025,LV,DAL,0.3242386129570057,0.4841349485964096,v1-backfill,-17.0,-4.236117217563924,0.6541523412662196,0.5014686659281862,0.3527428994107118,0.2448681422828909,0.1471313999946571,-17.0
2025-11-20,2025_12_BUF_HOU,12,2025,HOU,BUF,0.3311258615516507,0.4584439708387623,v1-backfill,4.0,-3.2721817481886366,0.6874032386149342,0.5285932409192196,0.3674738231610782,0.2584151152400502,0.1581040859897727,4.0
2025-11-23,2025_12_ATL_NO,12,2025,NO,ATL,0.4974430230139818,0.558044870767536,v1-backfill,-14.0,-1.0211367118107475,0.7282355473872892,0.599983916494854,0.472653487109973,0.3462748061845117,0.2242587080843718,-14.0
2025-11-23,2025_12_CLE_LV,12,2025,LV,CLE,0.6653004208205341,0.5630629914546589,v1-backfill,-14.0,3.788558086150116,0.83120521256363,0.7416503849851869,0.6496019943517283,0.4993250426646625,0.3454410938313799,-14.0
2025-11-23,2025_12_IND_KC,12,2025,KC,IND,0.6492257411171241,0.6858818051289206,v1-backfill,3.0,4.8430814506858,0.8627940393316952,0.764966089183774,0.6543898091657627,0.5124429242754276,0.3636176631440285,3.0
2025-11-23,2025_12_JAX_ARI,12,2025,ARI,JAX,0.5573750345854083,0.539881831432781,v1-backfill,-3.0,1.373980741034761,0.7946358164792788,0.6771511021342884,0.5535647847509133,0.4103448967120706,0.2700968056906399,-3.0
2025-11-23,2025_12_MIN_GB,12,2025,GB,MIN,0.8141707919848888,0.6064605815749888,v1-backfill,17.0,9.736256130383447,0.9296934515370104,0.8762883482740937,0.8145881046960456,0.6725202318798789,0.5126178992308692,17.0
2025-11-23,2025_12_NE_CIN,12,2025,CIN,NE,0.4245899747520089,0.5823370688025999,v1-backfill,-6.0,-3.225251824154748,0.6817376553023933,0.5356246363232893,0.3917072218425308,0.2741164946594121,0.1665722822613333,-6.0
2025-11-23,2025_12_NYG_DET,12,2025,DET,NYG,0.8374970377594112,0.7785854652724864,v1-backfill,7.0,11.567505452921935,0.9469624231667382,0.8944295988898839,0.8274717431201991,0.7081041083402324,0.5664410687882877,7.0
2025-11-23,2025_12_NYJ_BAL,12,2025,BAL,NYJ,0.8331768980674091,0.7530353458343854,v1-backfill,13.0,11.818346804496825,0.9433101120964706,0.8861328132400503,0.8127350149173967,0.7049692371342235,0.5742923657573137,13.0
2025-11-23,2025_12_PHI_DAL,12,2025,DAL,PHI,0.3884465409578685,0.4090520778870296,v1-backfill,3.0,-4.490544333846483,0.6431971334756232,0.5046653170542592,0.3744155564491639,0.2541259130128924,0.1479439345283346,3.0
2025-11-23,2025_12_PIT_CHI,12,2025,CHI,PIT,0.6058458814124795,0.515505379161592,v1-backfill,3.0,3.107432391430866,0.8280775276399558,0.7132162414637775,0.586199353123659,0.4541460699315873,0.3175759105014531,3.0
2025-11-23,2025_12_SEA_TEN,12,2025,TEN,SEA,0.2167243125885103,0.3683153190283693,v1-backfill,-6.0,-10.282098693381704,0.4718787701424712,0.3296679835336021,0.2077484980047008,0.1302320836730127,0.0677326205190498,-6.0
2025-11-23,2025_12_TB_LA,12,2025,LA,TB,0.6927583163793074,0.6324348787335239,v1-backfill,27.0,5.865480604839435,0.8818908087559973,0.7972100113848329,0.701312437968731,0.5504700064914856,0.3918425578961454,27.0
2025-11-24,2025_12_CAR_SF,12,2025,SF,CAR,0.7182270277263442,0.6952370522066266,v1-backfill,11.0,6.687918982747352,0.8923913995293664,0.8060923585104213,0.7044538402884934,0.5667772295254156,0.4172154933560061,11.0
2025-11-27,2025_13_CIN_BAL,13,2025,BAL,CIN,0.7407236086292041,0.6740538326685658,v1-backfill,-18.0,9.07626558667759,0.9217403336813536,0.8422405254634655,0.7398989044476805,0.623305308511949,0.488191269135291,-18.0
2025-11-27,2025_13_GB_DET,13,2025,DET,GB,0.5099768279831134,0.6137196465289871,v1-backfill,-7.0,0.5532922836405758,0.7843857316511902,0.6517515684980596,0.508985251451528,0.3734326065395593,0.2423314743184461,-7.0
2025-11-27,2025_13_KC_DAL,13,2025,DAL,KC,0.3874639542618022,0.4404721903446588,v1-backfill,3.0,-3.835690503129225,0.6721353771701799,0.5259455362062411,0.383144800946619,0.2560684564315475,0.1458673676265765,3.0
2025-11-28,2025_13_CHI_PHI,13,2025,PHI,CHI,0.7331437458369123,0.7335692361101006,v1-backfill,-9.0,7.479318583095892,0.9105579967969164,0.8320455616601435,0.7364780765616278,0.5928255872698515,0.4366721995106871,-9.0
2025-11-30,2025_13_ARI_TB,13,2025,TB,ARI,0.6473260062225829,0.6906831095561428,v1-backfill,3.0,4.654422443476323,0.8579265352973557,0.7541360534394705,0.6358384950573385,0.5014670886542734,0.3592853147270521,3.0
2025-11-30,2025_13_ATL_NYJ,13,2025,NYJ,ATL,0.5285673448766567,0.5156094861721706,v1-backfill,3.0,-0.252169727356426,0.7538980875348663,0.630348975901008,0.505445630962206,0.366642482669399,0.2342113214965735,3.0
2025-11-30,2025_13_BUF_PIT,13,2025,PIT,BUF,0.359644618317736,0.4945878968204329,v1-backfill,-19.0,-3.787960117461967,0.665865143621718,0.5182412682283835,0.3744135811078029,0.2600453066765688,0.1563633076873567,-19.0
2025-11-30,2025_13_DEN_WAS,13,2025,WAS,DEN,0.4141913261370687,0.493919772476516,v1-backfill,-1.0,-4.101106862569759,0.6569859019710951,0.5116147723052664,0.3716222729493073,0.2550622797032731,0.1508375505315872,-1.0
2025-11-30,2025_13_HOU_IND,13,2025,IND,HOU,0.6121274210662693,0.585563570689101,v1-backfill,-4.0,2.465722021965619,0.8186460514366196,0.6944065572090049,0.5558635320851106,0.4285808858846696,0.2977407955424695,-4.0
2025-11-30,2025_13_JAX_TEN,13,2025,TEN,JAX,0.3591990399956232,0.4506704911078889,v1-backfill,-22.0,-4.964523938133733,0.6292282604643835,0.4905265687384564,0.3614057776718283,0.2437644766720382,0.1406659814740505,-22.0
2025-11-30,2025_13_LA_CAR,13,2025,CAR,LA,0.2189544362962357,0.3939628795532183,v1-backfill,3.0,-10.35070020387828,0.4705563453575014,0.3292400236084954,0.2083395315262187,0.1291244825019798,0.0660716200202191,3.0
2025-11-30,2025_13_LV_LAC,13,2025,LAC,LV,0.7950241785488532,0.7147661754605095,v1-backfill,17.0,9.534495649439164,0.9270056950987208,0.8622915883869885,0.7832277946937588,0.6531592205543836,0.5046473886750992,17.0
2025-11-30,2025_13_MIN_SEA,13,2025,SEA,MIN,0.8431620285249598,0.619080067473061,v1-backfill,26.0,11.913257592441743,0.9423908397995064,0.8946851325874733,0.8378468079933779,0.721107093845158,0.5813101564214576,26.0
2025-11-30,2025_13_NO_MIA,13,2025,MIA,NO,0.7790300660521866,0.6547936374905262,v1-backfill,4.0,8.135059433476927,0.908804871514944,0.8439334408329388,0.7706663939254275,0.624636623519504,0.4644150368250331,4.0
2025-11-30,2025_13_SF_CLE,13,2025,CLE,SF,0.2600884702366396,0.4392379822911114,v1-backfill,-18.0,-6.803002310054838,0.5745682839301629,0.4125250304017098,0.2609496851435667,0.1825617430504568,0.1108941997418252,-18.0
2025-12-01,2025_13_NYG_NE,13,2025,NE,NYG,0.7606460719654755,0.7055219704303657,v1-backfill,18.0,8.250398681190722,0.912480225411636,0.8413548826220199,0.757187263678349,0.6189522364228266,0.4655061392372789,18.0
2025-12-04,2025_14_DAL_DET,14,2025,DET,DAL,0.6231025960502052,0.6467545415725617,v1-backfill,14.0,4.289019959142554,0.8514444781601176,0.7432356814522926,0.6200264799788199,0.4881750823411941,0.3489635973663121,14.0
2025-12-07,2025_14_CHI_GB,14,2025,GB,CHI,0.7495581046000384,0.6570755762254422,v1-backfill,7.0,7.934983993941199,0.9079205899023948,0.8336083447835355,0.7458890891519749,0.6083275293916245,0.4561082657815188,7.0
2025-12-07,2025_14_CIN_BUF,14,2025,BUF,CIN,0.7710804713218666,0.695221838610323,v1-backfill,5.0,9.750826920278715,0.9248986015903768,0.8503145364675085,0.7551517763138217,0.6428137262160775,0.5105739406428172,5.0
2025-12-07,2025_14_DEN_LV,14,2025,LV,DEN,0.2215359495315085,0.3795786565693022,v1-backfill,-7.0,-9.021115023952063,0.5112391711673673,0.3602354140898796,0.2263932114021763,0.1452604639248575,0.0780982969769146,-7.0
2025-12-07,2025_14_HOU_KC,14,2025,KC,HOU,0.7541687467796009,0.6831599832247585,v1-backfill,-10.0,6.494228021814857,0.8923186755842065,0.8052966268921995,0.7025243073013645,0.5614958967944966,0.4096385338753957,-10.0
2025-12-07,2025_14_IND_JAX,14,2025,JAX,IND,0.4312077349670283,0.5459965947195443,v1-backfill,17.0,-1.705837984151163,0.7201125439931974,0.5814877422328206,0.4419020557610241,0.3171144808295837,0.1995683470887996,17.0
2025-12-07,2025_14_LA_ARI,14,2025,ARI,LA,0.3075493277994801,0.3937665529125703,v1-backfill,-28.0,-6.17191382764614,0.5966346452200546,0.4453824378925575,0.3044895713622705,0.2043669215146786,0.1171160324820707,-28.0
2025-12-07,2025_14_MIA_NYJ,14,2025,NYJ,MIA,0.4333476117154319,0.4808652278783789,v1-backfill,-24.0,-2.039840417065471,0.7072798300319394,0.5695571025195681,0.4329435058094746,0.3117845367063278,0.1971782123375342,-24.0
2025-12-07,2025_14_NO_TB,14,2025,TB,NO,0.7680877958039376,0.7108663824317292,v1-backfill,-4.0,9.037672357099444,0.9135342923879456,0.8428000912846945,0.7588958083428585,0.6352299024627414,0.4932629691854087,-4.0
2025-12-07,2025_14_PIT_BAL,14,2025,BAL,PIT,0.6853093583311964,0.6289849249325605,v1-backfill,-5.0,5.805072438136705,0.8743798203027036,0.7815794896273821,0.675399788549402,0.5401180380443312,0.394340695933268,-5.0
2025-12-07,2025_14_SEA_ATL,14,2025,ATL,SEA,0.3233800318757263,0.4334095544584161,v1-backfill,-28.0,-5.87018567732805,0.6079764727082737,0.4532739640553571,0.3071806799297873,0.2062519386806643,0.118259999828818,-28.0
2025-12-07,2025_14_TEN_CLE,14,2025,CLE,TEN,0.5746425968337674,0.6478145822403151,v1-backfill,-2.0,5.422373431977936,0.8536133371412042,0.7556067058182993,0.6471524260320765,0.5262647411616492,0.3930293745178956,-2.0
2025-12-07,2025_14_WAS_MIN,14,2025,MIN,WAS,0.3927879650850929,0.6294153695274423,v1-backfill,31.0,-1.6421496844525354,0.7148216625119075,0.5682587650378113,0.4190512848091761,0.3128610410731376,0.2079675700720985,31.0
2025-12-08,2025_14_PHI_LAC,14,2025,LAC,PHI,0.3937653790504813,0.4651536069981873,v1-backfill,3.0,-3.12095050712771,0.6844928908172124,0.5389674785951263,0.3954370567216418,0.277093747033063,0.1686936268965205,3.0
2025-12-11,2025_15_ATL_TB,15,2025,TB,ATL,0.640884639188169,0.6715340303032139,v1-backfill,-1.0,4.516797923706565,0.8625734510343726,0.7608399272617694,0.6443552135200108,0.4998160534278072,0.35009940141511,-1.0
2025-12-14,2025_15_ARI_HOU,15,2025,HOU,ARI,0.6533326739747083,0.7121460537444663,v1-backfill,20.0,5.7427517950791165,0.8804548246480794,0.7865522498297004,0.6767742033041985,0.5367802677265571,0.3875526361810236,20.0
2025-12-14,2025_15_BAL_CIN,15,2025,CIN,BAL,0.5131213470797671,0.5103499660649088,v1-backfill,-24.0,-0.594706511641867,0.7455887511047296,0.6255955600434654,0.5064840907585544,0.3619294405960229,0.2264402973445307,-24.0
2025-12-14,2025_15_BUF_NE,15,2025,NE,BUF,0.4658642427295744,0.4579753930779769,v1-backfill,-4.0,-0.9876125202895754,0.7375024953643526,0.6100719599523127,0.4825116723970276,0.3449171969659202,0.2158995306467923,-4.0
2025-12-14,2025_15_CAR_NO,15,2025,NO,CAR,0.4389474657509544,0.556992673476672,v1-backfill,3.0,-0.3659920293300542,0.7470092589463,0.6053854073619279,0.4574075145449652,0.3468104475204459,0.2354742969433209,3.0
2025-12-14,2025_15_CLE_CHI,15,2025,CHI,CLE,0.7872138140819299,0.6739483255679151,v1-backfill,28.0,9.203865795299002,0.9150277100058644,0.8472554371800227,0.7675933908201356,0.6425256847213121,0.4989444451591509,28.0
2025-12-14,2025_15_DET_LA,15,2025,LA,DET,0.6003959315740403,0.5723120055218757,v1-backfill,7.0,3.646265585491788,0.8407783867215628,0.7321970468047647,0.6112998088715643,0.4731008250612144,0.3303624881674398,7.0
2025-12-14,2025_15_GB_DEN,15,2025,DEN,GB,0.4366630158544242,0.5664915204876594,v1-backfill,8.0,-1.6982671304250865,0.7221886894063234,0.5835746265194319,0.4436957664857205,0.3165889458818487,0.1976627969330242,8.0
2025-12-14,2025_15_IND_SEA,15,2025,SEA,IND,0.6495226904138591,0.6572939356673627,v1-backfill,2.0,5.21122443665452,0.8695244103267955,0.7638147923086891,0.6388592690396092,0.5110785959637045,0.3733191777061371,2.0
2025-12-14,2025_15_LAC_KC,15,2025,KC,LAC,0.7062498737421644,0.6582036343600973,v1-backfill,-3.0,6.008759037375619,0.8806281820068905,0.791628649752532,0.6894722218072172,0.5489120763074882,0.3983392251810346,-3.0
2025-12-14,2025_15_LV_PHI,15,2025,PHI,LV,0.8700532351699962,0.8035015690953352,v1-backfill,31.0,14.482128913735956,0.9606642889453408,0.9151187692008768,0.8532884895183623,0.7644953848327222,0.6505638568207919,31.0
2025-12-14,2025_15_MIN_DAL,15,2025,DAL,MIN,0.759760581797008,0.5688021038086961,v1-backfill,-8.0,6.202788562569555,0.887312016028812,0.8151705782004305,0.7365080143290165,0.5724975362007195,0.4021584861270068,-8.0
2025-12-14,2025_15_NYJ_JAX,15,2025,JAX,NYJ,0.8475672120718285,0.6807771520536796,v1-backfill,28.0,12.53368207558659,0.949116779663307,0.9036020309439724,0.8478093174820739,0.7351415030599395,0.5985964183206486,28.0
2025-12-14,2025_15_TEN_SF,15,2025,SF,TEN,0.8781394357634194,0.7665436503296525,v1-backfill,13.0,13.141740755558892,0.9608054762108909,0.9206607641300864,0.8688130960216655,0.7539416373948624,0.614548930389919,13.0
2025-12-14,2025_15_WAS_NYG,15,2025,NYG,WAS,0.4983393206816964,0.4789301252218305,v1-backfill,-8.0,0.5183916704305327,0.7700571475574611,0.6407787799782212,0.505519633222578,0.3795329326005948,0.2542322215300983,-8.0
2025-12-15,2025_15_MIA_PIT,15,2025,PIT,MIA,0.5667801355309671,0.6151018979129008,v1-backfill,13.0,1.9008185593582445,0.8055855593849395,0.687117879509479,0.5599863309658129,0.421925918314467,0.2840157458292137,13.0
2025-12-18,2025_16_LA_SEA,16,2025,SEA,LA,0.4512652547914338,0.5658839778169784,v1-backfill,1.0,-0.6321655360124137,0.7565824983208191,0.6180485433135459,0.4725552006616278,0.3391967839597957,0.2135398233264741,1.0
2025-12-20,2025_16_GB_CHI,16,2025,CHI,GB,0.3874579102850444,0.4972156212504937,v1-backfill,6.0,-2.8183624015797286,0.6918471169573233,0.5443317974338987,0.3972679831900985,0.2825561791408678,0.1756309526310139,6.0
2025-12-20,2025_16_PHI_WAS,16,2025,WAS,PHI,0.3312540856292267,0.4099376270429489,v1-backfill,-11.0,-7.06449734025774,0.5673783751978134,0.4274813491836509,0.3020618445309948,0.1980844211833848,0.109849334021747,-11.0
2025-12-21,2025_16_ATL_ARI,16,2025,ARI,ATL,0.5303227420180311,0.5316585328906441,v1-backfill,-7.0,0.8900697851242958,0.7836391102364633,0.6576592910891519,0.5244020914058865,0.3903553990403351,0.2584228693368393,-7.0
2025-12-21,2025_16_BUF_CLE,16,2025,CLE,BUF,0.1483962020506548,0.3309839292699121,v1-backfill,-3.0,-11.52617175952626,0.4325751789556272,0.2895331625033903,0.1687814841792003,0.1069990623000249,0.0565486499789938,-3.0
2025-12-21,2025_16_CIN_MIA,16,2025,MIA,CIN,0.4665491092555012,0.5841498912362962,v1-backfill,-24.0,-0.1454143496245903,0.7417183379278215,0.6028874824911096,0.4596249177677283,0.3566329532135086,0.2499102523092441,-24.0
2025-12-21,2025_16_JAX_DEN,16,2025,DEN,JAX,0.6545228734917419,0.6664223318079088,v1-backfill,-14.0,4.59060618089223,0.8593260863029317,0.7612835725735548,0.6513184341425834,0.5063406911273474,0.3557452558303485,-14.0
2025-12-21,2025_16_KC_TEN,16,2025,TEN,KC,0.2833102215902569,0.3146943498596566,v1-backfill,17.0,-8.261395816688394,0.5331446668332221,0.3951484444361658,0.2741596321740312,0.1742350365730492,0.0924088844991537,17.0
2025-12-21,2025_16_LAC_DAL,16,2025,DAL,LAC,0.6066065366779057,0.529300408041596,v1-backfill,-17.0,1.559146535947428,0.8009868174078245,0.6894720369112012,0.572919300815905,0.4200726876712736,0.2723583098853733,-17.0
2025-12-21,2025_16_LV_HOU,16,2025,HOU,LV,0.8537481247558207,0.7454381022922769,v1-backfill,2.0,13.132157490616027,0.95912780637188,0.9153927984302566,0.857911092720105,0.7479315825859603,0.6134553392191597,2.0
2025-12-21,2025_16_MIN_NYG,16,2025,NYG,MIN,0.4887597534181135,0.3913593162265824,v1-backfill,-3.0,-1.6482360342222728,0.7173549461455186,0.5877399018290791,0.4601137525083743,0.3286714581350875,0.2055263384929908,-3.0
2025-12-21,2025_16_NE_BAL,16,2025,BAL,NE,0.5427681432907359,0.6451479024833663,v1-backfill,-4.0,1.5070552750331083,0.7965652273656696,0.6677565874120076,0.5278079749196104,0.4019660096521962,0.2745853637137597,-4.0
2025-12-21,2025_16_NYJ_NO,16,2025,NO,NYJ,0.6547882304047282,0.6196458050930974,v1-backfill,23.0,5.650278685622616,0.8653876603255429,0.7704660944745583,0.6635786992403189,0.5346133555325897,0.3942603335135449,23.0
2025-12-21,2025_16_PIT_DET,16,2025,DET,PIT,0.7175174415521701,0.6300741104061585,v1-backfill,-5.0,6.505197333211844,0.8890433217854624,0.802969728873457,0.7027887775137728,0.5631941228793858,0.4123519046084487,-5.0
2025-12-21,2025_16_TB_CAR,16,2025,CAR,TB,0.4485761540632321,0.4885645483641121,v1-backfill,3.0,-2.052700990130428,0.710327574728691,0.5819672693827085,0.4568029502304222,0.3189292957355427,0.1931759411316438,3.0
2025-12-22,2025_16_SF_IND,16,2025,IND,SF,0.4644106002513381,0.507096898442184,v1-backfill,-21.0,-0.3828724433647679,0.7547916885917803,0.6127695514833892,0.4627930453709858,0.3441140267806927,0.2274635891791186,-21.0
2025-12-25,2025_17_DAL_WAS,17,2025,WAS,DAL,0.3465998905601485,0.5442506510848654,v1-backfill,-7.0,-4.371433846296804,0.6511210268056465,0.4918860573657558,0.3353060378213737,0.2354297827017796,0.1437306034567078,-7.0
2025-12-25,2025_17_DEN_KC,17,2025,KC,DEN,0.3790268034110685,0.6030958806006717,v1-backfill,-7.0,-3.3698031404248083,0.6749738802396898,0.5136665404788578,0.3511441628433097,0.2574061220619401,0.1668400180629448,-7.0
2025-12-25,2025_17_DET_MIN,17,2025,MIN,DET,0.2129249524769504,0.5433251309415221,v1-backfill,13.0,-7.286696217640287,0.5682304790727741,0.391818817360339,0.2236408296995983,0.1545354263661433,0.0922579884990712,13.0
2025-12-27,2025_17_BAL_GB,17,2025,GB,BAL,0.6489024568949102,0.5927314497139574,v1-backfill,-17.0,4.165947569475017,0.8378125981916081,0.7305528797437715,0.6123417139523517,0.4876835861792827,0.3540813967958091,-17.0
2025-12-27,2025_17_HOU_LAC,17,2025,LAC,HOU,0.5607249328982041,0.5918247435088967,v1-backfill,-4.0,1.5828318974377398,0.7995350498923242,0.6764261683476898,0.5439840106922333,0.4094594793792114,0.2752461797325359,-4.0
2025-12-28,2025_17_ARI_CIN,17,2025,CIN,ARI,0.6573018874737455,0.6854119653060342,v1-backfill,23.0,3.745504400858232,0.8454932338225429,0.7489338462150221,0.6444668936535557,0.4879378502513993,0.3306427387746526,23.0
2025-12-28,2025_17_CHI_SF,17,2025,SF,CHI,0.6534552468403786,0.6419559719813118,v1-backfill,4.0,3.4564146539610734,0.8397721988146127,0.7426897638885961,0.6386965755655765,0.4805207078334095,0.3228032119880429,4.0
2025-12-28,2025_17_JAX_IND,17,2025,IND,JAX,0.5124536437069177,0.5566572465468977,v1-backfill,-6.0,0.04712298864876,0.7605350868981365,0.6301339616326607,0.4950350866190093,0.3670531732574044,0.2416875723401558,-6.0
2025-12-28,2025_17_NE_NYJ,17,2025,NYJ,NE,0.2245560670636845,0.4293524262432801,v1-backfill,-32.0,-9.637260072639949,0.4903201601174452,0.347421156273443,0.2237268785048838,0.1430483348214028,0.0765267601577111,-32.0
2025-12-28,2025_17_NO_TEN,17,2025,TEN,NO,0.482235885164524,0.5114496050433198,v1-backfill,-8.0,-1.2100027253249452,0.7302392913787086,0.5979802051714507,0.465201776866208,0.3356967731358037,0.2129001051518544,-8.0
2025-12-28,2025_17_NYG_LV,17,2025,LV,NYG,0.4748424462349351,0.5898141064185678,v1-backfill,-24.0,-0.4988660558976372,0.7483857947209711,0.6244078784395519,0.4997608237056825,0.3602223340865372,0.2280916269892446,-24.0
2025-12-28,2025_17_PHI_BUF,17,2025,BUF,PHI,0.5865494823600733,0.5784671191320655,v1-backfill,-1.0,1.5259871813386896,0.7985092274010224,0.6811272291376747,0.5569443732825672,0.4139286471085117,0.2734367946537689,-1.0
2025-12-28,2025_17_PIT_CLE,17,2025,CLE,PIT,0.2501253028079012,0.4052935815385978,v1-backfill,7.0,-6.884215070067716,0.5726618567636145,0.4145544394932312,0.2677980157157809,0.1844115574037019,0.1095636533899409,7.0
2025-12-28,2025_17_SEA_CAR,17,2025,CAR,SEA,0.342718221802793,0.4068151721695397,v1-backfill,-17.0,-6.14353218824666,0.5969544559755724,0.4567518557193503,0.3286951562418739,0.2155042350180452,0.1194737749343649,-17.0
2025-12-28,2025_17_TB_MIA,17,2025,MIA,TB,0.4176049875966774,0.5562880335920479,v1-backfill,3.0,-3.223507735427747,0.6693395035299777,0.5329085568936707,0.4024949091750344,0.2886932408542655,0.1815579151122199,3.0
2025-12-29,2025_17_LA_ATL,17,2025,ATL,LA,0.2628304511092191,0.4292267882272079,v1-backfill,3.0,-7.719088621609446,0.5512472139443684,0.3986124342510908,0.2600044904704412,0.1698495480482227,0.0936789829759368,3.0
2026-01-03,2025_18_CAR_TB,18,2025,TB,CAR,0.6671904793035155,0.6441800674810131,v1-backfill,2.0,5.706525897461827,0.8731267114147255,0.7757891083401462,0.66293900057073,0.5323953341020786,0.3909310916023288,2.0
2026-01-03,2025_18_SEA_SF,18,2025,SF,SEA,0.6020382472047272,0.5540089725374523,v1-backfill,-10.0,1.2440690120938322,0.7913993665053982,0.6842276546790085,0.5751328776192626,0.4174852719015172,0.2669489633591342,-10.0
2026-01-04,2025_18_ARI_LA,18,2025,LA,ARI,0.8104403377740904,0.7636988091413645,v1-backfill,17.0,11.111376936963232,0.942001612175736,0.8857275819596716,0.814574627546877,0.6944518412310241,0.5527183032467147,17.0
2026-01-04,2025_18_BAL_PIT,18,2025,PIT,BAL,0.4726663204063617,0.5507474214820866,v1-backfill,2.0,-0.6832929273506636,0.7448411717289364,0.6161406188787025,0.4858474598981039,0.3509744070592465,0.2229233742693601,2.0
2026-01-04,2025_18_CLE_CIN,18,2025,CIN,CLE,0.8225253991991268,0.679815001249225,v1-backfill,-2.0,8.819338737840386,0.921201869591304,0.8636236858712447,0.7979925662565646,0.6481579443004954,0.483286497631892,-2.0
2026-01-04,2025_18_DAL_NYG,18,2025,NYG,DAL,0.369817579018009,0.4266595811932586,v1-backfill,17.0,-2.415583300683852,0.7027639249190334,0.5446325917224918,0.3819636326853997,0.2814359747499748,0.1837098947787915,17.0
2026-01-04,2025_18_DET_CHI,18,2025,CHI,DET,0.4959224021362398,0.5098383272865459,v1-backfill,-3.0,0.4680750572253327,0.7738255688089412,0.6441419110700283,0.5076264514385366,0.3767214155408203,0.2483553233812627,-3.0
2026-01-04,2025_18_GB_MIN,18,2025,MIN,GB,0.589555666043937,0.5736601448891175,v1-backfill,13.0,2.5181104924493054,0.8023471505094332,0.7172726671296626,0.6349913745322958,0.4752436776258728,0.316974395481594,13.0
2026-01-04,2025_18_IND_HOU,18,2025,HOU,IND,0.7684240303078028,0.6633677165472996,v1-backfill,8.0,9.149912920673074,0.9172565585088488,0.8585490259338311,0.7923019181890277,0.6536840551434837,0.4978117088119992,8.0
2026-01-04,2025_18_KC_LV,18,2025,LV,KC,0.3118539314023544,0.3383168372076676,v1-backfill,2.0,-7.065735356903293,0.5597411623357818,0.4368539810990132,0.3305955590036015,0.2208452198872069,0.1257200767779847,2.0
2026-01-04,2025_18_LAC_DEN,18,2025,DEN,LAC,0.754283649738628,0.6096513374492593,v1-backfill,16.0,7.114563875776995,0.8951254772093988,0.824730929855822,0.7467656512911768,0.5957688879363555,0.4335695182084106,16.0
2026-01-04,2025_18_MIA_NE,18,2025,NE,MIA,0.8264579991447368,0.614809848688608,v1-backfill,28.0,10.80201898907266,0.9335084111924944,0.8818016279460963,0.8215680154921249,0.6953429779537896,0.5480445095188272,28.0
2026-01-04,2025_18_NO_ATL,18,2025,ATL,NO,0.6126473732570029,0.6039337745973871,v1-backfill,2.0,3.416679268109552,0.8299637300374408,0.7190263599982218,0.5973073190615497,0.4661417660294602,0.3292233452397936,2.0
2026-01-04,2025_18_NYJ_BUF,18,2025,BUF,NYJ,0.904455185012364,0.8083442275042206,v1-backfill,27.0,16.94724949714963,0.9713912532981284,0.9376877228608796,0.8916008870387511,0.8177815166708828,0.7184485117029284,27.0
2026-01-04,2025_18_TEN_JAX,18,2025,JAX,TEN,0.809001528300905,0.7344446182137018,v1-backfill,34.0,10.979436420590613,0.9408749822081656,0.8846914782480779,0.8142222848313911,0.6922524577632898,0.5489413650273631,34.0
2026-01-04,2025_18_WAS_PHI,18,2025,PHI,WAS,0.754557303074448,0.7602387023422484,v1-backfill,-7.0,11.000311142345415,0.917013114962276,0.8467501150737138,0.7623560571268482,0.6695263674332657,0.5546053908251689,-7.0
2026-01-10,2025_19_GB_CHI,19,2025,CHI,GB,0.4770795904603633,0.5205099914112251,v1-backfill,4.0,-0.037419716552451,0.7614793215594629,0.6274396104057325,0.4872187091304715,0.3606193805520322,0.2368732241984657,4.0
2026-01-10,2025_19_LA_CAR,19,2025,CAR,LA,0.2483681235631282,0.4029448183895738,v1-backfill,-3.0,-8.629985746009956,0.5234620573033257,0.3755782060776529,0.2443565423585305,0.1558770926367374,0.0831149273445995,-3.0
2026-01-11,2025_19_BUF_JAX,19,2025,JAX,BUF,0.4653554974529926,0.4640360657139749,v1-backfill,-3.0,-0.8671920295159268,0.7429694042124629,0.6169906809624026,0.4905287743006133,0.3481703507676708,0.2157960175040811,-3.0
2026-01-11,2025_19_LAC_NE,19,2025,NE,LAC,0.7322095357627897,0.5623891967744082,v1-backfill,13.0,6.390701364664788,0.8909837029076124,0.8110966455229454,0.7199465946279662,0.5677888451017261,0.4067912448091139,13.0
2026-01-11,2025_19_SF_PHI,19,2025,PHI,SF,0.5913058588012127,0.6445265186245128,v1-backfill,-4.0,4.171853235618748,0.8480272149414844,0.7369897123045818,0.6104262412290189,0.482398767037417,0.3465734216860264,-4.0
2026-01-12,2025_19_HOU_PIT,19,2025,PIT,HOU,0.5239086996167516,0.5583323597022187,v1-backfill,-24.0,-0.0983519375053019,0.761900523013678,0.6321057491916018,0.4975915320406331,0.3628192131018123,0.2334366500983648,-24.0
2026-01-17,2025_20_BUF_DEN,20,2025,DEN,BUF,0.4955832810767927,0.5213288633436238,v1-backfill,3.0,-0.0073775595290843,0.7643889003605852,0.6401514249061715,0.5126922404796047,0.370230268267232,0.2350334784781545,3.0
2026-01-17,2025_20_SF_SEA,20,2025,SEA,SF,0.6190466260739897,0.6065670863806594,v1-backfill,35.0,5.352215807348669,0.8656860966339242,0.7624564985115075,0.6427004591352475,0.5176397611007129,0.3815901839073642,35.0
2026-01-18,2025_20_HOU_NE,20,2025,NE,HOU,0.6635300647952518,0.5344885036381581,v1-backfill,12.0,3.9023153246609983,0.8474687821710772,0.7478328553471455,0.6384704453565029,0.4885450703552726,0.3358914845502001,12.0
2026-01-18,2025_20_LA_CHI,20,2025,CHI,LA,0.433011441035608,0.484416498695335,v1-backfill,-3.0,-2.110735779783502,0.712557103543261,0.5713606900542745,0.429530679778185,0.3040790039286039,0.1877832736757613,-3.0
2026-01-25,2025_21_LA_SEA,21,2025,SEA,LA,0.537785880319944,0.5947672879977259,v1-backfill,4.0,2.569315016768005,0.8178508306135488,0.695630563043207,0.5602817278304408,0.4336328293784188,0.3028177636440339,4.0
2026-01-25,2025_21_NE_DEN,21,2025,DEN,NE,0.4164117440790861,0.6286933826140747,v1-backfill,-3.0,-2.218020953984647,0.706455746915805,0.5553890886994203,0.4015343164221375,0.2933851780692516,0.1893038328878669,-3.0
2026-02-08,2025_22_SEA_NE,22,2025,NE,SEA,0.5129946764424616,0.5088334116064571,v1-backfill,-16.0,-0.0332707832179481,0.7632701713616763,0.6324393336342422,0.4962791227504671,0.3634090445519092,0.2351994234275793,-16.0
