date,game_id,season,home,away,p_home,p_elo,model,result
2024-10-04,2024020001,2024,BUF,NJD,0.6107749420490316,0.5589514483360503,v1-backfill,0.0
2024-10-05,2024020002,2024,NJD,BUF,0.5280488346776586,0.5541680940644561,v1-backfill,1.0
2024-10-08,2024020003,2024,SEA,STL,0.5543728715392227,0.522191712347152,v1-backfill,0.0
2024-10-08,2024020004,2024,FLA,BOS,0.7306992432349929,0.5861047374901268,v1-backfill,1.0
2024-10-08,2024020005,2024,UTA,CHI,0.6675585441050895,0.6099955740445447,v1-backfill,1.0
2024-10-09,2024020006,2024,MTL,TOR,0.3335636416946752,0.4488140902676453,v1-backfill,1.0
2024-10-09,2024020007,2024,PIT,NYR,0.4711951017878513,0.4676603900313551,v1-backfill,0.0
2024-10-09,2024020008,2024,EDM,WPG,0.6687831166126699,0.578128582260577,v1-backfill,0.0
2024-10-09,2024020009,2024,VAN,CGY,0.5826196140745857,0.6031947301225121,v1-backfill,0.0
2024-10-09,2024020010,2024,VGK,COL,0.4956186726947058,0.5228150279940065,v1-backfill,1.0
2024-10-10,2024020011,2024,BOS,MTL,0.7440419071048064,0.6520102437175986,v1-backfill,1.0
2024-10-10,2024020012,2024,BUF,LAK,0.5492307018672467,0.5250797470932237,v1-backfill,0.0
2024-10-10,2024020013,2024,OTT,FLA,0.4468706531169225,0.4338735040608725,v1-backfill,1.0
2024-10-10,2024020014,2024,DET,PIT,0.5961608521580326,0.5479997038992798,v1-backfill,0.0
2024-10-10,2024020015,2024,NJD,TOR,0.5245298574019529,0.5187423172894765,v1-backfill,0.0
2024-10-10,2024020016,2024,NYI,UTA,0.6196980324731702,0.5843146968598303,v1-backfill,0.0
2024-10-10,2024020017,2024,NSH,DAL,0.5145040966235426,0.5103844861699431,v1-backfill,0.0
2024-10-10,2024020018,2024,MIN,CBJ,0.7155629793145676,0.6266468709454047,v1-backfill,1.0
2024-10-10,2024020019,2024,SJS,STL,0.4117983888784868,0.4160518905657376,v1-backfill,0.0
2024-10-11,2024020020,2024,CAR,TBL,0.7035865915168867,0.6000874149424783,v1-backfill,0.0
2024-10-11,2024020021,2024,WPG,CHI,0.7707669646187478,0.6959043343955237,v1-backfill,1.0
2024-10-11,2024020022,2024,VAN,PHI,0.5427410871158169,0.6142425817781898,v1-backfill,0.0
2024-10-11,2024020023,2024,VGK,STL,0.6497656528061875,0.5766035212529633,v1-backfill,1.0
2024-10-12,2024020024,2024,BOS,LAK,0.5878822438878607,0.5856641870493128,v1-backfill,1.0
2024-10-12,2024020025,2024,BUF,FLA,0.4389122916015213,0.4415223699857504,v1-backfill,1.0
2024-10-12,2024020026,2024,TOR,PIT,0.6924337932521606,0.5908374500358505,v1-backfill,1.0
2024-10-12,2024020027,2024,MTL,OTT,0.3878666639385958,0.5039946013782212,v1-backfill,1.0
2024-10-12,2024020028,2024,DET,NSH,0.4344413487176918,0.5116806182719262,v1-backfill,1.0
2024-10-12,2024020030,2024,NYR,UTA,0.7091901564636065,0.6601410793704635,v1-backfill,0.0
2024-10-12,2024020031,2024,WSH,NJD,0.5521825935138109,0.5419636736242983,v1-backfill,0.0
2024-10-12,2024020032,2024,DAL,NYI,0.6538273500594063,0.626220518946685,v1-backfill,1.0
2024-10-12,2024020033,2024,MIN,SEA,0.6201971078605206,0.5880031810785142,v1-backfill,0.0
2024-10-12,2024020034,2024,COL,CBJ,0.7472310511613449,0.6782487884144056,v1-backfill,0.0
2024-10-12,2024020035,2024,CGY,PHI,0.6423230917880773,0.5663443610841618,v1-backfill,1.0
2024-10-12,2024020036,2024,EDM,CHI,0.8243260102245937,0.7105475167264473,v1-backfill,0.0
2024-10-12,2024020037,2024,SJS,ANA,0.4913596297307808,0.5134570727691085,v1-backfill,0.0
2024-10-13,2024020038,2024,WPG,MIN,0.6594295653015473,0.5978101435865111,v1-backfill,1.0
2024-10-13,2024020039,2024,DAL,SEA,0.5914681312381818,0.6479849701453748,v1-backfill,1.0
2024-10-13,2024020040,2024,EDM,CGY,0.6810716704959922,0.608419658414777,v1-backfill,0.0
2024-10-13,2024020041,2024,VGK,ANA,0.7574331739655087,0.6735676469794643,v1-backfill,1.0
2024-10-14,2024020042,2024,BOS,FLA,0.4620284884999917,0.5245097744916573,v1-backfill,0.0
2024-10-14,2024020043,2024,OTT,LAK,0.5205691472566876,0.5158996048662902,v1-backfill,1.0
2024-10-14,2024020044,2024,NJD,UTA,0.625907582034447,0.5769953746423981,v1-backfill,1.0
2024-10-14,2024020045,2024,NYR,DET,0.6920985931417641,0.637820514968289,v1-backfill,1.0
2024-10-14,2024020046,2024,MTL,PIT,0.4646924811643126,0.503256194072152,v1-backfill,0.0
2024-10-14,2024020047,2024,COL,NYI,0.6794484691937606,0.6080890106400912,v1-backfill,0.0
2024-10-15,2024020048,2024,TBL,VAN,0.6199753443399505,0.5514115301717067,v1-backfill,1.0
2024-10-15,2024020049,2024,WSH,VGK,0.4668163625025033,0.481774592239116,v1-backfill,1.0
2024-10-15,2024020050,2024,CAR,NJD,0.774439746531801,0.6126943366398342,v1-backfill,1.0
2024-10-15,2024020051,2024,CBJ,FLA,0.3948667290474111,0.391468268390548,v1-backfill,0.0
2024-10-15,2024020052,2024,STL,MIN,0.5331786076972904,0.5581891756635724,v1-backfill,0.0
2024-10-15,2024020053,2024,NSH,SEA,0.6944347998818806,0.5938159340668667,v1-backfill,0.0
2024-10-15,2024020054,2024,DAL,SJS,0.7925188058845613,0.7431009524568198,v1-backfill,1.0
2024-10-15,2024020055,2024,CGY,CHI,0.7302450597447527,0.6505418053488647,v1-backfill,1.0
2024-10-15,2024020056,2024,EDM,PHI,0.6277850914913262,0.6266968042005981,v1-backfill,1.0
2024-10-16,2024020057,2024,PIT,BUF,0.5467026016457914,0.5611405899270928,v1-backfill,1.0
2024-10-16,2024020058,2024,TOR,LAK,0.6455165838958108,0.5821244238605259,v1-backfill,1.0
2024-10-16,2024020059,2024,COL,BOS,0.6886220914140093,0.5409852817334453,v1-backfill,0.0
2024-10-16,2024020060,2024,ANA,UTA,0.4914221771747075,0.4920616462798686,v1-backfill,1.0
2024-10-17,2024020061,2024,MTL,LAK,0.5166801986780905,0.4838755519209931,v1-backfill,0.0
2024-10-17,2024020062,2024,OTT,NJD,0.5843083805722719,0.5327770979230722,v1-backfill,0.0
2024-10-17,2024020063,2024,DET,NYR,0.4763681052572285,0.4510763890710926,v1-backfill,0.0
2024-10-17,2024020064,2024,TBL,VGK,0.5844982341118057,0.5454503631781913,v1-backfill,1.0
2024-10-17,2024020065,2024,FLA,VAN,0.6285643237971837,0.6153893951285726,v1-backfill,0.0
2024-10-17,2024020066,2024,WSH,DAL,0.4655606120117193,0.4538382215082198,v1-backfill,1.0
2024-10-17,2024020067,2024,CBJ,BUF,0.5564509524860396,0.4910393915392108,v1-backfill,1.0
2024-10-17,2024020068,2024,STL,NYI,0.547048515270245,0.5557032788239064,v1-backfill,1.0
2024-10-17,2024020069,2024,NSH,EDM,0.5508396415712218,0.5057848126969949,v1-backfill,0.0
2024-10-17,2024020070,2024,CHI,SJS,0.593332998829559,0.5811106807593419,v1-backfill,1.0
2024-10-17,2024020071,2024,SEA,PHI,0.493511464252823,0.5597652605046054,v1-backfill,1.0
2024-10-18,2024020072,2024,PIT,CAR,0.3743030339346133,0.4772167180431421,v1-backfill,0.0
2024-10-18,2024020073,2024,WPG,SJS,0.8265155828834049,0.7288826123192432,v1-backfill,1.0
2024-10-18,2024020074,2024,COL,ANA,0.7426030261838676,0.66498235420224,v1-backfill,1.0
2024-10-19,2024020075,2024,OTT,TBL,0.4820081097753751,0.4848150584581316,v1-backfill,1.0
2024-10-19,2024020076,2024,NSH,DET,0.6609362826539165,0.5739679230136628,v1-backfill,0.0
2024-10-19,2024020077,2024,DAL,EDM,0.5217683343085519,0.5678725569193428,v1-backfill,1.0
2024-10-19,2024020078,2024,FLA,VGK,0.638900177847538,0.6000639254503636,v1-backfill,1.0
2024-10-19,2024020079,2024,TOR,NYR,0.5599035188630718,0.5101214390055719,v1-backfill,0.0
2024-10-19,2024020080,2024,NJD,WSH,0.5828458966978973,0.5650740649954589,v1-backfill,0.0
2024-10-19,2024020081,2024,NYI,MTL,0.6959414848647156,0.6078933108776515,v1-backfill,1.0
2024-10-19,2024020082,2024,PHI,VAN,0.5412219289741509,0.4814872918104411,v1-backfill,0.0
2024-10-19,2024020083,2024,CBJ,MIN,0.4400438421653753,0.4734167255331815,v1-backfill,0.0
2024-10-19,2024020084,2024,STL,CAR,0.4280354778553769,0.475892091644759,v1-backfill,1.0
2024-10-19,2024020085,2024,CHI,BUF,0.3852516938571807,0.472775095257969,v1-backfill,0.0
2024-10-19,2024020086,2024,UTA,BOS,0.4609854199065001,0.4578171070543586,v1-backfill,1.0
2024-10-19,2024020087,2024,SEA,CGY,0.565862383922796,0.5247100301288019,v1-backfill,1.0
2024-10-20,2024020088,2024,WPG,PIT,0.5415452310495403,0.6112217755380678,v1-backfill,1.0
2024-10-20,2024020089,2024,SJS,COL,0.2101552789050765,0.3705753592204507,v1-backfill,0.0
2024-10-20,2024020090,2024,ANA,LAK,0.3826062409994433,0.4512092748697165,v1-backfill,0.0
2024-10-21,2024020091,2024,TOR,TBL,0.637358588454301,0.5547603195624851,v1-backfill,1.0
2024-10-22,2024020092,2024,PHI,WSH,0.6135575868083974,0.5103747047720736,v1-backfill,0.0
2024-10-22,2024020093,2024,FLA,MIN,0.6148647937895388,0.6271611771512079,v1-backfill,0.0
2024-10-22,2024020094,2024,NJD,TBL,0.5683404981488619,0.5211136864695161,v1-backfill,0.0
2024-10-22,2024020095,2024,BUF,DAL,0.4229462046555605,0.4518736717235685,v1-backfill,1.0
2024-10-22,2024020096,2024,MTL,NYR,0.3090748676088101,0.3887825950755358,v1-backfill,0.0
2024-10-22,2024020097,2024,CBJ,TOR,0.4811904828749407,0.4281531133734132,v1-backfill,1.0
2024-10-22,2024020098,2024,NYI,DET,0.5857494419204948,0.5612510886609052,v1-backfill,0.0
2024-10-22,2024020099,2024,STL,WPG,0.4738367446091296,0.4988442150936232,v1-backfill,0.0
2024-10-22,2024020100,2024,CHI,VAN,0.382395004247275,0.4087741212770102,v1-backfill,0.0
2024-10-22,2024020101,2024,NSH,BOS,0.6055873379671765,0.4930859738387285,v1-backfill,1.0
2024-10-22,2024020102,2024,CGY,PIT,0.5817681981318916,0.5627532892767253,v1-backfill,1.0
2024-10-22,2024020103,2024,EDM,CAR,0.4538296802356497,0.5299054863324258,v1-backfill,0.0
2024-10-22,2024020104,2024,UTA,OTT,0.4651338312758046,0.535806288757742,v1-backfill,0.0
2024-10-22,2024020105,2024,ANA,SJS,0.6333802722623745,0.6042697428345849,v1-backfill,1.0
2024-10-22,2024020106,2024,SEA,COL,0.3741558624748796,0.4939295793274129,v1-backfill,0.0
2024-10-22,2024020107,2024,VGK,LAK,0.4803958331348224,0.5678600456770091,v1-backfill,1.0
2024-10-23,2024020108,2024,WSH,PHI,0.555550899207934,0.6007173260622517,v1-backfill,1.0
2024-10-24,2024020109,2024,BOS,DAL,0.5169154085303701,0.522373814165011,v1-backfill,0.0
2024-10-24,2024020110,2024,TOR,STL,0.6138437252850996,0.5841619273693006,v1-backfill,0.0
2024-10-24,2024020111,2024,DET,NJD,0.4938400789680472,0.5445832813645657,v1-backfill,1.0
2024-10-24,2024020112,2024,TBL,MIN,0.5797974237045413,0.5686857040320454,v1-backfill,0.0
2024-10-24,2024020113,2024,NYR,FLA,0.5541918374265083,0.5637755764413965,v1-backfill,0.0
2024-10-24,2024020114,2024,CGY,CAR,0.3803044505216625,0.4797518720195018,v1-backfill,0.0
2024-10-24,2024020115,2024,UTA,COL,0.3707453700347327,0.4650697119729838,v1-backfill,0.0
2024-10-24,2024020116,2024,SEA,WPG,0.4676412145017539,0.4620555934697893,v1-backfill,0.0
2024-10-24,2024020117,2024,LAK,SJS,0.7735806895178077,0.7027507321434869,v1-backfill,1.0
2024-10-25,2024020118,2024,VGK,OTT,0.5419779234001986,0.5985976095020458,v1-backfill,1.0
2024-10-25,2024020119,2024,NJD,NYI,0.3827896399874431,0.5523326126893656,v1-backfill,0.0
2024-10-25,2024020120,2024,CHI,NSH,0.3267549256671007,0.4387228645830645,v1-backfill,0.0
2024-10-25,2024020121,2024,EDM,PIT,0.6802219765015534,0.6099665291055715,v1-backfill,1.0
2024-10-26,2024020122,2024,BUF,DET,0.5576604432643553,0.5428920954399853,v1-backfill,1.0
2024-10-26,2024020123,2024,PHI,MIN,0.504934067798344,0.4709319823228762,v1-backfill,1.0
2024-10-26,2024020124,2024,LAK,UTA,0.597136561642743,0.6060254041043784,v1-backfill,1.0
2024-10-26,2024020125,2024,BOS,TOR,0.4445060431549858,0.5575500242327845,v1-backfill,1.0
2024-10-26,2024020126,2024,MTL,STL,0.4078876561555803,0.4638052308665874,v1-backfill,1.0
2024-10-26,2024020127,2024,TBL,WSH,0.6130208563832154,0.5740118574476465,v1-backfill,1.0
2024-10-26,2024020128,2024,NYR,ANA,0.7083905694306153,0.7158442518745817,v1-backfill,1.0
2024-10-26,2024020129,2024,CGY,WPG,0.5710503024521904,0.4799346748310529,v1-backfill,0.0
2024-10-26,2024020130,2024,NYI,FLA,0.4031390252165077,0.4533737877883665,v1-backfill,0.0
2024-10-26,2024020131,2024,NSH,CBJ,0.5930164503293255,0.6234776013893019,v1-backfill,1.0
2024-10-26,2024020132,2024,DAL,CHI,0.7873452058423243,0.7286780895150855,v1-backfill,1.0
2024-10-26,2024020133,2024,VAN,PIT,0.6277268620521166,0.6069346511831865,v1-backfill,1.0
2024-10-26,2024020134,2024,VGK,SJS,0.6708814750221237,0.7318553139632519,v1-backfill,1.0
2024-10-26,2024020135,2024,SEA,CAR,0.3382942985905535,0.4435469820543253,v1-backfill,0.0
2024-10-27,2024020136,2024,DET,EDM,0.2685397756969341,0.4878010776886982,v1-backfill,0.0
2024-10-27,2024020137,2024,NJD,ANA,0.7169147237094994,0.6267776317644231,v1-backfill,1.0
2024-10-27,2024020138,2024,PHI,MTL,0.6483124709793016,0.5703632916111343,v1-backfill,0.0
2024-10-27,2024020139,2024,COL,OTT,0.6355511811698978,0.6166726477496844,v1-backfill,1.0
2024-10-28,2024020140,2024,BUF,FLA,0.4303185305589172,0.4486156587649493,v1-backfill,0.0
2024-10-28,2024020141,2024,TBL,NSH,0.5196701500773837,0.5766369811383609,v1-backfill,1.0
2024-10-28,2024020142,2024,CBJ,EDM,0.3722448986020534,0.421156121381965,v1-backfill,1.0
2024-10-28,2024020143,2024,WPG,TOR,0.5015904667687091,0.5970710748504691,v1-backfill,0.0
2024-10-28,2024020144,2024,COL,CHI,0.681379780427456,0.7125814087221177,v1-backfill,0.0
2024-10-28,2024020145,2024,UTA,SJS,0.6981587608909947,0.6576535160725919,v1-backfill,0.0
2024-10-28,2024020146,2024,VAN,CAR,0.4407337171085697,0.5076230306203012,v1-backfill,0.0
2024-10-28,2024020147,2024,VGK,CGY,0.5601987289203684,0.5994278437194996,v1-backfill,1.0
2024-10-29,2024020148,2024,BOS,PHI,0.5216195276457337,0.6448129353920485,v1-backfill,0.0
2024-10-29,2024020149,2024,MTL,SEA,0.4238937326766235,0.5174055587770106,v1-backfill,0.0
2024-10-29,2024020150,2024,OTT,STL,0.573962169223865,0.5246821363580163,v1-backfill,1.0
2024-10-29,2024020151,2024,WSH,NYR,0.4056319598775479,0.457839938420018,v1-backfill,1.0
2024-10-29,2024020152,2024,NYI,ANA,0.6758568230181006,0.6322107685059322,v1-backfill,0.0
2024-10-29,2024020153,2024,PIT,MIN,0.5149241772988591,0.5093774756960361,v1-backfill,0.0
2024-10-29,2024020154,2024,SJS,LAK,0.2159109160019972,0.3789169087583811,v1-backfill,1.0
2024-10-30,2024020155,2024,CBJ,NYI,0.4797292121433836,0.5034180076281922,v1-backfill,1.0
2024-10-30,2024020156,2024,DET,WPG,0.3979584259815091,0.4664942969735254,v1-backfill,0.0
2024-10-30,2024020157,2024,COL,TBL,0.5598940160969387,0.559989929146169,v1-backfill,0.0
2024-10-30,2024020158,2024,UTA,CGY,0.4903514676513245,0.5061072451955324,v1-backfill,1.0
2024-10-30,2024020159,2024,VAN,NJD,0.5248697296803206,0.5995738500465664,v1-backfill,0.0
2024-10-30,2024020160,2024,LAK,VGK,0.4290553348425922,0.5109918874660404,v1-backfill,1.0
2024-10-31,2024020161,2024,TOR,SEA,0.6151750356573608,0.608070552784146,v1-backfill,1.0
2024-10-31,2024020162,2024,PHI,STL,0.5474645570494574,0.5028818815505578,v1-backfill,1.0
2024-10-31,2024020163,2024,PIT,ANA,0.6053727385950067,0.6105503362514083,v1-backfill,1.0
2024-10-31,2024020164,2024,WSH,MTL,0.6696146001440232,0.6237824545320255,v1-backfill,1.0
2024-10-31,2024020165,2024,CAR,BOS,0.6964709508124807,0.6045125992627958,v1-backfill,1.0
2024-10-31,2024020166,2024,NSH,EDM,0.5235952741042842,0.5055283587919773,v1-backfill,0.0
2024-10-31,2024020167,2024,SJS,CHI,0.4454835528509019,0.5133734358137896,v1-backfill,1.0
2024-11-01,2024020168,2024,DAL,FLA,0.5150558054202117,0.5331190314290997,v1-backfill,0.0
2024-11-01,2024020169,2024,BUF,NYI,0.4741698655437236,0.563490296650305,v1-backfill,0.0
2024-11-01,2024020170,2024,NYR,OTT,0.6217306200463835,0.6484676774343648,v1-backfill,1.0
2024-11-01,2024020171,2024,CBJ,WPG,0.4307282059668135,0.4148488968979728,v1-backfill,0.0
2024-11-01,2024020172,2024,MIN,TBL,0.5275030753155997,0.5296848116377774,v1-backfill,1.0
2024-11-01,2024020173,2024,CGY,NJD,0.5086161819197026,0.5381767028392006,v1-backfill,1.0
2024-11-02,2024020174,2024,FLA,DAL,0.498055788452988,0.5791741418116284,v1-backfill,1.0
2024-11-02,2024020175,2024,PHI,BOS,0.5428402943901269,0.4767997221471235,v1-backfill,0.0
2024-11-02,2024020176,2024,LAK,CHI,0.6707203698754701,0.6763080561486756,v1-backfill,0.0
2024-11-02,2024020177,2024,WSH,CBJ,0.6968283845242186,0.6252733683036789,v1-backfill,1.0
2024-11-02,2024020178,2024,OTT,SEA,0.5190179808037341,0.5591622004474448,v1-backfill,1.0
2024-11-02,2024020179,2024,DET,BUF,0.5198875029607685,0.5494036751224198,v1-backfill,1.0
2024-11-02,2024020180,2024,PIT,MTL,0.6394397762274635,0.5968857084691829,v1-backfill,1.0
2024-11-02,2024020181,2024,STL,TOR,0.4324733275121053,0.5040289485790398,v1-backfill,1.0
2024-11-02,2024020182,2024,NSH,COL,0.4880393435912136,0.5073837930111051,v1-backfill,1.0
2024-11-02,2024020183,2024,VGK,UTA,0.6277600800567064,0.6391686082466967,v1-backfill,1.0
2024-11-02,2024020184,2024,SJS,VAN,0.280834894520503,0.3760721112019935,v1-backfill,0.0
2024-11-03,2024020185,2024,NYR,NYI,0.6111873217184923,0.6557287081303447,v1-backfill,1.0
2024-11-03,2024020186,2024,WPG,TBL,0.604731099467161,0.5897953518096631,v1-backfill,1.0
2024-11-03,2024020187,2024,BOS,SEA,0.545757488637745,0.6183115012095141,v1-backfill,1.0
2024-11-03,2024020188,2024,CAR,WSH,0.7839592595082044,0.6276324523485688,v1-backfill,1.0
2024-11-03,2024020189,2024,MIN,TOR,0.5525826370044847,0.5455581877968498,v1-backfill,1.0
2024-11-03,2024020190,2024,CGY,EDM,0.4092691073035046,0.4851067590583603,v1-backfill,0.0
2024-11-03,2024020191,2024,ANA,CHI,0.6607625252263715,0.5682945873468227,v1-backfill,0.0
2024-11-04,2024020192,2024,NSH,LAK,0.5845428361001115,0.5439148413260516,v1-backfill,0.0
2024-11-04,2024020193,2024,EDM,NJD,0.5743162092561523,0.6174991655994124,v1-backfill,0.0
2024-11-05,2024020194,2024,BUF,OTT,0.4945912592790292,0.5406000968548719,v1-backfill,1.0
2024-11-05,2024020195,2024,TOR,BOS,0.6064631975558188,0.5398229472305974,v1-backfill,1.0
2024-11-05,2024020196,2024,MTL,CGY,0.3931388964926893,0.488081658701078,v1-backfill,0.0
2024-11-05,2024020197,2024,CAR,PHI,0.7707814834106438,0.6887279184544524,v1-backfill,1.0
2024-11-05,2024020198,2024,NYI,PIT,0.5571906739632895,0.5477150092070533,v1-backfill,1.0
2024-11-05,2024020199,2024,STL,TBL,0.4561056901499056,0.5150315888588627,v1-backfill,1.0
2024-11-05,2024020200,2024,MIN,LAK,0.6044523222416323,0.5661011032148735,v1-backfill,0.0
2024-11-05,2024020201,2024,WPG,UTA,0.6864774769019415,0.6778311723853466,v1-backfill,1.0
2024-11-05,2024020202,2024,COL,SEA,0.7189346300916554,0.6219726219580236,v1-backfill,1.0
2024-11-05,2024020203,2024,ANA,VAN,0.3628510204360708,0.4130497612591227,v1-backfill,0.0
2024-11-05,2024020204,2024,SJS,CBJ,0.4162747257926838,0.4731559397641263,v1-backfill,1.0
2024-11-06,2024020205,2024,WSH,NSH,0.4668302133331894,0.5633274653758158,v1-backfill,1.0
2024-11-06,2024020206,2024,CHI,DET,0.4409567664861217,0.4593606780510776,v1-backfill,0.0
2024-11-06,2024020207,2024,EDM,VGK,0.6054945390430834,0.5565957931374472,v1-backfill,0.0
2024-11-07,2024020208,2024,BOS,CGY,0.5193338596923354,0.59649942629663,v1-backfill,1.0
2024-11-07,2024020209,2024,OTT,NYI,0.5586407303977454,0.5502114448932041,v1-backfill,0.0
2024-11-07,2024020210,2024,TBL,PHI,0.6615933653118009,0.6280286429589004,v1-backfill,0.0
2024-11-07,2024020211,2024,FLA,NSH,0.6675823342338135,0.6619931160486331,v1-backfill,1.0
2024-11-07,2024020212,2024,NJD,MTL,0.6462200381023059,0.6278680772412878,v1-backfill,1.0
2024-11-07,2024020213,2024,NYR,BUF,0.6239091433479791,0.6587664842976979,v1-backfill,0.0
2024-11-07,2024020214,2024,CAR,PIT,0.7138643684000757,0.6714186149093775,v1-backfill,1.0
2024-11-07,2024020215,2024,STL,UTA,0.5564890099666654,0.6083153518390622,v1-backfill,0.0
2024-11-07,2024020216,2024,DAL,CHI,0.7932193746334019,0.717432452410723,v1-backfill,1.0
2024-11-07,2024020217,2024,WPG,COL,0.5379101974227343,0.5968595149979136,v1-backfill,1.0
2024-11-07,2024020218,2024,LAK,VAN,0.4554204222501695,0.5312721695506823,v1-backfill,0.0
2024-11-07,2024020219,2024,SJS,MIN,0.3362097427490275,0.3824763165228301,v1-backfill,0.0
2024-11-08,2024020220,2024,TOR,DET,0.6923727515323062,0.5942825289356132,v1-backfill,1.0
2024-11-08,2024020221,2024,WSH,PIT,0.5836166214680141,0.5940229774241764,v1-backfill,0.0
2024-11-08,2024020222,2024,ANA,MIN,0.4150385205932704,0.4150445020064259,v1-backfill,0.0
2024-11-08,2024020223,2024,SEA,VGK,0.4150968090330089,0.4544492659114602,v1-backfill,1.0
2024-11-09,2024020224,2024,BUF,CGY,0.5315955144107306,0.5538592047654436,v1-backfill,1.0
2024-11-09,2024020225,2024,FLA,PHI,0.6701057265092457,0.6997993256599094,v1-backfill,1.0
2024-11-09,2024020226,2024,BOS,OTT,0.5402919499350244,0.6133428294091747,v1-backfill,0.0
2024-11-09,2024020227,2024,TOR,MTL,0.6412699181291188,0.669933789550321,v1-backfill,1.0
2024-11-09,2024020228,2024,DET,NYR,0.2811455562953596,0.4489506719203106,v1-backfill,0.0
2024-11-09,2024020229,2024,STL,WSH,0.5691696570833905,0.5384720247511107,v1-backfill,0.0
2024-11-09,2024020230,2024,WPG,DAL,0.564751130528054,0.5678385058638373,v1-backfill,1.0
2024-11-09,2024020231,2024,NYI,NJD,0.5298770951498182,0.5340744474147326,v1-backfill,0.0
2024-11-09,2024020232,2024,NSH,UTA,0.6121957817794749,0.586583965030061,v1-backfill,1.0
2024-11-09,2024020233,2024,COL,CAR,0.4689510903660898,0.4786065717979106,v1-backfill,1.0
2024-11-09,2024020234,2024,LAK,CBJ,0.6907526048529344,0.6388100369109039,v1-backfill,1.0
2024-11-09,2024020235,2024,VAN,EDM,0.4681661443172458,0.5516005136248185,v1-backfill,0.0
2024-11-10,2024020236,2024,NJD,SJS,0.6217335325021904,0.6945944200118621,v1-backfill,0.0
2024-11-10,2024020237,2024,CHI,MIN,0.3314774866383715,0.4016758208917944,v1-backfill,1.0
2024-11-10,2024020238,2024,ANA,CBJ,0.4381734300309386,0.5193706901738311,v1-backfill,1.0
2024-11-11,2024020239,2024,BUF,MTL,0.6643671450046265,0.6296263722658542,v1-backfill,0.0
2024-11-11,2024020240,2024,PHI,SJS,0.7549854549096738,0.6376965509219367,v1-backfill,1.0
2024-11-11,2024020241,2024,PIT,DAL,0.4263995713403391,0.4590794382927063,v1-backfill,0.0
2024-11-11,2024020242,2024,CGY,LAK,0.4597337399345073,0.5102491744260191,v1-backfill,1.0
2024-11-11,2024020243,2024,COL,NSH,0.554839310994925,0.5969043474894725,v1-backfill,1.0
2024-11-11,2024020244,2024,VGK,CAR,0.3618016047883536,0.498069695907515,v1-backfill,0.0
2024-11-12,2024020245,2024,TOR,OTT,0.6129473042960556,0.6137322829541338,v1-backfill,0.0
2024-11-12,2024020246,2024,FLA,NJD,0.6027435363684318,0.6622561390015667,v1-backfill,0.0
2024-11-12,2024020247,2024,NYR,WPG,0.4988304659857806,0.54532405019749,v1-backfill,0.0
2024-11-12,2024020248,2024,STL,BOS,0.4745149720495037,0.5080189378832098,v1-backfill,0.0
2024-11-12,2024020249,2024,EDM,NYI,0.6246143058471841,0.6193733102094043,v1-backfill,1.0
2024-11-12,2024020250,2024,VAN,CGY,0.6379592202709511,0.6040852781564701,v1-backfill,1.0
2024-11-12,2024020251,2024,SEA,CBJ,0.5781472213544029,0.5956197435879638,v1-backfill,1.0
2024-11-13,2024020252,2024,PIT,DET,0.5879824409055344,0.5426120647429591,v1-backfill,0.0
2024-11-13,2024020253,2024,WSH,TOR,0.5180370707311598,0.5289760375451734,v1-backfill,0.0
2024-11-13,2024020254,2024,UTA,CAR,0.2596337227213423,0.3921914459906568,v1-backfill,1.0
2024-11-13,2024020255,2024,COL,LAK,0.5623017586427435,0.5787873995003594,v1-backfill,1.0
2024-11-13,2024020256,2024,ANA,VGK,0.3388603218590042,0.403703521057185,v1-backfill,0.0
2024-11-14,2024020257,2024,BUF,STL,0.5101706839472608,0.5495340604234079,v1-backfill,1.0
2024-11-14,2024020258,2024,OTT,PHI,0.6743427496498344,0.5815990471964934,v1-backfill,0.0
2024-11-14,2024020259,2024,TBL,WPG,0.4949456344652707,0.4702990670585111,v1-backfill,1.0
2024-11-14,2024020260,2024,FLA,NJD,0.6595666369351368,0.648480911527002,v1-backfill,0.0
2024-11-14,2024020261,2024,NYR,SJS,0.7859770860023523,0.7538128411672808,v1-backfill,1.0
2024-11-14,2024020262,2024,DAL,BOS,0.5914604541578162,0.5849184161026463,v1-backfill,1.0
2024-11-14,2024020263,2024,MIN,MTL,0.6964673287856917,0.6583941913196761,v1-backfill,1.0
2024-11-14,2024020264,2024,EDM,NSH,0.6416739887516132,0.61427911727035,v1-backfill,1.0
2024-11-14,2024020265,2024,VAN,NYI,0.6050841964520378,0.6159163168481337,v1-backfill,0.0
2024-11-14,2024020266,2024,SEA,CHI,0.6465687659581852,0.6237539492421794,v1-backfill,1.0
2024-11-15,2024020267,2024,CBJ,PIT,0.4662773666952466,0.4923842958398392,v1-backfill,1.0
2024-11-15,2024020268,2024,COL,WSH,0.6335115993384781,0.5877417214191579,v1-backfill,0.0
2024-11-15,2024020269,2024,CGY,NSH,0.5290184883497334,0.5451481389472534,v1-backfill,1.0
2024-11-15,2024020270,2024,UTA,VGK,0.3967780790829044,0.4566989656246971,v1-backfill,0.0
2024-11-15,2024020271,2024,ANA,DET,0.3596766943303072,0.4561831842385173,v1-backfill,1.0
2024-11-16,2024020272,2024,BOS,STL,0.5346143615459292,0.6018238395023092,v1-backfill,0.0
2024-11-16,2024020273,2024,SEA,NYI,0.5145747909956816,0.5349742665465348,v1-backfill,1.0
2024-11-16,2024020274,2024,TOR,EDM,0.4888049842949705,0.531971497981041,v1-backfill,1.0
2024-11-16,2024020275,2024,MTL,CBJ,0.5282195645189096,0.5468781725650257,v1-backfill,1.0
2024-11-16,2024020276,2024,TBL,NJD,0.5508211457143596,0.5657802958209195,v1-backfill,1.0
2024-11-16,2024020277,2024,FLA,WPG,0.5547272150651704,0.5542430725741395,v1-backfill,1.0
2024-11-16,2024020278,2024,PHI,BUF,0.4916395717257636,0.5202930815377026,v1-backfill,1.0
2024-11-16,2024020279,2024,PIT,SJS,0.6216277912566202,0.6539128197279291,v1-backfill,1.0
2024-11-16,2024020280,2024,CAR,OTT,0.5919725798885673,0.6631920146042038,v1-backfill,1.0
2024-11-16,2024020281,2024,MIN,DAL,0.4807872320291654,0.5053043892300021,v1-backfill,0.0
2024-11-16,2024020282,2024,LAK,DET,0.6464862578409537,0.5817058621278571,v1-backfill,1.0
2024-11-16,2024020283,2024,VAN,CHI,0.6797972069093885,0.6932936691805168,v1-backfill,1.0
2024-11-17,2024020284,2024,CAR,STL,0.7378579614148415,0.6615311301459921,v1-backfill,1.0
2024-11-17,2024020285,2024,VAN,NSH,0.4586573396933838,0.609520777732361,v1-backfill,0.0
2024-11-17,2024020286,2024,VGK,WSH,0.5571499977638004,0.584615045032744,v1-backfill,0.0
2024-11-17,2024020287,2024,SEA,NYR,0.295331223008047,0.4376328462290167,v1-backfill,0.0
2024-11-18,2024020288,2024,BOS,CBJ,0.6067822295565981,0.6628835920844617,v1-backfill,0.0
2024-11-18,2024020289,2024,PHI,COL,0.3752317289574742,0.4714873197570106,v1-backfill,0.0
2024-11-18,2024020290,2024,MTL,EDM,0.3206811855650298,0.4137900324378117,v1-backfill,1.0
2024-11-18,2024020291,2024,DAL,ANA,0.7360276419395018,0.7222630529013577,v1-backfill,0.0
2024-11-18,2024020292,2024,UTA,WSH,0.5483313049852288,0.4744339534016122,v1-backfill,0.0
2024-11-18,2024020293,2024,SJS,DET,0.3821170246655538,0.4282109579414302,v1-backfill,1.0
2024-11-19,2024020294,2024,OTT,EDM,0.5261837666438609,0.4784652704809355,v1-backfill,0.0
2024-11-19,2024020295,2024,PIT,TBL,0.431132955178218,0.4811712267973487,v1-backfill,0.0
2024-11-19,2024020296,2024,STL,MIN,0.4244914658827267,0.5043678954522514,v1-backfill,0.0
2024-11-19,2024020297,2024,WPG,FLA,0.4661555747428076,0.5359546112669187,v1-backfill,1.0
2024-11-19,2024020298,2024,CHI,ANA,0.5874468618012033,0.5275607215911172,v1-backfill,0.0
2024-11-19,2024020299,2024,CGY,NYI,0.5427487008303574,0.5569377388808698,v1-backfill,1.0
2024-11-19,2024020300,2024,VAN,NYR,0.4088155967474315,0.4922776265727475,v1-backfill,0.0
2024-11-20,2024020301,2024,TOR,VGK,0.4907582925075144,0.5487680479947664,v1-backfill,1.0
2024-11-20,2024020302,2024,PHI,CAR,0.2840029919467136,0.402349233812049,v1-backfill,0.0
2024-11-20,2024020303,2024,DAL,SJS,0.7907916815219921,0.7477801549095878,v1-backfill,1.0
2024-11-20,2024020304,2024,SEA,NSH,0.487560257372799,0.5321976807145442,v1-backfill,1.0
2024-11-20,2024020305,2024,LAK,BUF,0.5566186708155407,0.5823100389277615,v1-backfill,0.0
2024-11-21,2024020306,2024,BOS,UTA,0.5527736034439364,0.6264668826555699,v1-backfill,1.0
2024-11-21,2024020307,2024,OTT,VGK,0.5797292129390917,0.4807635903189025,v1-backfill,0.0
2024-11-21,2024020308,2024,DET,NYI,0.4042124237729924,0.5424676319374863,v1-backfill,1.0
2024-11-21,2024020309,2024,NJD,CAR,0.4486113156670067,0.4471175881423349,v1-backfill,1.0
2024-11-21,2024020310,2024,WSH,COL,0.4242949649026167,0.5323313397160032,v1-backfill,0.0
2024-11-21,2024020311,2024,CBJ,TBL,0.4696247395169707,0.431055329584503,v1-backfill,1.0
2024-11-21,2024020312,2024,STL,SJS,0.763604054846115,0.6676677050810238,v1-backfill,1.0
2024-11-21,2024020313,2024,CHI,FLA,0.2944783745756166,0.3320369479937047,v1-backfill,1.0
2024-11-21,2024020314,2024,CGY,NYR,0.4612038399523851,0.4418816005906308,v1-backfill,1.0
2024-11-21,2024020315,2024,EDM,MIN,0.6019978043551565,0.5698126607180012,v1-backfill,0.0
2024-11-22,2024020316,2024,PIT,WPG,0.3782538326449211,0.4149983285414374,v1-backfill,0.0
2024-11-22,2024020317,2024,ANA,BUF,0.2959110113165872,0.4721114447781778,v1-backfill,0.0
2024-11-23,2024020318,2024,PHI,CHI,0.5917520400074151,0.6178514441927487,v1-backfill,1.0
2024-11-23,2024020319,2024,CGY,MIN,0.4606878896650892,0.506676846676014,v1-backfill,1.0
2024-11-23,2024020320,2024,LAK,SEA,0.5707763039682551,0.582142487986418,v1-backfill,1.0
2024-11-23,2024020321,2024,FLA,COL,0.535736599140041,0.5888794219168133,v1-backfill,0.0
2024-11-23,2024020322,2024,MTL,VGK,0.3533569957289485,0.4291733492415719,v1-backfill,0.0
2024-11-23,2024020323,2024,OTT,VAN,0.5519644756428795,0.4860391505471094,v1-backfill,0.0
2024-11-23,2024020324,2024,DET,BOS,0.4818684778014723,0.4983665451593795,v1-backfill,0.0
2024-11-23,2024020325,2024,TBL,DAL,0.4532721329976416,0.5043035585337277,v1-backfill,0.0
2024-11-23,2024020326,2024,PIT,UTA,0.4707457482437699,0.5677586690779247,v1-backfill,0.0
2024-11-23,2024020327,2024,WSH,NJD,0.4971346575949627,0.5589040084565925,v1-backfill,0.0
2024-11-23,2024020328,2024,CBJ,CAR,0.3063294945341155,0.3707824353912312,v1-backfill,1.0
2024-11-23,2024020329,2024,NSH,WPG,0.5306576314134179,0.4319022436349392,v1-backfill,1.0
2024-11-23,2024020330,2024,NYI,STL,0.5417702374771514,0.5424203232885391,v1-backfill,1.0
2024-11-23,2024020331,2024,SJS,BUF,0.4217573237962229,0.4082683960801107,v1-backfill,0.0
2024-11-23,2024020332,2024,EDM,NYR,0.576441531013345,0.5049427510412812,v1-backfill,1.0
2024-11-24,2024020333,2024,TOR,UTA,0.7061090369313968,0.6501354672739905,v1-backfill,1.0
2024-11-25,2024020334,2024,TBL,COL,0.4864099102806821,0.517436932937387,v1-backfill,1.0
2024-11-25,2024020335,2024,FLA,WSH,0.6156214213941664,0.6175008802979624,v1-backfill,0.0
2024-11-25,2024020336,2024,NJD,NSH,0.5394321323605648,0.5811077728659267,v1-backfill,1.0
2024-11-25,2024020337,2024,NYR,STL,0.6423376753928486,0.6580394929616438,v1-backfill,0.0
2024-11-25,2024020338,2024,PHI,VGK,0.4156294862995046,0.4557306711275348,v1-backfill,0.0
2024-11-25,2024020339,2024,CAR,DAL,0.5155145669576635,0.5650549185268237,v1-backfill,1.0
2024-11-25,2024020340,2024,OTT,CGY,0.495708472110607,0.5093615926511428,v1-backfill,1.0
2024-11-25,2024020341,2024,NYI,DET,0.5862114711358071,0.5583712005871343,v1-backfill,0.0
2024-11-25,2024020342,2024,MIN,WPG,0.4822823203884935,0.4914742154431837,v1-backfill,0.0
2024-11-25,2024020343,2024,ANA,SEA,0.4014263451805518,0.4863278481532803,v1-backfill,0.0
2024-11-25,2024020344,2024,SJS,LAK,0.273236844226332,0.3843539226402885,v1-backfill,1.0
2024-11-26,2024020345,2024,BOS,VAN,0.5080546044701395,0.5465645954511531,v1-backfill,0.0
2024-11-26,2024020346,2024,MTL,UTA,0.483282461314664,0.5288786731744443,v1-backfill,0.0
2024-11-27,2024020347,2024,BUF,MIN,0.4441597661207243,0.516950279296283,v1-backfill,0.0
2024-11-27,2024020348,2024,NJD,STL,0.6154728744493615,0.5938250375622883,v1-backfill,0.0
2024-11-27,2024020349,2024,CAR,NYR,0.5756400077057428,0.5756422837861354,v1-backfill,1.0
2024-11-27,2024020350,2024,DET,CGY,0.4837420758731935,0.5297825982647646,v1-backfill,1.0
2024-11-27,2024020351,2024,TBL,WSH,0.6014193301247976,0.5590774938492883,v1-backfill,0.0
2024-11-27,2024020352,2024,FLA,TOR,0.5616842234791956,0.5755607157992428,v1-backfill,1.0
2024-11-27,2024020353,2024,NYI,BOS,0.586953882466279,0.4950249788727816,v1-backfill,0.0
2024-11-27,2024020354,2024,PIT,VAN,0.5457257338984185,0.4585334699554097,v1-backfill,1.0
2024-11-27,2024020355,2024,CBJ,MTL,0.6764002161193672,0.5626986371424018,v1-backfill,0.0
2024-11-27,2024020356,2024,NSH,PHI,0.5980268064545146,0.5818398957631521,v1-backfill,0.0
2024-11-27,2024020357,2024,CHI,DAL,0.2881690930832825,0.3547959857703509,v1-backfill,1.0
2024-11-27,2024020358,2024,COL,VGK,0.5237043911801618,0.5504437546314431,v1-backfill,1.0
2024-11-27,2024020359,2024,LAK,WPG,0.4611919698073573,0.4553700075259972,v1-backfill,1.0
2024-11-27,2024020360,2024,SEA,ANA,0.7063503598132107,0.6230342327743525,v1-backfill,0.0
2024-11-27,2024020361,2024,SJS,OTT,0.3088695129001097,0.4372648975887652,v1-backfill,0.0
2024-11-29,2024020362,2024,PHI,NYR,0.404876938382929,0.4334794629697845,v1-backfill,1.0
2024-11-29,2024020363,2024,MIN,CHI,0.6657798446138441,0.689472767193148,v1-backfill,1.0
2024-11-29,2024020364,2024,BUF,VAN,0.542539966384684,0.50650954412461,v1-backfill,0.0
2024-11-29,2024020365,2024,DET,NJD,0.4294749882174656,0.5096855405103276,v1-backfill,0.0
2024-11-29,2024020366,2024,WSH,NYI,0.5774023648106039,0.6145577227717495,v1-backfill,1.0
2024-11-29,2024020367,2024,CAR,FLA,0.5417703992096286,0.5757998850296387,v1-backfill,0.0
2024-11-29,2024020368,2024,CBJ,CGY,0.4506494084361886,0.4823369390354986,v1-backfill,1.0
2024-11-29,2024020369,2024,NSH,TBL,0.5602693188849637,0.5037968040662534,v1-backfill,0.0
2024-11-29,2024020370,2024,ANA,LAK,0.337556482447557,0.4467722207540482,v1-backfill,0.0
2024-11-29,2024020371,2024,SJS,SEA,0.3817591913867615,0.4284902703091073,v1-backfill,1.0
2024-11-29,2024020372,2024,BOS,PIT,0.584349667115689,0.622939715280447,v1-backfill,0.0
2024-11-29,2024020373,2024,DAL,COL,0.531542021148461,0.5642610820081571,v1-backfill,1.0
2024-11-29,2024020374,2024,VGK,WPG,0.568202040549574,0.5066097268309794,v1-backfill,1.0
2024-11-29,2024020375,2024,UTA,EDM,0.3862350490050875,0.4428011746549742,v1-backfill,0.0
2024-11-30,2024020376,2024,NYR,MTL,0.583176504056859,0.6888434556112912,v1-backfill,1.0
2024-11-30,2024020377,2024,FLA,CAR,0.4617943497725492,0.5375369040709307,v1-backfill,1.0
2024-11-30,2024020378,2024,TBL,TOR,0.4088343444312667,0.5324430228782245,v1-backfill,0.0
2024-11-30,2024020379,2024,NJD,WSH,0.538626968846937,0.5415344272015888,v1-backfill,0.0
2024-11-30,2024020380,2024,PIT,CGY,0.4609784127568445,0.5280235246425551,v1-backfill,1.0
2024-11-30,2024020381,2024,STL,PHI,0.6121698496784086,0.574182220105175,v1-backfill,0.0
2024-11-30,2024020382,2024,LAK,OTT,0.484082047229385,0.5960734125588658,v1-backfill,1.0
2024-11-30,2024020383,2024,NYI,BUF,0.5033646148023655,0.5241213330258438,v1-backfill,1.0
2024-11-30,2024020384,2024,MIN,NSH,0.5694127484568055,0.6127534935428293,v1-backfill,1.0
2024-11-30,2024020385,2024,COL,EDM,0.4661932307583861,0.5472029982878683,v1-backfill,0.0
2024-11-30,2024020386,2024,VGK,UTA,0.6269216899611595,0.659713619453845,v1-backfill,0.0
2024-11-30,2024020387,2024,SEA,SJS,0.657455052485641,0.6543753770450864,v1-backfill,0.0
2024-12-01,2024020388,2024,DET,VAN,0.3863850021359245,0.4834374984097036,v1-backfill,0.0
2024-12-01,2024020389,2024,BOS,MTL,0.7438186140066131,0.6530380061645119,v1-backfill,1.0
2024-12-01,2024020390,2024,CHI,CBJ,0.4275295808141459,0.50530043743039,v1-backfill,0.0
2024-12-01,2024020391,2024,DAL,WPG,0.5454116934910781,0.5389702021485862,v1-backfill,1.0
2024-12-01,2024020392,2024,ANA,OTT,0.4104055431118457,0.4878488515195991,v1-backfill,1.0
2024-12-02,2024020393,2024,NYR,NJD,0.5530575448805192,0.6018425901511582,v1-backfill,0.0
2024-12-02,2024020394,2024,TOR,CHI,0.8071552192727878,0.7123678842668447,v1-backfill,1.0
2024-12-02,2024020395,2024,UTA,DAL,0.4610441035741318,0.4172116617486915,v1-backfill,0.0
2024-12-03,2024020396,2024,BOS,DET,0.6228386375697091,0.6078988989761787,v1-backfill,1.0
2024-12-03,2024020397,2024,BUF,COL,0.4529792194002267,0.4850894429509118,v1-backfill,0.0
2024-12-03,2024020398,2024,MTL,NYI,0.4214738820301449,0.4958369146891961,v1-backfill,1.0
2024-12-03,2024020399,2024,PIT,FLA,0.3762208106393788,0.4233706158795772,v1-backfill,1.0
2024-12-03,2024020400,2024,WSH,SJS,0.7098015700413396,0.7143873318943813,v1-backfill,0.0
2024-12-03,2024020401,2024,CAR,SEA,0.6790427299786692,0.6842801293697095,v1-backfill,0.0
2024-12-03,2024020402,2024,MIN,VAN,0.5657264733977602,0.5503718302169865,v1-backfill,1.0
2024-12-03,2024020403,2024,WPG,STL,0.6591233389909632,0.6462675067265247,v1-backfill,0.0
2024-12-03,2024020404,2024,CGY,CBJ,0.5065515875748557,0.5941022717119602,v1-backfill,1.0
2024-12-03,2024020405,2024,VGK,EDM,0.4899273409466211,0.5365874325187538,v1-backfill,1.0
2024-12-04,2024020406,2024,TOR,NSH,0.6254679665480423,0.6322814036586936,v1-backfill,1.0
2024-12-04,2024020407,2024,CHI,BOS,0.4156432399696071,0.3959569902312048,v1-backfill,0.0
2024-12-04,2024020408,2024,ANA,VGK,0.3709403380614287,0.4045019067705347,v1-backfill,0.0
2024-12-04,2024020409,2024,LAK,DAL,0.4689719091441808,0.4844793830553092,v1-backfill,1.0
2024-12-05,2024020410,2024,BUF,WPG,0.4522105653235509,0.4505088244523707,v1-backfill,0.0
2024-12-05,2024020411,2024,MTL,NSH,0.5394013465945257,0.4978877534662649,v1-backfill,1.0
2024-12-05,2024020412,2024,OTT,DET,0.6233276478272323,0.5464675747092456,v1-backfill,1.0
2024-12-05,2024020413,2024,TBL,SJS,0.6952223147509454,0.6968972688425361,v1-backfill,1.0
2024-12-05,2024020414,2024,PHI,FLA,0.3541958865705464,0.4278238730262535,v1-backfill,0.0
2024-12-05,2024020415,2024,CAR,COL,0.5809184405319392,0.587009577738342,v1-backfill,1.0
2024-12-05,2024020416,2024,NYI,SEA,0.5159238461421173,0.5497185305927835,v1-backfill,0.0
2024-12-05,2024020417,2024,CGY,STL,0.5488035929069175,0.5439195729719565,v1-backfill,0.0
2024-12-05,2024020418,2024,EDM,CBJ,0.6753125300432996,0.6703778144665778,v1-backfill,1.0
2024-12-06,2024020419,2024,TOR,WSH,0.6114152253522912,0.5778743168944014,v1-backfill,0.0
2024-12-06,2024020420,2024,NJD,SEA,0.6913916646831941,0.6049810620373508,v1-backfill,1.0
2024-12-06,2024020421,2024,NYR,PIT,0.6352708143221674,0.6382061228869741,v1-backfill,1.0
2024-12-06,2024020422,2024,VAN,CBJ,0.6557439127431286,0.6578835252379217,v1-backfill,1.0
2024-12-06,2024020423,2024,VGK,DAL,0.4928085468293696,0.5274837822903357,v1-backfill,1.0
2024-12-06,2024020424,2024,ANA,MIN,0.2995802372500066,0.4070822410195016,v1-backfill,0.0
2024-12-07,2024020425,2024,BOS,PHI,0.5869688040764376,0.6200736473838133,v1-backfill,1.0
2024-12-07,2024020426,2024,BUF,UTA,0.6022295143402944,0.5780653815050938,v1-backfill,0.0
2024-12-07,2024020427,2024,CHI,WPG,0.2529103928340582,0.3460327815981581,v1-backfill,0.0
2024-12-07,2024020428,2024,NYI,CAR,0.3351574027913183,0.4124582798256027,v1-backfill,1.0
2024-12-07,2024020429,2024,FLA,SJS,0.770468242023032,0.7565183783330072,v1-backfill,1.0
2024-12-07,2024020430,2024,MTL,WSH,0.4448931044270924,0.431981940051509,v1-backfill,0.0
2024-12-07,2024020431,2024,OTT,NSH,0.5915561462089901,0.5541585624680312,v1-backfill,1.0
2024-12-07,2024020432,2024,DET,COL,0.3257201805483481,0.4626116282505097,v1-backfill,0.0
2024-12-07,2024020433,2024,PIT,TOR,0.4016414271180674,0.4637868039389586,v1-backfill,1.0
2024-12-07,2024020434,2024,LAK,MIN,0.5836891471733183,0.5264800429937114,v1-backfill,1.0
2024-12-07,2024020435,2024,EDM,STL,0.6785330907178629,0.6142796191680476,v1-backfill,1.0
2024-12-08,2024020436,2024,NYR,SEA,0.6570123175095146,0.6496170923607295,v1-backfill,0.0
2024-12-08,2024020437,2024,VAN,TBL,0.4977623608947967,0.5655555048843542,v1-backfill,0.0
2024-12-08,2024020438,2024,OTT,NYI,0.5175632905807036,0.5590864305435967,v1-backfill,0.0
2024-12-08,2024020439,2024,WPG,CBJ,0.5076673052236012,0.6998837827745474,v1-backfill,0.0
2024-12-08,2024020440,2024,NJD,COL,0.53832543124206,0.5271269103165507,v1-backfill,0.0
2024-12-08,2024020441,2024,PHI,UTA,0.5153336917605523,0.5594685330360867,v1-backfill,0.0
2024-12-08,2024020442,2024,DAL,CGY,0.6288662572730301,0.6426041837118718,v1-backfill,1.0
2024-12-09,2024020443,2024,BUF,DET,0.6216529656873325,0.5612287678751613,v1-backfill,0.0
2024-12-09,2024020444,2024,NYR,CHI,0.6931115091892974,0.7272728397804795,v1-backfill,0.0
2024-12-09,2024020445,2024,MTL,ANA,0.5668886672885884,0.5688655045343581,v1-backfill,1.0
2024-12-10,2024020446,2024,NJD,TOR,0.5338908641114193,0.5249876660764238,v1-backfill,0.0
2024-12-10,2024020447,2024,PIT,COL,0.4094915226142374,0.4661295287947563,v1-backfill,0.0
2024-12-10,2024020448,2024,CAR,SJS,0.8401172615697061,0.752629319011638,v1-backfill,1.0
2024-12-10,2024020449,2024,CBJ,PHI,0.5367289645659847,0.5270948144541049,v1-backfill,0.0
2024-12-10,2024020450,2024,NYI,LAK,0.4482288004949732,0.4864401885772255,v1-backfill,0.0
2024-12-10,2024020451,2024,NSH,CGY,0.5057489107565611,0.5319667102975691,v1-backfill,0.0
2024-12-10,2024020452,2024,WPG,BOS,0.5907507143831047,0.5867747790311224,v1-backfill,1.0
2024-12-10,2024020453,2024,EDM,TBL,0.584779133109773,0.5808054004921727,v1-backfill,1.0
2024-12-10,2024020454,2024,UTA,MIN,0.3884501483953743,0.4615550212579647,v1-backfill,0.0
2024-12-10,2024020455,2024,VAN,STL,0.5862193649121668,0.5954239241626865,v1-backfill,0.0
2024-12-10,2024020456,2024,SEA,FLA,0.3378306458791462,0.4241200793400235,v1-backfill,0.0
2024-12-11,2024020457,2024,BUF,NYR,0.4691192002157276,0.459017308172973,v1-backfill,0.0
2024-12-11,2024020458,2024,OTT,ANA,0.716068430011837,0.6190435904709122,v1-backfill,1.0
2024-12-12,2024020459,2024,TOR,ANA,0.7754977232912665,0.7016961512336032,v1-backfill,1.0
2024-12-12,2024020460,2024,MTL,PIT,0.4610919900144119,0.5010594657753544,v1-backfill,0.0
2024-12-12,2024020461,2024,NJD,LAK,0.5472260546086906,0.531183315267941,v1-backfill,1.0
2024-12-12,2024020462,2024,PHI,DET,0.5827730840983414,0.5508184927398807,v1-backfill,1.0
2024-12-12,2024020463,2024,CBJ,WSH,0.4830317423692724,0.4297369374610349,v1-backfill,0.0
2024-12-12,2024020464,2024,NYI,CHI,0.6920053965665753,0.635849291116144,v1-backfill,1.0
2024-12-12,2024020465,2024,STL,SJS,0.6902757620685178,0.6799503000538015,v1-backfill,0.0
2024-12-12,2024020466,2024,DAL,NSH,0.6800289800536519,0.6720640012098963,v1-backfill,0.0
2024-12-12,2024020467,2024,MIN,EDM,0.4910448912978271,0.5298485247619498,v1-backfill,0.0
2024-12-12,2024020468,2024,WPG,VGK,0.5670563591793701,0.5661069364604296,v1-backfill,0.0
2024-12-12,2024020469,2024,COL,UTA,0.6482420565925661,0.6560393462120697,v1-backfill,0.0
2024-12-12,2024020470,2024,CGY,TBL,0.4487232072059836,0.5028470317879591,v1-backfill,0.0
2024-12-12,2024020471,2024,VAN,FLA,0.4000992475519851,0.4801140310353116,v1-backfill,1.0
2024-12-12,2024020472,2024,SEA,BOS,0.4401983911441409,0.4854219777856864,v1-backfill,1.0
2024-12-13,2024020473,2024,CAR,OTT,0.649889622966415,0.6651357686093364,v1-backfill,0.0
2024-12-14,2024020474,2024,NJD,CHI,0.7851055932040854,0.6941735095125049,v1-backfill,1.0
2024-12-14,2024020475,2024,NYR,LAK,0.5210395656365161,0.5744730128483344,v1-backfill,0.0
2024-12-14,2024020476,2024,MIN,PHI,0.5745289313923668,0.626341938863654,v1-backfill,1.0
2024-12-14,2024020477,2024,EDM,VGK,0.5448609657923744,0.5576596486123605,v1-backfill,1.0
2024-12-14,2024020478,2024,OTT,PIT,0.5094105326846464,0.5522604541399535,v1-backfill,1.0
2024-12-14,2024020479,2024,DET,TOR,0.3601501617438122,0.4476917993134647,v1-backfill,1.0
2024-12-14,2024020480,2024,WSH,BUF,0.6096953069627463,0.6395340190926337,v1-backfill,1.0
2024-12-14,2024020481,2024,CBJ,ANA,0.6615924880232382,0.5839918075367735,v1-backfill,0.0
2024-12-14,2024020482,2024,WPG,MTL,0.7113812226071018,0.6999679950844349,v1-backfill,1.0
2024-12-14,2024020483,2024,DAL,STL,0.6716441157229018,0.6321994310441148,v1-backfill,1.0
2024-12-14,2024020484,2024,COL,NSH,0.6504681266390812,0.6440546743168385,v1-backfill,1.0
2024-12-14,2024020485,2024,CGY,FLA,0.393550956423558,0.4306562869528351,v1-backfill,1.0
2024-12-14,2024020486,2024,VAN,BOS,0.5175232908759333,0.5604407306481254,v1-backfill,0.0
2024-12-14,2024020487,2024,SJS,UTA,0.342987915908208,0.4546921161544795,v1-backfill,0.0
2024-12-14,2024020488,2024,SEA,TBL,0.4448806904671692,0.4896666211959497,v1-backfill,0.0
2024-12-15,2024020489,2024,CHI,NYI,0.2774024968451003,0.4496550047357414,v1-backfill,1.0
2024-12-15,2024020490,2024,TOR,BUF,0.5382458035003388,0.6447592751335635,v1-backfill,1.0
2024-12-15,2024020491,2024,CAR,CBJ,0.7672697746525857,0.704661328270673,v1-backfill,1.0
2024-12-15,2024020492,2024,STL,NYR,0.3766682165831589,0.483622611692052,v1-backfill,1.0
2024-12-15,2024020493,2024,MIN,VGK,0.4421273084996332,0.534571378461078,v1-backfill,0.0
2024-12-16,2024020494,2024,DAL,WSH,0.611578578322478,0.572363044232258,v1-backfill,1.0
2024-12-16,2024020495,2024,EDM,FLA,0.5047216797538965,0.5419696732142132,v1-backfill,0.0
2024-12-16,2024020496,2024,VAN,COL,0.4136051868764268,0.5208729137713357,v1-backfill,1.0
2024-12-17,2024020497,2024,MTL,BUF,0.4424809104608623,0.5136022763138492,v1-backfill,1.0
2024-12-17,2024020498,2024,TBL,CBJ,0.6270036709146812,0.6712606179056441,v1-backfill,1.0
2024-12-17,2024020499,2024,PIT,LAK,0.4251611874062644,0.4821013194282974,v1-backfill,1.0
2024-12-17,2024020500,2024,CAR,NYI,0.723838528141633,0.6686844722476953,v1-backfill,1.0
2024-12-17,2024020501,2024,STL,NJD,0.403159062213011,0.5124368214312516,v1-backfill,0.0
2024-12-17,2024020502,2024,NSH,NYR,0.4412770183103927,0.4600205237428348,v1-backfill,1.0
2024-12-17,2024020503,2024,CHI,WSH,0.3448360331996275,0.377949427928455,v1-backfill,1.0
2024-12-17,2024020504,2024,CGY,BOS,0.5070196845025459,0.4989723746491212,v1-backfill,0.0
2024-12-17,2024020505,2024,SEA,OTT,0.4396352246373379,0.5382631764340298,v1-backfill,0.0
2024-12-17,2024020506,2024,SJS,WPG,0.239185196733429,0.3372104659472988,v1-backfill,0.0
2024-12-18,2024020507,2024,DET,PHI,0.4727386096093883,0.5498947076879256,v1-backfill,1.0
2024-12-18,2024020508,2024,DAL,TOR,0.5883057329080662,0.5757361302301204,v1-backfill,0.0
2024-12-18,2024020509,2024,MIN,FLA,0.3839522165743634,0.4961986606161948,v1-backfill,0.0
2024-12-18,2024020510,2024,UTA,VAN,0.4748199376517075,0.4795367325227256,v1-backfill,1.0
2024-12-18,2024020511,2024,ANA,WPG,0.3738655755409368,0.3620531475540903,v1-backfill,1.0
2024-12-19,2024020512,2024,TBL,STL,0.6378932608922376,0.6086388748824206,v1-backfill,1.0
2024-12-19,2024020513,2024,PHI,LAK,0.3851198512074145,0.4700886956768087,v1-backfill,0.0
2024-12-19,2024020514,2024,CBJ,NJD,0.4154744002141185,0.4255537094613068,v1-backfill,1.0
2024-12-19,2024020515,2024,NSH,PIT,0.5513539762431028,0.5356819820858059,v1-backfill,0.0
2024-12-19,2024020516,2024,CHI,SEA,0.3813747135229862,0.4680717698938312,v1-backfill,1.0
2024-12-19,2024020517,2024,CGY,OTT,0.4427181562280574,0.5418177316659452,v1-backfill,0.0
2024-12-19,2024020518,2024,EDM,BOS,0.6099244942826644,0.5865826772830832,v1-backfill,1.0
2024-12-19,2024020519,2024,VGK,VAN,0.6455376299974601,0.5864818760089491,v1-backfill,1.0
2024-12-19,2024020520,2024,SJS,COL,0.2395976670749186,0.355186159482007,v1-backfill,0.0
2024-12-20,2024020521,2024,BUF,TOR,0.4215267197132332,0.431738668453191,v1-backfill,0.0
2024-12-20,2024020522,2024,DET,MTL,0.5668339068605248,0.5980184076851635,v1-backfill,0.0
2024-12-20,2024020523,2024,FLA,STL,0.7605293196314303,0.6654699478959936,v1-backfill,1.0
2024-12-20,2024020524,2024,WSH,CAR,0.3776359525648757,0.5009230140357115,v1-backfill,1.0
2024-12-20,2024020525,2024,DAL,NYR,0.6039341995177159,0.5842378026091576,v1-backfill,0.0
2024-12-20,2024020526,2024,MIN,UTA,0.5503626234055589,0.6140109145833006,v1-backfill,0.0
2024-12-20,2024020527,2024,ANA,COL,0.335334124763865,0.391037435843882,v1-backfill,0.0
2024-12-21,2024020528,2024,NSH,LAK,0.4246123637812263,0.4661376330565852,v1-backfill,1.0
2024-12-21,2024020529,2024,CGY,CHI,0.661535418794492,0.634776369325705,v1-backfill,1.0
2024-12-21,2024020530,2024,EDM,SJS,0.7824493816331777,0.7516987974405686,v1-backfill,1.0
2024-12-21,2024020531,2024,BOS,BUF,0.6207566014214889,0.6438418248357406,v1-backfill,1.0
2024-12-21,2024020532,2024,TOR,NYI,0.5514918557138258,0.653759640611886,v1-backfill,0.0
2024-12-21,2024020533,2024,MTL,DET,0.5074126794744608,0.5151994864309739,v1-backfill,1.0
2024-12-21,2024020534,2024,NJD,PIT,0.6519649439286719,0.5967606479222279,v1-backfill,1.0
2024-12-21,2024020535,2024,PHI,CBJ,0.5206016899049606,0.5839670149294689,v1-backfill,1.0
2024-12-21,2024020536,2024,WPG,MIN,0.6708666850910163,0.5959310291498369,v1-backfill,1.0
2024-12-21,2024020537,2024,VAN,OTT,0.5551949720868824,0.5861247382817637,v1-backfill,0.0
2024-12-21,2024020538,2024,VGK,SEA,0.6577400453513566,0.6623268006007841,v1-backfill,1.0
2024-12-22,2024020539,2024,NYR,CAR,0.4076397288312226,0.5115990359275743,v1-backfill,0.0
2024-12-22,2024020540,2024,TBL,FLA,0.472909467424572,0.4951415364946305,v1-backfill,0.0
2024-12-22,2024020541,2024,WSH,LAK,0.6400356473888774,0.5599557840043893,v1-backfill,1.0
2024-12-22,2024020542,2024,UTA,ANA,0.603914012927685,0.6307484786930693,v1-backfill,0.0
2024-12-22,2024020543,2024,COL,SEA,0.6955571325165567,0.6563730970557913,v1-backfill,1.0
2024-12-22,2024020544,2024,EDM,OTT,0.6657214120039404,0.6315262007108192,v1-backfill,1.0
2024-12-23,2024020545,2024,NJD,NYR,0.686437270098116,0.5426416200419726,v1-backfill,1.0
2024-12-23,2024020546,2024,TOR,WPG,0.4802350121037634,0.5284894146663107,v1-backfill,0.0
2024-12-23,2024020547,2024,BOS,WSH,0.5897087796002185,0.5373960938423095,v1-backfill,1.0
2024-12-23,2024020548,2024,DET,STL,0.4741395084374424,0.5259200523755629,v1-backfill,0.0
2024-12-23,2024020549,2024,FLA,TBL,0.6315039783090407,0.614908161367939,v1-backfill,0.0
2024-12-23,2024020550,2024,PIT,PHI,0.5202378025048432,0.5719875239570493,v1-backfill,1.0
2024-12-23,2024020551,2024,CBJ,MTL,0.5601882499932825,0.5335646477504679,v1-backfill,1.0
2024-12-23,2024020552,2024,NYI,BUF,0.5587322394593903,0.5817243406747645,v1-backfill,0.0
2024-12-23,2024020553,2024,NSH,CAR,0.4416235123297822,0.4216212298699043,v1-backfill,1.0
2024-12-23,2024020554,2024,MIN,CHI,0.6936609507714188,0.683496360114887,v1-backfill,1.0
2024-12-23,2024020555,2024,VAN,SJS,0.7094780473775865,0.7099437897072299,v1-backfill,1.0
2024-12-23,2024020556,2024,UTA,DAL,0.3255183288312382,0.4557615797184957,v1-backfill,0.0
2024-12-23,2024020557,2024,VGK,ANA,0.795728205148082,0.7148785275485566,v1-backfill,1.0
2024-12-27,2024020558,2024,BUF,CHI,0.6335567326210809,0.6096495016218645,v1-backfill,1.0
2024-12-27,2024020559,2024,DET,TOR,0.3981588867907618,0.4450232845735467,v1-backfill,0.0
2024-12-27,2024020560,2024,NJD,CAR,0.4658796607615154,0.5041217907991453,v1-backfill,1.0
2024-12-27,2024020561,2024,CBJ,BOS,0.4544944430492471,0.4243666234580226,v1-backfill,1.0
2024-12-27,2024020562,2024,STL,NSH,0.4993486144948144,0.5656521992895535,v1-backfill,1.0
2024-12-27,2024020563,2024,DAL,MIN,0.6052859731312625,0.5936037338079037,v1-backfill,0.0
2024-12-27,2024020564,2024,UTA,COL,0.4145019609980271,0.4496307900226486,v1-backfill,0.0
2024-12-27,2024020565,2024,SJS,VGK,0.2397393603501171,0.3231917731384236,v1-backfill,0.0
2024-12-28,2024020566,2024,FLA,MTL,0.7681616705192216,0.7148403618794418,v1-backfill,0.0
2024-12-28,2024020567,2024,VAN,SEA,0.6148654601533092,0.6256191156908109,v1-backfill,0.0
2024-12-28,2024020568,2024,ANA,PHI,0.4130353556909536,0.4977440620450277,v1-backfill,0.0
2024-12-28,2024020569,2024,LAK,EDM,0.4140351309543387,0.4973617373845252,v1-backfill,1.0
2024-12-28,2024020570,2024,BOS,CBJ,0.5928910512889708,0.6580930695133036,v1-backfill,1.0
2024-12-28,2024020571,2024,TOR,WSH,0.4176085175843446,0.5612447948208831,v1-backfill,0.0
2024-12-28,2024020572,2024,TBL,NYR,0.588936484295727,0.5657836843670483,v1-backfill,1.0
2024-12-28,2024020573,2024,CAR,NJD,0.5608840474086352,0.584383086710245,v1-backfill,1.0
2024-12-28,2024020574,2024,WPG,OTT,0.6597777390235696,0.6410044380207525,v1-backfill,1.0
2024-12-28,2024020575,2024,NYI,PIT,0.5346313997558102,0.5283598766367036,v1-backfill,1.0
2024-12-28,2024020576,2024,SJS,CGY,0.3055742703480013,0.415596777530602,v1-backfill,0.0
2024-12-29,2024020577,2024,CHI,DAL,0.2558463119812044,0.3606986443112977,v1-backfill,0.0
2024-12-29,2024020578,2024,ANA,EDM,0.2973994638502104,0.3632795400175856,v1-backfill,1.0
2024-12-29,2024020579,2024,DET,WSH,0.4590924449907055,0.4395731311926707,v1-backfill,1.0
2024-12-29,2024020580,2024,TBL,MTL,0.6086482209988578,0.6673463078488655,v1-backfill,0.0
2024-12-29,2024020581,2024,PIT,NYI,0.4946135220579721,0.561179737814902,v1-backfill,1.0
2024-12-29,2024020582,2024,STL,BUF,0.5326978717905226,0.5935204443277545,v1-backfill,0.0
2024-12-29,2024020583,2024,MIN,OTT,0.6469897755302897,0.5941993024110545,v1-backfill,0.0
2024-12-29,2024020584,2024,VGK,CGY,0.6706615976508585,0.6480253642180029,v1-backfill,1.0
2024-12-29,2024020585,2024,LAK,PHI,0.5849314313087596,0.6290500095187815,v1-backfill,1.0
2024-12-30,2024020586,2024,FLA,NYR,0.6469197337096967,0.6133997241393951,v1-backfill,1.0
2024-12-30,2024020587,2024,WPG,NSH,0.6580193986122077,0.6710356817969418,v1-backfill,1.0
2024-12-30,2024020588,2024,SEA,UTA,0.4813764258211699,0.542061084994726,v1-backfill,1.0
2024-12-31,2024020589,2024,WSH,BOS,0.5542909261297533,0.5550958487053136,v1-backfill,1.0
2024-12-31,2024020590,2024,TOR,NYI,0.6394569598739828,0.6389895071977384,v1-backfill,1.0
2024-12-31,2024020591,2024,VGK,MTL,0.7228570932832169,0.69031212996475,v1-backfill,0.0
2024-12-31,2024020592,2024,CHI,STL,0.385775063523722,0.4390103753632349,v1-backfill,0.0
2024-12-31,2024020593,2024,DET,PIT,0.4974548272543008,0.5186113992510506,v1-backfill,1.0
2024-12-31,2024020594,2024,CBJ,CAR,0.3061762286871313,0.3895511957743369,v1-backfill,1.0
2024-12-31,2024020595,2024,DAL,BUF,0.6546346059699395,0.6646861690624404,v1-backfill,1.0
2024-12-31,2024020596,2024,MIN,NSH,0.6849530445974568,0.6151991421838905,v1-backfill,1.0
2024-12-31,2024020597,2024,COL,WPG,0.6763238835653569,0.5291254878462488,v1-backfill,1.0
2024-12-31,2024020598,2024,ANA,NJD,0.3117255633008354,0.4101777362352317,v1-backfill,1.0
2024-12-31,2024020599,2024,SJS,PHI,0.3682714756978336,0.4389260264490585,v1-backfill,0.0
2024-12-31,2024020600,2024,CGY,VAN,0.5091030294648233,0.507922337123684,v1-backfill,1.0
2024-12-31,2024020601,2024,EDM,UTA,0.7181643095948231,0.6611073373620563,v1-backfill,1.0
2025-01-01,2024020602,2024,LAK,NJD,0.5798322179567328,0.5584080495395229,v1-backfill,1.0
2025-01-02,2024020603,2024,FLA,CAR,0.5086824685486153,0.5710628555244637,v1-backfill,0.0
2025-01-02,2024020604,2024,NYR,BOS,0.4857728607670818,0.5391932665361244,v1-backfill,1.0
2025-01-02,2024020605,2024,WSH,MIN,0.5545962819029228,0.5710743413382136,v1-backfill,0.0
2025-01-02,2024020606,2024,CBJ,DET,0.5572761313857291,0.5217641088042198,v1-backfill,0.0
2025-01-02,2024020607,2024,NYI,TOR,0.4271688884047218,0.4498494705861166,v1-backfill,0.0
2025-01-02,2024020608,2024,DAL,OTT,0.6933927105809852,0.6283576031508443,v1-backfill,1.0
2025-01-02,2024020609,2024,WPG,ANA,0.7270376674087915,0.7192703616075907,v1-backfill,0.0
2025-01-02,2024020610,2024,COL,BUF,0.6569147903380491,0.67422857843494,v1-backfill,1.0
2025-01-02,2024020611,2024,CGY,UTA,0.5365339100384107,0.5817282012116443,v1-backfill,0.0
2025-01-02,2024020612,2024,VGK,PHI,0.6687185132613647,0.6700050985640493,v1-backfill,1.0
2025-01-02,2024020613,2024,SEA,VAN,0.464217390149592,0.4933927267292588,v1-backfill,0.0
2025-01-02,2024020614,2024,SJS,TBL,0.2841719058724347,0.3412713596275828,v1-backfill,1.0
2025-01-03,2024020615,2024,FLA,PIT,0.5868038284600847,0.6624396928932473,v1-backfill,1.0
2025-01-03,2024020616,2024,CHI,MTL,0.4424756855895496,0.4678547838651154,v1-backfill,1.0
2025-01-03,2024020617,2024,STL,OTT,0.5527033665476125,0.5465379547030159,v1-backfill,1.0
2025-01-03,2024020618,2024,EDM,ANA,0.786127066930992,0.7048963453607867,v1-backfill,1.0
2025-01-03,2024020619,2024,VAN,NSH,0.4686831095671956,0.6137413816924804,v1-backfill,0.0
2025-01-04,2024020620,2024,WSH,NYR,0.5825355341284795,0.5663586603769806,v1-backfill,1.0
2025-01-04,2024020621,2024,WPG,DET,0.6922301427137169,0.667105322617577,v1-backfill,0.0
2025-01-04,2024020622,2024,SJS,NJD,0.2675475484146637,0.3675669056271813,v1-backfill,1.0
2025-01-04,2024020623,2024,TOR,BOS,0.5649713338496805,0.5791264281054513,v1-backfill,1.0
2025-01-04,2024020624,2024,CAR,MIN,0.6592139398548567,0.5986888615866327,v1-backfill,0.0
2025-01-04,2024020625,2024,CBJ,STL,0.5614915257902351,0.4776785868359068,v1-backfill,1.0
2025-01-04,2024020626,2024,COL,MTL,0.7804073512361366,0.6816100367370856,v1-backfill,0.0
2025-01-04,2024020627,2024,CGY,NSH,0.6336037767889116,0.5665148656582771,v1-backfill,0.0
2025-01-04,2024020628,2024,DAL,UTA,0.6806915739457294,0.6644059584775495,v1-backfill,1.0
2025-01-04,2024020629,2024,LAK,TBL,0.5172115323519004,0.5550465491702098,v1-backfill,1.0
2025-01-04,2024020630,2024,VGK,BUF,0.7039342887136798,0.6824161029095528,v1-backfill,1.0
2025-01-04,2024020631,2024,SEA,EDM,0.4176699646621198,0.4253038351908398,v1-backfill,0.0
2025-01-05,2024020632,2024,CHI,NYR,0.4419911782408829,0.3973012843962296,v1-backfill,0.0
2025-01-05,2024020633,2024,BOS,NYI,0.4672750889743993,0.6244711654496747,v1-backfill,0.0
2025-01-05,2024020634,2024,CAR,PIT,0.6008673940132923,0.651441267307595,v1-backfill,1.0
2025-01-05,2024020635,2024,TOR,PHI,0.4837333742816058,0.6588908868050494,v1-backfill,1.0
2025-01-05,2024020636,2024,ANA,TBL,0.4097527280185644,0.4224372665090403,v1-backfill,1.0
2025-01-06,2024020637,2024,BUF,WSH,0.4237909813954746,0.4395977646416842,v1-backfill,1.0
2025-01-06,2024020638,2024,MTL,VAN,0.4078568174852389,0.484299653417736,v1-backfill,1.0
2025-01-06,2024020639,2024,COL,FLA,0.5126403697937948,0.5307469153180804,v1-backfill,1.0
2025-01-06,2024020640,2024,SEA,NJD,0.3621651078722089,0.4811287872239142,v1-backfill,0.0
2025-01-07,2024020029,2024,TBL,CAR,0.4063967548415303,0.4983252459749898,v1-backfill,1.0
2025-01-07,2024020641,2024,BOS,EDM,0.3964698651551592,0.4859865851396251,v1-backfill,0.0
2025-01-07,2024020642,2024,DET,OTT,0.4638783699084836,0.5326481432481351,v1-backfill,1.0
2025-01-07,2024020643,2024,NYR,DAL,0.3966542095294931,0.4979636724306546,v1-backfill,0.0
2025-01-07,2024020644,2024,PHI,TOR,0.421252516754093,0.4310924764610855,v1-backfill,0.0
2025-01-07,2024020645,2024,PIT,CBJ,0.5637974348104435,0.5929939245481651,v1-backfill,0.0
2025-01-07,2024020646,2024,MIN,STL,0.5365566809605029,0.6047735910667937,v1-backfill,1.0
2025-01-07,2024020647,2024,WPG,NSH,0.6421292977270672,0.6527042142591366,v1-backfill,1.0
2025-01-07,2024020648,2024,ANA,CGY,0.3769092196934648,0.4919228632311161,v1-backfill,0.0
2025-01-07,2024020649,2024,SJS,VGK,0.2397604680802375,0.3179861197486692,v1-backfill,0.0
2025-01-08,2024020650,2024,WSH,VAN,0.5894302660441586,0.5881237165907147,v1-backfill,1.0
2025-01-08,2024020651,2024,CHI,COL,0.2808671109652567,0.3413274057668974,v1-backfill,1.0
2025-01-08,2024020652,2024,UTA,FLA,0.3346308015324827,0.4179398707716836,v1-backfill,0.0
2025-01-09,2024020654,2024,OTT,BUF,0.5734890904487279,0.5855087022877152,v1-backfill,0.0
2025-01-09,2024020655,2024,TBL,BOS,0.5837286688085133,0.5686008331660979,v1-backfill,1.0
2025-01-09,2024020656,2024,NYR,NJD,0.432622322366327,0.5513956527151697,v1-backfill,1.0
2025-01-09,2024020657,2024,PHI,DAL,0.403120614171569,0.4082464573765686,v1-backfill,0.0
2025-01-09,2024020658,2024,PIT,EDM,0.3246399160705115,0.4239494933096308,v1-backfill,1.0
2025-01-09,2024020659,2024,CAR,TOR,0.6215202285703639,0.5518821931825466,v1-backfill,1.0
2025-01-09,2024020660,2024,CBJ,SEA,0.5479334731193398,0.5356877059937468,v1-backfill,1.0
2025-01-09,2024020661,2024,STL,ANA,0.6081107847296203,0.6200645493784901,v1-backfill,1.0
2025-01-09,2024020662,2024,MIN,COL,0.5088706480257272,0.5231777781444775,v1-backfill,0.0
2025-01-09,2024020663,2024,VGK,NYI,0.6854634283772014,0.6801433496332954,v1-backfill,0.0
2025-01-10,2024020664,2024,DET,CHI,0.6231400580956644,0.6434323084461924,v1-backfill,1.0
2025-01-10,2024020665,2024,WSH,MTL,0.6851227953206708,0.6457801681255741,v1-backfill,0.0
2025-01-10,2024020666,2024,CAR,VAN,0.5551958465206223,0.6223121747034491,v1-backfill,1.0
2025-01-10,2024020667,2024,WPG,LAK,0.5055611626835547,0.5789572515509929,v1-backfill,0.0
2025-01-10,2024020668,2024,UTA,SJS,0.7209147747128389,0.6530070851921713,v1-backfill,1.0
2025-01-11,2024020669,2024,FLA,BOS,0.6318022470042141,0.6313593062850075,v1-backfill,0.0
2025-01-11,2024020670,2024,BUF,SEA,0.5272320062669602,0.5629127234504353,v1-backfill,0.0
2025-01-11,2024020671,2024,PIT,OTT,0.5048478571177949,0.5463692623806082,v1-backfill,0.0
2025-01-11,2024020672,2024,TOR,VAN,0.5981623831831697,0.6150740293338568,v1-backfill,0.0
2025-01-11,2024020673,2024,MTL,DAL,0.2599254224626476,0.4160871778867526,v1-backfill,0.0
2025-01-11,2024020674,2024,NJD,TBL,0.5349182368090919,0.5324225746979349,v1-backfill,1.0
2025-01-11,2024020675,2024,PHI,ANA,0.6462631836158779,0.5834082377012192,v1-backfill,1.0
2025-01-11,2024020676,2024,CHI,EDM,0.1885679476601508,0.341436368835199,v1-backfill,0.0
2025-01-11,2024020677,2024,STL,CBJ,0.5729470884595219,0.599405212179105,v1-backfill,0.0
2025-01-11,2024020678,2024,WPG,COL,0.400792635398262,0.5454919228641499,v1-backfill,1.0
2025-01-11,2024020679,2024,NSH,WSH,0.4887092146161729,0.4690235352464835,v1-backfill,0.0
2025-01-11,2024020680,2024,UTA,NYI,0.4124914477149169,0.5439090634270456,v1-backfill,0.0
2025-01-11,2024020681,2024,CGY,LAK,0.550703880182293,0.471086216550216,v1-backfill,1.0
2025-01-11,2024020682,2024,VGK,NYR,0.5970840319105529,0.6039539540732796,v1-backfill,0.0
2025-01-11,2024020683,2024,SJS,MIN,0.2716867039911538,0.3545652103537923,v1-backfill,0.0
2025-01-12,2024020684,2024,DET,SEA,0.6080249821243179,0.5793028303799852,v1-backfill,1.0
2025-01-12,2024020685,2024,OTT,DAL,0.3889466254303607,0.4370140078352477,v1-backfill,1.0
2025-01-12,2024020686,2024,PIT,TBL,0.4452773304425957,0.4794188853179139,v1-backfill,0.0
2025-01-12,2024020687,2024,CAR,ANA,0.8268740637783176,0.7187307023968099,v1-backfill,0.0
2025-01-12,2024020688,2024,VGK,MIN,0.5931356318595025,0.5830460993293402,v1-backfill,1.0
2025-01-13,2024020689,2024,PHI,FLA,0.3658789873755316,0.4053462800449278,v1-backfill,1.0
2025-01-13,2024020690,2024,CHI,CGY,0.3009539038865391,0.4350300050564432,v1-backfill,0.0
2025-01-13,2024020691,2024,EDM,LAK,0.6148881131505473,0.5890210915567604,v1-backfill,1.0
2025-01-14,2024020692,2024,BOS,TBL,0.4613997987758449,0.5250843424898362,v1-backfill,1.0
2025-01-14,2024020693,2024,TOR,DAL,0.4624557714869532,0.5230108650403827,v1-backfill,0.0
2025-01-14,2024020694,2024,DET,SJS,0.6465616652481221,0.6851455221476292,v1-backfill,0.0
2025-01-14,2024020695,2024,NJD,FLA,0.584039069901534,0.4926276334847323,v1-backfill,0.0
2025-01-14,2024020696,2024,PIT,SEA,0.5500089902887579,0.5680167303609522,v1-backfill,0.0
2025-01-14,2024020697,2024,WSH,ANA,0.7082700686285706,0.6860655135373818,v1-backfill,1.0
2025-01-14,2024020698,2024,CBJ,PHI,0.569579812223598,0.5421582037687054,v1-backfill,1.0
2025-01-14,2024020699,2024,NYI,OTT,0.4662341959729408,0.5314745855394301,v1-backfill,0.0
2025-01-14,2024020700,2024,STL,CGY,0.6094868381809315,0.5423535152850686,v1-backfill,1.0
2025-01-14,2024020701,2024,NSH,VGK,0.3733335120206837,0.4269316839024737,v1-backfill,1.0
2025-01-14,2024020702,2024,WPG,VAN,0.6136339551493494,0.6199189289815639,v1-backfill,1.0
2025-01-14,2024020703,2024,COL,NYR,0.634285496889745,0.5871395082569351,v1-backfill,1.0
2025-01-14,2024020704,2024,UTA,MTL,0.5513534762220058,0.5470857674268285,v1-backfill,0.0
2025-01-15,2024020705,2024,BUF,CAR,0.3445741537865509,0.4183063508221861,v1-backfill,1.0
2025-01-15,2024020706,2024,MIN,EDM,0.404840005625215,0.4968501552628275,v1-backfill,0.0
2025-01-16,2024020707,2024,TOR,NJD,0.4981141669130661,0.5832526793569733,v1-backfill,1.0
2025-01-16,2024020708,2024,OTT,WSH,0.4911474977366028,0.4893445204117635,v1-backfill,0.0
2025-01-16,2024020709,2024,TBL,ANA,0.714563149460604,0.6757841773882892,v1-backfill,1.0
2025-01-16,2024020710,2024,FLA,DET,0.6767049785986697,0.6591364335673024,v1-backfill,0.0
2025-01-16,2024020711,2024,CBJ,SJS,0.6917969389229891,0.6476855008651693,v1-backfill,1.0
2025-01-16,2024020712,2024,NYI,PHI,0.5358730956460324,0.565778853369899,v1-backfill,0.0
2025-01-16,2024020713,2024,STL,CGY,0.4901215901832486,0.5527954168647754,v1-backfill,1.0
2025-01-16,2024020714,2024,NSH,CHI,0.6870146652530915,0.6499762885622266,v1-backfill,1.0
2025-01-16,2024020715,2024,DAL,MTL,0.7127960572956534,0.6773456906793116,v1-backfill,0.0
2025-01-16,2024020716,2024,WPG,SEA,0.6692426313606146,0.679093484018061,v1-backfill,1.0
2025-01-16,2024020717,2024,UTA,NYR,0.4699129947871339,0.4604637031308338,v1-backfill,0.0
2025-01-16,2024020718,2024,COL,EDM,0.584581655170619,0.5291309685273549,v1-backfill,0.0
2025-01-16,2024020719,2024,VAN,LAK,0.431567259119478,0.5100363342638069,v1-backfill,0.0
2025-01-17,2024020720,2024,BUF,PIT,0.5383972972158174,0.5501254674884547,v1-backfill,0.0
2025-01-17,2024020721,2024,CAR,VGK,0.5646835077995359,0.5458727803829125,v1-backfill,1.0
2025-01-18,2024020722,2024,NJD,PHI,0.5685292052971131,0.612976624883972,v1-backfill,0.0
2025-01-18,2024020723,2024,OTT,BOS,0.5739784686486197,0.518778434137693,v1-backfill,1.0
2025-01-18,2024020724,2024,COL,DAL,0.4978813101568018,0.5355555505645614,v1-backfill,1.0
2025-01-18,2024020725,2024,FLA,ANA,0.7561378488647413,0.7149900438824096,v1-backfill,1.0
2025-01-18,2024020726,2024,MTL,TOR,0.3992540383546935,0.4592529291034183,v1-backfill,0.0
2025-01-18,2024020727,2024,TBL,DET,0.6556112404901907,0.6069148738612695,v1-backfill,1.0
2025-01-18,2024020728,2024,NYR,CBJ,0.6035282429649164,0.6355971043285497,v1-backfill,1.0
2025-01-18,2024020729,2024,WSH,PIT,0.7040667780472624,0.6457583933072848,v1-backfill,1.0
2025-01-18,2024020730,2024,WPG,CGY,0.54407590930536,0.6567668766589428,v1-backfill,0.0
2025-01-18,2024020731,2024,NYI,SJS,0.6746062986050217,0.6604157824263478,v1-backfill,1.0
2025-01-18,2024020732,2024,CHI,VGK,0.28354356351552,0.3431183866767424,v1-backfill,1.0
2025-01-18,2024020733,2024,NSH,MIN,0.5274672296730105,0.484602704976122,v1-backfill,1.0
2025-01-18,2024020734,2024,UTA,STL,0.4530118708842711,0.4992380285809154,v1-backfill,1.0
2025-01-18,2024020735,2024,VAN,EDM,0.351292002156482,0.4435215769545023,v1-backfill,1.0
2025-01-18,2024020736,2024,SEA,LAK,0.3842995918740665,0.4443530637339045,v1-backfill,1.0
2025-01-19,2024020737,2024,NJD,OTT,0.5937573833040292,0.5671899029915783,v1-backfill,0.0
2025-01-19,2024020738,2024,MTL,NYR,0.4523675255341112,0.4704288659261472,v1-backfill,1.0
2025-01-19,2024020739,2024,DAL,DET,0.6781355517231318,0.651147965188783,v1-backfill,1.0
2025-01-20,2024020740,2024,BOS,SJS,0.6706301260317274,0.7163123853086263,v1-backfill,1.0
2025-01-20,2024020741,2024,COL,MIN,0.6674915254366192,0.5980266002225082,v1-backfill,0.0
2025-01-20,2024020742,2024,SEA,BUF,0.5614341064900472,0.5542722395235694,v1-backfill,1.0
2025-01-20,2024020743,2024,VGK,STL,0.6424037653332751,0.6273795478927909,v1-backfill,0.0
2025-01-20,2024020744,2024,TOR,TBL,0.5604191582374157,0.5706796806366174,v1-backfill,1.0
2025-01-20,2024020745,2024,NYI,CBJ,0.5421301693302997,0.5628357478920717,v1-backfill,1.0
2025-01-20,2024020746,2024,CHI,CAR,0.2228664981317571,0.3444474815022482,v1-backfill,0.0
2025-01-20,2024020747,2024,UTA,WPG,0.3342610768726122,0.4144740615973345,v1-backfill,1.0
2025-01-20,2024020748,2024,LAK,PIT,0.5967676848163602,0.6357828770191882,v1-backfill,0.0
2025-01-21,2024020749,2024,MTL,TBL,0.4631793204180222,0.4785984731351597,v1-backfill,1.0
2025-01-21,2024020750,2024,NYR,OTT,0.585717087901922,0.5868329097108619,v1-backfill,1.0
2025-01-21,2024020751,2024,PHI,DET,0.5800953338845249,0.539159994308276,v1-backfill,1.0
2025-01-21,2024020752,2024,NSH,SJS,0.7389427187725265,0.6827815000906992,v1-backfill,1.0
2025-01-21,2024020753,2024,DAL,CAR,0.5358358478240112,0.5554113592455739,v1-backfill,0.0
2025-01-21,2024020754,2024,EDM,WSH,0.5866371476572249,0.585532792257165,v1-backfill,0.0
2025-01-21,2024020755,2024,VAN,BUF,0.6038401693373967,0.611875038272307,v1-backfill,0.0
2025-01-21,2024020756,2024,ANA,FLA,0.2339521518402969,0.3674801034166834,v1-backfill,0.0
2025-01-22,2024020757,2024,TOR,CBJ,0.5733503196694925,0.669722081305843,v1-backfill,0.0
2025-01-22,2024020758,2024,NJD,BOS,0.545709752776371,0.5339250828518927,v1-backfill,1.0
2025-01-22,2024020759,2024,COL,WPG,0.5505275200116789,0.5464497649690421,v1-backfill,0.0
2025-01-22,2024020760,2024,LAK,FLA,0.5309764979194734,0.4999202787390603,v1-backfill,1.0
2025-01-23,2024020761,2024,BOS,OTT,0.3770499039167618,0.5698613652173858,v1-backfill,1.0
2025-01-23,2024020762,2024,DET,MTL,0.5314044696152503,0.5459595888862083,v1-backfill,1.0
2025-01-23,2024020763,2024,NYR,PHI,0.5815648739935932,0.6257832246360876,v1-backfill,1.0
2025-01-23,2024020764,2024,CAR,CBJ,0.7615912203160135,0.6785789108240232,v1-backfill,1.0
2025-01-23,2024020765,2024,STL,VGK,0.3836740000072996,0.4806121495260915,v1-backfill,0.0
2025-01-23,2024020766,2024,MIN,UTA,0.5476974161286087,0.6315078262636291,v1-backfill,0.0
2025-01-23,2024020767,2024,CGY,BUF,0.5754959235643493,0.5854529317029038,v1-backfill,1.0
2025-01-23,2024020768,2024,EDM,VAN,0.6639929614443385,0.6410199778823364,v1-backfill,1.0
2025-01-23,2024020769,2024,ANA,PIT,0.4636538565829187,0.4805047344715309,v1-backfill,1.0
2025-01-23,2024020770,2024,SEA,WSH,0.4609741849174645,0.4366568980592876,v1-backfill,0.0
2025-01-23,2024020771,2024,SJS,NSH,0.3021339173768172,0.4030317472032921,v1-backfill,0.0
2025-01-24,2024020772,2024,NYI,PHI,0.6188647044552019,0.5553864578079184,v1-backfill,1.0
2025-01-24,2024020773,2024,CHI,TBL,0.2937404488453051,0.383798176784858,v1-backfill,0.0
2025-01-24,2024020774,2024,DAL,VGK,0.5860161538831192,0.5648296166923661,v1-backfill,1.0
2025-01-24,2024020775,2024,WPG,UTA,0.7379001831319011,0.6644206455145387,v1-backfill,1.0
2025-01-25,2024020776,2024,BOS,COL,0.4223621745435602,0.5048438301022745,v1-backfill,1.0
2025-01-25,2024020777,2024,EDM,BUF,0.7284335266705144,0.6927026268611762,v1-backfill,1.0
2025-01-25,2024020778,2024,SEA,PIT,0.5486098315374943,0.5444713097773064,v1-backfill,1.0
2025-01-25,2024020779,2024,MTL,NJD,0.4470445824255757,0.5075223245768532,v1-backfill,0.0
2025-01-25,2024020780,2024,OTT,TOR,0.4748674172000507,0.4800110782039868,v1-backfill,1.0
2025-01-25,2024020781,2024,DET,TBL,0.4702502295873795,0.4884480840365853,v1-backfill,1.0
2025-01-25,2024020782,2024,CBJ,LAK,0.3938382529129222,0.4544827997429845,v1-backfill,1.0
2025-01-25,2024020783,2024,STL,DAL,0.4664143939254054,0.4498672823762237,v1-backfill,0.0
2025-01-25,2024020784,2024,MIN,CGY,0.5237892075468435,0.5884251966388155,v1-backfill,0.0
2025-01-25,2024020785,2024,NYI,CAR,0.251258170857734,0.4309446707391917,v1-backfill,1.0
2025-01-25,2024020786,2024,VAN,WSH,0.4922875485129725,0.4691992102794869,v1-backfill,1.0
2025-01-25,2024020787,2024,ANA,NSH,0.3909387921350503,0.4661249693229203,v1-backfill,1.0
2025-01-25,2024020788,2024,SJS,FLA,0.2166491132439572,0.304873546989875,v1-backfill,0.0
2025-01-26,2024020789,2024,NYR,COL,0.5035379569481149,0.5367486146780922,v1-backfill,0.0
2025-01-26,2024020790,2024,OTT,UTA,0.4633346086281827,0.591594226786321,v1-backfill,1.0
2025-01-26,2024020791,2024,WPG,CGY,0.6834936725811203,0.6337515792339522,v1-backfill,1.0
2025-01-26,2024020792,2024,CHI,MIN,0.4099160188363592,0.3911490294872137,v1-backfill,0.0
2025-01-26,2024020793,2024,VGK,FLA,0.5493206383128189,0.5246803586215728,v1-backfill,1.0
2025-01-27,2024020794,2024,DET,LAK,0.4460232771245217,0.4914906983822789,v1-backfill,1.0
2025-01-27,2024020795,2024,PHI,NJD,0.4844830213378649,0.4912536526067528,v1-backfill,1.0
2025-01-27,2024020796,2024,STL,VAN,0.48256639548369,0.5288854378153365,v1-backfill,0.0
2025-01-27,2024020797,2024,EDM,SEA,0.675054064733559,0.6851691422736342,v1-backfill,1.0
2025-01-27,2024020798,2024,SJS,PIT,0.3346868522660688,0.4212859695605827,v1-backfill,1.0
2025-01-28,2024020799,2024,BUF,BOS,0.4790124354859874,0.464205245987563,v1-backfill,1.0
2025-01-28,2024020800,2024,MTL,WPG,0.3502249655300655,0.4271450245945614,v1-backfill,0.0
2025-01-28,2024020801,2024,TBL,CHI,0.7309920771089554,0.7100464655391806,v1-backfill,0.0
2025-01-28,2024020802,2024,NYR,CAR,0.431922525984097,0.5053321745789139,v1-backfill,0.0
2025-01-28,2024020803,2024,NYI,COL,0.409665381661163,0.4588891473279854,v1-backfill,1.0
2025-01-28,2024020804,2024,CGY,WSH,0.4429134619140084,0.4733485587826859,v1-backfill,0.0
2025-01-28,2024020805,2024,VGK,DAL,0.5188368842506176,0.5257914282339011,v1-backfill,0.0
2025-01-28,2024020806,2024,SEA,ANA,0.4408974261128265,0.5967399052894277,v1-backfill,0.0
2025-01-29,2024020807,2024,TOR,MIN,0.589465958493184,0.5790127078282544,v1-backfill,0.0
2025-01-29,2024020808,2024,FLA,LAK,0.5613844664922518,0.5963708067823345,v1-backfill,1.0
2025-01-29,2024020809,2024,NJD,PHI,0.5613314822443822,0.5965436421575443,v1-backfill,1.0
2025-01-29,2024020810,2024,NSH,VAN,0.5204093820378838,0.5212733948518926,v1-backfill,0.0
2025-01-29,2024020811,2024,UTA,PIT,0.4515891786522735,0.5553303413297054,v1-backfill,0.0
2025-01-30,2024020812,2024,BOS,WPG,0.3653892831802773,0.4787983619976039,v1-backfill,0.0
2025-01-30,2024020813,2024,MTL,MIN,0.5387283111352318,0.4760411501831602,v1-backfill,0.0
2025-01-30,2024020814,2024,OTT,WSH,0.450382719549018,0.4776729807614941,v1-backfill,1.0
2025-01-30,2024020815,2024,TBL,LAK,0.6839967051449315,0.5438477249236291,v1-backfill,1.0
2025-01-30,2024020816,2024,PHI,NYI,0.3930430232501836,0.5252606677864652,v1-backfill,0.0
2025-01-30,2024020817,2024,CAR,CHI,0.8362908111547065,0.7524440098255072,v1-backfill,1.0
2025-01-30,2024020818,2024,CGY,ANA,0.6620101883117355,0.6224471907310117,v1-backfill,1.0
2025-01-30,2024020819,2024,EDM,DET,0.7039850876679298,0.6627660476411926,v1-backfill,0.0
2025-01-30,2024020820,2024,VGK,CBJ,0.6499436813270443,0.6547495144146672,v1-backfill,0.0
2025-01-30,2024020821,2024,SEA,SJS,0.7101554557280236,0.6616497921149739,v1-backfill,1.0
2025-01-31,2024020822,2024,BUF,NSH,0.4994185927374834,0.5258787460275667,v1-backfill,1.0
2025-01-31,2024020823,2024,DAL,VAN,0.6433980430653368,0.6291042383085984,v1-backfill,1.0
2025-01-31,2024020824,2024,COL,STL,0.6605426345109696,0.635134672628359,v1-backfill,1.0
2025-01-31,2024020825,2024,UTA,CBJ,0.6232328526171405,0.5394263312947647,v1-backfill,0.0
2025-02-01,2024020826,2024,FLA,CHI,0.8170273357232654,0.7490047750509815,v1-backfill,1.0
2025-02-01,2024020827,2024,BOS,NYR,0.4934578476027009,0.5300795201562302,v1-backfill,1.0
2025-02-01,2024020828,2024,OTT,MIN,0.5418744779636394,0.5180418125220202,v1-backfill,1.0
2025-02-01,2024020829,2024,TBL,NYI,0.630303203040526,0.5885450637142053,v1-backfill,0.0
2025-02-01,2024020830,2024,PIT,NSH,0.5554152336278603,0.5341069712784695,v1-backfill,1.0
2025-02-01,2024020831,2024,WSH,WPG,0.4942512172745776,0.5230581332806681,v1-backfill,0.0
2025-02-01,2024020832,2024,CAR,LAK,0.6450575473152014,0.6200421985589828,v1-backfill,0.0
2025-02-01,2024020833,2024,EDM,TOR,0.6197904741202689,0.5988526199350446,v1-backfill,0.0
2025-02-01,2024020834,2024,CGY,DET,0.5616920879424094,0.550340285205863,v1-backfill,0.0
2025-02-02,2024020835,2024,BUF,NJD,0.4785308992161605,0.4892075612593398,v1-backfill,1.0
2025-02-02,2024020836,2024,COL,PHI,0.6630823844121163,0.6590961539348401,v1-backfill,1.0
2025-02-02,2024020837,2024,ANA,MTL,0.4130013197247909,0.5049486681103431,v1-backfill,1.0
2025-02-02,2024020838,2024,FLA,NYI,0.695439398419302,0.641351012536691,v1-backfill,1.0
2025-02-02,2024020839,2024,NYR,VGK,0.3327257851863105,0.524596295799812,v1-backfill,1.0
2025-02-02,2024020840,2024,DAL,CBJ,0.6551541848124827,0.6793279617288914,v1-backfill,1.0
2025-02-02,2024020841,2024,UTA,STL,0.4875557311247369,0.5233211863804357,v1-backfill,0.0
2025-02-02,2024020842,2024,VAN,DET,0.5979117990573593,0.5608544343367653,v1-backfill,0.0
2025-02-02,2024020843,2024,SEA,CGY,0.6133582115390759,0.5154961453607038,v1-backfill,0.0
2025-02-03,2024020844,2024,NSH,OTT,0.492688575691711,0.4990679128098916,v1-backfill,0.0
2025-02-04,2024020845,2024,BOS,MIN,0.5325610488276421,0.5379140483033792,v1-backfill,1.0
2025-02-04,2024020846,2024,BUF,CBJ,0.5108654994440721,0.5509769024699733,v1-backfill,1.0
2025-02-04,2024020847,2024,TBL,OTT,0.6449791025238956,0.5548954275441513,v1-backfill,1.0
2025-02-04,2024020848,2024,PIT,NJD,0.504495949344905,0.4977914901648183,v1-backfill,0.0
2025-02-04,2024020849,2024,WSH,FLA,0.4630804040205532,0.5249469235437003,v1-backfill,1.0
2025-02-04,2024020850,2024,NYI,VGK,0.4376574809647871,0.4885507559953292,v1-backfill,1.0
2025-02-04,2024020851,2024,STL,EDM,0.3398848199927217,0.4333903283132316,v1-backfill,0.0
2025-02-04,2024020852,2024,WPG,CAR,0.3900332517351701,0.5641990859258518,v1-backfill,1.0
2025-02-04,2024020853,2024,CGY,TOR,0.4774480423166806,0.4851629713733837,v1-backfill,0.0
2025-02-04,2024020854,2024,UTA,PHI,0.512988657254438,0.5389973207747101,v1-backfill,1.0
2025-02-04,2024020855,2024,VAN,COL,0.3820163301034969,0.4848808383990178,v1-backfill,1.0
2025-02-04,2024020856,2024,ANA,DAL,0.2797927993536034,0.3652315531367473,v1-backfill,1.0
2025-02-04,2024020857,2024,SEA,DET,0.5223364849612996,0.4925171647020627,v1-backfill,0.0
2025-02-04,2024020858,2024,SJS,MTL,0.3235536146266654,0.4281707226728315,v1-backfill,0.0
2025-02-05,2024020859,2024,NYR,BOS,0.6525810379881513,0.5596695065051186,v1-backfill,1.0
2025-02-05,2024020860,2024,CHI,EDM,0.2259686840612504,0.3219214643646227,v1-backfill,0.0
2025-02-05,2024020861,2024,LAK,MTL,0.6851840795374269,0.6252348181144222,v1-backfill,1.0
2025-02-06,2024020862,2024,TBL,OTT,0.6368939794995806,0.5649966511623553,v1-backfill,1.0
2025-02-06,2024020863,2024,NJD,VGK,0.4647357293282583,0.5175046246489217,v1-backfill,0.0
2025-02-06,2024020864,2024,PHI,WSH,0.4175910890778244,0.4223029795730001,v1-backfill,0.0
2025-02-06,2024020865,2024,CBJ,UTA,0.5384115641068802,0.5630353646153219,v1-backfill,0.0
2025-02-06,2024020866,2024,STL,FLA,0.3547241604388496,0.4355765891629862,v1-backfill,0.0
2025-02-06,2024020867,2024,MIN,CAR,0.3549423423416644,0.4952216854400454,v1-backfill,1.0
2025-02-06,2024020868,2024,CGY,COL,0.4117639181264029,0.4723858132505336,v1-backfill,0.0
2025-02-06,2024020869,2024,SEA,TOR,0.4117624127724242,0.4293421394006161,v1-backfill,0.0
2025-02-06,2024020870,2024,SJS,VAN,0.31017369439934,0.3642486529213454,v1-backfill,0.0
2025-02-07,2024020871,2024,NYR,PIT,0.5926167184023449,0.6364329193387068,v1-backfill,0.0
2025-02-07,2024020872,2024,WPG,NYI,0.631263153367614,0.6574784094827599,v1-backfill,1.0
2025-02-07,2024020873,2024,CHI,NSH,0.3494707692126679,0.4520315344206262,v1-backfill,1.0
2025-02-07,2024020874,2024,EDM,COL,0.5741454092301777,0.5791447120342699,v1-backfill,0.0
2025-02-07,2024020875,2024,LAK,DAL,0.432513301028002,0.4899804423504368,v1-backfill,1.0
2025-02-08,2024020876,2024,MTL,NJD,0.4010439533147739,0.4928993038683456,v1-backfill,0.0
2025-02-08,2024020877,2024,DET,TBL,0.3844151275196483,0.5237614864796069,v1-backfill,0.0
2025-02-08,2024020878,2024,CAR,UTA,0.7032678905421265,0.6758006587529813,v1-backfill,1.0
2025-02-08,2024020879,2024,BOS,VGK,0.4285961565412237,0.5208253074229464,v1-backfill,0.0
2025-02-08,2024020880,2024,FLA,OTT,0.6315643290938177,0.6310963369248059,v1-backfill,1.0
2025-02-08,2024020881,2024,PHI,PIT,0.6181858379983336,0.5302337589701615,v1-backfill,1.0
2025-02-08,2024020882,2024,CBJ,NYR,0.5544216760613254,0.464839506747539,v1-backfill,0.0
2025-02-08,2024020883,2024,STL,CHI,0.7590044330565292,0.6492039004767112,v1-backfill,1.0
2025-02-08,2024020884,2024,VAN,TOR,0.4340540101327581,0.4963595005569156,v1-backfill,1.0
2025-02-08,2024020885,2024,NSH,BUF,0.4481637862033656,0.5353913485979526,v1-backfill,1.0
2025-02-08,2024020886,2024,MIN,NYI,0.5733200344133417,0.5923340327665412,v1-backfill,1.0
2025-02-08,2024020887,2024,CGY,SEA,0.5818299668658438,0.5938680294702373,v1-backfill,0.0
2025-02-08,2024020888,2024,LAK,ANA,0.5834639100451808,0.6619727972883258,v1-backfill,0.0
2025-02-08,2024020889,2024,SJS,DAL,0.296364043680526,0.2904447136239172,v1-backfill,0.0
2025-02-09,2024020890,2024,WSH,UTA,0.6836741653356074,0.6787327258624748,v1-backfill,0.0
2025-02-09,2024020891,2024,MTL,TBL,0.3655854394137449,0.4545417788754445,v1-backfill,0.0
2025-02-22,2024020892,2024,PHI,EDM,0.34020547266002,0.4038283318312363,v1-backfill,1.0
2025-02-22,2024020893,2024,PIT,WSH,0.4494297970853649,0.4325186586779075,v1-backfill,0.0
2025-02-22,2024020894,2024,DET,MIN,0.5475352689681398,0.5119671480888431,v1-backfill,0.0
2025-02-22,2024020895,2024,BUF,NYR,0.478279007818507,0.4697798483877914,v1-backfill,1.0
2025-02-22,2024020896,2024,FLA,SEA,0.7045948625203543,0.6950861430492524,v1-backfill,0.0
2025-02-22,2024020897,2024,NJD,DAL,0.460270527165409,0.4677182590191608,v1-backfill,0.0
2025-02-22,2024020898,2024,NSH,COL,0.4116635613186977,0.4293531258436559,v1-backfill,1.0
2025-02-22,2024020899,2024,BOS,ANA,0.6223915112795556,0.6355985910483966,v1-backfill,0.0
2025-02-22,2024020900,2024,TOR,CAR,0.4242294756957999,0.5302555408417396,v1-backfill,1.0
2025-02-22,2024020901,2024,OTT,MTL,0.5957920070704226,0.6142132153286131,v1-backfill,0.0
2025-02-22,2024020902,2024,CBJ,CHI,0.682372229697259,0.6299202580949997,v1-backfill,1.0
2025-02-22,2024020903,2024,STL,WPG,0.413938598918659,0.4092902375625808,v1-backfill,0.0
2025-02-22,2024020904,2024,LAK,UTA,0.6430138374339228,0.634627783105611,v1-backfill,1.0
2025-02-22,2024020905,2024,VGK,VAN,0.6241302234650206,0.5875931932908891,v1-backfill,1.0
2025-02-23,2024020906,2024,WSH,EDM,0.3943677083223543,0.5419062403083855,v1-backfill,1.0
2025-02-23,2024020907,2024,PIT,NYR,0.4089852311908621,0.4658318269831344,v1-backfill,0.0
2025-02-23,2024020908,2024,DET,ANA,0.5844742735058158,0.6127699661827427,v1-backfill,1.0
2025-02-23,2024020909,2024,TBL,SEA,0.7170863934719994,0.6421409988524377,v1-backfill,1.0
2025-02-23,2024020910,2024,STL,COL,0.3289147839538479,0.447469568452466,v1-backfill,1.0
2025-02-23,2024020911,2024,NSH,NJD,0.4667674374291692,0.5047935005960644,v1-backfill,0.0
2025-02-23,2024020912,2024,CHI,TOR,0.2371835796342832,0.345025518878512,v1-backfill,0.0
2025-02-23,2024020913,2024,NYI,DAL,0.4274284748259452,0.4370836987111586,v1-backfill,0.0
2025-02-23,2024020914,2024,CGY,SJS,0.7389035700049573,0.6998584744420153,v1-backfill,1.0
2025-02-23,2024020915,2024,UTA,VAN,0.5297331704433443,0.4781529641589555,v1-backfill,1.0
2025-02-24,2024020916,2024,WPG,SJS,0.847628209205634,0.8050126696033708,v1-backfill,1.0
2025-02-24,2024020917,2024,LAK,VGK,0.5045128119376346,0.526555384733797,v1-backfill,1.0
2025-02-25,2024020918,2024,BOS,TOR,0.4442043477862925,0.490067758000411,v1-backfill,0.0
2025-02-25,2024020919,2024,BUF,ANA,0.6163580534660732,0.5854534230077366,v1-backfill,1.0
2025-02-25,2024020920,2024,MTL,CAR,0.3320288097099687,0.420041068034023,v1-backfill,1.0
2025-02-25,2024020921,2024,TBL,EDM,0.4952051027634857,0.51891107849427,v1-backfill,1.0
2025-02-25,2024020922,2024,PHI,PIT,0.5245822225312627,0.5580310834560559,v1-backfill,1.0
2025-02-25,2024020923,2024,WSH,CGY,0.6209983748537282,0.6487735930253874,v1-backfill,0.0
2025-02-25,2024020924,2024,CBJ,DAL,0.3780269615424217,0.3941669674056718,v1-backfill,1.0
2025-02-25,2024020925,2024,NYI,NYR,0.5199871456193048,0.493222138159274,v1-backfill,0.0
2025-02-25,2024020926,2024,STL,SEA,0.6007516606716126,0.5779391193665468,v1-backfill,1.0
2025-02-25,2024020927,2024,NSH,FLA,0.368781284744285,0.4181444007721858,v1-backfill,0.0
2025-02-25,2024020928,2024,MIN,DET,0.5484856376248565,0.5928113372085057,v1-backfill,0.0
2025-02-25,2024020929,2024,UTA,CHI,0.7024994720954284,0.6421378654316112,v1-backfill,1.0
2025-02-26,2024020930,2024,OTT,WPG,0.3843983507377986,0.4310224326504495,v1-backfill,0.0
2025-02-26,2024020931,2024,COL,NJD,0.6180588869108173,0.5996222906228946,v1-backfill,1.0
2025-02-26,2024020932,2024,LAK,VAN,0.5514827688339876,0.5848435493627319,v1-backfill,0.0
2025-02-27,2024020933,2024,BOS,NYI,0.5152858534775469,0.5804141808553973,v1-backfill,0.0
2025-02-27,2024020934,2024,MTL,SJS,0.6937487365365338,0.6837449160295129,v1-backfill,1.0
2025-02-27,2024020935,2024,DET,CBJ,0.6080591805952145,0.6010029857582879,v1-backfill,0.0
2025-02-27,2024020936,2024,TBL,CGY,0.611487454127315,0.6157150374748381,v1-backfill,1.0
2025-02-27,2024020937,2024,FLA,EDM,0.5560148187010341,0.5685479960629928,v1-backfill,1.0
2025-02-27,2024020938,2024,PIT,PHI,0.480067217263366,0.532222888216889,v1-backfill,1.0
2025-02-27,2024020939,2024,WSH,STL,0.6023713838912688,0.6433658479250174,v1-backfill,0.0
2025-02-27,2024020940,2024,CAR,BUF,0.6970915665715747,0.6458059157185883,v1-backfill,1.0
2025-02-27,2024020941,2024,NSH,WPG,0.4871321216935698,0.3815537905439755,v1-backfill,1.0
2025-02-27,2024020942,2024,UTA,MIN,0.533324530072389,0.4663433128645139,v1-backfill,1.0
2025-02-27,2024020943,2024,VGK,CHI,0.7659454617594764,0.7378363240788388,v1-backfill,1.0
2025-02-27,2024020944,2024,ANA,VAN,0.5169317756201143,0.4616205973662705,v1-backfill,1.0
2025-02-28,2024020945,2024,NYR,TOR,0.4862321265348515,0.5199117220545448,v1-backfill,0.0
2025-02-28,2024020946,2024,DAL,LAK,0.5406392912233046,0.6079875917728396,v1-backfill,1.0
2025-02-28,2024020947,2024,COL,MIN,0.7174172826742125,0.5870722580282816,v1-backfill,1.0
2025-03-01,2024020948,2024,CBJ,DET,0.4776954602368386,0.5121628108806278,v1-backfill,1.0
2025-03-01,2024020949,2024,NYI,NSH,0.5455166935928815,0.5747031102733341,v1-backfill,1.0
2025-03-01,2024020950,2024,WSH,TBL,0.5029377544055197,0.5588878644716129,v1-backfill,0.0
2025-03-01,2024020951,2024,FLA,CGY,0.7168932175615108,0.6603613849850213,v1-backfill,1.0
2025-03-01,2024020952,2024,PIT,BOS,0.5459652752064521,0.4924929648532848,v1-backfill,0.0
2025-03-01,2024020953,2024,BUF,MTL,0.5800380124718497,0.5613042829550212,v1-backfill,0.0
2025-03-01,2024020954,2024,OTT,SJS,0.7430985538577365,0.7194395315132524,v1-backfill,1.0
2025-03-01,2024020955,2024,CAR,EDM,0.5738061539261339,0.5541657910460459,v1-backfill,0.0
2025-03-01,2024020956,2024,WPG,PHI,0.70586139624408,0.7003740870149132,v1-backfill,0.0
2025-03-01,2024020957,2024,STL,LAK,0.5403796378216299,0.5010159943638818,v1-backfill,1.0
2025-03-01,2024020958,2024,UTA,NJD,0.549697170116766,0.5008033453965911,v1-backfill,0.0
2025-03-01,2024020959,2024,ANA,CHI,0.6017547232156373,0.6323739404112594,v1-backfill,0.0
2025-03-01,2024020960,2024,SEA,VAN,0.4737628967120179,0.4832479754652466,v1-backfill,1.0
2025-03-02,2024020961,2024,PIT,TOR,0.3073582436134113,0.4070464778397891,v1-backfill,0.0
2025-03-02,2024020962,2024,MIN,BOS,0.5923623512984698,0.5697118236600649,v1-backfill,1.0
2025-03-02,2024020963,2024,CAR,CGY,0.6507536189849382,0.6357291285915838,v1-backfill,1.0
2025-03-02,2024020964,2024,DAL,STL,0.714399582762992,0.6568751979416675,v1-backfill,1.0
2025-03-02,2024020965,2024,NYR,NSH,0.6469759472512745,0.632741636858355,v1-backfill,1.0
2025-03-02,2024020966,2024,VGK,NJD,0.6795656705086046,0.5950267343532863,v1-backfill,1.0
2025-03-03,2024020967,2024,WSH,OTT,0.5784568019743946,0.6140941638955836,v1-backfill,1.0
2025-03-03,2024020968,2024,MTL,BUF,0.5220846359166346,0.551861140567325,v1-backfill,1.0
2025-03-03,2024020969,2024,FLA,TBL,0.5994038984571617,0.586494054187723,v1-backfill,1.0
2025-03-03,2024020970,2024,NYR,NYI,0.4619006489079717,0.6039972008614238,v1-backfill,1.0
2025-03-03,2024020971,2024,TOR,SJS,0.7184706706407312,0.7897193066930218,v1-backfill,0.0
2025-03-03,2024020972,2024,CHI,LAK,0.2912089545755885,0.3767612426357113,v1-backfill,1.0
2025-03-04,2024020973,2024,BOS,NSH,0.5434907122778454,0.6010803975312424,v1-backfill,0.0
2025-03-04,2024020974,2024,BUF,SJS,0.6861740475007942,0.6864498530618107,v1-backfill,0.0
2025-03-04,2024020975,2024,DET,CAR,0.3737864145636883,0.4741645841496131,v1-backfill,0.0
2025-03-04,2024020976,2024,TBL,CBJ,0.4934668358946828,0.6398659514119518,v1-backfill,1.0
2025-03-04,2024020977,2024,PHI,CGY,0.462714640237125,0.533191921983182,v1-backfill,0.0
2025-03-04,2024020978,2024,NYI,WPG,0.2973751528705814,0.4249510819650004,v1-backfill,1.0
2025-03-04,2024020979,2024,DAL,NJD,0.5857298541096377,0.6438695691929379,v1-backfill,1.0
2025-03-04,2024020980,2024,COL,PIT,0.6421210221787347,0.6811572474446573,v1-backfill,1.0
2025-03-04,2024020981,2024,EDM,ANA,0.7073878056388873,0.6926802623200833,v1-backfill,0.0
2025-03-04,2024020982,2024,SEA,MIN,0.4663355741493558,0.4657212113912213,v1-backfill,0.0
2025-03-05,2024020983,2024,NYR,WSH,0.5257212116307132,0.5334556716037375,v1-backfill,0.0
2025-03-05,2024020984,2024,CHI,OTT,0.3102210350919385,0.4186791983648068,v1-backfill,0.0
2025-03-05,2024020985,2024,VGK,TOR,0.5857723899951525,0.5367731527812059,v1-backfill,1.0
2025-03-05,2024020986,2024,VAN,ANA,0.6875661672186915,0.6178922569323542,v1-backfill,1.0
2025-03-05,2024020987,2024,LAK,STL,0.5836982617414331,0.5841979459529013,v1-backfill,0.0
2025-03-06,2024020988,2024,DET,UTA,0.534142133882448,0.585348165587248,v1-backfill,0.0
2025-03-06,2024020989,2024,TBL,BUF,0.6566285726529013,0.6611679882081021,v1-backfill,1.0
2025-03-06,2024020990,2024,FLA,CBJ,0.740318924925116,0.6851339197541463,v1-backfill,1.0
2025-03-06,2024020991,2024,PHI,WPG,0.4235750378597674,0.4015417866718921,v1-backfill,0.0
2025-03-06,2024020992,2024,CAR,BOS,0.7183536934194192,0.6292132854649783,v1-backfill,1.0
2025-03-06,2024020993,2024,NSH,SEA,0.5174903467925015,0.5651495213289947,v1-backfill,1.0
2025-03-06,2024020994,2024,DAL,CGY,0.6631234161395961,0.6723053754770306,v1-backfill,1.0
2025-03-06,2024020995,2024,EDM,MTL,0.6808751486572917,0.649204127385499,v1-backfill,1.0
2025-03-06,2024020996,2024,COL,SJS,0.824250795454564,0.7746154535955634,v1-backfill,1.0
2025-03-07,2024020997,2024,NJD,WPG,0.4488755606182434,0.4486109841710937,v1-backfill,0.0
2025-03-07,2024020998,2024,WSH,DET,0.6705403414036859,0.6336873040568065,v1-backfill,1.0
2025-03-07,2024020999,2024,CHI,UTA,0.3812814310459457,0.4474747612920665,v1-backfill,1.0
2025-03-07,2024021000,2024,VAN,MIN,0.5361478638858186,0.5199228557340989,v1-backfill,1.0
2025-03-07,2024021001,2024,VGK,PIT,0.6283429409048409,0.6817498026538374,v1-backfill,1.0
2025-03-07,2024021002,2024,ANA,STL,0.4059382167522105,0.4855296093301572,v1-backfill,0.0
2025-03-08,2024021003,2024,OTT,NYR,0.5138002845416698,0.5029158908519172,v1-backfill,1.0
2025-03-08,2024021004,2024,PHI,SEA,0.6063532684125162,0.5622583785710724,v1-backfill,0.0
2025-03-08,2024021005,2024,TBL,BOS,0.635922867052815,0.6263953238895404,v1-backfill,0.0
2025-03-08,2024021006,2024,FLA,BUF,0.6801754423456152,0.7043548533316206,v1-backfill,1.0
2025-03-08,2024021007,2024,COL,TOR,0.5713414147120813,0.5565173258382361,v1-backfill,1.0
2025-03-08,2024021008,2024,CGY,MTL,0.5897331206998107,0.5672400883351828,v1-backfill,1.0
2025-03-08,2024021009,2024,NSH,CHI,0.7468132276446953,0.6457626396004309,v1-backfill,1.0
2025-03-08,2024021010,2024,LAK,STL,0.6711710171934516,0.5695478077540991,v1-backfill,1.0
2025-03-08,2024021011,2024,EDM,DAL,0.5399204151092577,0.5076879981594165,v1-backfill,1.0
2025-03-08,2024021012,2024,SJS,NYI,0.3105340518043766,0.3786497592854357,v1-backfill,0.0
2025-03-09,2024021013,2024,PHI,NJD,0.3479936344589042,0.4916254197197688,v1-backfill,0.0
2025-03-09,2024021014,2024,WSH,SEA,0.6723206052319999,0.6736283687519552,v1-backfill,1.0
2025-03-09,2024021015,2024,MIN,PIT,0.5352691946129023,0.6500269336833631,v1-backfill,0.0
2025-03-09,2024021016,2024,CAR,WPG,0.5409636196020258,0.5181587023981489,v1-backfill,1.0
2025-03-09,2024021017,2024,NYR,CBJ,0.5214818905883697,0.6272352637525307,v1-backfill,0.0
2025-03-09,2024021018,2024,VGK,LAK,0.6923963866314741,0.6018737404000603,v1-backfill,0.0
2025-03-09,2024021019,2024,VAN,DAL,0.5359132635783134,0.4535227754027747,v1-backfill,0.0
2025-03-09,2024021020,2024,ANA,NYI,0.4975102522822754,0.4776296267735047,v1-backfill,1.0
2025-03-10,2024021021,2024,BUF,EDM,0.3537233848324875,0.4150782366094725,v1-backfill,1.0
2025-03-10,2024021022,2024,OTT,DET,0.5663786798301319,0.5718254378838638,v1-backfill,1.0
2025-03-10,2024021023,2024,COL,CHI,0.7966851731079887,0.7513082740457077,v1-backfill,1.0
2025-03-10,2024021024,2024,UTA,TOR,0.4639202635292287,0.4382941322795112,v1-backfill,0.0
2025-03-11,2024021025,2024,BOS,FLA,0.3158500447355515,0.4336410993297235,v1-backfill,1.0
2025-03-11,2024021026,2024,NJD,CBJ,0.5836990110096383,0.5884960284758197,v1-backfill,1.0
2025-03-11,2024021027,2024,PHI,OTT,0.5432956966677432,0.4813903154841986,v1-backfill,0.0
2025-03-11,2024021028,2024,PIT,VGK,0.385002128047646,0.4181111233805802,v1-backfill,1.0
2025-03-11,2024021029,2024,CAR,TBL,0.6040908304826142,0.5741302947365914,v1-backfill,1.0
2025-03-11,2024021030,2024,MIN,COL,0.4951502702864987,0.486334951019708,v1-backfill,1.0
2025-03-11,2024021031,2024,WPG,NYR,0.634325799290333,0.6226645770083902,v1-backfill,1.0
2025-03-11,2024021032,2024,VAN,MTL,0.5848469934781397,0.598045950746001,v1-backfill,0.0
2025-03-11,2024021033,2024,ANA,WSH,0.3324100170046881,0.4024516582600166,v1-backfill,0.0
2025-03-11,2024021034,2024,LAK,NYI,0.5798364137382368,0.5887332935096172,v1-backfill,1.0
2025-03-11,2024021035,2024,SJS,NSH,0.3279654036806376,0.3994093080312915,v1-backfill,0.0
2025-03-12,2024021036,2024,DET,BUF,0.5353915549173907,0.575273139764912,v1-backfill,1.0
2025-03-12,2024021037,2024,CGY,VAN,0.5925986880564663,0.5354766920979934,v1-backfill,0.0
2025-03-12,2024021038,2024,UTA,ANA,0.7514241627977843,0.5785772749881503,v1-backfill,1.0
2025-03-12,2024021039,2024,SEA,MTL,0.5870111948490018,0.5248406720274994,v1-backfill,1.0
2025-03-13,2024021040,2024,TOR,FLA,0.3966217621028863,0.5139043098217391,v1-backfill,0.0
2025-03-13,2024021041,2024,OTT,BOS,0.5827491070853813,0.5568274332252848,v1-backfill,1.0
2025-03-13,2024021042,2024,NJD,EDM,0.4268196206295762,0.4908277219624777,v1-backfill,1.0
2025-03-13,2024021043,2024,PHI,TBL,0.4645344951840676,0.424601641290506,v1-backfill,1.0
2025-03-13,2024021044,2024,PIT,STL,0.4928504336264084,0.4946484955718553,v1-backfill,1.0
2025-03-13,2024021045,2024,CBJ,VGK,0.3416039586454327,0.4505891044994685,v1-backfill,0.0
2025-03-13,2024021046,2024,MIN,NYR,0.5279734729900112,0.5497503033719481,v1-backfill,0.0
2025-03-13,2024021047,2024,LAK,WSH,0.5433423185772757,0.5013265648605079,v1-backfill,1.0
2025-03-13,2024021048,2024,SJS,CHI,0.5284993518300081,0.5017398443035773,v1-backfill,1.0
2025-03-14,2024021049,2024,CAR,DET,0.6796110146630735,0.6576681117568367,v1-backfill,1.0
2025-03-14,2024021050,2024,NYI,EDM,0.4643315780389615,0.4696725899689178,v1-backfill,0.0
2025-03-14,2024021051,2024,WPG,DAL,0.5914948575854473,0.548046889401552,v1-backfill,1.0
2025-03-14,2024021052,2024,CGY,COL,0.4303961141965572,0.4475128297583441,v1-backfill,0.0
2025-03-14,2024021053,2024,ANA,NSH,0.4076446675035233,0.5001029339324861,v1-backfill,1.0
2025-03-14,2024021054,2024,SEA,UTA,0.4231452201445338,0.5359307485304186,v1-backfill,1.0
2025-03-15,2024021055,2024,BUF,VGK,0.3471542853486797,0.4263230888550938,v1-backfill,1.0
2025-03-15,2024021056,2024,PIT,NJD,0.4529719089689051,0.4781135650506394,v1-backfill,1.0
2025-03-15,2024021057,2024,SJS,WSH,0.2646511765301896,0.2992336662027983,v1-backfill,0.0
2025-03-15,2024021058,2024,BOS,TBL,0.4292326386326349,0.4969239618838392,v1-backfill,0.0
2025-03-15,2024021059,2024,TOR,OTT,0.5799261789838456,0.5989423040865176,v1-backfill,0.0
2025-03-15,2024021060,2024,MTL,FLA,0.275748216184094,0.3982990174918525,v1-backfill,1.0
2025-03-15,2024021061,2024,PHI,CAR,0.3796728150442374,0.3923134011049234,v1-backfill,0.0
2025-03-15,2024021062,2024,CBJ,NYR,0.4116100732227908,0.4750963536618985,v1-backfill,0.0
2025-03-15,2024021063,2024,MIN,STL,0.5663956754631652,0.5841312611469024,v1-backfill,0.0
2025-03-15,2024021064,2024,LAK,NSH,0.6786704150920074,0.6232670461329042,v1-backfill,1.0
2025-03-15,2024021065,2024,VAN,CHI,0.6487889477006078,0.6935029311919737,v1-backfill,1.0
2025-03-16,2024021066,2024,DET,VGK,0.5042295743938079,0.4617997313421333,v1-backfill,1.0
2025-03-16,2024021067,2024,COL,DAL,0.5243930622926553,0.5302808163273709,v1-backfill,1.0
2025-03-16,2024021068,2024,STL,ANA,0.5269210186400026,0.6192071909181002,v1-backfill,1.0
2025-03-16,2024021069,2024,NYR,EDM,0.3651917818363463,0.5199244976921157,v1-backfill,0.0
2025-03-16,2024021070,2024,NYI,FLA,0.4829547622197421,0.4240308375575009,v1-backfill,1.0
2025-03-16,2024021071,2024,VAN,UTA,0.4414408233936764,0.6044889448277421,v1-backfill,0.0
2025-03-16,2024021072,2024,SEA,WPG,0.4036738276909083,0.3836715256590526,v1-backfill,0.0
2025-03-17,2024021073,2024,BOS,BUF,0.5104380111155116,0.5947853599365117,v1-backfill,0.0
2025-03-17,2024021074,2024,TBL,PHI,0.6721306196545161,0.6705596079051086,v1-backfill,1.0
2025-03-17,2024021075,2024,CBJ,NJD,0.4455822352869119,0.4913148951508381,v1-backfill,0.0
2025-03-17,2024021076,2024,TOR,CGY,0.5675224903834273,0.6308494913852779,v1-backfill,1.0
2025-03-17,2024021077,2024,MIN,LAK,0.4557483735514923,0.5253619461638409,v1-backfill,1.0
2025-03-18,2024021078,2024,MTL,OTT,0.45599341724495,0.4950827034791454,v1-backfill,1.0
2025-03-18,2024021079,2024,NYR,CGY,0.6614033060287998,0.6096223596034201,v1-backfill,0.0
2025-03-18,2024021080,2024,PIT,NYI,0.4429486100317061,0.514173737166656,v1-backfill,0.0
2025-03-18,2024021081,2024,WSH,DET,0.6017940500765007,0.6450439902526002,v1-backfill,1.0
2025-03-18,2024021082,2024,NSH,STL,0.5255699673640637,0.5105258249129699,v1-backfill,0.0
2025-03-18,2024021083,2024,DAL,ANA,0.713512798072802,0.719407844640971,v1-backfill,1.0
2025-03-18,2024021084,2024,CHI,SEA,0.3354219190606891,0.4521555656892232,v1-backfill,0.0
2025-03-18,2024021085,2024,EDM,UTA,0.6256061692164688,0.6603066673924574,v1-backfill,1.0
2025-03-18,2024021086,2024,VAN,WPG,0.3668700490067357,0.4312610365597211,v1-backfill,1.0
2025-03-19,2024021087,2024,TOR,COL,0.4225661073741499,0.5210630929314576,v1-backfill,1.0
2025-03-19,2024021088,2024,MIN,SEA,0.6969142551759792,0.6198586603291965,v1-backfill,1.0
2025-03-20,2024021089,2024,OTT,COL,0.4516476486648733,0.4804316643692807,v1-backfill,0.0
2025-03-20,2024021090,2024,NJD,CGY,0.5401967030813696,0.5879528789304959,v1-backfill,0.0
2025-03-20,2024021091,2024,NYR,TOR,0.559385974490755,0.5068016821959034,v1-backfill,0.0
2025-03-20,2024021092,2024,WSH,PHI,0.6496772633246136,0.695888497948758,v1-backfill,1.0
2025-03-20,2024021093,2024,CBJ,FLA,0.3222611696402758,0.3975219999884985,v1-backfill,0.0
2025-03-20,2024021094,2024,NYI,MTL,0.5869092275390664,0.5693789593738813,v1-backfill,1.0
2025-03-20,2024021095,2024,STL,VAN,0.5249739287004491,0.5489099674676855,v1-backfill,1.0
2025-03-20,2024021096,2024,NSH,ANA,0.639389006195057,0.5859929594088866,v1-backfill,0.0
2025-03-20,2024021097,2024,DAL,TBL,0.5109407403755998,0.5944564262904026,v1-backfill,0.0
2025-03-20,2024021098,2024,CHI,LAK,0.2736855729886353,0.3595523057697091,v1-backfill,0.0
2025-03-20,2024021099,2024,EDM,WPG,0.5112118439848254,0.5153099180610075,v1-backfill,0.0
2025-03-20,2024021100,2024,UTA,BUF,0.543268552039423,0.5525032472579511,v1-backfill,1.0
2025-03-20,2024021101,2024,VGK,BOS,0.6315885617121104,0.616546652597887,v1-backfill,1.0
2025-03-20,2024021102,2024,SJS,CAR,0.2046933800959902,0.2770951149751786,v1-backfill,0.0
2025-03-21,2024021103,2024,PIT,CBJ,0.5397360594543088,0.5519240791399015,v1-backfill,1.0
2025-03-22,2024021104,2024,NYR,VAN,0.5625737244262319,0.5658458840248847,v1-backfill,1.0
2025-03-22,2024021105,2024,DAL,PHI,0.6720530003812643,0.7143987121507811,v1-backfill,1.0
2025-03-22,2024021106,2024,MIN,BUF,0.564752829374173,0.6266504534223399,v1-backfill,1.0
2025-03-22,2024021107,2024,STL,CHI,0.7316078758817975,0.7088578948570483,v1-backfill,1.0
2025-03-22,2024021108,2024,NYI,CGY,0.5590339014678936,0.5614681949104727,v1-backfill,0.0
2025-03-22,2024021109,2024,LAK,CAR,0.3630295565632386,0.4877856193145803,v1-backfill,1.0
2025-03-22,2024021110,2024,WSH,FLA,0.5063516498988159,0.533717016521105,v1-backfill,1.0
2025-03-22,2024021111,2024,UTA,TBL,0.5132144577528822,0.4438332908003049,v1-backfill,1.0
2025-03-22,2024021112,2024,MTL,COL,0.3771706749477483,0.4282582419566079,v1-backfill,0.0
2025-03-22,2024021113,2024,NJD,OTT,0.5224568240381985,0.5485754259183923,v1-backfill,0.0
2025-03-22,2024021114,2024,NSH,TOR,0.47868061041006,0.4238577153238744,v1-backfill,1.0
2025-03-22,2024021115,2024,VGK,DET,0.6620252046507983,0.6319256396520748,v1-backfill,1.0
2025-03-22,2024021116,2024,EDM,SEA,0.6707212182508571,0.671581155148777,v1-backfill,1.0
2025-03-22,2024021117,2024,SJS,BOS,0.3852384457915441,0.3753507306829758,v1-backfill,1.0
2025-03-23,2024021118,2024,CHI,PHI,0.395453270414421,0.4631112987334214,v1-backfill,1.0
2025-03-23,2024021119,2024,WPG,BUF,0.6927914277293817,0.7109273584110181,v1-backfill,0.0
2025-03-23,2024021120,2024,FLA,PIT,0.6462370399351274,0.6889688626665152,v1-backfill,1.0
2025-03-23,2024021121,2024,STL,NSH,0.5375843204748516,0.6073690992528797,v1-backfill,1.0
2025-03-23,2024021122,2024,VGK,TBL,0.4510848467823746,0.5552931260679219,v1-backfill,1.0
2025-03-23,2024021123,2024,ANA,CAR,0.3095739745336286,0.3801990675009135,v1-backfill,0.0
2025-03-23,2024021124,2024,LAK,BOS,0.6172308418679637,0.6174162968463376,v1-backfill,1.0
2025-03-24,2024021125,2024,NJD,VAN,0.5446071915141039,0.555235646056327,v1-backfill,0.0
2025-03-24,2024021126,2024,NYI,CBJ,0.5939947801730022,0.6027622001476536,v1-backfill,0.0
2025-03-24,2024021127,2024,DAL,MIN,0.5955416947912979,0.6218325742976555,v1-backfill,1.0
2025-03-24,2024021128,2024,UTA,DET,0.5393910253366453,0.5443612114988399,v1-backfill,0.0
2025-03-25,2024021129,2024,BUF,OTT,0.4929292856331406,0.4838282334098679,v1-backfill,1.0
2025-03-25,2024021130,2024,TOR,PHI,0.6568232788892777,0.6926764018951165,v1-backfill,1.0
2025-03-25,2024021131,2024,TBL,PIT,0.6722348207445532,0.6531083239980511,v1-backfill,1.0
2025-03-25,2024021132,2024,CAR,NSH,0.6687771977197334,0.6918402828611444,v1-backfill,0.0
2025-03-25,2024021133,2024,STL,MTL,0.570692511946067,0.5998504771498583,v1-backfill,1.0
2025-03-25,2024021134,2024,MIN,VGK,0.2888273466641719,0.5061384884241398,v1-backfill,0.0
2025-03-25,2024021135,2024,WPG,WSH,0.5761349751164534,0.5669171525767707,v1-backfill,1.0
2025-03-25,2024021136,2024,COL,DET,0.7036375381132588,0.6617304061802414,v1-backfill,1.0
2025-03-25,2024021137,2024,CGY,SEA,0.540303554845652,0.596479070137851,v1-backfill,1.0
2025-03-25,2024021138,2024,LAK,NYR,0.5733379617973617,0.57606744580026,v1-backfill,1.0
2025-03-26,2024021139,2024,NYI,VAN,0.5583115766734598,0.534307996012448,v1-backfill,0.0
2025-03-26,2024021140,2024,CHI,NJD,0.3516659388507565,0.3931287219080907,v1-backfill,0.0
2025-03-26,2024021141,2024,EDM,DAL,0.5206723277277028,0.5193699465487064,v1-backfill,0.0
2025-03-26,2024021142,2024,ANA,BOS,0.4614143901600722,0.4979232738780749,v1-backfill,1.0
2025-03-27,2024021143,2024,BUF,PIT,0.5720675878596809,0.5637729856955156,v1-backfill,1.0
2025-03-27,2024021144,2024,DET,OTT,0.4530111521657206,0.5131748401736062,v1-backfill,0.0
2025-03-27,2024021145,2024,TBL,UTA,0.6604336348237398,0.6451781879484189,v1-backfill,1.0
2025-03-27,2024021146,2024,PHI,MTL,0.5337630772520792,0.5001069967487127,v1-backfill,1.0
2025-03-27,2024021147,2024,NSH,STL,0.5091422136517068,0.4859926446676137,v1-backfill,0.0
2025-03-27,2024021148,2024,MIN,WSH,0.4677031166470662,0.4819151449722539,v1-backfill,1.0
2025-03-27,2024021149,2024,COL,LAK,0.6440409225790076,0.5936229057975825,v1-backfill,1.0
2025-03-27,2024021150,2024,CGY,DAL,0.5325593595262487,0.4284521572995468,v1-backfill,0.0
2025-03-27,2024021151,2024,SEA,EDM,0.4327294188977438,0.4178194271420811,v1-backfill,1.0
2025-03-27,2024021152,2024,SJS,TOR,0.2630674821500138,0.3036589653804715,v1-backfill,1.0
2025-03-28,2024021153,2024,FLA,UTA,0.7316895829364017,0.6858743828440499,v1-backfill,1.0
2025-03-28,2024021154,2024,CAR,MTL,0.7711220908087455,0.6793394370641719,v1-backfill,1.0
2025-03-28,2024021155,2024,CBJ,VAN,0.4753860534482243,0.48405346465722,v1-backfill,1.0
2025-03-28,2024021156,2024,WPG,NJD,0.6538485716456879,0.6545428269880872,v1-backfill,1.0
2025-03-28,2024021157,2024,CHI,VGK,0.2518476014073884,0.3182249319505011,v1-backfill,0.0
2025-03-28,2024021158,2024,ANA,NYR,0.4236540005171815,0.4568958646220562,v1-backfill,1.0
2025-03-29,2024021159,2024,PHI,BUF,0.5001133966941488,0.5054700429110648,v1-backfill,1.0
2025-03-29,2024021160,2024,TBL,NYI,0.5579442213061837,0.6298993625977654,v1-backfill,1.0
2025-03-29,2024021161,2024,COL,STL,0.6531105650894663,0.62472259599165,v1-backfill,0.0
2025-03-29,2024021162,2024,MIN,NJD,0.6226382840887977,0.5767043593150029,v1-backfill,0.0
2025-03-29,2024021163,2024,NSH,VGK,0.4191343620983164,0.4227666770100089,v1-backfill,0.0
2025-03-29,2024021164,2024,OTT,CBJ,0.6636683613224379,0.6189143465708049,v1-backfill,1.0
2025-03-29,2024021165,2024,LAK,TOR,0.5475819302645747,0.5352746421291013,v1-backfill,0.0
2025-03-29,2024021166,2024,DET,BOS,0.5587253717470498,0.552218142006569,v1-backfill,1.0
2025-03-29,2024021167,2024,EDM,CGY,0.5999939453899854,0.6253334730685617,v1-backfill,1.0
2025-03-29,2024021168,2024,SJS,NYR,0.4262958465990402,0.3584992871567211,v1-backfill,0.0
2025-03-29,2024021169,2024,SEA,DAL,0.4333094423893103,0.3783764194676068,v1-backfill,0.0
2025-03-30,2024021170,2024,FLA,MTL,0.7558279960989696,0.6911948365358845,v1-backfill,0.0
2025-03-30,2024021171,2024,WSH,BUF,0.7080187705887129,0.6698927906739296,v1-backfill,0.0
2025-03-30,2024021172,2024,WPG,VAN,0.6779441944673301,0.6569388628164218,v1-backfill,1.0
2025-03-30,2024021173,2024,CHI,UTA,0.3357518582689984,0.4292778861380121,v1-backfill,0.0
2025-03-30,2024021174,2024,PIT,OTT,0.5311508015883333,0.4666863373643146,v1-backfill,1.0
2025-03-30,2024021175,2024,CAR,NYI,0.7432629261446464,0.6645920874420743,v1-backfill,1.0
2025-03-30,2024021176,2024,ANA,TOR,0.4429425222214134,0.4095957997089389,v1-backfill,0.0
2025-03-30,2024021177,2024,LAK,SJS,0.7250315261710448,0.7539345997959949,v1-backfill,1.0
2025-03-31,2024021178,2024,NJD,MIN,0.4966356042998485,0.5366366993773256,v1-backfill,1.0
2025-03-31,2024021179,2024,PHI,NSH,0.4729951734766474,0.5263186474238353,v1-backfill,1.0
2025-03-31,2024021180,2024,COL,CGY,0.6637779697264606,0.6574575477598366,v1-backfill,0.0
2025-03-31,2024021181,2024,SEA,DAL,0.379561243829145,0.3702149073173439,v1-backfill,0.0
2025-04-01,2024021182,2024,BOS,WSH,0.3890361963616551,0.436901303111519,v1-backfill,0.0
2025-04-01,2024021183,2024,MTL,FLA,0.3490496336642598,0.4160287412459689,v1-backfill,1.0
2025-04-01,2024021184,2024,OTT,BUF,0.5923674429225749,0.6025128328292322,v1-backfill,0.0
2025-04-01,2024021185,2024,CBJ,NSH,0.5659746010488229,0.5511155709209236,v1-backfill,1.0
2025-04-01,2024021186,2024,NYI,TBL,0.41319468290764,0.4555262605167237,v1-backfill,0.0
2025-04-01,2024021187,2024,STL,DET,0.570578751845573,0.6093308051013536,v1-backfill,1.0
2025-04-01,2024021188,2024,UTA,CGY,0.574011114674924,0.5188237669202428,v1-backfill,1.0
2025-04-01,2024021189,2024,VGK,EDM,0.5288567915409655,0.5665403429901298,v1-backfill,0.0
2025-04-01,2024021190,2024,ANA,SJS,0.6486908237083346,0.6580256333623526,v1-backfill,1.0
2025-04-01,2024021191,2024,LAK,WPG,0.4430324814663802,0.4769404558597019,v1-backfill,1.0
2025-04-02,2024021192,2024,NYR,MIN,0.4870355748536602,0.5531564663397468,v1-backfill,1.0
2025-04-02,2024021193,2024,CAR,WSH,0.671636554233723,0.5704387964230752,v1-backfill,1.0
2025-04-02,2024021194,2024,TOR,FLA,0.4520849568251361,0.5362346452740047,v1-backfill,1.0
2025-04-02,2024021195,2024,CHI,COL,0.2353842192360307,0.2976315127916866,v1-backfill,0.0
2025-04-02,2024021196,2024,VAN,SEA,0.513064076651498,0.6124701287687527,v1-backfill,0.0
2025-04-03,2024021197,2024,MTL,BOS,0.5603159661171264,0.5586092390334515,v1-backfill,1.0
2025-04-03,2024021198,2024,OTT,TBL,0.4502688096553722,0.488454849135292,v1-backfill,1.0
2025-04-03,2024021199,2024,CBJ,COL,0.4147728887212714,0.4047984254944858,v1-backfill,0.0
2025-04-03,2024021200,2024,STL,PIT,0.6271250907840978,0.6414980608373666,v1-backfill,1.0
2025-04-03,2024021201,2024,DAL,NSH,0.6458193954381434,0.7251713009403681,v1-backfill,1.0
2025-04-03,2024021202,2024,UTA,LAK,0.4386515530704049,0.4609675066286591,v1-backfill,0.0
2025-04-03,2024021203,2024,CGY,ANA,0.6123398621338163,0.6049914027275173,v1-backfill,1.0
2025-04-03,2024021204,2024,VGK,WPG,0.5670149071055287,0.513959219759543,v1-backfill,0.0
2025-04-03,2024021205,2024,SJS,EDM,0.2076225422280797,0.2972521285033125,v1-backfill,0.0
2025-04-04,2024021206,2024,DET,CAR,0.3412573398822932,0.4160509966888789,v1-backfill,1.0
2025-04-04,2024021207,2024,WSH,CHI,0.7413608705325525,0.7693865776019206,v1-backfill,1.0
2025-04-04,2024021208,2024,NYI,MIN,0.5376281812586906,0.5051802747566069,v1-backfill,1.0
2025-04-05,2024021209,2024,NJD,NYR,0.5121839900259367,0.5375102182838803,v1-backfill,1.0
2025-04-05,2024021210,2024,OTT,FLA,0.3646196411263984,0.4817497334438244,v1-backfill,1.0
2025-04-05,2024021211,2024,DAL,PIT,0.6615259606687818,0.7249737585592104,v1-backfill,0.0
2025-04-05,2024021212,2024,VAN,ANA,0.5950707663164925,0.6182856616476937,v1-backfill,1.0
2025-04-05,2024021213,2024,LAK,EDM,0.4759189087376982,0.5307434578159244,v1-backfill,1.0
2025-04-05,2024021214,2024,BOS,CAR,0.3622892718291514,0.4038689387891275,v1-backfill,1.0
2025-04-05,2024021215,2024,BUF,TBL,0.4537421007174422,0.4547223937934709,v1-backfill,1.0
2025-04-05,2024021216,2024,TOR,CBJ,0.6406805152067775,0.6808262594172911,v1-backfill,1.0
2025-04-05,2024021217,2024,MTL,PHI,0.5993304375735358,0.5910022857123625,v1-backfill,1.0
2025-04-05,2024021218,2024,STL,COL,0.4415946429816798,0.4919900475627398,v1-backfill,1.0
2025-04-05,2024021219,2024,UTA,WPG,0.3854352184390455,0.3900862655201597,v1-backfill,1.0
2025-04-05,2024021220,2024,CGY,VGK,0.4552334976531153,0.4668634635963934,v1-backfill,0.0
2025-04-05,2024021221,2024,SJS,SEA,0.3520458078738889,0.4133622525522054,v1-backfill,0.0
2025-04-06,2024021222,2024,NYI,WSH,0.4679157027113805,0.4455594367453541,v1-backfill,1.0
2025-04-06,2024021223,2024,MIN,DAL,0.4888579444860933,0.4341984490088234,v1-backfill,1.0
2025-04-06,2024021224,2024,OTT,CBJ,0.5839432981671604,0.6306940299769027,v1-backfill,1.0
2025-04-06,2024021225,2024,DET,FLA,0.4691879476219434,0.4485709946726057,v1-backfill,1.0
2025-04-06,2024021226,2024,BUF,BOS,0.5422765992817576,0.5672141267260006,v1-backfill,1.0
2025-04-06,2024021227,2024,CHI,PIT,0.4702745582900606,0.4247238587380462,v1-backfill,1.0
2025-04-06,2024021228,2024,NSH,MTL,0.618965408221598,0.5087879357824269,v1-backfill,0.0
2025-04-06,2024021229,2024,VAN,VGK,0.3737085135407941,0.4723725910809574,v1-backfill,0.0
2025-04-07,2024021230,2024,NYR,TBL,0.4376450028165981,0.5052584372189817,v1-backfill,0.0
2025-04-07,2024021231,2024,WPG,STL,0.633742630579022,0.6154705884677303,v1-backfill,1.0
2025-04-07,2024021232,2024,ANA,EDM,0.347636752438619,0.3981484268492992,v1-backfill,1.0
2025-04-07,2024021233,2024,LAK,SEA,0.6415748505801673,0.6600271998210665,v1-backfill,0.0
2025-04-07,2024021234,2024,SJS,CGY,0.3015298027140156,0.3695145276655537,v1-backfill,0.0
2025-04-08,2024021235,2024,BUF,CAR,0.3712843190957209,0.4389273955602178,v1-backfill,1.0
2025-04-08,2024021236,2024,MTL,DET,0.4746328962916973,0.5470842199414491,v1-backfill,1.0
2025-04-08,2024021237,2024,FLA,TOR,0.6106597912898264,0.5376997794813047,v1-backfill,1.0
2025-04-08,2024021238,2024,NJD,BOS,0.6230212930616937,0.6104859679023005,v1-backfill,0.0
2025-04-08,2024021239,2024,CBJ,OTT,0.4731052583114321,0.4585311512634732,v1-backfill,1.0
2025-04-08,2024021240,2024,PIT,CHI,0.6299760431908088,0.657771386143081,v1-backfill,1.0
2025-04-08,2024021241,2024,NSH,NYI,0.4643318829478398,0.4983000809866884,v1-backfill,1.0
2025-04-08,2024021242,2024,DAL,VAN,0.5964926422639018,0.6694116833842234,v1-backfill,0.0
2025-04-08,2024021243,2024,UTA,SEA,0.6007507622943946,0.5594958856713133,v1-backfill,1.0
2025-04-08,2024021244,2024,COL,VGK,0.5448176777226231,0.5615329973749698,v1-backfill,1.0
2025-04-09,2024021245,2024,TBL,TOR,0.610753926289206,0.5382667019321328,v1-backfill,0.0
2025-04-09,2024021246,2024,NYR,PHI,0.6408350620194161,0.6348169308672348,v1-backfill,0.0
2025-04-09,2024021247,2024,MIN,SJS,0.6866569117040098,0.7425077581570058,v1-backfill,1.0
2025-04-09,2024021248,2024,EDM,STL,0.6110776824996405,0.5737429048571686,v1-backfill,1.0
2025-04-09,2024021249,2024,ANA,CGY,0.3721157555074948,0.4871115703667995,v1-backfill,1.0
2025-04-10,2024021250,2024,BOS,CHI,0.6575258056797868,0.6779498886340387,v1-backfill,0.0
2025-04-10,2024021251,2024,FLA,DET,0.6835935091245363,0.6458295442881437,v1-backfill,1.0
2025-04-10,2024021252,2024,WSH,CAR,0.4299725556335175,0.5361908337654613,v1-backfill,1.0
2025-04-10,2024021253,2024,CBJ,BUF,0.4732602239921213,0.5046846991159347,v1-backfill,1.0
2025-04-10,2024021254,2024,NYI,NYR,0.5387673505245837,0.5214629883303548,v1-backfill,0.0
2025-04-10,2024021255,2024,DAL,WPG,0.4671382008905764,0.5455139318788765,v1-backfill,0.0
2025-04-10,2024021256,2024,COL,VAN,0.7109330795733259,0.6446368316036633,v1-backfill,0.0
2025-04-10,2024021257,2024,UTA,NSH,0.5643037311811065,0.5887662694574314,v1-backfill,0.0
2025-04-10,2024021258,2024,VGK,SEA,0.6874447630252523,0.6702790355770313,v1-backfill,1.0
2025-04-10,2024021259,2024,LAK,ANA,0.7647999035384477,0.6695977337614651,v1-backfill,1.0
2025-04-11,2024021260,2024,OTT,MTL,0.5789045255769527,0.5844384868508794,v1-backfill,1.0
2025-04-11,2024021261,2024,TBL,DET,0.7191944822495706,0.6363176826749074,v1-backfill,0.0
2025-04-11,2024021262,2024,NJD,PIT,0.5754900022924822,0.611256022008327,v1-backfill,0.0
2025-04-11,2024021263,2024,EDM,SJS,0.8339514280787365,0.7867431798195235,v1-backfill,1.0
2025-04-11,2024021264,2024,CGY,MIN,0.5257886202344216,0.5222064624954773,v1-backfill,1.0
2025-04-12,2024021265,2024,PHI,NYI,0.4936375895585224,0.5120149439767987,v1-backfill,1.0
2025-04-12,2024021266,2024,CAR,NYR,0.6833091848962026,0.6197790426722437,v1-backfill,1.0
2025-04-12,2024021267,2024,LAK,COL,0.4632741237591417,0.5214026360400071,v1-backfill,1.0
2025-04-12,2024021268,2024,FLA,BUF,0.6823023869939538,0.6471015599361625,v1-backfill,1.0
2025-04-12,2024021269,2024,TOR,MTL,0.7145341546486138,0.6492904423866592,v1-backfill,1.0
2025-04-12,2024021270,2024,CBJ,WSH,0.4465471801620935,0.42256355245374,v1-backfill,1.0
2025-04-12,2024021271,2024,CHI,WPG,0.2173313098154555,0.2755394376689575,v1-backfill,0.0
2025-04-12,2024021272,2024,DAL,UTA,0.5638703914980971,0.6826748607035131,v1-backfill,0.0
2025-04-12,2024021273,2024,VAN,MIN,0.5664446888174433,0.5478864947184113,v1-backfill,0.0
2025-04-12,2024021274,2024,VGK,NSH,0.7146263781189961,0.6867204157829467,v1-backfill,1.0
2025-04-12,2024021275,2024,SEA,STL,0.4078602160388017,0.4606674167694581,v1-backfill,1.0
2025-04-13,2024021276,2024,OTT,PHI,0.6714436727780411,0.6373279363418594,v1-backfill,1.0
2025-04-13,2024021277,2024,NJD,NYI,0.5857897109008098,0.5852773354271306,v1-backfill,0.0
2025-04-13,2024021278,2024,PIT,BOS,0.5905840531780931,0.5501752952927794,v1-backfill,0.0
2025-04-13,2024021279,2024,CAR,TOR,0.5683657264477608,0.5491299070053762,v1-backfill,0.0
2025-04-13,2024021280,2024,TBL,BUF,0.6169597856408416,0.6279018483065761,v1-backfill,1.0
2025-04-13,2024021281,2024,WSH,CBJ,0.6222820213529361,0.6597155927760232,v1-backfill,0.0
2025-04-13,2024021282,2024,WPG,EDM,0.4190031065553457,0.6022081582915826,v1-backfill,0.0
2025-04-13,2024021283,2024,CGY,SJS,0.7631053388542233,0.7300501518122805,v1-backfill,1.0
2025-04-13,2024021284,2024,ANA,COL,0.3664826757298325,0.3946952507274173,v1-backfill,0.0
2025-04-14,2024021285,2024,MTL,CHI,0.6793330112308271,0.6886400076466104,v1-backfill,0.0
2025-04-14,2024021286,2024,DET,DAL,0.4554963432520545,0.431145425304893,v1-backfill,1.0
2025-04-14,2024021287,2024,FLA,NYR,0.7170149656996171,0.6269533548634784,v1-backfill,0.0
2025-04-14,2024021288,2024,NSH,UTA,0.5253885392375319,0.509043668528671,v1-backfill,0.0
2025-04-14,2024021289,2024,EDM,LAK,0.466120880074759,0.5644420334839623,v1-backfill,0.0
2025-04-14,2024021290,2024,VAN,SJS,0.7662363089980782,0.7405618942686247,v1-backfill,1.0
2025-04-15,2024021291,2024,BOS,NJD,0.4530314787346618,0.5147564555860195,v1-backfill,0.0
2025-04-15,2024021292,2024,BUF,TOR,0.3587488858712624,0.4311087935000489,v1-backfill,0.0
2025-04-15,2024021293,2024,OTT,CHI,0.7538643395708475,0.7255947767964986,v1-backfill,0.0
2025-04-15,2024021294,2024,TBL,FLA,0.5832299041627863,0.5353497415901903,v1-backfill,1.0
2025-04-15,2024021295,2024,PHI,CBJ,0.4865064393638942,0.5211604860267486,v1-backfill,0.0
2025-04-15,2024021296,2024,NYI,WSH,0.4752463784741198,0.4614500357148015,v1-backfill,0.0
2025-04-15,2024021297,2024,STL,UTA,0.5957788085610917,0.6020286505232425,v1-backfill,1.0
2025-04-15,2024021298,2024,MIN,ANA,0.6046818156327622,0.6371678543231297,v1-backfill,1.0
2025-04-15,2024021299,2024,CGY,VGK,0.4709440275513867,0.4588053964624415,v1-backfill,1.0
2025-04-15,2024021300,2024,SEA,LAK,0.5241169393095396,0.4302072174862773,v1-backfill,0.0
2025-04-16,2024021301,2024,MTL,CAR,0.3521663828591106,0.4432035049857415,v1-backfill,1.0
2025-04-16,2024021302,2024,WPG,ANA,0.8236223968625974,0.7318789628537805,v1-backfill,1.0
2025-04-16,2024021303,2024,NJD,DET,0.4403133028710534,0.5624648213494697,v1-backfill,0.0
2025-04-16,2024021304,2024,NSH,DAL,0.4324435507107666,0.3863204005763083,v1-backfill,1.0
2025-04-16,2024021305,2024,VAN,VGK,0.4540637918761825,0.4724796631360596,v1-backfill,0.0
2025-04-16,2024021306,2024,SJS,EDM,0.1996264893380327,0.2799664310602332,v1-backfill,0.0
2025-04-17,2024020653,2024,LAK,CGY,0.5492295849983484,0.6265798971052354,v1-backfill,0.0
2025-04-17,2024021307,2024,BUF,PHI,0.6486981436757335,0.5924345108679974,v1-backfill,1.0
2025-04-17,2024021308,2024,TOR,DET,0.6539906411270473,0.6515968101071469,v1-backfill,1.0
2025-04-17,2024021309,2024,OTT,CAR,0.459456756774643,0.4992738506917852,v1-backfill,1.0
2025-04-17,2024021310,2024,NYR,TBL,0.4817086176343932,0.4949929788875766,v1-backfill,1.0
2025-04-17,2024021311,2024,PIT,WSH,0.3991413996967065,0.4304863966017159,v1-backfill,1.0
2025-04-17,2024021312,2024,CBJ,NYI,0.5502115823203649,0.550556876672834,v1-backfill,1.0
2025-04-19,2024030151,2024,WPG,STL,0.6518395956334325,0.6316697278970265,v1-backfill,1.0
2025-04-19,2024030161,2024,DAL,COL,0.4506726774242842,0.547562941231866,v1-backfill,0.0
2025-04-20,2024030111,2024,TOR,OTT,0.6220622677538129,0.6211472955135121,v1-backfill,1.0
2025-04-20,2024030141,2024,CAR,NJD,0.6498514187671909,0.6235688592250979,v1-backfill,1.0
2025-04-20,2024030171,2024,VGK,MIN,0.6492483331454525,0.6193772230209438,v1-backfill,1.0
2025-04-21,2024030131,2024,WSH,MTL,0.6433509691533023,0.6282588399253425,v1-backfill,1.0
2025-04-21,2024030152,2024,WPG,STL,0.6556858398138065,0.6410895018468227,v1-backfill,1.0
2025-04-21,2024030162,2024,DAL,COL,0.4336070522955566,0.5325314458967741,v1-backfill,1.0
2025-04-21,2024030181,2024,LAK,EDM,0.5320097824739419,0.5433393182914914,v1-backfill,1.0
2025-04-22,2024030112,2024,TOR,OTT,0.6113534410753194,0.6309496791420502,v1-backfill,1.0
2025-04-22,2024030121,2024,TBL,FLA,0.4828674341626731,0.5402066751391115,v1-backfill,0.0
2025-04-22,2024030142,2024,CAR,NJD,0.6871636536910513,0.6332834185654658,v1-backfill,1.0
2025-04-22,2024030172,2024,VGK,MIN,0.6691885538525751,0.6292437073668166,v1-backfill,0.0
2025-04-23,2024030132,2024,WSH,MTL,0.6422592505568709,0.6349506865642571,v1-backfill,1.0
2025-04-23,2024030163,2024,COL,DAL,0.6102257730623931,0.5588450208626191,v1-backfill,0.0
2025-04-23,2024030182,2024,LAK,EDM,0.5413631718468107,0.5558325378819403,v1-backfill,1.0
2025-04-24,2024030113,2024,OTT,TOR,0.4481527415908758,0.4596149222904821,v1-backfill,0.0
2025-04-24,2024030122,2024,TBL,FLA,0.4740649076978621,0.5253454712531641,v1-backfill,0.0
2025-04-24,2024030153,2024,STL,WPG,0.3869308546103986,0.4460083625210884,v1-backfill,1.0
2025-04-24,2024030173,2024,MIN,VGK,0.3704437306885246,0.4858850752452037,v1-backfill,1.0
2025-04-25,2024030133,2024,MTL,WSH,0.3995323990308362,0.4524171214976996,v1-backfill,1.0
2025-04-25,2024030143,2024,NJD,CAR,0.3621681609429171,0.4541523007602259,v1-backfill,1.0
2025-04-25,2024030183,2024,EDM,LAK,0.5207270595625288,0.5323536781679352,v1-backfill,1.0
2025-04-26,2024030114,2024,OTT,TOR,0.4432568465843671,0.450796769076166,v1-backfill,1.0
2025-04-26,2024030123,2024,FLA,TBL,0.5957638622649346,0.5889307380338751,v1-backfill,0.0
2025-04-26,2024030164,2024,COL,DAL,0.6134672840126566,0.5481601948205619,v1-backfill,1.0
2025-04-26,2024030174,2024,MIN,VGK,0.4055772174153601,0.5000868442830486,v1-backfill,0.0
2025-04-27,2024030134,2024,MTL,WSH,0.3995282411046213,0.4674490684711272,v1-backfill,0.0
2025-04-27,2024030144,2024,NJD,CAR,0.4147847237046517,0.4646399094439695,v1-backfill,0.0
2025-04-27,2024030154,2024,STL,WPG,0.4209526865003933,0.461182651333651,v1-backfill,1.0
2025-04-27,2024030184,2024,EDM,LAK,0.5521958488489966,0.5451967847485569,v1-backfill,1.0
2025-04-28,2024030124,2024,FLA,TBL,0.5942078468084476,0.57308664291647,v1-backfill,1.0
2025-04-28,2024030165,2024,DAL,COL,0.4152394712483199,0.5398585810627815,v1-backfill,1.0
2025-04-29,2024030115,2024,TOR,OTT,0.6194736377660057,0.6359697901279225,v1-backfill,0.0
2025-04-29,2024030145,2024,CAR,NJD,0.6457709975581079,0.644736780126552,v1-backfill,1.0
2025-04-29,2024030175,2024,VGK,MIN,0.6469098635149461,0.6085675987523224,v1-backfill,1.0
2025-04-29,2024030185,2024,LAK,EDM,0.4802087517107037,0.5464862910548354,v1-backfill,0.0
2025-04-30,2024030125,2024,TBL,FLA,0.4650061714470825,0.5153232876706711,v1-backfill,0.0
2025-04-30,2024030135,2024,WSH,MTL,0.6755830561321736,0.6422182216830165,v1-backfill,1.0
2025-04-30,2024030155,2024,WPG,STL,0.614922629836617,0.622220201254776,v1-backfill,1.0
2025-05-01,2024030116,2024,OTT,TOR,0.4388946903636611,0.4788446790966087,v1-backfill,0.0
2025-05-01,2024030166,2024,COL,DAL,0.6152100070531815,0.5479329308481021,v1-backfill,1.0
2025-05-01,2024030176,2024,MIN,VGK,0.3601670570501623,0.4828500635927776,v1-backfill,0.0
2025-05-01,2024030186,2024,EDM,LAK,0.5550292703795865,0.5687783441458366,v1-backfill,1.0
2025-05-02,2024030156,2024,STL,WPG,0.4135979204485672,0.4656084055755624,v1-backfill,1.0
2025-05-03,2024030167,2024,DAL,COL,0.4111597039431506,0.5400802579146541,v1-backfill,1.0
2025-05-04,2024030157,2024,WPG,STL,0.6008352497869196,0.6181428970588513,v1-backfill,1.0
2025-05-05,2024030211,2024,TOR,FLA,0.4998873275959301,0.5650187004433836,v1-backfill,1.0
2025-05-06,2024030221,2024,WSH,CAR,0.4737870755838018,0.5399084896620313,v1-backfill,0.0
2025-05-06,2024030241,2024,VGK,EDM,0.5237386968894312,0.5526497967920098,v1-backfill,0.0
2025-05-07,2024030212,2024,TOR,FLA,0.472925734239985,0.5767953602423729,v1-backfill,1.0
2025-05-07,2024030231,2024,WPG,DAL,0.6158898073419898,0.5797882224085943,v1-backfill,0.0
2025-05-08,2024030222,2024,WSH,CAR,0.4486647908361931,0.5295164490879546,v1-backfill,1.0
2025-05-08,2024030242,2024,VGK,EDM,0.5285826694628214,0.5375048391096751,v1-backfill,0.0
2025-05-09,2024030213,2024,FLA,TOR,0.555832609837604,0.5116344964859009,v1-backfill,1.0
2025-05-09,2024030232,2024,WPG,DAL,0.6059567624228902,0.5641011907432059,v1-backfill,1.0
2025-05-10,2024030223,2024,CAR,WSH,0.6096584746373034,0.5579260855856413,v1-backfill,1.0
2025-05-10,2024030243,2024,EDM,VGK,0.4893878548479053,0.5730328051557495,v1-backfill,0.0
2025-05-11,2024030214,2024,FLA,TOR,0.5861131327140197,0.5210699381762215,v1-backfill,1.0
2025-05-11,2024030233,2024,DAL,WPG,0.4306957993821693,0.5242189198843965,v1-backfill,1.0
2025-05-12,2024030224,2024,CAR,WSH,0.6257310037530999,0.5699406989469356,v1-backfill,1.0
2025-05-12,2024030244,2024,EDM,VGK,0.5009753656749508,0.5574703517451272,v1-backfill,1.0
2025-05-13,2024030234,2024,DAL,WPG,0.4655626006059085,0.5373146969340333,v1-backfill,1.0
2025-05-14,2024030215,2024,TOR,FLA,0.4343476354386975,0.5660343523850264,v1-backfill,0.0
2025-05-14,2024030245,2024,VGK,EDM,0.5183228900896814,0.5307462454157661,v1-backfill,0.0
2025-05-15,2024030225,2024,WSH,CAR,0.4209176077240771,0.5184444445439147,v1-backfill,0.0
2025-05-15,2024030235,2024,WPG,DAL,0.5703605066020107,0.5503977023431531,v1-backfill,1.0
2025-05-16,2024030216,2024,FLA,TOR,0.5873779490867496,0.5497902924891409,v1-backfill,0.0
2025-05-17,2024030236,2024,DAL,WPG,0.4386857077026763,0.5376741609014709,v1-backfill,1.0
2025-05-18,2024030217,2024,TOR,FLA,0.4585696786552276,0.5655932889817522,v1-backfill,0.0
2025-05-20,2024030311,2024,CAR,FLA,0.5411005944394576,0.5510285178133115,v1-backfill,0.0
2025-05-21,2024030321,2024,DAL,EDM,0.4872129754982685,0.546602819839719,v1-backfill,1.0
2025-05-22,2024030312,2024,CAR,FLA,0.5668155637811275,0.5359193347335146,v1-backfill,0.0
2025-05-23,2024030322,2024,DAL,EDM,0.4773227951240875,0.5589902930814341,v1-backfill,0.0
2025-05-24,2024030313,2024,FLA,CAR,0.5287890704197502,0.5788999266245561,v1-backfill,1.0
2025-05-25,2024030323,2024,EDM,DAL,0.5834584362546319,0.556672682283396,v1-backfill,1.0
2025-05-26,2024030314,2024,FLA,CAR,0.5234769432983538,0.5902020771970945,v1-backfill,0.0
2025-05-27,2024030324,2024,EDM,DAL,0.6180290106545621,0.5687290053960913,v1-backfill,1.0
2025-05-28,2024030315,2024,CAR,FLA,0.5376825626018625,0.5258227845795105,v1-backfill,0.0
2025-05-29,2024030325,2024,DAL,EDM,0.39243079742275,0.519644670882876,v1-backfill,0.0
2025-06-04,2024030411,2024,EDM,FLA,0.5055213753409875,0.556136308926868,v1-backfill,1.0
2025-06-06,2024030412,2024,EDM,FLA,0.5482607598081047,0.5645960381455899,v1-backfill,0.0
2025-06-09,2024030413,2024,FLA,EDM,0.4742223512433065,0.5465639722930192,v1-backfill,1.0
2025-06-12,2024030414,2024,FLA,EDM,0.546766612993937,0.5589527089718427,v1-backfill,0.0
2025-06-14,2024030415,2024,EDM,FLA,0.4725525485226156,0.5521308724250665,v1-backfill,0.0
2025-06-17,2024030416,2024,FLA,EDM,0.4840231733720297,0.5633310497229795,v1-backfill,1.0
2025-10-07,2025020001,2025,FLA,CHI,0.7662635083499018,0.7123686051166646,v1-backfill,1.0
2025-10-07,2025020002,2025,NYR,PIT,0.6435760714559545,0.5891381923925465,v1-backfill,0.0
2025-10-07,2025020003,2025,LAK,COL,0.5159829552010198,0.5337711436443083,v1-backfill,0.0
2025-10-08,2025020004,2025,TOR,MTL,0.640430930254271,0.6274266548815223,v1-backfill,1.0
2025-10-08,2025020005,2025,WSH,BOS,0.6751083792069863,0.6084827744231871,v1-backfill,0.0
2025-10-08,2025020006,2025,EDM,CGY,0.6563730573212695,0.6112574095970229,v1-backfill,0.0
2025-10-08,2025020007,2025,VGK,LAK,0.6870742585709824,0.5663664501039315,v1-backfill,0.0
2025-10-09,2025020008,2025,BOS,CHI,0.5497678667019479,0.6257985456783614,v1-backfill,1.0
2025-10-09,2025020009,2025,BUF,NYR,0.5417630704763025,0.5300771258912595,v1-backfill,0.0
2025-10-09,2025020010,2025,DET,MTL,0.6743990676884757,0.5681564047673899,v1-backfill,0.0
2025-10-09,2025020011,2025,TBL,OTT,0.6203026423941266,0.5623241492496008,v1-backfill,0.0
2025-10-09,2025020012,2025,FLA,PHI,0.7012696971054795,0.674525779607707,v1-backfill,1.0
2025-10-09,2025020013,2025,PIT,NYI,0.502217250511478,0.5515774359433259,v1-backfill,1.0
2025-10-09,2025020014,2025,CAR,NJD,0.6963127563086545,0.6106018489342924,v1-backfill,1.0
2025-10-09,2025020015,2025,STL,MIN,0.6001146528374071,0.5681712163309295,v1-backfill,0.0
2025-10-09,2025020016,2025,NSH,CBJ,0.5297118791721043,0.5271435283638914,v1-backfill,1.0
2025-10-09,2025020017,2025,WPG,DAL,0.6326912294256443,0.5646464722704686,v1-backfill,0.0
2025-10-09,2025020018,2025,COL,UTA,0.6426536696963945,0.6204702422778984,v1-backfill,1.0
2025-10-09,2025020019,2025,VAN,CGY,0.6013916249002229,0.5407703343942861,v1-backfill,1.0
2025-10-09,2025020020,2025,SJS,VGK,0.4064415813754005,0.3824495602144925,v1-backfill,0.0
2025-10-09,2025020021,2025,SEA,ANA,0.6327378785158198,0.5678838465716032,v1-backfill,1.0
2025-10-11,2025020022,2025,WPG,LAK,0.5916391425393374,0.5731075559516011,v1-backfill,1.0
2025-10-11,2025020023,2025,CGY,STL,0.4898816763309223,0.535232963437105,v1-backfill,0.0
2025-10-11,2025020024,2025,BOS,BUF,0.4663074327631844,0.554771007196602,v1-backfill,1.0
2025-10-11,2025020025,2025,DET,TOR,0.5351080156752064,0.4735588788300282,v1-backfill,1.0
2025-10-11,2025020026,2025,TBL,NJD,0.6349617781390189,0.5869601751503482,v1-backfill,0.0
2025-10-11,2025020027,2025,FLA,OTT,0.6643757770728297,0.6165144095391792,v1-backfill,1.0
2025-10-11,2025020028,2025,NYI,WSH,0.5505333555931984,0.4965439321601927,v1-backfill,0.0
2025-10-11,2025020029,2025,PIT,NYR,0.4779378180206867,0.5232456895652313,v1-backfill,0.0
2025-10-11,2025020030,2025,CAR,PHI,0.7294885491133288,0.6495420611853978,v1-backfill,1.0
2025-10-11,2025020031,2025,CHI,MTL,0.458907377361544,0.4668017770100774,v1-backfill,0.0
2025-10-11,2025020032,2025,NSH,UTA,0.5239960773060706,0.5352846621309721,v1-backfill,0.0
2025-10-11,2025020033,2025,MIN,CBJ,0.5892400826340304,0.5844271307131735,v1-backfill,0.0
2025-10-11,2025020034,2025,COL,DAL,0.6253167179689916,0.5571340406887096,v1-backfill,0.0
2025-10-11,2025020035,2025,EDM,VAN,0.6466715088801529,0.6058916261771491,v1-backfill,1.0
2025-10-11,2025020036,2025,SJS,ANA,0.4880590234009028,0.4725823490243202,v1-backfill,0.0
2025-10-11,2025020037,2025,SEA,VGK,0.4837280638378369,0.479756362997951,v1-backfill,1.0
2025-10-12,2025020038,2025,NYR,WSH,0.4602810721515619,0.535615282069372,v1-backfill,0.0
2025-10-13,2025020039,2025,BUF,COL,0.4379448352252385,0.4660333396108718,v1-backfill,0.0
2025-10-13,2025020040,2025,BOS,TBL,0.4741166294385824,0.525698049767546,v1-backfill,0.0
2025-10-13,2025020041,2025,OTT,NSH,0.5752987375499027,0.6031185064457029,v1-backfill,0.0
2025-10-13,2025020042,2025,NYI,WPG,0.5257325840947114,0.4551189557282436,v1-backfill,0.0
2025-10-13,2025020043,2025,TOR,DET,0.5790955931151385,0.613092129579387,v1-backfill,0.0
2025-10-13,2025020044,2025,PHI,FLA,0.4264418425128465,0.4049916180019216,v1-backfill,1.0
2025-10-13,2025020045,2025,CBJ,NJD,0.575191883604893,0.5463177533852671,v1-backfill,0.0
2025-10-13,2025020046,2025,VAN,STL,0.496255872965175,0.5256356778032617,v1-backfill,0.0
2025-10-13,2025020047,2025,MIN,LAK,0.4355415122737029,0.5280715061851584,v1-backfill,1.0
2025-10-13,2025020048,2025,CHI,UTA,0.4242585031778572,0.4586809785415802,v1-backfill,1.0
2025-10-14,2025020049,2025,TOR,NSH,0.5704850277503899,0.6300745904353181,v1-backfill,1.0
2025-10-14,2025020050,2025,MTL,SEA,0.5166591605832581,0.5604404152841153,v1-backfill,1.0
2025-10-14,2025020051,2025,NYR,EDM,0.4224264171844764,0.4952096246939242,v1-backfill,0.0
2025-10-14,2025020052,2025,WSH,TBL,0.6202412993332012,0.5688251569653862,v1-backfill,1.0
2025-10-14,2025020053,2025,CGY,VGK,0.4697858454860659,0.5076690968195584,v1-backfill,0.0
2025-10-14,2025020054,2025,DAL,MIN,0.6535731864407106,0.598557852784408,v1-backfill,1.0
2025-10-14,2025020055,2025,SJS,CAR,0.2982943343283901,0.3618263073989805,v1-backfill,0.0
2025-10-14,2025020056,2025,ANA,PIT,0.5164674511205241,0.5217781619810397,v1-backfill,1.0
2025-10-15,2025020057,2025,BUF,OTT,0.5305287169654876,0.5094137967632266,v1-backfill,1.0
2025-10-15,2025020058,2025,DET,FLA,0.4532813331348039,0.464983540420291,v1-backfill,1.0
2025-10-15,2025020059,2025,STL,CHI,0.7309442937344672,0.6735977742393023,v1-backfill,0.0
2025-10-15,2025020060,2025,UTA,CGY,0.7039580115297113,0.5381544342162071,v1-backfill,1.0
2025-10-16,2025020061,2025,TOR,NYR,0.543301466314799,0.5995292652338735,v1-backfill,1.0
2025-10-16,2025020062,2025,MTL,NSH,0.5356324734474964,0.5768484848463948,v1-backfill,1.0
2025-10-16,2025020063,2025,OTT,SEA,0.523342756138053,0.5790341738111707,v1-backfill,1.0
2025-10-16,2025020064,2025,NJD,FLA,0.5483896519582783,0.4655886081619778,v1-backfill,1.0
2025-10-16,2025020065,2025,NYI,EDM,0.4254451203562562,0.4401579569600032,v1-backfill,1.0
2025-10-16,2025020066,2025,PHI,WPG,0.420432658984568,0.4370404806595049,v1-backfill,0.0
2025-10-16,2025020067,2025,CBJ,COL,0.3899045637629318,0.4660139895208556,v1-backfill,0.0
2025-10-16,2025020068,2025,DAL,VAN,0.5747576648015693,0.6187063000018697,v1-backfill,0.0
2025-10-16,2025020069,2025,VGK,BOS,0.6499396184525872,0.6118556971050658,v1-backfill,1.0
2025-10-16,2025020070,2025,ANA,CAR,0.3634032349577721,0.4451317073524617,v1-backfill,0.0
2025-10-16,2025020071,2025,LAK,PIT,0.6216140793665047,0.6015064252832011,v1-backfill,0.0
2025-10-17,2025020072,2025,DET,TBL,0.5264390932079076,0.5417263066055615,v1-backfill,1.0
2025-10-17,2025020073,2025,WSH,MIN,0.593200792056484,0.5852395380566447,v1-backfill,1.0
2025-10-17,2025020074,2025,CHI,VAN,0.4919657753894609,0.4571637282226711,v1-backfill,0.0
2025-10-17,2025020075,2025,UTA,SJS,0.7554491080380219,0.6682833805652886,v1-backfill,1.0
2025-10-18,2025020076,2025,BUF,FLA,0.4581396936338643,0.450290673171639,v1-backfill,1.0
2025-10-18,2025020077,2025,OTT,NYI,0.516315273501568,0.5885085126463242,v1-backfill,0.0
2025-10-18,2025020078,2025,NJD,EDM,0.4383278856541057,0.4865084981478953,v1-backfill,1.0
2025-10-18,2025020079,2025,TOR,SEA,0.6039097246601913,0.6351854738669591,v1-backfill,0.0
2025-10-18,2025020080,2025,MTL,NYR,0.5573635333072255,0.5432158180055506,v1-backfill,0.0
2025-10-18,2025020081,2025,PHI,MIN,0.6391725189866063,0.497870093019724,v1-backfill,1.0
2025-10-18,2025020082,2025,CBJ,TBL,0.6511623663385425,0.5119406116961513,v1-backfill,1.0
2025-10-18,2025020083,2025,STL,DAL,0.5657866262717319,0.5158996697580823,v1-backfill,1.0
2025-10-18,2025020084,2025,WPG,NSH,0.6345791910188556,0.6561089565518866,v1-backfill,1.0
2025-10-18,2025020085,2025,COL,BOS,0.7255144179966834,0.6375017513887957,v1-backfill,1.0
2025-10-18,2025020086,2025,LAK,CAR,0.4606233308750181,0.5029930023230239,v1-backfill,0.0
2025-10-18,2025020087,2025,VGK,CGY,0.6609467908094621,0.6125811770259425,v1-backfill,1.0
2025-10-18,2025020088,2025,SJS,PIT,0.3302056504818005,0.4274717366839086,v1-backfill,0.0
2025-10-19,2025020089,2025,WSH,VAN,0.6116206369091494,0.590931530317316,v1-backfill,0.0
2025-10-19,2025020090,2025,DET,EDM,0.5019038025186718,0.5016688274246561,v1-backfill,1.0
2025-10-19,2025020091,2025,CHI,ANA,0.4665062085337721,0.5045650861033354,v1-backfill,1.0
2025-10-19,2025020092,2025,UTA,BOS,0.7047932778580467,0.56466478146072,v1-backfill,1.0
2025-10-20,2025020093,2025,NYR,MIN,0.6062938368437649,0.5614142143912224,v1-backfill,0.0
2025-10-20,2025020094,2025,PHI,SEA,0.5104164098237866,0.5270164339976907,v1-backfill,1.0
2025-10-20,2025020095,2025,MTL,BUF,0.4972165091875429,0.5587023044922913,v1-backfill,1.0
2025-10-20,2025020096,2025,CGY,WPG,0.4481257366431779,0.4559027617706529,v1-backfill,0.0
2025-10-20,2025020097,2025,VGK,CAR,0.4615252347540678,0.5354488347188698,v1-backfill,1.0
2025-10-21,2025020098,2025,TOR,NJD,0.6114717143361074,0.5956274641965512,v1-backfill,0.0
2025-10-21,2025020099,2025,OTT,EDM,0.4569857585445454,0.4967159311850518,v1-backfill,0.0
2025-10-21,2025020100,2025,NYI,SJS,0.7346462826669031,0.6671709991908243,v1-backfill,1.0
2025-10-21,2025020101,2025,PIT,VAN,0.4710748658782633,0.5232105952231066,v1-backfill,1.0
2025-10-21,2025020102,2025,WSH,SEA,0.7173494331862819,0.6171793913481006,v1-backfill,1.0
2025-10-21,2025020103,2025,BOS,FLA,0.3374686207395421,0.4514930516523027,v1-backfill,0.0
2025-10-21,2025020104,2025,STL,LAK,0.5492063344168149,0.5644301101684984,v1-backfill,0.0
2025-10-21,2025020105,2025,NSH,ANA,0.5577088109486275,0.561388179426584,v1-backfill,0.0
2025-10-21,2025020106,2025,DAL,CBJ,0.6066031764132552,0.6206216721641554,v1-backfill,0.0
2025-10-21,2025020107,2025,UTA,COL,0.4408350968946201,0.4709615433442926,v1-backfill,1.0
2025-10-22,2025020108,2025,NJD,MIN,0.4596287305341365,0.5609532626877813,v1-backfill,1.0
2025-10-22,2025020109,2025,BUF,DET,0.4880235406786217,0.5089136866205733,v1-backfill,1.0
2025-10-22,2025020110,2025,CGY,MTL,0.5446128715645547,0.5328420994292443,v1-backfill,0.0
2025-10-23,2025020111,2025,BOS,ANA,0.5155430034579662,0.5612985360454434,v1-backfill,0.0
2025-10-23,2025020112,2025,OTT,PHI,0.5865482658824113,0.5875590991951138,v1-backfill,1.0
2025-10-23,2025020113,2025,TBL,CHI,0.6766955910034191,0.6444730533368468,v1-backfill,0.0
2025-10-23,2025020114,2025,FLA,PIT,0.6536408768209809,0.6303948633602706,v1-backfill,0.0
2025-10-23,2025020115,2025,NYI,DET,0.5863758143311801,0.5178888304294064,v1-backfill,1.0
2025-10-23,2025020116,2025,NYR,SJS,0.7042828863467151,0.6942070681786073,v1-backfill,0.0
2025-10-23,2025020117,2025,STL,UTA,0.557266723148435,0.5760700956978284,v1-backfill,0.0
2025-10-23,2025020118,2025,NSH,VAN,0.5363068904264449,0.4950541926538195,v1-backfill,1.0
2025-10-23,2025020119,2025,DAL,LAK,0.5215528376935894,0.5758241769746281,v1-backfill,0.0
2025-10-23,2025020120,2025,WPG,SEA,0.648336384567502,0.6599650446211618,v1-backfill,0.0
2025-10-23,2025020121,2025,COL,CAR,0.4602240531773711,0.5545060069439761,v1-backfill,0.0
2025-10-23,2025020122,2025,EDM,MTL,0.7291146434610545,0.6082509886745194,v1-backfill,1.0
2025-10-24,2025020123,2025,BUF,TOR,0.5078109892079093,0.4840579123215333,v1-backfill,1.0
2025-10-24,2025020124,2025,NJD,SJS,0.7675846288971957,0.7042332921691614,v1-backfill,1.0
2025-10-24,2025020125,2025,CBJ,WSH,0.5038998159551719,0.4927896285300067,v1-backfill,0.0
2025-10-24,2025020126,2025,WPG,CGY,0.5411472154214823,0.647615741742733,v1-backfill,1.0
2025-10-25,2025020127,2025,PHI,NYI,0.4401257176774305,0.5196539904104748,v1-backfill,1.0
2025-10-25,2025020128,2025,BOS,COL,0.3305316566855806,0.443558666727515,v1-backfill,1.0
2025-10-25,2025020129,2025,TBL,ANA,0.5737560563937891,0.589567509882538,v1-backfill,1.0
2025-10-25,2025020130,2025,FLA,VGK,0.5598653510028254,0.5557632787198236,v1-backfill,1.0
2025-10-25,2025020131,2025,MIN,UTA,0.4972976736205356,0.5443264488902407,v1-backfill,0.0
2025-10-25,2025020132,2025,TOR,BUF,0.5648571032055787,0.6032971481115981,v1-backfill,1.0
2025-10-25,2025020133,2025,DET,STL,0.4796115978261623,0.5382953362734993,v1-backfill,1.0
2025-10-25,2025020134,2025,PIT,CBJ,0.5493417772132466,0.5664461999242398,v1-backfill,0.0
2025-10-25,2025020135,2025,WSH,OTT,0.4666549069928112,0.5977880248899429,v1-backfill,0.0
2025-10-25,2025020136,2025,VAN,MTL,0.5207363310838081,0.5566792543782129,v1-backfill,0.0
2025-10-25,2025020137,2025,NSH,LAK,0.4687094927010947,0.4835943612579729,v1-backfill,1.0
2025-10-25,2025020138,2025,DAL,CAR,0.4688653124714765,0.5217043588505214,v1-backfill,1.0
2025-10-25,2025020139,2025,SEA,EDM,0.4030133786303116,0.461798428687772,v1-backfill,1.0
2025-10-26,2025020140,2025,NJD,COL,0.5621542946813443,0.5154358471193027,v1-backfill,1.0
2025-10-26,2025020141,2025,TBL,VGK,0.4899426502414207,0.4990667889204899,v1-backfill,1.0
2025-10-26,2025020142,2025,MIN,SJS,0.5794520191201056,0.6839747453319203,v1-backfill,0.0
2025-10-26,2025020143,2025,WPG,UTA,0.6729106677620104,0.6155823762844199,v1-backfill,0.0
2025-10-26,2025020144,2025,CHI,LAK,0.4154088963268021,0.4468723258512647,v1-backfill,0.0
2025-10-26,2025020145,2025,NSH,DAL,0.4089741243505011,0.4655350250344164,v1-backfill,0.0
2025-10-26,2025020146,2025,CGY,NYR,0.4866063901240701,0.5221095091322636,v1-backfill,1.0
2025-10-26,2025020147,2025,VAN,EDM,0.3965274986852378,0.4880705869195174,v1-backfill,1.0
2025-10-27,2025020148,2025,PIT,STL,0.4788730005022319,0.5308449403765374,v1-backfill,1.0
2025-10-27,2025020149,2025,OTT,BOS,0.6070452696480569,0.5935261160204004,v1-backfill,1.0
2025-10-28,2025020150,2025,PHI,PIT,0.606404629606816,0.5095630763064822,v1-backfill,1.0
2025-10-28,2025020151,2025,TOR,CGY,0.6087865482449287,0.6188418572116445,v1-backfill,1.0
2025-10-28,2025020152,2025,BUF,CBJ,0.5208408063054097,0.5485070986579724,v1-backfill,0.0
2025-10-28,2025020153,2025,FLA,ANA,0.6368109627476312,0.6611926152611532,v1-backfill,0.0
2025-10-28,2025020154,2025,BOS,NYI,0.3190358683324736,0.5290325413107261,v1-backfill,1.0
2025-10-28,2025020155,2025,CAR,VGK,0.6037315024529695,0.5623209472683379,v1-backfill,0.0
2025-10-28,2025020156,2025,NSH,TBL,0.4572096284398004,0.497988590168903,v1-backfill,0.0
2025-10-28,2025020157,2025,MIN,WPG,0.4319763357294615,0.466195399446562,v1-backfill,0.0
2025-10-28,2025020158,2025,STL,DET,0.4473183781473874,0.5462029405636386,v1-backfill,0.0
2025-10-28,2025020159,2025,DAL,WSH,0.4834278012920565,0.5583441758667722,v1-backfill,1.0
2025-10-28,2025020160,2025,CHI,OTT,0.5039977643634699,0.448412144298173,v1-backfill,1.0
2025-10-28,2025020161,2025,COL,NJD,0.6308826183204359,0.5768726590359972,v1-backfill,1.0
2025-10-28,2025020162,2025,EDM,UTA,0.584416734593522,0.5838695080467824,v1-backfill,1.0
2025-10-28,2025020163,2025,VAN,NYR,0.5181420605208722,0.5572598713613359,v1-backfill,0.0
2025-10-28,2025020164,2025,SEA,MTL,0.5576650060087576,0.5301174657255776,v1-backfill,0.0
2025-10-28,2025020165,2025,SJS,LAK,0.3022091399967332,0.3832622730193457,v1-backfill,0.0
2025-10-29,2025020166,2025,CBJ,TOR,0.5260303134139843,0.4912804077300365,v1-backfill,1.0
2025-10-30,2025020167,2025,BOS,BUF,0.3971875492444613,0.5354588499737026,v1-backfill,1.0
2025-10-30,2025020168,2025,OTT,CGY,0.5996983686608018,0.5864270437332361,v1-backfill,1.0
2025-10-30,2025020169,2025,TBL,DAL,0.5285788292987423,0.5077893381800188,v1-backfill,1.0
2025-10-30,2025020170,2025,PHI,NSH,0.5845406140261086,0.561566280691248,v1-backfill,1.0
2025-10-30,2025020171,2025,CAR,NYI,0.6184989619747979,0.6294042480762643,v1-backfill,1.0
2025-10-30,2025020172,2025,STL,VAN,0.5835741508057444,0.5589308564286174,v1-backfill,0.0
2025-10-30,2025020173,2025,MIN,PIT,0.5774147234056268,0.5391465924220465,v1-backfill,0.0
2025-10-30,2025020174,2025,WPG,CHI,0.7007311103346483,0.6970479051906594,v1-backfill,1.0
2025-10-30,2025020175,2025,EDM,NYR,0.6190181612873207,0.6081987571197409,v1-backfill,0.0
2025-10-30,2025020176,2025,SJS,NJD,0.3501986133171366,0.3814110517439353,v1-backfill,1.0
2025-10-30,2025020177,2025,LAK,DET,0.565551635440516,0.5617908189803067,v1-backfill,0.0
2025-10-31,2025020178,2025,VGK,COL,0.4277387532217274,0.5489248271005601,v1-backfill,0.0
2025-10-31,2025020179,2025,WSH,NYI,0.65956561152706,0.6154320327153429,v1-backfill,0.0
2025-10-31,2025020180,2025,ANA,DET,0.5524113429409735,0.488254964496577,v1-backfill,1.0
2025-11-01,2025020181,2025,BOS,CAR,0.3318873769998876,0.4574435698818705,v1-backfill,1.0
2025-11-01,2025020182,2025,WPG,PIT,0.644059555593118,0.6255067313390354,v1-backfill,1.0
2025-11-01,2025020183,2025,NSH,CGY,0.5667083590197212,0.5290581619127971,v1-backfill,1.0
2025-11-01,2025020184,2025,SJS,COL,0.3198765588050359,0.3480098167105412,v1-backfill,1.0
2025-11-01,2025020185,2025,FLA,DAL,0.6412642780413672,0.5634718640915444,v1-backfill,1.0
2025-11-01,2025020186,2025,BUF,WSH,0.5425844714368228,0.4951867461219256,v1-backfill,1.0
2025-11-01,2025020187,2025,MTL,OTT,0.4503655110838059,0.5451604695813219,v1-backfill,1.0
2025-11-01,2025020188,2025,PHI,TOR,0.4704777377438343,0.4736794025922103,v1-backfill,0.0
2025-11-01,2025020189,2025,CBJ,STL,0.5598426380823033,0.5498470417559223,v1-backfill,1.0
2025-11-01,2025020190,2025,MIN,VAN,0.5607278501631942,0.5309663114060845,v1-backfill,1.0
2025-11-01,2025020191,2025,LAK,NJD,0.6021974438026655,0.559544594128087,v1-backfill,0.0
2025-11-01,2025020192,2025,EDM,CHI,0.7256916558542127,0.6805491573568078,v1-backfill,1.0
2025-11-01,2025020193,2025,SEA,NYR,0.5013805551737174,0.5238270761946852,v1-backfill,0.0
2025-11-02,2025020194,2025,UTA,TBL,0.5444005852684257,0.5457211595841099,v1-backfill,0.0
2025-11-02,2025020195,2025,NYI,CBJ,0.5759406705682343,0.5271805972557175,v1-backfill,1.0
2025-11-02,2025020196,2025,PHI,CGY,0.4351548258556029,0.5504932706075002,v1-backfill,0.0
2025-11-02,2025020197,2025,ANA,NJD,0.5884184283650757,0.494477920807684,v1-backfill,1.0
2025-11-02,2025020198,2025,SJS,DET,0.281233153768283,0.3991266034925124,v1-backfill,0.0
2025-11-03,2025020199,2025,TOR,PIT,0.6166773886002593,0.6013646499434,v1-backfill,1.0
2025-11-03,2025020200,2025,STL,EDM,0.4772308217056661,0.48659328051449,v1-backfill,1.0
2025-11-03,2025020201,2025,NSH,VAN,0.5198207589796313,0.5097171741973122,v1-backfill,0.0
2025-11-03,2025020202,2025,SEA,CHI,0.6624643830477054,0.6093435874955526,v1-backfill,1.0
2025-11-04,2025020203,2025,BUF,UTA,0.4910540246007789,0.5231562795200052,v1-backfill,0.0
2025-11-04,2025020204,2025,MTL,PHI,0.5523303621986194,0.6025379260874549,v1-backfill,0.0
2025-11-04,2025020205,2025,NYI,BOS,0.634044724995006,0.558826868919807,v1-backfill,0.0
2025-11-04,2025020206,2025,NYR,CAR,0.4487138638328737,0.5019348700680333,v1-backfill,0.0
2025-11-04,2025020207,2025,DAL,EDM,0.4918248677190424,0.5502021977681889,v1-backfill,1.0
2025-11-04,2025020208,2025,MIN,NSH,0.6781525358101743,0.585709744707128,v1-backfill,1.0
2025-11-04,2025020209,2025,COL,TBL,0.6282926442453983,0.5855897540038112,v1-backfill,1.0
2025-11-04,2025020210,2025,VGK,DET,0.5911855087908123,0.5819002206957113,v1-backfill,1.0
2025-11-04,2025020211,2025,ANA,FLA,0.3835911695701682,0.4525785836595601,v1-backfill,1.0
2025-11-04,2025020212,2025,LAK,WPG,0.5272684048308506,0.4857029865957598,v1-backfill,1.0
2025-11-05,2025020213,2025,TOR,UTA,0.6453405296487732,0.5914179243803473,v1-backfill,1.0
2025-11-05,2025020214,2025,WSH,STL,0.5773139793614955,0.5795666448864216,v1-backfill,1.0
2025-11-05,2025020215,2025,CGY,CBJ,0.4706733194626893,0.5218653009293028,v1-backfill,1.0
2025-11-05,2025020216,2025,VAN,CHI,0.5825067759583987,0.6355303115488852,v1-backfill,0.0
2025-11-05,2025020217,2025,SEA,SJS,0.6845631453782205,0.6605974645199076,v1-backfill,0.0
2025-11-06,2025020218,2025,BOS,OTT,0.4566091769666208,0.5233203307407144,v1-backfill,1.0
2025-11-06,2025020219,2025,BUF,STL,0.5448393721736083,0.5337756083055631,v1-backfill,0.0
2025-11-06,2025020220,2025,NJD,MTL,0.5029472153199964,0.5622315274410196,v1-backfill,1.0
2025-11-06,2025020221,2025,PIT,WSH,0.5338161562471511,0.5103836559668928,v1-backfill,1.0
2025-11-06,2025020222,2025,CAR,MIN,0.650154274686648,0.6229415607390391,v1-backfill,1.0
2025-11-06,2025020223,2025,NSH,PHI,0.4868407737772594,0.5336223214785526,v1-backfill,0.0
2025-11-06,2025020224,2025,DAL,ANA,0.6019704169381993,0.6225927085348041,v1-backfill,0.0
2025-11-06,2025020225,2025,VGK,TBL,0.5331398847622221,0.5864751511653159,v1-backfill,0.0
2025-11-06,2025020226,2025,LAK,FLA,0.4711981131113573,0.5113039632426525,v1-backfill,0.0
2025-11-07,2025020227,2025,DET,NYR,0.5198005135637284,0.5634786312558838,v1-backfill,0.0
2025-11-07,2025020228,2025,NYI,MIN,0.677120953838245,0.5476226957386741,v1-backfill,0.0
2025-11-07,2025020229,2025,CGY,CHI,0.6193895204267281,0.6075015996110198,v1-backfill,0.0
2025-11-07,2025020230,2025,SJS,WPG,0.3054752483708747,0.346359191047882,v1-backfill,1.0
2025-11-08,2025020231,2025,NJD,PIT,0.5998566096825199,0.5717857405701265,v1-backfill,1.0
2025-11-08,2025020232,2025,PHI,OTT,0.4442100958615049,0.5138088091097364,v1-backfill,0.0
2025-11-08,2025020233,2025,NSH,DAL,0.4304202386388391,0.4420166915672424,v1-backfill,0.0
2025-11-08,2025020234,2025,TOR,BOS,0.5639936970570889,0.6228480383850595,v1-backfill,0.0
2025-11-08,2025020235,2025,MTL,UTA,0.4325710736134833,0.5437609742323953,v1-backfill,1.0
2025-11-08,2025020236,2025,TBL,WSH,0.4946322881918257,0.5502125617250664,v1-backfill,1.0
2025-11-08,2025020237,2025,NYR,NYI,0.5290157641571632,0.5844393551905738,v1-backfill,0.0
2025-11-08,2025020238,2025,CAR,BUF,0.6216284769444326,0.6421722421420244,v1-backfill,1.0
2025-11-08,2025020239,2025,STL,SEA,0.5748614602525042,0.5793225258688188,v1-backfill,0.0
2025-11-08,2025020240,2025,EDM,COL,0.4296315757413759,0.5307044955009196,v1-backfill,0.0
2025-11-08,2025020241,2025,VAN,CBJ,0.5088691387798729,0.5479061940862632,v1-backfill,1.0
2025-11-08,2025020242,2025,VGK,ANA,0.696791938659623,0.6129813095344797,v1-backfill,0.0
2025-11-08,2025020243,2025,SJS,FLA,0.2261055405190959,0.3604369731069318,v1-backfill,1.0
2025-11-09,2025020244,2025,DET,CHI,0.7015846137617199,0.6341171054403373,v1-backfill,0.0
2025-11-09,2025020245,2025,PIT,LAK,0.2996795602493958,0.526076285905519,v1-backfill,0.0
2025-11-09,2025020246,2025,TOR,CAR,0.4183479760427452,0.5317698350418465,v1-backfill,0.0
2025-11-09,2025020247,2025,OTT,UTA,0.4668514065527371,0.5553354104548042,v1-backfill,1.0
2025-11-09,2025020248,2025,DAL,SEA,0.5422411035551029,0.6248353115762978,v1-backfill,1.0
2025-11-09,2025020249,2025,MIN,CGY,0.4747914392004347,0.5719729813385589,v1-backfill,1.0
2025-11-09,2025020250,2025,VAN,COL,0.3772256683074599,0.4723686616151097,v1-backfill,0.0
2025-11-09,2025020251,2025,ANA,WPG,0.3428275698579452,0.4709418006111816,v1-backfill,1.0
2025-11-10,2025020252,2025,NJD,NYI,0.5037231510477758,0.5927231803720142,v1-backfill,0.0
2025-11-10,2025020253,2025,NYR,NSH,0.5848688145247971,0.6171673108947384,v1-backfill,1.0
2025-11-10,2025020254,2025,EDM,CBJ,0.5987358223960064,0.6031445742388938,v1-backfill,1.0
2025-11-10,2025020255,2025,VGK,FLA,0.4486145894862625,0.5332919076238049,v1-backfill,0.0
2025-11-11,2025020256,2025,BOS,TOR,0.5156323546842438,0.4957884343667924,v1-backfill,1.0
2025-11-11,2025020257,2025,MTL,LAK,0.4285015347387091,0.5313789213346439,v1-backfill,0.0
2025-11-11,2025020258,2025,OTT,DAL,0.5066435599267864,0.5071459608338943,v1-backfill,0.0
2025-11-11,2025020259,2025,CAR,WSH,0.5877745219908581,0.603493451066761,v1-backfill,0.0
2025-11-11,2025020260,2025,STL,CGY,0.5513499604964585,0.5824962027979715,v1-backfill,1.0
2025-11-11,2025020261,2025,MIN,SJS,0.6721436138915508,0.6551378862193131,v1-backfill,0.0
2025-11-11,2025020262,2025,COL,ANA,0.6870325122122645,0.6264299892488442,v1-backfill,1.0
2025-11-11,2025020263,2025,VAN,WPG,0.4077602919186321,0.4763303369344104,v1-backfill,0.0
2025-11-11,2025020264,2025,SEA,CBJ,0.5030558167316556,0.5375763257963893,v1-backfill,0.0
2025-11-12,2025020265,2025,TBL,NYR,0.5395198498764533,0.5759143516711727,v1-backfill,0.0
2025-11-12,2025020266,2025,PHI,EDM,0.419952174413003,0.469630865227948,v1-backfill,0.0
2025-11-12,2025020267,2025,UTA,BUF,0.6093488165589215,0.5804804281344426,v1-backfill,1.0
2025-11-12,2025020268,2025,CHI,NJD,0.4321800108414677,0.4606154146316104,v1-backfill,0.0
2025-11-13,2025020269,2025,TOR,LAK,0.4332635996982282,0.5586725586101061,v1-backfill,0.0
2025-11-13,2025020270,2025,MTL,DAL,0.4808028355516828,0.4906388298561023,v1-backfill,0.0
2025-11-13,2025020271,2025,OTT,BOS,0.5961626762987613,0.5616004633604541,v1-backfill,1.0
2025-11-13,2025020272,2025,DET,ANA,0.5840486044214172,0.5590201999020149,v1-backfill,1.0
2025-11-13,2025020273,2025,FLA,WSH,0.5100023851387758,0.5893505762160329,v1-backfill,1.0
2025-11-13,2025020274,2025,CBJ,EDM,0.5361688431342163,0.4902441384609132,v1-backfill,1.0
2025-11-13,2025020275,2025,COL,BUF,0.7575072786087313,0.6628652201617832,v1-backfill,1.0
2025-11-13,2025020276,2025,CGY,SJS,0.6559643924595129,0.61621257294477,v1-backfill,1.0
2025-11-13,2025020277,2025,VGK,NYI,0.5929769305906665,0.6032806407230037,v1-backfill,0.0
2025-11-13,2025020278,2025,SEA,WPG,0.3884998902873692,0.4464944049436481,v1-backfill,1.0
2025-11-14,2025020279,2025,CAR,VAN,0.651517426234345,0.6320157612432041,v1-backfill,1.0
2025-11-14,2025020280,2025,STL,PHI,0.6131351265998602,0.5899614574554284,v1-backfill,0.0
2025-11-14,2025020281,2025,NSH,PIT,0.5037259908821787,0.4898115581847593,v1-backfill,1.0
2025-11-14,2025020282,2025,UTA,NYI,0.6739772266858152,0.5621073736691835,v1-backfill,0.0
2025-11-15,2025020283,2025,FLA,TBL,0.608655252500902,0.5970109009484195,v1-backfill,0.0
2025-11-15,2025020284,2025,MIN,ANA,0.5208920917877209,0.5509889107824346,v1-backfill,1.0
2025-11-15,2025020285,2025,MTL,BOS,0.5536451546104754,0.5527817067695944,v1-backfill,0.0
2025-11-15,2025020286,2025,OTT,LAK,0.5078655859559574,0.5280347058705452,v1-backfill,0.0
2025-11-15,2025020287,2025,DET,BUF,0.6384426082060938,0.59815182677757,v1-backfill,0.0
2025-11-15,2025020288,2025,WSH,NJD,0.5728728275423708,0.5516337642130004,v1-backfill,0.0
2025-11-15,2025020289,2025,CAR,EDM,0.5275232488749756,0.5808795940756574,v1-backfill,0.0
2025-11-15,2025020290,2025,CBJ,NYR,0.5580900061169244,0.5305107699272842,v1-backfill,0.0
2025-11-15,2025020291,2025,CHI,TOR,0.4108385218831346,0.4406281206715351,v1-backfill,1.0
2025-11-15,2025020292,2025,STL,VGK,0.3478859328407202,0.5104209771777356,v1-backfill,0.0
2025-11-15,2025020293,2025,DAL,PHI,0.6065593011821544,0.6477723806270153,v1-backfill,1.0
2025-11-15,2025020294,2025,CGY,WPG,0.4701783409026092,0.4485112087804065,v1-backfill,0.0
2025-11-15,2025020295,2025,SEA,SJS,0.6147906283584961,0.6345238598938211,v1-backfill,1.0
2025-11-16,2025020296,2025,PIT,NSH,0.5037118205673012,0.6012841801431482,v1-backfill,1.0
2025-11-16,2025020297,2025,TBL,VAN,0.488441374833855,0.5997476974981976,v1-backfill,0.0
2025-11-16,2025020298,2025,MIN,VGK,0.4927277122063737,0.5034582617106915,v1-backfill,1.0
2025-11-16,2025020299,2025,NYR,DET,0.4989397149534895,0.5651461074713316,v1-backfill,0.0
2025-11-16,2025020300,2025,COL,NYI,0.6790208892285686,0.636412831690082,v1-backfill,1.0
2025-11-17,2025020301,2025,BOS,CAR,0.3866676587690052,0.4807825303929576,v1-backfill,0.0
2025-11-17,2025020302,2025,BUF,EDM,0.376318593475566,0.4668615594058576,v1-backfill,1.0
2025-11-17,2025020303,2025,FLA,VAN,0.7549812131756632,0.6255932169057016,v1-backfill,1.0
2025-11-17,2025020304,2025,WSH,LAK,0.4555366721956659,0.5280716722825334,v1-backfill,1.0
2025-11-17,2025020305,2025,CBJ,MTL,0.5946026217952983,0.5506985132866099,v1-backfill,1.0
2025-11-17,2025020306,2025,ANA,UTA,0.4501345684344998,0.5353041902165,v1-backfill,1.0
2025-11-18,2025020307,2025,TOR,STL,0.540936637160773,0.5895781537866177,v1-backfill,1.0
2025-11-18,2025020308,2025,DET,SEA,0.5712071973990912,0.5817562895116252,v1-backfill,1.0
2025-11-18,2025020309,2025,TBL,NJD,0.553508992814989,0.5487058236768727,v1-backfill,1.0
2025-11-18,2025020310,2025,DAL,NYI,0.5758980239124031,0.626869087885373,v1-backfill,0.0
2025-11-18,2025020311,2025,WPG,CBJ,0.6465262330892092,0.6225445794051939,v1-backfill,1.0
2025-11-18,2025020312,2025,CHI,CGY,0.3790699056801703,0.5244602301241551,v1-backfill,1.0
2025-11-18,2025020313,2025,VGK,NYR,0.5600149719269429,0.5757535397195895,v1-backfill,1.0
2025-11-18,2025020314,2025,SJS,UTA,0.4278590412304204,0.4372843841725328,v1-backfill,1.0
2025-11-19,2025020315,2025,WSH,EDM,0.518417912597442,0.5355415117476064,v1-backfill,1.0
2025-11-19,2025020316,2025,BUF,CGY,0.5807861951616262,0.566305816697488,v1-backfill,0.0
2025-11-19,2025020317,2025,MIN,CAR,0.3511526705527072,0.4745753269068436,v1-backfill,1.0
2025-11-19,2025020318,2025,ANA,BOS,0.5657164504621084,0.5437146635499515,v1-backfill,1.0
2025-11-20,2025020319,2025,TOR,CBJ,0.5274040537358816,0.5936095375320359,v1-backfill,0.0
2025-11-20,2025020320,2025,MTL,WSH,0.5553884397256805,0.5044565612035213,v1-backfill,0.0
2025-11-20,2025020321,2025,DET,NYI,0.5563766312637658,0.5657025071966606,v1-backfill,0.0
2025-11-20,2025020322,2025,TBL,EDM,0.6090712513991122,0.5465099830459463,v1-backfill,1.0
2025-11-20,2025020323,2025,FLA,NJD,0.5938756017901858,0.5981229937237249,v1-backfill,1.0
2025-11-20,2025020324,2025,PHI,STL,0.5153122870789058,0.5244051099427741,v1-backfill,1.0
2025-11-20,2025020325,2025,CHI,SEA,0.4859655975221386,0.5162362005149307,v1-backfill,0.0
2025-11-20,2025020326,2025,COL,NYR,0.6863109245768158,0.6299115136716694,v1-backfill,1.0
2025-11-20,2025020327,2025,UTA,VGK,0.4637708917619255,0.4981651273201358,v1-backfill,0.0
2025-11-20,2025020328,2025,VAN,DAL,0.4276643204748017,0.4723754874919796,v1-backfill,0.0
2025-11-20,2025020329,2025,ANA,OTT,0.3763891780674536,0.5342934852611934,v1-backfill,0.0
2025-11-20,2025020330,2025,SJS,LAK,0.3462977176861713,0.4000620889764664,v1-backfill,1.0
2025-11-21,2025020331,2025,BUF,CHI,0.669358102146461,0.5803589515080569,v1-backfill,1.0
2025-11-21,2025020332,2025,PIT,MIN,0.4830440782514519,0.5378042747530225,v1-backfill,0.0
2025-11-21,2025020333,2025,WPG,CAR,0.4543211700422801,0.552353933653134,v1-backfill,0.0
2025-11-21,2025020334,2025,LAK,BOS,0.5764933736287361,0.593438611207596,v1-backfill,0.0
2025-11-22,2025020335,2025,DET,CBJ,0.548625950041114,0.563987451269342,v1-backfill,1.0
2025-11-22,2025020336,2025,NYI,STL,0.5917246810791338,0.5722027740807647,v1-backfill,0.0
2025-11-22,2025020337,2025,MTL,TOR,0.4838338738003086,0.5015868543220214,v1-backfill,1.0
2025-11-22,2025020338,2025,FLA,EDM,0.5468285903334441,0.5939567358545026,v1-backfill,0.0
2025-11-22,2025020339,2025,PHI,NJD,0.4818893273840471,0.4964629905106616,v1-backfill,1.0
2025-11-22,2025020340,2025,PIT,SEA,0.4742838851291701,0.5558857359208604,v1-backfill,0.0
2025-11-22,2025020341,2025,WSH,TBL,0.4950303567611616,0.5519848614396138,v1-backfill,0.0
2025-11-22,2025020342,2025,SJS,OTT,0.3604530475141561,0.4269388846360152,v1-backfill,0.0
2025-11-22,2025020343,2025,NSH,COL,0.3363930352217624,0.3876432871667359,v1-backfill,0.0
2025-11-22,2025020344,2025,UTA,NYR,0.6014756470176177,0.5323860452153298,v1-backfill,1.0
2025-11-22,2025020345,2025,CGY,DAL,0.4453959586013013,0.4415893455100321,v1-backfill,1.0
2025-11-22,2025020346,2025,ANA,VGK,0.3991689136039344,0.4885526310461297,v1-backfill,1.0
2025-11-23,2025020347,2025,BUF,CAR,0.3433289201860706,0.4420000298631867,v1-backfill,1.0
2025-11-23,2025020348,2025,WPG,MIN,0.6104668638649204,0.6057231702500641,v1-backfill,0.0
2025-11-23,2025020349,2025,NYI,SEA,0.5251171949311773,0.5655343289873113,v1-backfill,1.0
2025-11-23,2025020350,2025,CHI,COL,0.3330377885843081,0.3822125102802272,v1-backfill,0.0
2025-11-23,2025020351,2025,SJS,BOS,0.3229175946041266,0.4430986200332636,v1-backfill,1.0
2025-11-23,2025020352,2025,VAN,CGY,0.5648976361130309,0.5656368551811104,v1-backfill,0.0
2025-11-24,2025020353,2025,TBL,PHI,0.6612437038828495,0.619632877505866,v1-backfill,1.0
2025-11-24,2025020354,2025,NJD,DET,0.5103950699856424,0.5514705250890016,v1-backfill,1.0
2025-11-24,2025020355,2025,NYR,STL,0.5304926655520518,0.5578582605563785,v1-backfill,1.0
2025-11-24,2025020356,2025,WSH,CBJ,0.6100962020098705,0.5900698982342523,v1-backfill,1.0
2025-11-24,2025020357,2025,NSH,FLA,0.3714305252546664,0.406104031273758,v1-backfill,0.0
2025-11-24,2025020358,2025,UTA,VGK,0.557321031847633,0.4961998997085647,v1-backfill,1.0
2025-11-24,2025020359,2025,LAK,OTT,0.607244362813489,0.5584466459669792,v1-backfill,1.0
2025-11-25,2025020360,2025,EDM,DAL,0.527294816075925,0.5247276475530853,v1-backfill,0.0
2025-11-26,2025020361,2025,DET,NSH,0.6351079716067513,0.6334233253479171,v1-backfill,0.0
2025-11-26,2025020362,2025,TBL,CGY,0.6227155584100128,0.623177135777944,v1-backfill,1.0
2025-11-26,2025020363,2025,FLA,PHI,0.6349124099280972,0.6538409808055456,v1-backfill,0.0
2025-11-26,2025020364,2025,NJD,STL,0.576522433551119,0.5830879048000807,v1-backfill,1.0
2025-11-26,2025020365,2025,NYI,BOS,0.5797104016720426,0.5650559216690682,v1-backfill,0.0
2025-11-26,2025020366,2025,PIT,BUF,0.5614770625009674,0.5554766461468759,v1-backfill,1.0
2025-11-26,2025020367,2025,WSH,WPG,0.4926683567104901,0.5269470058595802,v1-backfill,1.0
2025-11-26,2025020368,2025,CAR,NYR,0.6864134076281435,0.616224575636875,v1-backfill,0.0
2025-11-26,2025020369,2025,CBJ,TOR,0.5498432935468691,0.5130809873460195,v1-backfill,0.0
2025-11-26,2025020370,2025,CHI,MIN,0.4711267482003928,0.4576246423415876,v1-backfill,0.0
2025-11-26,2025020371,2025,COL,SJS,0.7850645075540369,0.7392835931666455,v1-backfill,1.0
2025-11-26,2025020372,2025,UTA,MTL,0.6139466686338971,0.560235654020344,v1-backfill,0.0
2025-11-26,2025020373,2025,VGK,OTT,0.6130089587216448,0.5735715572461804,v1-backfill,0.0
2025-11-26,2025020374,2025,ANA,VAN,0.5520145009140818,0.5669697937013648,v1-backfill,0.0
2025-11-26,2025020375,2025,SEA,DAL,0.510396131414288,0.4594593845145196,v1-backfill,0.0
2025-11-28,2025020376,2025,BOS,NYR,0.4773148831996661,0.5344953080222791,v1-backfill,0.0
2025-11-28,2025020377,2025,DET,TBL,0.4941834335805942,0.4985939195111382,v1-backfill,0.0
2025-11-28,2025020378,2025,MIN,COL,0.3434370542567442,0.464748584895603,v1-backfill,1.0
2025-11-28,2025020379,2025,BUF,NJD,0.465635765924917,0.4985615926760579,v1-backfill,0.0
2025-11-28,2025020380,2025,FLA,CGY,0.6368169508815886,0.6463974366428641,v1-backfill,0.0
2025-11-28,2025020381,2025,NYI,PHI,0.6181500062629962,0.571949531005971,v1-backfill,0.0
2025-11-28,2025020382,2025,STL,OTT,0.5001869607381426,0.5120863031997855,v1-backfill,1.0
2025-11-28,2025020383,2025,VGK,MTL,0.6792717086570614,0.5910007870804553,v1-backfill,0.0
2025-11-28,2025020384,2025,ANA,LAK,0.422554413078124,0.5012942512343868,v1-backfill,1.0
2025-11-28,2025020385,2025,SJS,VAN,0.4672076437967195,0.4596750653725752,v1-backfill,1.0
2025-11-28,2025020386,2025,WSH,TOR,0.5864510703922998,0.5641728883585044,v1-backfill,1.0
2025-11-28,2025020387,2025,CAR,WPG,0.6563616777012392,0.5595274284676861,v1-backfill,1.0
2025-11-28,2025020388,2025,CBJ,PIT,0.5855285606311795,0.5468050209224569,v1-backfill,0.0
2025-11-28,2025020389,2025,CHI,NSH,0.4250598485812963,0.542750134988214,v1-backfill,0.0
2025-11-28,2025020390,2025,DAL,UTA,0.5127526988549292,0.6335311197502976,v1-backfill,1.0
2025-11-29,2025020391,2025,NYR,TBL,0.500447418074394,0.5094391021713398,v1-backfill,0.0
2025-11-29,2025020392,2025,COL,MTL,0.6648332883812371,0.6481163841888546,v1-backfill,1.0
2025-11-29,2025020393,2025,SEA,EDM,0.4509757224916409,0.4917847223987889,v1-backfill,0.0
2025-11-29,2025020394,2025,BOS,DET,0.4475745162952603,0.5444521670050847,v1-backfill,1.0
2025-11-29,2025020395,2025,NJD,PHI,0.5284192895953651,0.5979057442913271,v1-backfill,0.0
2025-11-29,2025020396,2025,PIT,TOR,0.5143572705437495,0.5176577008509208,v1-backfill,0.0
2025-11-29,2025020397,2025,NSH,WPG,0.389943304674415,0.43545112111897,v1-backfill,0.0
2025-11-29,2025020398,2025,STL,UTA,0.4305352590558522,0.5516410011657131,v1-backfill,1.0
2025-11-29,2025020399,2025,MIN,BUF,0.5203015225254147,0.6091114944363523,v1-backfill,0.0
2025-11-29,2025020400,2025,VGK,SJS,0.6852052099151217,0.674152089643616,v1-backfill,1.0
2025-11-29,2025020401,2025,LAK,VAN,0.6098095519928596,0.6040536706479993,v1-backfill,1.0
2025-11-30,2025020402,2025,NYI,WSH,0.5128685403175017,0.4950853738877046,v1-backfill,0.0
2025-11-30,2025020403,2025,CHI,ANA,0.474725796836896,0.4756830006017681,v1-backfill,1.0
2025-11-30,2025020404,2025,CAR,CGY,0.6794253380255662,0.6406604384667473,v1-backfill,1.0
2025-11-30,2025020405,2025,DAL,OTT,0.5517616422263294,0.6147062460816463,v1-backfill,1.0
2025-12-01,2025020406,2025,NJD,CBJ,0.5613078206258588,0.592225813465466,v1-backfill,0.0
2025-12-01,2025020407,2025,PHI,PIT,0.5279113930159247,0.5517767367852395,v1-backfill,0.0
2025-12-01,2025020408,2025,BUF,WPG,0.4793514231853887,0.46528771009419,v1-backfill,1.0
2025-12-01,2025020409,2025,STL,ANA,0.5901857922512636,0.5597819712881231,v1-backfill,0.0
2025-12-01,2025020410,2025,SJS,UTA,0.3730535648226408,0.4622754261513337,v1-backfill,1.0
2025-12-02,2025020411,2025,MTL,OTT,0.4500231136530745,0.5359516299333028,v1-backfill,0.0
2025-12-02,2025020412,2025,DET,BOS,0.5706316929511872,0.5486710848107277,v1-backfill,1.0
2025-12-02,2025020413,2025,FLA,TOR,0.5860557828795576,0.5812451570857765,v1-backfill,0.0
2025-12-02,2025020414,2025,NYI,TBL,0.5302635544755048,0.4733654822674975,v1-backfill,1.0
2025-12-02,2025020415,2025,NYR,DAL,0.4623000096810332,0.4755472449892615,v1-backfill,1.0
2025-12-02,2025020416,2025,NSH,CGY,0.5187242499140695,0.5075755321717444,v1-backfill,1.0
2025-12-02,2025020417,2025,COL,VAN,0.7427131072921469,0.676937084710081,v1-backfill,1.0
2025-12-02,2025020418,2025,EDM,MIN,0.6046102851994514,0.5691650233421023,v1-backfill,0.0
2025-12-02,2025020419,2025,VGK,CHI,0.6918399844141446,0.6562400672326176,v1-backfill,1.0
2025-12-02,2025020420,2025,LAK,WSH,0.5214803303949624,0.5306863270939197,v1-backfill,0.0
2025-12-03,2025020421,2025,NJD,DAL,0.5977465528914885,0.483341730342949,v1-backfill,0.0
2025-12-03,2025020422,2025,MTL,WPG,0.3886018107658986,0.4915123611097241,v1-backfill,1.0
2025-12-03,2025020423,2025,PHI,BUF,0.4929118364424086,0.5540923076010671,v1-backfill,1.0
2025-12-03,2025020424,2025,ANA,UTA,0.4382894281968528,0.5647197734010052,v1-backfill,0.0
2025-12-03,2025020425,2025,SJS,WSH,0.4093211855874685,0.3920233179526867,v1-backfill,0.0
2025-12-04,2025020426,2025,BOS,STL,0.4739864120780336,0.5507466206624377,v1-backfill,1.0
2025-12-04,2025020427,2025,OTT,NYR,0.5395123446867567,0.5516816295587176,v1-backfill,0.0
2025-12-04,2025020428,2025,TBL,PIT,0.540091852226874,0.6147750493013621,v1-backfill,0.0
2025-12-04,2025020429,2025,FLA,NSH,0.654292689887864,0.6630725377279033,v1-backfill,0.0
2025-12-04,2025020430,2025,NYI,COL,0.418229523458503,0.4331216238060808,v1-backfill,1.0
2025-12-04,2025020431,2025,CAR,TOR,0.6555517881451606,0.5859456065845187,v1-backfill,0.0
2025-12-04,2025020432,2025,CBJ,DET,0.4532646102425784,0.539516542445478,v1-backfill,1.0
2025-12-04,2025020433,2025,CGY,MIN,0.5150035372804611,0.4900638034324276,v1-backfill,1.0
2025-12-04,2025020434,2025,EDM,SEA,0.6505358931941536,0.611803735200779,v1-backfill,1.0
2025-12-04,2025020435,2025,LAK,CHI,0.6982866484416704,0.6546865986330197,v1-backfill,0.0
2025-12-05,2025020436,2025,NJD,VGK,0.4414649164905581,0.5245453672177081,v1-backfill,0.0
2025-12-05,2025020437,2025,WPG,BUF,0.59167425625255,0.6217351422020836,v1-backfill,1.0
2025-12-05,2025020438,2025,DAL,SJS,0.6833842172257517,0.7252877008186219,v1-backfill,1.0
2025-12-05,2025020439,2025,VAN,UTA,0.4380970222137308,0.5370064359082687,v1-backfill,0.0
2025-12-05,2025020440,2025,ANA,WSH,0.4300318881708477,0.4698177658505024,v1-backfill,1.0
2025-12-06,2025020441,2025,NYR,COL,0.3798087938459541,0.4681726338486752,v1-backfill,0.0
2025-12-06,2025020442,2025,FLA,CBJ,0.6463249457898459,0.6085550971203715,v1-backfill,1.0
2025-12-06,2025020443,2025,BOS,NJD,0.5623146641709668,0.5396942752024587,v1-backfill,1.0
2025-12-06,2025020444,2025,TOR,MTL,0.5347245852814562,0.5977832152724158,v1-backfill,0.0
2025-12-06,2025020445,2025,OTT,STL,0.5641202604120714,0.5785957646549565,v1-backfill,0.0
2025-12-06,2025020446,2025,TBL,NYI,0.4890392808309977,0.6002890004289684,v1-backfill,0.0
2025-12-06,2025020447,2025,CAR,NSH,0.6893839075834479,0.6685280798691984,v1-backfill,1.0
2025-12-06,2025020448,2025,CGY,UTA,0.5947931911754317,0.5352216219331117,v1-backfill,1.0
2025-12-06,2025020449,2025,LAK,CHI,0.6801257286971163,0.6409305698656493,v1-backfill,1.0
2025-12-06,2025020450,2025,EDM,WPG,0.6912863780450269,0.5389187542372843,v1-backfill,1.0
2025-12-06,2025020451,2025,VAN,MIN,0.37576218514659,0.4912342540209868,v1-backfill,1.0
2025-12-06,2025020452,2025,SEA,DET,0.4555630739703041,0.5234766046330891,v1-backfill,0.0
2025-12-07,2025020453,2025,PHI,COL,0.3627205471730635,0.4284042238998537,v1-backfill,0.0
2025-12-07,2025020454,2025,FLA,NYI,0.5730840333849242,0.5951639506056999,v1-backfill,1.0
2025-12-07,2025020455,2025,CAR,SJS,0.722719012049949,0.713632897174143,v1-backfill,0.0
2025-12-07,2025020456,2025,DAL,PIT,0.5945875422645468,0.6387867581155492,v1-backfill,1.0
2025-12-07,2025020457,2025,MTL,STL,0.5447568006446519,0.560859247140124,v1-backfill,0.0
2025-12-07,2025020458,2025,NYR,VGK,0.321205573954779,0.5272873819977182,v1-backfill,0.0
2025-12-07,2025020459,2025,WSH,CBJ,0.6556436598449773,0.6216916748661452,v1-backfill,1.0
2025-12-07,2025020460,2025,ANA,CHI,0.7268269207342716,0.614516480007419,v1-backfill,1.0
2025-12-08,2025020461,2025,TOR,TBL,0.4773076482857468,0.5446417667973936,v1-backfill,1.0
2025-12-08,2025020462,2025,UTA,LAK,0.4696115412984492,0.508679374431406,v1-backfill,0.0
2025-12-08,2025020463,2025,CGY,BUF,0.5340570019822247,0.5615636057417728,v1-backfill,1.0
2025-12-08,2025020464,2025,VAN,DET,0.4497170786683379,0.5199958786160154,v1-backfill,0.0
2025-12-08,2025020465,2025,SEA,MIN,0.4748371023690669,0.4943821929333375,v1-backfill,0.0
2025-12-09,2025020466,2025,MTL,TBL,0.4967532839437159,0.5044911478064226,v1-backfill,0.0
2025-12-09,2025020467,2025,OTT,NJD,0.5536076893966481,0.5561645776093754,v1-backfill,0.0
2025-12-09,2025020468,2025,NYI,VGK,0.4726860196432276,0.5067297066162556,v1-backfill,1.0
2025-12-09,2025020469,2025,PHI,SJS,0.6628853961765854,0.6277802812677599,v1-backfill,1.0
2025-12-09,2025020470,2025,PIT,ANA,0.4565970830043863,0.5533797123276953,v1-backfill,0.0
2025-12-09,2025020471,2025,CAR,CBJ,0.6535232912683967,0.6273704396150438,v1-backfill,1.0
2025-12-09,2025020472,2025,STL,BOS,0.5129096242337966,0.547150188651055,v1-backfill,0.0
2025-12-09,2025020473,2025,WPG,DAL,0.4975968986091171,0.5009503779632563,v1-backfill,0.0
2025-12-09,2025020474,2025,EDM,BUF,0.6707294470704982,0.6289459810249928,v1-backfill,0.0
2025-12-09,2025020475,2025,NSH,COL,0.3153247671691855,0.3773322555688698,v1-backfill,1.0
2025-12-10,2025020476,2025,CHI,NYR,0.4422574875898338,0.4539130323419195,v1-backfill,1.0
2025-12-10,2025020477,2025,CGY,DET,0.4761863713564881,0.5290990715673368,v1-backfill,0.0
2025-12-10,2025020478,2025,UTA,FLA,0.4782329174987045,0.4702542439833484,v1-backfill,0.0
2025-12-10,2025020479,2025,SEA,LAK,0.4496062576918723,0.4741375050566316,v1-backfill,1.0
2025-12-11,2025020480,2025,TOR,SJS,0.6566540901917537,0.6882650164483142,v1-backfill,0.0
2025-12-11,2025020481,2025,NJD,TBL,0.510439032719417,0.510276027595899,v1-backfill,0.0
2025-12-11,2025020482,2025,NYI,ANA,0.5165719518651737,0.5590185147264503,v1-backfill,1.0
2025-12-11,2025020483,2025,PHI,VGK,0.4306431710746346,0.4937191535793204,v1-backfill,0.0
2025-12-11,2025020484,2025,PIT,MTL,0.5999585581972108,0.5542904807312194,v1-backfill,0.0
2025-12-11,2025020485,2025,WSH,CAR,0.4586201608203753,0.5485816955646001,v1-backfill,0.0
2025-12-11,2025020486,2025,CBJ,OTT,0.5386321230177195,0.5302276928641998,v1-backfill,0.0
2025-12-11,2025020487,2025,NSH,STL,0.531239456929852,0.50401078953481,v1-backfill,1.0
2025-12-11,2025020488,2025,MIN,DAL,0.4556330954646816,0.4725052316668413,v1-backfill,1.0
2025-12-11,2025020489,2025,WPG,BOS,0.622410460277039,0.5836569361768303,v1-backfill,0.0
2025-12-11,2025020490,2025,COL,FLA,0.6890929842394026,0.5945466351489183,v1-backfill,1.0
2025-12-11,2025020491,2025,EDM,DET,0.6605624451367107,0.5772984896740289,v1-backfill,1.0
2025-12-11,2025020492,2025,VAN,BUF,0.5134839151220131,0.5456777366229693,v1-backfill,0.0
2025-12-12,2025020493,2025,STL,CHI,0.4809158197848341,0.6079841011762139,v1-backfill,1.0
2025-12-12,2025020494,2025,UTA,SEA,0.626131307504195,0.5632298338947674,v1-backfill,1.0
2025-12-13,2025020495,2025,NJD,ANA,0.530729989285322,0.5568855682960352,v1-backfill,1.0
2025-12-13,2025020496,2025,MIN,OTT,0.5159582903340799,0.573619040232472,v1-backfill,1.0
2025-12-13,2025020497,2025,PIT,SJS,0.65001641037376,0.6305556404954641,v1-backfill,0.0
2025-12-13,2025020498,2025,NYI,TBL,0.5436364880255935,0.5108422027011251,v1-backfill,1.0
2025-12-13,2025020499,2025,TOR,EDM,0.4382230504547974,0.5450634132873433,v1-backfill,0.0
2025-12-13,2025020500,2025,NYR,MTL,0.5522840657967253,0.5642207985138193,v1-backfill,1.0
2025-12-13,2025020501,2025,PHI,CAR,0.3205487948920263,0.4608794540514716,v1-backfill,0.0
2025-12-13,2025020502,2025,CBJ,VGK,0.4721691066307454,0.4763736567375137,v1-backfill,0.0
2025-12-13,2025020503,2025,WPG,WSH,0.4683421161943024,0.5221035517681055,v1-backfill,1.0
2025-12-13,2025020504,2025,CHI,DET,0.2658002150139043,0.4635854184876941,v1-backfill,0.0
2025-12-13,2025020505,2025,DAL,FLA,0.5218292329010067,0.5849765629835516,v1-backfill,0.0
2025-12-13,2025020506,2025,COL,NSH,0.7761042266502169,0.7025614320216197,v1-backfill,1.0
2025-12-13,2025020507,2025,LAK,CGY,0.6130631376811634,0.5978292975858012,v1-backfill,0.0
2025-12-14,2025020508,2025,NJD,VAN,0.446398871161881,0.5966963780497352,v1-backfill,0.0
2025-12-14,2025020509,2025,PIT,UTA,0.3694453011941858,0.5532916673059511,v1-backfill,0.0
2025-12-14,2025020510,2025,CAR,PHI,0.6885558517034436,0.643243314185862,v1-backfill,1.0
2025-12-14,2025020511,2025,MIN,BOS,0.4450267141962784,0.5712861579156233,v1-backfill,1.0
2025-12-14,2025020512,2025,MTL,EDM,0.4362832356248513,0.4907652319344444,v1-backfill,1.0
2025-12-14,2025020513,2025,SEA,BUF,0.5045250040583686,0.5304236455987562,v1-backfill,0.0
2025-12-15,2025020514,2025,TBL,FLA,0.4911906879662077,0.5321875792654467,v1-backfill,0.0
2025-12-15,2025020515,2025,NYR,ANA,0.514238753435543,0.5742553625940802,v1-backfill,0.0
2025-12-15,2025020516,2025,WPG,OTT,0.5512905018435363,0.5877950755299609,v1-backfill,0.0
2025-12-15,2025020517,2025,STL,NSH,0.5459205111843745,0.5921781655288717,v1-backfill,0.0
2025-12-15,2025020518,2025,DAL,LAK,0.5538173852912256,0.6136068251237219,v1-backfill,1.0
2025-12-16,2025020519,2025,BOS,UTA,0.5133626635124169,0.5748856058016146,v1-backfill,1.0
2025-12-16,2025020520,2025,TOR,CHI,0.625997210086531,0.6622940271133128,v1-backfill,1.0
2025-12-16,2025020521,2025,MTL,PHI,0.4672096928693323,0.5713739486208841,v1-backfill,0.0
2025-12-16,2025020522,2025,DET,NYI,0.5414082980034345,0.5466957388975255,v1-backfill,1.0
2025-12-16,2025020523,2025,NYR,VAN,0.4290652325899134,0.5908994218644203,v1-backfill,0.0
2025-12-16,2025020524,2025,PIT,EDM,0.4101286672796919,0.4819793581755507,v1-backfill,0.0
2025-12-16,2025020525,2025,CBJ,ANA,0.6067266171705942,0.5230156301992139,v1-backfill,1.0
2025-12-16,2025020526,2025,MIN,WSH,0.5007688144175123,0.5332698686041532,v1-backfill,1.0
2025-12-16,2025020527,2025,SJS,CGY,0.3571404156705378,0.4747694374215285,v1-backfill,1.0
2025-12-16,2025020528,2025,SEA,COL,0.2789654993240094,0.3837958476780623,v1-backfill,0.0
2025-12-17,2025020529,2025,FLA,LAK,0.5825387131855333,0.6027457302642576,v1-backfill,1.0
2025-12-17,2025020530,2025,DET,UTA,0.5180563364636435,0.5897422020141918,v1-backfill,0.0
2025-12-17,2025020531,2025,STL,WPG,0.4884683426007329,0.4985501517913381,v1-backfill,1.0
2025-12-17,2025020532,2025,NSH,CAR,0.3575109804600534,0.4253219322845005,v1-backfill,0.0
2025-12-17,2025020533,2025,VGK,NJD,0.5881388598393806,0.6030313087919176,v1-backfill,0.0
2025-12-18,2025020534,2025,BOS,EDM,0.4457743712972341,0.5121908015418329,v1-backfill,0.0
2025-12-18,2025020535,2025,BUF,PHI,0.5867497513012644,0.548703045206724,v1-backfill,1.0
2025-12-18,2025020536,2025,MTL,CHI,0.5964607085441015,0.6268528858901703,v1-backfill,1.0
2025-12-18,2025020537,2025,OTT,PIT,0.5877292605787395,0.5834776479881921,v1-backfill,1.0
2025-12-18,2025020538,2025,TBL,LAK,0.6631195926690215,0.5777757499471117,v1-backfill,0.0
2025-12-18,2025020539,2025,WSH,TOR,0.6240513847748208,0.5634410473673582,v1-backfill,1.0
2025-12-18,2025020540,2025,CBJ,MIN,0.5496025933221708,0.4774235139248833,v1-backfill,0.0
2025-12-18,2025020541,2025,STL,NYR,0.3843823522859941,0.5389902500082769,v1-backfill,0.0
2025-12-18,2025020542,2025,CGY,SEA,0.5838073730670104,0.5829604032102367,v1-backfill,1.0
2025-12-18,2025020543,2025,SJS,DAL,0.3566347171086989,0.3747140100615774,v1-backfill,0.0
2025-12-19,2025020544,2025,FLA,CAR,0.4588890835509962,0.5436401902376791,v1-backfill,1.0
2025-12-19,2025020545,2025,NYI,VAN,0.5930240762828088,0.5892289373611236,v1-backfill,0.0
2025-12-19,2025020546,2025,COL,WPG,0.6722331688164477,0.6401883127569903,v1-backfill,1.0
2025-12-19,2025020547,2025,UTA,NJD,0.5363389091921389,0.5316090618091232,v1-backfill,0.0
2025-12-19,2025020548,2025,ANA,DAL,0.5154499674867825,0.4447287398684335,v1-backfill,0.0
2025-12-20,2025020549,2025,NYR,PHI,0.6065577497607916,0.5761834200006092,v1-backfill,1.0
2025-12-20,2025020550,2025,WSH,DET,0.5875132530120424,0.5936429486666698,v1-backfill,0.0
2025-12-20,2025020551,2025,OTT,CHI,0.678390215812384,0.6485652523498244,v1-backfill,1.0
2025-12-20,2025020552,2025,MIN,EDM,0.5051652081262951,0.5434398659043642,v1-backfill,1.0
2025-12-20,2025020553,2025,BUF,NYI,0.6229261868626698,0.5320412556209158,v1-backfill,1.0
2025-12-20,2025020554,2025,FLA,STL,0.5252950129992288,0.6431510515163894,v1-backfill,0.0
2025-12-20,2025020555,2025,BOS,VAN,0.622781954909087,0.5782826684747022,v1-backfill,0.0
2025-12-20,2025020556,2025,MTL,PIT,0.5072634972354729,0.5782998112062295,v1-backfill,1.0
2025-12-20,2025020557,2025,TBL,CAR,0.5415120075838512,0.5058126631291774,v1-backfill,1.0
2025-12-20,2025020558,2025,NSH,TOR,0.4866982371568738,0.4662958998259391,v1-backfill,1.0
2025-12-20,2025020559,2025,CGY,VGK,0.4223055439043558,0.4852454041005398,v1-backfill,1.0
2025-12-20,2025020560,2025,ANA,CBJ,0.5008891198728759,0.5699330726210777,v1-backfill,1.0
2025-12-20,2025020561,2025,SJS,SEA,0.4399182654011334,0.520682826436076,v1-backfill,0.0
2025-12-21,2025020562,2025,DET,WSH,0.5247001237072579,0.5196356701643747,v1-backfill,1.0
2025-12-21,2025020563,2025,MIN,COL,0.2500058751754103,0.4793955933061178,v1-backfill,0.0
2025-12-21,2025020564,2025,BOS,OTT,0.4576141630862106,0.5383173156789604,v1-backfill,0.0
2025-12-21,2025020565,2025,NJD,BUF,0.6374164799985392,0.5693874702147173,v1-backfill,0.0
2025-12-21,2025020566,2025,PIT,MTL,0.478449316235692,0.5120762855287018,v1-backfill,1.0
2025-12-21,2025020567,2025,NSH,NYR,0.460202399729597,0.4975450954031281,v1-backfill,1.0
2025-12-21,2025020568,2025,DAL,TOR,0.6380649908055143,0.6237065733892709,v1-backfill,1.0
2025-12-21,2025020569,2025,UTA,WPG,0.5446032561944729,0.5046320162451166,v1-backfill,1.0
2025-12-21,2025020570,2025,EDM,VGK,0.4254010633342086,0.5597509628231702,v1-backfill,1.0
2025-12-22,2025020571,2025,TBL,STL,0.6578681797536832,0.598935113058287,v1-backfill,1.0
2025-12-22,2025020572,2025,PHI,VAN,0.541683850516236,0.5412927327710052,v1-backfill,1.0
2025-12-22,2025020573,2025,ANA,SEA,0.6046838208802908,0.5945220357082123,v1-backfill,0.0
2025-12-22,2025020574,2025,LAK,CBJ,0.5299948501598798,0.6082062712939763,v1-backfill,0.0
2025-12-23,2025020575,2025,TOR,PIT,0.5290599189175752,0.6049641053566331,v1-backfill,1.0
2025-12-23,2025020576,2025,WSH,NYR,0.6081647214662401,0.5929772240164611,v1-backfill,0.0
2025-12-23,2025020577,2025,BOS,MTL,0.5436644203402923,0.5500577946975855,v1-backfill,0.0
2025-12-23,2025020578,2025,OTT,BUF,0.5473053734392871,0.5736058699036127,v1-backfill,0.0
2025-12-23,2025020579,2025,DET,DAL,0.5141906058966821,0.4660562976576814,v1-backfill,1.0
2025-12-23,2025020580,2025,NYI,NJD,0.5207790481372482,0.5480477911846996,v1-backfill,1.0
2025-12-23,2025020581,2025,CAR,FLA,0.5468527109982669,0.5511662068497278,v1-backfill,0.0
2025-12-23,2025020582,2025,MIN,NSH,0.5675472793631244,0.6363938202296547,v1-backfill,0.0
2025-12-23,2025020583,2025,CHI,PHI,0.5595530753165697,0.4744032359584302,v1-backfill,0.0
2025-12-23,2025020584,2025,COL,UTA,0.7289455197107034,0.6896272534169008,v1-backfill,1.0
2025-12-23,2025020585,2025,EDM,CGY,0.5553835071599006,0.6162181389064211,v1-backfill,1.0
2025-12-23,2025020586,2025,VGK,SJS,0.7241002386891335,0.6753661416435474,v1-backfill,1.0
2025-12-23,2025020587,2025,LAK,SEA,0.5659159573869411,0.6096624176254491,v1-backfill,0.0
2025-12-27,2025020588,2025,NYI,NYR,0.5506402301577648,0.5479474756172111,v1-backfill,1.0
2025-12-27,2025020589,2025,BUF,BOS,0.5569649573337714,0.5616060342747986,v1-backfill,1.0
2025-12-27,2025020590,2025,TOR,OTT,0.5193880308589319,0.560762373585703,v1-backfill,1.0
2025-12-27,2025020591,2025,FLA,TBL,0.5655550430483124,0.5835075874902913,v1-backfill,0.0
2025-12-27,2025020592,2025,NJD,WSH,0.4767044123155857,0.5098110993134808,v1-backfill,0.0
2025-12-27,2025020593,2025,CAR,DET,0.6353438300818856,0.5908312892897054,v1-backfill,1.0
2025-12-27,2025020594,2025,WPG,MIN,0.5417724930813886,0.5260251050433196,v1-backfill,0.0
2025-12-27,2025020595,2025,STL,NSH,0.5396738083842806,0.5711774237324588,v1-backfill,1.0
2025-12-27,2025020596,2025,DAL,CHI,0.7251753272492484,0.7348015679875002,v1-backfill,0.0
2025-12-27,2025020597,2025,LAK,ANA,0.5428099979768197,0.5723290226862194,v1-backfill,1.0
2025-12-27,2025020598,2025,CGY,EDM,0.4752432434050195,0.4735442488600769,v1-backfill,1.0
2025-12-27,2025020599,2025,VAN,SJS,0.629530787745939,0.6250103932946465,v1-backfill,0.0
2025-12-27,2025020600,2025,VGK,COL,0.4224057348269647,0.4557145557526469,v1-backfill,0.0
2025-12-28,2025020601,2025,DET,TOR,0.5446805359312182,0.5405254614612016,v1-backfill,1.0
2025-12-28,2025020602,2025,TBL,MTL,0.5419178274325664,0.5990105180551683,v1-backfill,1.0
2025-12-28,2025020603,2025,CBJ,NYI,0.5590326700032806,0.5072837836268962,v1-backfill,1.0
2025-12-28,2025020604,2025,CHI,PIT,0.3983124057117795,0.4929269765149187,v1-backfill,0.0
2025-12-28,2025020605,2025,SEA,PHI,0.4369432423927974,0.5252220880113413,v1-backfill,1.0
2025-12-29,2025020606,2025,OTT,CBJ,0.5841924507333759,0.586407538019507,v1-backfill,0.0
2025-12-29,2025020607,2025,FLA,WSH,0.5602849656607595,0.580189372029436,v1-backfill,1.0
2025-12-29,2025020608,2025,CAR,NYR,0.6956960061611124,0.6177139015236625,v1-backfill,1.0
2025-12-29,2025020609,2025,WPG,EDM,0.5204103807177797,0.5114267562727296,v1-backfill,0.0
2025-12-29,2025020610,2025,STL,BUF,0.507829696673491,0.5355812859139901,v1-backfill,0.0
2025-12-29,2025020611,2025,COL,LAK,0.6965873398980533,0.6706688142112369,v1-backfill,1.0
2025-12-29,2025020612,2025,UTA,NSH,0.5026823204619155,0.5685357549871182,v1-backfill,0.0
2025-12-29,2025020613,2025,CGY,BOS,0.5605367132809315,0.5557854559635615,v1-backfill,1.0
2025-12-29,2025020614,2025,VGK,MIN,0.5677859507814073,0.5383365758473152,v1-backfill,0.0
2025-12-29,2025020615,2025,ANA,SJS,0.688087331372221,0.6197386287301041,v1-backfill,0.0
2025-12-29,2025020616,2025,SEA,VAN,0.4634324405996122,0.5448264540396881,v1-backfill,0.0
2025-12-30,2025020617,2025,TOR,NJD,0.5172797503888474,0.5837283661959848,v1-backfill,1.0
2025-12-30,2025020618,2025,FLA,MTL,0.5493572286481684,0.6261120763788878,v1-backfill,0.0
2025-12-30,2025020619,2025,PIT,CAR,0.4595842715599623,0.4417482658788663,v1-backfill,1.0
2025-12-30,2025020620,2025,CHI,NYI,0.4077047597805746,0.4431501764252585,v1-backfill,0.0
2025-12-30,2025020621,2025,VAN,PHI,0.3953849078004458,0.5458591291233913,v1-backfill,0.0
2025-12-31,2025020622,2025,WSH,NYR,0.5771622441244699,0.5870816988558945,v1-backfill,1.0
2025-12-31,2025020623,2025,VGK,NSH,0.6503294736050521,0.6122119861160685,v1-backfill,0.0
2025-12-31,2025020624,2025,ANA,TBL,0.4887486920901672,0.4668708260569379,v1-backfill,0.0
2025-12-31,2025020625,2025,SJS,MIN,0.375216829593911,0.4109327337010487,v1-backfill,1.0
2025-12-31,2025020626,2025,DET,WPG,0.5447740396113985,0.5652750219143261,v1-backfill,1.0
2025-12-31,2025020627,2025,CBJ,NJD,0.5855727185723728,0.541948920063418,v1-backfill,0.0
2025-12-31,2025020628,2025,DAL,BUF,0.560072354127015,0.63109677251273,v1-backfill,0.0
2025-12-31,2025020629,2025,COL,STL,0.7711090611778905,0.6966110866132033,v1-backfill,1.0
2025-12-31,2025020630,2025,CGY,PHI,0.6646178143319887,0.5584159452709793,v1-backfill,1.0
2025-12-31,2025020631,2025,EDM,BOS,0.5981423911413513,0.6273479780772734,v1-backfill,0.0
2026-01-01,2025020632,2025,OTT,WSH,0.5433002046073558,0.5119703419208167,v1-backfill,1.0
2026-01-01,2025020633,2025,NYI,UTA,0.5224570625149477,0.5861643670376451,v1-backfill,0.0
2026-01-01,2025020634,2025,TOR,WPG,0.5748900178447556,0.5771740370549043,v1-backfill,1.0
2026-01-01,2025020635,2025,PIT,DET,0.5595365820715055,0.4931862026999311,v1-backfill,1.0
2026-01-01,2025020636,2025,CAR,MTL,0.6799018974439522,0.6133769688496874,v1-backfill,0.0
2026-01-01,2025020637,2025,CHI,DAL,0.4552187313780274,0.3596881627462253,v1-backfill,1.0
2026-01-01,2025020638,2025,SEA,NSH,0.5403859303125385,0.537004136722466,v1-backfill,1.0
2026-01-01,2025020639,2025,LAK,TBL,0.5709988386141726,0.4987215353269802,v1-backfill,0.0
2026-01-02,2025020640,2025,STL,VGK,0.4328333277126451,0.5085952608706381,v1-backfill,1.0
2026-01-02,2025020641,2025,FLA,NYR,0.6422919884787819,0.6251549923179618,v1-backfill,0.0
2026-01-02,2025020642,2025,VAN,SEA,0.6248599868464427,0.5527605114435247,v1-backfill,0.0
2026-01-02,2025020643,2025,ANA,MIN,0.5445153377784585,0.4684696592973708,v1-backfill,0.0
2026-01-03,2025020644,2025,DET,PIT,0.5776617140989284,0.5980949790599976,v1-backfill,0.0
2026-01-03,2025020645,2025,NJD,UTA,0.4911056524300244,0.5658998252464785,v1-backfill,1.0
2026-01-03,2025020646,2025,CBJ,BUF,0.5511209901037958,0.5049604431317924,v1-backfill,1.0
2026-01-03,2025020647,2025,EDM,PHI,0.5798540494810501,0.6211242946956923,v1-backfill,0.0
2026-01-03,2025020648,2025,STL,MTL,0.358800885085107,0.5265293219011099,v1-backfill,1.0
2026-01-03,2025020649,2025,SJS,TBL,0.3276067214484652,0.4057358190398302,v1-backfill,0.0
2026-01-03,2025020650,2025,OTT,WPG,0.5442962148784486,0.5593514816114485,v1-backfill,1.0
2026-01-03,2025020651,2025,NYI,TOR,0.5432116588367941,0.5152458523816638,v1-backfill,1.0
2026-01-03,2025020652,2025,WSH,CHI,0.6656343911880779,0.6772019991710171,v1-backfill,0.0
2026-01-03,2025020653,2025,CAR,COL,0.4063157101649886,0.4663623702566891,v1-backfill,0.0
2026-01-03,2025020654,2025,CGY,NSH,0.5724128970794418,0.5799770049256937,v1-backfill,0.0
2026-01-03,2025020655,2025,LAK,MIN,0.6105107618657769,0.496716995406455,v1-backfill,1.0
2026-01-03,2025020656,2025,VAN,BOS,0.4143342195849164,0.5262127521252113,v1-backfill,0.0
2026-01-04,2025020657,2025,DAL,MTL,0.6734825830415363,0.6235162126928313,v1-backfill,0.0
2026-01-04,2025020658,2025,CBJ,PIT,0.5858233734021407,0.5459861752649289,v1-backfill,0.0
2026-01-04,2025020659,2025,FLA,COL,0.4526380020135796,0.4642868105230067,v1-backfill,1.0
2026-01-04,2025020660,2025,NJD,CAR,0.4147660922820645,0.493584322901226,v1-backfill,0.0
2026-01-04,2025020661,2025,CHI,VGK,0.2337714852421232,0.4399744748266807,v1-backfill,1.0
2026-01-05,2025020662,2025,NYR,UTA,0.4490759706821721,0.5779694904195658,v1-backfill,0.0
2026-01-05,2025020663,2025,WSH,ANA,0.5402688278886436,0.6164799845526642,v1-backfill,1.0
2026-01-05,2025020664,2025,OTT,DET,0.470404638004116,0.545392189979171,v1-backfill,0.0
2026-01-05,2025020665,2025,CGY,SEA,0.6112669393865048,0.5716769103770302,v1-backfill,0.0
2026-01-05,2025020666,2025,LAK,MIN,0.5422077407814699,0.5048287617022935,v1-backfill,1.0
2026-01-06,2025020667,2025,BUF,VAN,0.5523349957811902,0.6029834316983326,v1-backfill,1.0
2026-01-06,2025020668,2025,TBL,COL,0.3842099036854737,0.4747396053461122,v1-backfill,1.0
2026-01-06,2025020669,2025,NYI,NJD,0.5530539326399557,0.5618919623711434,v1-backfill,1.0
2026-01-06,2025020670,2025,PHI,ANA,0.5828712076753774,0.5787536328606178,v1-backfill,1.0
2026-01-06,2025020671,2025,CAR,DAL,0.5966531389881549,0.5362287500392044,v1-backfill,1.0
2026-01-06,2025020672,2025,TOR,FLA,0.4278653657737851,0.5122256304907865,v1-backfill,1.0
2026-01-06,2025020673,2025,WPG,VGK,0.4926920038494836,0.5320660022901628,v1-backfill,0.0
2026-01-06,2025020674,2025,EDM,NSH,0.6070693239840044,0.619230209320199,v1-backfill,1.0
2026-01-06,2025020675,2025,SJS,CBJ,0.3725865709526928,0.489514796002643,v1-backfill,1.0
2026-01-06,2025020676,2025,SEA,BOS,0.4262686235374929,0.5348419872087138,v1-backfill,1.0
2026-01-07,2025020677,2025,WSH,DAL,0.6150482796044671,0.5147487902800449,v1-backfill,0.0
2026-01-07,2025020678,2025,MTL,CGY,0.4900048632766699,0.575048809822276,v1-backfill,1.0
2026-01-07,2025020679,2025,CHI,STL,0.5350378043760662,0.4692426405651765,v1-backfill,1.0
2026-01-07,2025020680,2025,UTA,OTT,0.5068679917207748,0.5208367722727674,v1-backfill,1.0
2026-01-07,2025020681,2025,LAK,SJS,0.7269921082373458,0.6378982658217449,v1-backfill,0.0
2026-01-08,2025020682,2025,BOS,CGY,0.532923009075297,0.5564927502496719,v1-backfill,1.0
2026-01-08,2025020683,2025,MTL,FLA,0.3374065539988269,0.5001100610303301,v1-backfill,1.0
2026-01-08,2025020684,2025,DET,VAN,0.6183868372137648,0.6185158404432297,v1-backfill,1.0
2026-01-08,2025020685,2025,NYR,BUF,0.4845992977869587,0.5295246556823668,v1-backfill,0.0
2026-01-08,2025020686,2025,PHI,TOR,0.59445790109283,0.5036529344573364,v1-backfill,0.0
2026-01-08,2025020687,2025,PIT,NJD,0.4909729931584523,0.5494871509209094,v1-backfill,1.0
2026-01-08,2025020688,2025,CAR,ANA,0.6300827050481795,0.6588623767943,v1-backfill,1.0
2026-01-08,2025020689,2025,NSH,NYI,0.5161284060846933,0.5100033761340237,v1-backfill,1.0
2026-01-08,2025020690,2025,WPG,EDM,0.4982806087957724,0.4904096613565712,v1-backfill,0.0
2026-01-08,2025020691,2025,COL,OTT,0.7707453622549464,0.678730168591744,v1-backfill,1.0
2026-01-08,2025020692,2025,VGK,CBJ,0.5634721176911557,0.5971751562553664,v1-backfill,1.0
2026-01-08,2025020693,2025,SEA,MIN,0.4134268411129048,0.4868175715749732,v1-backfill,0.0
2026-01-09,2025020694,2025,CHI,WSH,0.3274699093160286,0.4388597561163764,v1-backfill,0.0
2026-01-09,2025020695,2025,WPG,LAK,0.3705341951161592,0.5289617186651573,v1-backfill,1.0
2026-01-09,2025020696,2025,UTA,STL,0.6023019692089515,0.5476959909565041,v1-backfill,1.0
2026-01-10,2025020697,2025,BOS,NYR,0.5756466736548398,0.5507845340482583,v1-backfill,1.0
2026-01-10,2025020698,2025,PIT,CGY,0.5746917122248966,0.5680953850212771,v1-backfill,0.0
2026-01-10,2025020699,2025,COL,CBJ,0.7215246733352585,0.7137750535406253,v1-backfill,1.0
2026-01-10,2025020700,2025,SJS,DAL,0.3332673605699467,0.4002569531003452,v1-backfill,1.0
2026-01-10,2025020701,2025,BUF,ANA,0.5498056845432847,0.6226999714608181,v1-backfill,1.0
2026-01-10,2025020702,2025,TOR,VAN,0.6005506158753754,0.6389189003298902,v1-backfill,1.0
2026-01-10,2025020703,2025,MTL,DET,0.4717961761786318,0.5416902055831018,v1-backfill,0.0
2026-01-10,2025020704,2025,OTT,FLA,0.437348260548546,0.4891869843368049,v1-backfill,0.0
2026-01-10,2025020705,2025,PHI,TBL,0.4096553113612506,0.4629326746588324,v1-backfill,0.0
2026-01-10,2025020706,2025,CAR,SEA,0.7179055731125836,0.6398939050270384,v1-backfill,1.0
2026-01-10,2025020707,2025,NSH,CHI,0.7502839005921024,0.6105093802356814,v1-backfill,0.0
2026-01-10,2025020708,2025,MIN,NYI,0.5321668106745726,0.5918392088654344,v1-backfill,0.0
2026-01-10,2025020709,2025,EDM,LAK,0.6721118314628833,0.6041242442992901,v1-backfill,0.0
2026-01-10,2025020710,2025,VGK,STL,0.7429235403888726,0.5901111517989536,v1-backfill,1.0
2026-01-11,2025020711,2025,WPG,NJD,0.4865233276230422,0.5566622095779309,v1-backfill,1.0
2026-01-11,2025020712,2025,BOS,PIT,0.4403183613341189,0.5602136142857169,v1-backfill,1.0
2026-01-11,2025020713,2025,NSH,WSH,0.3806364347957179,0.4834188931819375,v1-backfill,1.0
2026-01-11,2025020714,2025,UTA,CBJ,0.5771105333137257,0.5775175667052376,v1-backfill,0.0
2026-01-11,2025020715,2025,SJS,VGK,0.3938713254324626,0.4539578100390234,v1-backfill,0.0
2026-01-12,2025020716,2025,BUF,FLA,0.4225707492661416,0.5134214867516957,v1-backfill,0.0
2026-01-12,2025020717,2025,DET,CAR,0.4644846346537642,0.5107912266733836,v1-backfill,1.0
2026-01-12,2025020718,2025,NYR,SEA,0.5408218722199112,0.5622169879075706,v1-backfill,0.0
2026-01-12,2025020719,2025,PHI,TBL,0.5310233836044586,0.4523501679488723,v1-backfill,0.0
2026-01-12,2025020720,2025,MTL,VAN,0.571034633628915,0.6167425715631628,v1-backfill,1.0
2026-01-12,2025020721,2025,MIN,NJD,0.6631682442393678,0.6143375370726692,v1-backfill,0.0
2026-01-12,2025020722,2025,CHI,EDM,0.3450230799168921,0.4193173074904539,v1-backfill,0.0
2026-01-12,2025020723,2025,COL,TOR,0.6710810753265382,0.6451371803824457,v1-backfill,0.0
2026-01-12,2025020724,2025,LAK,DAL,0.50344482197247,0.4840983612589196,v1-backfill,0.0
2026-01-13,2025020725,2025,OTT,VAN,0.6822189735622067,0.6001455765168309,v1-backfill,1.0
2026-01-13,2025020726,2025,PIT,TBL,0.4932978297064395,0.4463660830430514,v1-backfill,0.0
2026-01-13,2025020727,2025,WSH,MTL,0.6648287085433637,0.5591961143546199,v1-backfill,1.0
2026-01-13,2025020728,2025,CBJ,CGY,0.5227178939087884,0.534530209061831,v1-backfill,1.0
2026-01-13,2025020729,2025,BOS,DET,0.5739707557069853,0.5125214766187143,v1-backfill,1.0
2026-01-13,2025020730,2025,STL,CAR,0.3809364692655742,0.4554137128697839,v1-backfill,1.0
2026-01-13,2025020731,2025,NSH,EDM,0.4987892944987516,0.4677075908014624,v1-backfill,1.0
2026-01-13,2025020732,2025,WPG,NYI,0.5292586170838672,0.5340208729956898,v1-backfill,1.0
2026-01-13,2025020733,2025,UTA,TOR,0.648904300134026,0.4826961183131103,v1-backfill,1.0
2026-01-13,2025020734,2025,ANA,DAL,0.5407117036915415,0.418576768316225,v1-backfill,1.0
2026-01-14,2025020735,2025,NJD,SEA,0.5682393448702217,0.5554904642451979,v1-backfill,1.0
2026-01-14,2025020736,2025,BUF,PHI,0.603283223575458,0.594464034164098,v1-backfill,1.0
2026-01-14,2025020737,2025,NYR,OTT,0.5156226213909907,0.5322330162763332,v1-backfill,0.0
2026-01-14,2025020738,2025,LAK,VGK,0.4971240800132701,0.51854365241553,v1-backfill,0.0
2026-01-15,2025020739,2025,BOS,SEA,0.6828065514841845,0.5805530141860018,v1-backfill,1.0
2026-01-15,2025020740,2025,BUF,MTL,0.4114385152781847,0.5616247767922362,v1-backfill,1.0
2026-01-15,2025020741,2025,PIT,PHI,0.6618904922800247,0.5555795990022502,v1-backfill,1.0
2026-01-15,2025020742,2025,WSH,SJS,0.7070645968075366,0.652415920322264,v1-backfill,0.0
2026-01-15,2025020743,2025,CBJ,VAN,0.5420076666220521,0.5836141185445761,v1-backfill,1.0
2026-01-15,2025020744,2025,MIN,WPG,0.5758170926506669,0.5863382436807391,v1-backfill,0.0
2026-01-15,2025020745,2025,CHI,CGY,0.471805441796394,0.4885953334106316,v1-backfill,0.0
2026-01-15,2025020746,2025,UTA,DAL,0.5460982230342091,0.4699990283195485,v1-backfill,1.0
2026-01-15,2025020747,2025,EDM,NYI,0.5758245291608637,0.5946764473610232,v1-backfill,0.0
2026-01-15,2025020748,2025,VGK,TOR,0.5142921850885769,0.5401867073877582,v1-backfill,1.0
2026-01-16,2025020749,2025,DET,SJS,0.7281689888034301,0.6476869085404131,v1-backfill,1.0
2026-01-16,2025020750,2025,CAR,FLA,0.5966375433853253,0.5441443272885779,v1-backfill,1.0
2026-01-16,2025020751,2025,STL,TBL,0.3813543127200495,0.4437965340846198,v1-backfill,1.0
2026-01-16,2025020752,2025,COL,NSH,0.7202419093535042,0.7014338780801519,v1-backfill,0.0
2026-01-16,2025020753,2025,LAK,ANA,0.5670401573730468,0.5934843241159073,v1-backfill,0.0
2026-01-17,2025020754,2025,BUF,MIN,0.4860461330513241,0.5517246617708993,v1-backfill,0.0
2026-01-17,2025020755,2025,PHI,NYR,0.5673894523795414,0.5444301614286895,v1-backfill,0.0
2026-01-17,2025020756,2025,CGY,NYI,0.532217335407288,0.5192492775252707,v1-backfill,1.0
2026-01-17,2025020757,2025,UTA,SEA,0.635942886716614,0.5743927155869759,v1-backfill,1.0
2026-01-17,2025020758,2025,OTT,MTL,0.5726668908747942,0.5433473488666672,v1-backfill,0.0
2026-01-17,2025020759,2025,NJD,CAR,0.4860931488563139,0.4691298661646368,v1-backfill,0.0
2026-01-17,2025020760,2025,PIT,CBJ,0.5793922043785701,0.5572748721945833,v1-backfill,0.0
2026-01-17,2025020761,2025,WSH,FLA,0.5643392339368721,0.5086480779525938,v1-backfill,0.0
2026-01-17,2025020762,2025,WPG,TOR,0.5526793961325612,0.5153738033693663,v1-backfill,0.0
2026-01-17,2025020763,2025,CHI,BOS,0.4056084083202478,0.4470940396505785,v1-backfill,0.0
2026-01-17,2025020764,2025,VAN,EDM,0.3407210495617045,0.4382814040412335,v1-backfill,0.0
2026-01-17,2025020765,2025,VGK,NSH,0.6996291001905857,0.6029540691304376,v1-backfill,1.0
2026-01-17,2025020766,2025,ANA,LAK,0.5189292324068979,0.5157016928925556,v1-backfill,1.0
2026-01-18,2025020767,2025,DAL,TBL,0.4302842021442317,0.5299466037447855,v1-backfill,0.0
2026-01-18,2025020768,2025,DET,OTT,0.5929156809272639,0.5883514744608189,v1-backfill,1.0
2026-01-18,2025020769,2025,EDM,STL,0.6052532973464292,0.6111865233980702,v1-backfill,1.0
2026-01-19,2025020770,2025,CAR,BUF,0.6586470671126715,0.597154460432561,v1-backfill,1.0
2026-01-19,2025020771,2025,COL,WSH,0.7287672140802764,0.6588121267525743,v1-backfill,1.0
2026-01-19,2025020772,2025,SEA,PIT,0.4246867976054712,0.5385203571761322,v1-backfill,0.0
2026-01-19,2025020773,2025,FLA,SJS,0.6824960815861442,0.6848422290072784,v1-backfill,0.0
2026-01-19,2025020774,2025,TOR,MIN,0.5053740916860839,0.561412775652957,v1-backfill,0.0
2026-01-19,2025020775,2025,VGK,PHI,0.6348269014214364,0.6303000234512909,v1-backfill,0.0
2026-01-19,2025020776,2025,CHI,WPG,0.461905356536179,0.4510580130488055,v1-backfill,1.0
2026-01-19,2025020777,2025,CGY,NJD,0.4995117647399693,0.5538528994007432,v1-backfill,0.0
2026-01-19,2025020778,2025,VAN,NYI,0.4713344422838308,0.4702601126924726,v1-backfill,0.0
2026-01-19,2025020779,2025,ANA,NYR,0.6208845177913078,0.5309851534582424,v1-backfill,1.0
2026-01-20,2025020780,2025,MTL,MIN,0.5444519257123331,0.5236969857979086,v1-backfill,1.0
2026-01-20,2025020781,2025,TBL,SJS,0.7943021514253252,0.694509891741651,v1-backfill,1.0
2026-01-20,2025020782,2025,CBJ,OTT,0.522084504184373,0.5348481587116085,v1-backfill,0.0
2026-01-20,2025020783,2025,DAL,BOS,0.5579364918714318,0.5903496831303815,v1-backfill,1.0
2026-01-20,2025020784,2025,NSH,BUF,0.5270405731824184,0.5082260926134917,v1-backfill,0.0
2026-01-20,2025020785,2025,WPG,STL,0.4260384301586944,0.5642427458487772,v1-backfill,1.0
2026-01-20,2025020786,2025,EDM,NJD,0.6487283593697996,0.6144060026957454,v1-backfill,0.0
2026-01-20,2025020787,2025,LAK,NYR,0.6633320634015032,0.5629451432719925,v1-backfill,1.0
2026-01-21,2025020788,2025,TOR,DET,0.5089134929244278,0.548729779281356,v1-backfill,0.0
2026-01-21,2025020789,2025,COL,ANA,0.7401484405716722,0.7078617567103034,v1-backfill,0.0
2026-01-21,2025020790,2025,UTA,PHI,0.6013663761807586,0.5824127330581866,v1-backfill,1.0
2026-01-21,2025020791,2025,CGY,PIT,0.5162696038264593,0.5483192261882814,v1-backfill,0.0
2026-01-21,2025020792,2025,VAN,WSH,0.4301194718964867,0.45785686791154,v1-backfill,1.0
2026-01-21,2025020793,2025,SEA,NYI,0.435686641692769,0.4981773594928143,v1-backfill,1.0
2026-01-22,2025020794,2025,BOS,VGK,0.3977523356557114,0.5261549185613349,v1-backfill,1.0
2026-01-22,2025020795,2025,MTL,BUF,0.5230750770201656,0.5417029788966631,v1-backfill,0.0
2026-01-22,2025020796,2025,CAR,CHI,0.7195237393919988,0.7074702769283516,v1-backfill,0.0
2026-01-22,2025020797,2025,CBJ,DAL,0.5146455707686801,0.461585899801027,v1-backfill,1.0
2026-01-22,2025020798,2025,NSH,OTT,0.4779174805344606,0.5233901755794174,v1-backfill,1.0
2026-01-22,2025020799,2025,WPG,FLA,0.4021392932744989,0.4882576371874627,v1-backfill,0.0
2026-01-22,2025020800,2025,EDM,PIT,0.6886042578595702,0.6048380985866821,v1-backfill,0.0
2026-01-22,2025020801,2025,MIN,DET,0.5825199547671668,0.5404620226089143,v1-backfill,1.0
2026-01-23,2025020802,2025,TOR,VGK,0.5102239901345106,0.5542472984797435,v1-backfill,0.0
2026-01-23,2025020803,2025,CHI,TBL,0.2081990407539267,0.3742864166146898,v1-backfill,0.0
2026-01-23,2025020804,2025,DAL,STL,0.5341556395060909,0.6269027962040723,v1-backfill,1.0
2026-01-23,2025020805,2025,COL,PHI,0.7689013976183847,0.7035561267755052,v1-backfill,0.0
2026-01-23,2025020806,2025,CGY,WSH,0.4580854765255122,0.5187308352821913,v1-backfill,0.0
2026-01-23,2025020807,2025,VAN,NJD,0.4850785589854047,0.48325578764849,v1-backfill,0.0
2026-01-23,2025020808,2025,SJS,NYR,0.5524893939033941,0.5138185902837363,v1-backfill,1.0
2026-01-23,2025020809,2025,SEA,ANA,0.4636834464401896,0.5453826747023208,v1-backfill,0.0
2026-01-24,2025020810,2025,NYI,BUF,0.4892259243790696,0.5222312802491164,v1-backfill,0.0
2026-01-24,2025020811,2025,NSH,UTA,0.4887966953040704,0.5263427299161324,v1-backfill,0.0
2026-01-24,2025020812,2025,BOS,MTL,0.5260000046383746,0.5541964979271217,v1-backfill,1.0
2026-01-24,2025020813,2025,OTT,CAR,0.3940619775334227,0.4722678463840772,v1-backfill,0.0
2026-01-24,2025020814,2025,CBJ,TBL,0.5604179028076903,0.4336953508220127,v1-backfill,1.0
2026-01-24,2025020815,2025,WPG,DET,0.497923377133864,0.5060941284152611,v1-backfill,0.0
2026-01-24,2025020816,2025,STL,LAK,0.4034831754655461,0.531539090403289,v1-backfill,0.0
2026-01-24,2025020817,2025,MIN,FLA,0.4895258752071711,0.5222341641952649,v1-backfill,0.0
2026-01-24,2025020818,2025,EDM,WSH,0.6980967469585696,0.5757868537218797,v1-backfill,1.0
2026-01-25,2025020819,2025,TOR,COL,0.3261356938280906,0.4569876329641955,v1-backfill,0.0
2026-01-25,2025020820,2025,SEA,NJD,0.4497627918296185,0.5097219781085874,v1-backfill,1.0
2026-01-25,2025020821,2025,OTT,VGK,0.3578768782294058,0.5036656421027923,v1-backfill,1.0
2026-01-25,2025020822,2025,VAN,PIT,0.4610090808176336,0.4748394464521193,v1-backfill,0.0
2026-01-25,2025020823,2025,CHI,FLA,0.3893954649778261,0.3926485090958035,v1-backfill,0.0
2026-01-25,2025020824,2025,CGY,ANA,0.4942060896964335,0.5433312288705163,v1-backfill,0.0
2026-01-26,2025020825,2025,TBL,UTA,0.6021411130915311,0.6278469346096629,v1-backfill,1.0
2026-01-26,2025020826,2025,NYR,BOS,0.4607059422227305,0.4905506491022534,v1-backfill,1.0
2026-01-26,2025020827,2025,PHI,NYI,0.4381368752836448,0.5224642393857288,v1-backfill,0.0
2026-01-26,2025020829,2025,EDM,ANA,0.6894844841602984,0.6102208991109607,v1-backfill,1.0
2026-01-27,2025020830,2025,BOS,NSH,0.4492630360812811,0.5939200478869069,v1-backfill,1.0
2026-01-27,2025020831,2025,TOR,BUF,0.5796258883249285,0.5330374022699248,v1-backfill,0.0
2026-01-27,2025020832,2025,MTL,VGK,0.4335180828356573,0.5272220950633149,v1-backfill,1.0
2026-01-27,2025020833,2025,DET,LAK,0.5884559636822133,0.6006308180767826,v1-backfill,0.0
2026-01-27,2025020834,2025,FLA,UTA,0.6676976706103395,0.6183335982568735,v1-backfill,0.0
2026-01-27,2025020835,2025,NJD,WPG,0.5361283719382047,0.5532338444905892,v1-backfill,0.0
2026-01-27,2025020836,2025,STL,DAL,0.4212142400283756,0.4582230180256657,v1-backfill,0.0
2026-01-27,2025020837,2025,MIN,CHI,0.6263012477326145,0.6706390602868052,v1-backfill,1.0
2026-01-27,2025020838,2025,VAN,SJS,0.5316099431540683,0.5292689896648421,v1-backfill,0.0
2026-01-27,2025020839,2025,SEA,WSH,0.4396808208477611,0.5053682899432248,v1-backfill,1.0
2026-01-28,2025020840,2025,CBJ,PHI,0.4832520786771376,0.5697706709953916,v1-backfill,1.0
2026-01-28,2025020841,2025,OTT,COL,0.3517482257573723,0.4199936291134429,v1-backfill,1.0
2026-01-28,2025020842,2025,NYI,NYR,0.6189527217629516,0.5888766853938838,v1-backfill,1.0
2026-01-29,2025020843,2025,BOS,PHI,0.6400490446975317,0.6088889067660473,v1-backfill,1.0
2026-01-29,2025020844,2025,BUF,LAK,0.5434072918787639,0.5933276701151313,v1-backfill,1.0
2026-01-29,2025020845,2025,MTL,COL,0.3572982277774344,0.4422021572509784,v1-backfill,1.0
2026-01-29,2025020846,2025,DET,WSH,0.5976671114600199,0.5855166592067773,v1-backfill,0.0
2026-01-29,2025020847,2025,TBL,WPG,0.6695657988137459,0.6431224166920346,v1-backfill,1.0
2026-01-29,2025020848,2025,NJD,NSH,0.5848222922064119,0.5674743614426718,v1-backfill,1.0
2026-01-29,2025020849,2025,NYR,NYI,0.3897128691151487,0.501440731164982,v1-backfill,0.0
2026-01-29,2025020850,2025,PIT,CHI,0.6401229120507097,0.6442137423232837,v1-backfill,1.0
2026-01-29,2025020851,2025,CAR,UTA,0.6455691124922779,0.6149362836989013,v1-backfill,1.0
2026-01-29,2025020852,2025,STL,FLA,0.3651674053914543,0.4448168144638197,v1-backfill,1.0
2026-01-29,2025020853,2025,MIN,CGY,0.5964603894441012,0.6199433917351285,v1-backfill,1.0
2026-01-29,2025020854,2025,EDM,SJS,0.6868368499744613,0.6495389658715243,v1-backfill,1.0
2026-01-29,2025020855,2025,VAN,ANA,0.4046445014949196,0.4839030694864336,v1-backfill,1.0
2026-01-29,2025020856,2025,VGK,DAL,0.5129618174389456,0.5121696563060305,v1-backfill,0.0
2026-01-29,2025020857,2025,SEA,TOR,0.4724292522007592,0.5040771464389127,v1-backfill,1.0
2026-01-30,2025020858,2025,CHI,CBJ,0.3688763172581353,0.459908100844257,v1-backfill,0.0
2026-01-31,2025020859,2025,PHI,LAK,0.4917515801210811,0.5094700744749544,v1-backfill,0.0
2026-01-31,2025020860,2025,DET,COL,0.3912861813336888,0.4719477858506615,v1-backfill,0.0
2026-01-31,2025020861,2025,PIT,NYR,0.642010972624135,0.5995825345311983,v1-backfill,1.0
2026-01-31,2025020862,2025,FLA,WPG,0.631151008385576,0.6169324275086413,v1-backfill,0.0
2026-01-31,2025020863,2025,CGY,SJS,0.5803613383520396,0.5703670026495233,v1-backfill,1.0
2026-01-31,2025020864,2025,WSH,CAR,0.3768333539490433,0.4756251020784237,v1-backfill,1.0
2026-01-31,2025020865,2025,BUF,MTL,0.552357015218215,0.5823849334345074,v1-backfill,0.0
2026-01-31,2025020866,2025,OTT,NJD,0.5468259916123782,0.5613279565170947,v1-backfill,1.0
2026-01-31,2025020867,2025,NYI,NSH,0.5933921118831219,0.5988481277436356,v1-backfill,0.0
2026-01-31,2025020868,2025,STL,CBJ,0.4818792806612674,0.5232140707103419,v1-backfill,0.0
2026-01-31,2025020869,2025,VAN,TOR,0.4398818858059092,0.455347351384444,v1-backfill,0.0
2026-01-31,2025020870,2025,UTA,DAL,0.4963188686829133,0.4887798438140546,v1-backfill,0.0
2026-01-31,2025020871,2025,EDM,MIN,0.617868548814751,0.5584563591521925,v1-backfill,0.0
2026-01-31,2025020872,2025,VGK,SEA,0.6656370161500011,0.5961544540908067,v1-backfill,0.0
2026-02-01,2025020873,2025,TBL,BOS,0.6810029921398596,0.6203960501953094,v1-backfill,1.0
2026-02-01,2025020874,2025,CAR,LAK,0.6458065841809216,0.6253026408172013,v1-backfill,1.0
2026-02-01,2025020875,2025,ANA,VGK,0.5821483194674246,0.5045543932190941,v1-backfill,1.0
2026-02-02,2025020876,2025,FLA,BUF,0.5678917839019021,0.5607620453037954,v1-backfill,0.0
2026-02-02,2025020877,2025,PIT,OTT,0.5018213522099344,0.5538447895012184,v1-backfill,0.0
2026-02-02,2025020878,2025,WSH,NYI,0.5125242168371483,0.5535280102232448,v1-backfill,1.0
2026-02-02,2025020879,2025,MIN,MTL,0.5307748285930791,0.5729186112976951,v1-backfill,1.0
2026-02-02,2025020880,2025,NSH,STL,0.5294854602714352,0.5606457719297896,v1-backfill,1.0
2026-02-02,2025020881,2025,CHI,SJS,0.5302578018187073,0.5100158014070834,v1-backfill,1.0
2026-02-02,2025020882,2025,DAL,WPG,0.5890541369037827,0.6226451406636533,v1-backfill,1.0
2026-02-02,2025020883,2025,COL,DET,0.6872432648090314,0.6361626174076109,v1-backfill,0.0
2026-02-02,2025020884,2025,UTA,VAN,0.6467420147019215,0.6369507995256023,v1-backfill,1.0
2026-02-02,2025020885,2025,CGY,TOR,0.5156503010716196,0.5014601120520781,v1-backfill,0.0
2026-02-03,2025020886,2025,TBL,BUF,0.7637899670621651,0.5997306376203857,v1-backfill,1.0
2026-02-03,2025020887,2025,NJD,CBJ,0.5607341557030714,0.5342524058345397,v1-backfill,0.0
2026-02-03,2025020888,2025,NYI,PIT,0.5340853609805336,0.5498465940572907,v1-backfill,1.0
2026-02-03,2025020889,2025,PHI,WSH,0.6029754952576378,0.4847751619208428,v1-backfill,1.0
2026-02-03,2025020890,2025,CAR,OTT,0.6777167119730673,0.6165962532199503,v1-backfill,1.0
2026-02-03,2025020891,2025,EDM,TOR,0.6969849647288645,0.572853720210165,v1-backfill,0.0
2026-02-03,2025020892,2025,ANA,SEA,0.6348969514506733,0.5434197175239751,v1-backfill,1.0
2026-02-04,2025020893,2025,FLA,BOS,0.639827864380304,0.5754122225348081,v1-backfill,1.0
2026-02-04,2025020894,2025,CBJ,CHI,0.5953000170276666,0.6529785388146866,v1-backfill,1.0
2026-02-04,2025020895,2025,WPG,MTL,0.5340754502560664,0.5262417905896841,v1-backfill,0.0
2026-02-04,2025020896,2025,NSH,MIN,0.4740300017054963,0.4776472023294818,v1-backfill,0.0
2026-02-04,2025020897,2025,COL,SJS,0.8064597604005072,0.7170566727333122,v1-backfill,1.0
2026-02-04,2025020898,2025,UTA,DET,0.4975792232032512,0.519700176470831,v1-backfill,1.0
2026-02-04,2025020899,2025,DAL,STL,0.6882745567113648,0.6643186394268404,v1-backfill,1.0
2026-02-04,2025020900,2025,CGY,EDM,0.483983141879169,0.4735266546491746,v1-backfill,1.0
2026-02-04,2025020901,2025,VGK,VAN,0.6841306960316009,0.648321153909377,v1-backfill,1.0
2026-02-04,2025020902,2025,LAK,SEA,0.6329581163727063,0.570761766934938,v1-backfill,0.0
2026-02-05,2025020903,2025,BUF,PIT,0.529384794508744,0.5954599491120901,v1-backfill,0.0
2026-02-05,2025020904,2025,TBL,FLA,0.6695508815782701,0.6016698997960346,v1-backfill,1.0
2026-02-05,2025020905,2025,NJD,NYI,0.5160341787256539,0.522253014363417,v1-backfill,0.0
2026-02-05,2025020906,2025,NYR,CAR,0.2899936971658348,0.4158766365243075,v1-backfill,0.0
2026-02-05,2025020907,2025,PHI,OTT,0.471671740111072,0.4993378440813334,v1-backfill,0.0
2026-02-05,2025020908,2025,WSH,NSH,0.6680797913921369,0.5868527353169573,v1-backfill,1.0
2026-02-05,2025020909,2025,VGK,LAK,0.5696976455548278,0.5724284150207551,v1-backfill,1.0
2026-02-25,2025020910,2025,NJD,BUF,0.5476243627807581,0.4837387799025894,v1-backfill,0.0
2026-02-25,2025020911,2025,WSH,PHI,0.605140337006664,0.6110052013024757,v1-backfill,1.0
2026-02-25,2025020912,2025,TBL,TOR,0.6911219343691677,0.6295381027264296,v1-backfill,1.0
2026-02-25,2025020913,2025,DAL,SEA,0.6462264759545963,0.6439835376171952,v1-backfill,1.0
2026-02-25,2025020914,2025,UTA,COL,0.3565876768148095,0.4475071094640778,v1-backfill,0.0
2026-02-25,2025020915,2025,VAN,WPG,0.44270260766511,0.463120750972911,v1-backfill,0.0
2026-02-25,2025020916,2025,LAK,VGK,0.4841099338698876,0.5179436980863301,v1-backfill,0.0
2026-02-25,2025020917,2025,ANA,EDM,0.4699594413213359,0.5009832608023681,v1-backfill,1.0
2026-02-26,2025020918,2025,BOS,CBJ,0.5100190056512552,0.5572004538528122,v1-backfill,1.0
2026-02-26,2025020919,2025,MTL,NYI,0.4764129785043897,0.5634131498065734,v1-backfill,0.0
2026-02-26,2025020920,2025,OTT,DET,0.5224400734538679,0.532159358058669,v1-backfill,0.0
2026-02-26,2025020921,2025,FLA,TOR,0.6296632766295455,0.574358646864241,v1-backfill,1.0
2026-02-26,2025020922,2025,PIT,NJD,0.6174512310457269,0.5890486429705036,v1-backfill,1.0
2026-02-26,2025020923,2025,CAR,TBL,0.6486941864437077,0.5283521793778732,v1-backfill,1.0
2026-02-26,2025020924,2025,NYR,PHI,0.5838668831461704,0.5469171969112587,v1-backfill,0.0
2026-02-26,2025020925,2025,STL,SEA,0.5602614270917459,0.5242436290520927,v1-backfill,1.0
2026-02-26,2025020926,2025,NSH,CHI,0.5900737587341961,0.6212621555958415,v1-backfill,1.0
2026-02-26,2025020927,2025,COL,MIN,0.6559655182632863,0.6133949035855852,v1-backfill,0.0
2026-02-26,2025020928,2025,SJS,CGY,0.4526007284131536,0.5108199435149414,v1-backfill,0.0
2026-02-26,2025020929,2025,LAK,EDM,0.4435067019916575,0.5064687052687535,v1-backfill,0.0
2026-02-27,2025020930,2025,FLA,BUF,0.4979281193451282,0.5561620496270397,v1-backfill,0.0
2026-02-27,2025020931,2025,WSH,VGK,0.5143393959122567,0.5461622892737182,v1-backfill,1.0
2026-02-27,2025020932,2025,UTA,MIN,0.6068233396615831,0.494979181308382,v1-backfill,1.0
2026-02-27,2025020933,2025,ANA,WPG,0.5641777646020729,0.542411181654934,v1-backfill,1.0
2026-02-28,2025020934,2025,NYR,PIT,0.4491931252879667,0.4798194757979098,v1-backfill,1.0
2026-02-28,2025020935,2025,PHI,BOS,0.4987656601107483,0.4801957308348462,v1-backfill,1.0
2026-02-28,2025020936,2025,SJS,EDM,0.3767671197965771,0.4403949126598296,v1-backfill,1.0
2026-02-28,2025020937,2025,CBJ,NYI,0.539854692420631,0.5388975753141898,v1-backfill,0.0
2026-02-28,2025020938,2025,COL,CHI,0.7990409102635856,0.7474389699391023,v1-backfill,1.0
2026-02-28,2025020939,2025,TOR,OTT,0.448827527660568,0.5587553626838286,v1-backfill,0.0
2026-02-28,2025020940,2025,MTL,WSH,0.5932406783352591,0.5465476584658985,v1-backfill,1.0
2026-02-28,2025020941,2025,TBL,BUF,0.6355876169561402,0.6042884100364367,v1-backfill,0.0
2026-02-28,2025020942,2025,CAR,DET,0.6339142314609524,0.6095445501449746,v1-backfill,1.0
2026-02-28,2025020943,2025,STL,NJD,0.4661803678281757,0.5461330398288652,v1-backfill,0.0
2026-02-28,2025020944,2025,LAK,CGY,0.5192568115346036,0.5535504595960825,v1-backfill,1.0
2026-02-28,2025020945,2025,DAL,NSH,0.6235329338793417,0.6567089772652679,v1-backfill,1.0
2026-02-28,2025020946,2025,SEA,VAN,0.5694038208787664,0.6223368908078486,v1-backfill,1.0
2026-03-01,2025020947,2025,PIT,VGK,0.4282338332063881,0.5386166338730168,v1-backfill,1.0
2026-03-01,2025020948,2025,NYI,FLA,0.3509310749616069,0.5275182326512787,v1-backfill,1.0
2026-03-01,2025020949,2025,UTA,CHI,0.7771268744439549,0.6670103782587696,v1-backfill,0.0
2026-03-01,2025020950,2025,SJS,WPG,0.3693766423861722,0.4861148488305231,v1-backfill,1.0
2026-03-01,2025020951,2025,MIN,STL,0.6797688154725041,0.6489174979111204,v1-backfill,0.0
2026-03-01,2025020952,2025,ANA,CGY,0.668679222946431,0.573875002254452,v1-backfill,1.0
2026-03-02,2025020953,2025,NYR,CBJ,0.4852402954371538,0.4938709068537673,v1-backfill,0.0
2026-03-02,2025020954,2025,TOR,PHI,0.5101965317430079,0.600101887591931,v1-backfill,0.0
2026-03-02,2025020955,2025,NSH,DET,0.4982639495310825,0.4905550822182858,v1-backfill,0.0
2026-03-02,2025020956,2025,VAN,DAL,0.3568312443747075,0.3610280813301866,v1-backfill,0.0
2026-03-02,2025020957,2025,SEA,CAR,0.3482675702148922,0.4285074117701326,v1-backfill,1.0
2026-03-02,2025020958,2025,LAK,COL,0.3132393351551747,0.4155220259028389,v1-backfill,0.0
2026-03-03,2025020959,2025,BOS,PIT,0.5088042872235455,0.5547957289309573,v1-backfill,1.0
2026-03-03,2025020960,2025,BUF,VGK,0.5117012069271429,0.5938361771742402,v1-backfill,1.0
2026-03-03,2025020961,2025,NJD,FLA,0.4699858035702188,0.4799733037195787,v1-backfill,1.0
2026-03-03,2025020962,2025,WSH,UTA,0.5601346737821207,0.5663458600259211,v1-backfill,0.0
2026-03-03,2025020963,2025,CBJ,NSH,0.582828273134864,0.5902646223180271,v1-backfill,1.0
2026-03-03,2025020964,2025,WPG,CHI,0.6327116128313558,0.636862671551982,v1-backfill,1.0
2026-03-03,2025020965,2025,CGY,DAL,0.4494004563485448,0.4212534740372038,v1-backfill,0.0
2026-03-03,2025020966,2025,EDM,OTT,0.5072284482887651,0.5588844469382488,v1-backfill,1.0
2026-03-03,2025020967,2025,MIN,TBL,0.4440571004839285,0.4982840211459506,v1-backfill,1.0
2026-03-03,2025020968,2025,ANA,COL,0.4341941241055866,0.4243235588881768,v1-backfill,0.0
2026-03-03,2025020969,2025,SJS,MTL,0.4138027170450801,0.4535314915267875,v1-backfill,1.0
2026-03-04,2025020970,2025,DET,VGK,0.5808290886634139,0.5765911434676069,v1-backfill,0.0
2026-03-04,2025020971,2025,NJD,TOR,0.4782588568936916,0.51971178635526,v1-backfill,1.0
2026-03-04,2025020972,2025,VAN,CAR,0.263467330730759,0.3518224270969836,v1-backfill,0.0
2026-03-04,2025020973,2025,ANA,NYI,0.4361539357407299,0.5113243061451795,v1-backfill,1.0
2026-03-04,2025020974,2025,SEA,STL,0.5082496977847525,0.5747015797209623,v1-backfill,0.0
2026-03-05,2025020975,2025,NYR,TOR,0.5510678187258898,0.4900727829536094,v1-backfill,1.0
2026-03-05,2025020976,2025,PHI,UTA,0.5481112956540841,0.5039701814024549,v1-backfill,0.0
2026-03-05,2025020977,2025,PIT,BUF,0.5693674587007675,0.4949231972405145,v1-backfill,0.0
2026-03-05,2025020978,2025,CBJ,FLA,0.4774624249445279,0.5275634335883644,v1-backfill,1.0
2026-03-05,2025020979,2025,NSH,BOS,0.4945612932930271,0.4879755440182652,v1-backfill,1.0
2026-03-05,2025020980,2025,WPG,TBL,0.3930317101752448,0.4453641505319147,v1-backfill,1.0
2026-03-05,2025020981,2025,CGY,OTT,0.4264663842781422,0.4967832742210505,v1-backfill,0.0
2026-03-05,2025020982,2025,LAK,NYI,0.5061158811831453,0.5032362470957481,v1-backfill,1.0
2026-03-06,2025020983,2025,DET,FLA,0.6214063023590577,0.5536736321188556,v1-backfill,0.0
2026-03-06,2025020984,2025,DAL,COL,0.3882540185823239,0.5225445069453908,v1-backfill,0.0
2026-03-06,2025020985,2025,CHI,VAN,0.4645762211171217,0.5566301518551762,v1-backfill,0.0
2026-03-06,2025020986,2025,EDM,CAR,0.4530736522506475,0.4794690398044737,v1-backfill,0.0
2026-03-06,2025020987,2025,ANA,MTL,0.5498607642983716,0.5234823075060954,v1-backfill,1.0
2026-03-06,2025020988,2025,VGK,MIN,0.4974730704216519,0.5104961047737818,v1-backfill,0.0
2026-03-06,2025020989,2025,SJS,STL,0.5585513971417698,0.520476132204549,v1-backfill,0.0
2026-03-07,2025020990,2025,BOS,WSH,0.4952725913004783,0.55304928795489,v1-backfill,1.0
2026-03-07,2025020991,2025,NJD,NYR,0.6461680343822395,0.5811657210256197,v1-backfill,1.0
2026-03-07,2025020992,2025,BUF,NSH,0.6208491034857749,0.6485019035305737,v1-backfill,1.0
2026-03-07,2025020993,2025,PIT,PHI,0.5719898686314676,0.5929837355317885,v1-backfill,0.0
2026-03-07,2025020994,2025,TOR,TBL,0.3414998521217703,0.4583833747836981,v1-backfill,0.0
2026-03-07,2025020995,2025,CBJ,UTA,0.493948274035353,0.5498793524983718,v1-backfill,0.0
2026-03-07,2025020996,2025,WPG,VAN,0.7435406396338371,0.648194875429266,v1-backfill,1.0
2026-03-07,2025020997,2025,LAK,MTL,0.5588735780950576,0.513713513489942,v1-backfill,0.0
2026-03-07,2025020998,2025,CGY,CAR,0.4043997500246608,0.4000946264187889,v1-backfill,1.0
2026-03-07,2025020999,2025,SJS,NYI,0.3514978075173972,0.4666330575737715,v1-backfill,0.0
2026-03-07,2025021000,2025,SEA,OTT,0.4088401861550081,0.511596144334222,v1-backfill,0.0
2026-03-08,2025021001,2025,COL,MIN,0.7191268777555971,0.6174616845829316,v1-backfill,1.0
2026-03-08,2025021002,2025,PIT,BOS,0.5807131733694327,0.5257197662359243,v1-backfill,1.0
2026-03-08,2025021003,2025,BUF,TBL,0.4458198556968988,0.5300797844226492,v1-backfill,1.0
2026-03-08,2025021004,2025,DAL,CHI,0.7601292333470803,0.7360384524217262,v1-backfill,1.0
2026-03-08,2025021005,2025,NJD,DET,0.4111512249240045,0.5089297066053573,v1-backfill,0.0
2026-03-08,2025021006,2025,ANA,STL,0.5854099954037483,0.5770346495489846,v1-backfill,0.0
2026-03-08,2025021007,2025,VGK,EDM,0.4936509367869511,0.5368790472083093,v1-backfill,0.0
2026-03-09,2025020828,2025,CBJ,LAK,0.5855010174732415,0.5866269604631524,v1-backfill,0.0
2026-03-09,2025021008,2025,PHI,NYR,0.5999236302352472,0.5705603050415234,v1-backfill,0.0
2026-03-09,2025021009,2025,WSH,CGY,0.6174792511148519,0.5991023117749336,v1-backfill,1.0
2026-03-09,2025021010,2025,CHI,UTA,0.2660145129158677,0.4150389480043178,v1-backfill,1.0
2026-03-09,2025021011,2025,VAN,OTT,0.3110404961104676,0.4186443019735524,v1-backfill,0.0
2026-03-10,2025021012,2025,BOS,LAK,0.6316373619369368,0.5883319192543071,v1-backfill,1.0
2026-03-10,2025021013,2025,BUF,SJS,0.651388721290541,0.690151790579053,v1-backfill,1.0
2026-03-10,2025021014,2025,MTL,TOR,0.5414623508129108,0.5819961646149127,v1-backfill,1.0
2026-03-10,2025021015,2025,TBL,CBJ,0.7100358570430612,0.628352892880319,v1-backfill,0.0
2026-03-10,2025021016,2025,FLA,DET,0.5154995593724123,0.5535403414003414,v1-backfill,1.0
2026-03-10,2025021017,2025,NYR,CGY,0.4280105722974679,0.5452204879712754,v1-backfill,1.0
2026-03-10,2025021018,2025,CAR,PIT,0.6134678872427303,0.6417686658499197,v1-backfill,1.0
2026-03-10,2025021019,2025,STL,NYI,0.4528244879259534,0.5077360564479975,v1-backfill,0.0
2026-03-10,2025021020,2025,DAL,VGK,0.5751757232889814,0.6395931807012308,v1-backfill,1.0
2026-03-10,2025021021,2025,MIN,UTA,0.6365990506379696,0.5898823277743992,v1-backfill,1.0
2026-03-10,2025021022,2025,WPG,ANA,0.521114700529565,0.5572312227045549,v1-backfill,0.0
2026-03-10,2025021023,2025,COL,EDM,0.6751083269813282,0.650038398566009,v1-backfill,0.0
2026-03-10,2025021024,2025,SEA,NSH,0.4972208423611557,0.5600982644266232,v1-backfill,0.0
2026-03-11,2025021025,2025,OTT,MTL,0.6736881436025997,0.5499512009421448,v1-backfill,0.0
2026-03-11,2025021026,2025,PHI,WSH,0.3982792141719729,0.4935789500860363,v1-backfill,1.0
2026-03-12,2025021027,2025,BOS,SJS,0.6208924810629364,0.6427395388095327,v1-backfill,0.0
2026-03-12,2025021028,2025,BUF,WSH,0.6448313317707705,0.6222473976003144,v1-backfill,0.0
2026-03-12,2025021029,2025,TOR,ANA,0.4894544701542063,0.5384375861524848,v1-backfill,1.0
2026-03-12,2025021030,2025,TBL,DET,0.613264219978131,0.6036168308851008,v1-backfill,1.0
2026-03-12,2025021031,2025,FLA,CBJ,0.6072462919230969,0.5751345556538551,v1-backfill,1.0
2026-03-12,2025021032,2025,NJD,CGY,0.5949818452012727,0.5786585609925458,v1-backfill,0.0
2026-03-12,2025021033,2025,CAR,STL,0.7762241017796594,0.6696487239215377,v1-backfill,0.0
2026-03-12,2025021034,2025,DAL,EDM,0.5692066194071957,0.6123309364964785,v1-backfill,1.0
2026-03-12,2025021035,2025,MIN,PHI,0.6356269574658472,0.6449891986572553,v1-backfill,0.0
2026-03-12,2025021036,2025,WPG,NYR,0.5948201168376678,0.58709427350428,v1-backfill,0.0
2026-03-12,2025021037,2025,UTA,CHI,0.6450956935136615,0.6658612172752967,v1-backfill,0.0
2026-03-12,2025021038,2025,VAN,NSH,0.4163455959263014,0.4672653419117928,v1-backfill,1.0
2026-03-12,2025021039,2025,VGK,PIT,0.5170188308452465,0.5496863462244557,v1-backfill,1.0
2026-03-12,2025021040,2025,SEA,COL,0.2589296623381915,0.3931423612453167,v1-backfill,0.0
2026-03-13,2025021041,2025,NYI,LAK,0.6329607613130483,0.5971684890979598,v1-backfill,0.0
2026-03-13,2025021042,2025,STL,EDM,0.3880855167050851,0.5005289261597982,v1-backfill,1.0
2026-03-14,2025021043,2025,OTT,ANA,0.5982527555685416,0.5785875453484811,v1-backfill,1.0
2026-03-14,2025021044,2025,WSH,BOS,0.5392816594615687,0.5508737329218734,v1-backfill,0.0
2026-03-14,2025021045,2025,WPG,COL,0.3379590271050076,0.4074717926888151,v1-backfill,1.0
2026-03-14,2025021046,2025,MIN,NYR,0.6549908598846681,0.6414689822255714,v1-backfill,0.0
2026-03-14,2025021047,2025,BUF,TOR,0.6407812794839016,0.6309420066066806,v1-backfill,1.0
2026-03-14,2025021048,2025,MTL,SJS,0.6127628659139951,0.6475746903612175,v1-backfill,0.0
2026-03-14,2025021049,2025,TBL,CAR,0.5228466478592476,0.5437042114880284,v1-backfill,0.0
2026-03-14,2025021050,2025,NJD,LAK,0.6161668315787383,0.538656180486819,v1-backfill,1.0
2026-03-14,2025021051,2025,NYI,CGY,0.5051881167103883,0.6100966282696005,v1-backfill,1.0
2026-03-14,2025021052,2025,PHI,CBJ,0.4328268468499679,0.5072760894030043,v1-backfill,0.0
2026-03-14,2025021053,2025,DAL,DET,0.575265424227454,0.6296103935931394,v1-backfill,1.0
2026-03-14,2025021054,2025,UTA,PIT,0.5271551648319008,0.5629839008640642,v1-backfill,0.0
2026-03-14,2025021055,2025,VAN,SEA,0.4605352859874085,0.4789260681599244,v1-backfill,0.0
2026-03-14,2025021056,2025,VGK,CHI,0.6876812368774434,0.6534396244452444,v1-backfill,1.0
2026-03-15,2025021057,2025,WPG,STL,0.5056595096781792,0.5572326455816103,v1-backfill,1.0
2026-03-15,2025021058,2025,OTT,SJS,0.6650751514975466,0.6332825961142271,v1-backfill,1.0
2026-03-15,2025021059,2025,MTL,ANA,0.5138985239523002,0.5886089206972592,v1-backfill,0.0
2026-03-15,2025021060,2025,MIN,TOR,0.5728485688289721,0.6091994473364987,v1-backfill,0.0
2026-03-15,2025021061,2025,EDM,NSH,0.6405348112278554,0.6108605567627171,v1-backfill,1.0
2026-03-15,2025021062,2025,SEA,FLA,0.3102827787614365,0.4741932512125988,v1-backfill,1.0
2026-03-16,2025021063,2025,DET,CGY,0.6187184240163821,0.6154902620808788,v1-backfill,1.0
2026-03-16,2025021064,2025,NJD,BOS,0.5417072640183507,0.5083448424612685,v1-backfill,1.0
2026-03-16,2025021065,2025,NYR,LAK,0.5229590544282373,0.5412560996213279,v1-backfill,0.0
2026-03-16,2025021066,2025,DAL,UTA,0.6239349261765282,0.6523472564280728,v1-backfill,0.0
2026-03-16,2025021067,2025,COL,PIT,0.670988653561027,0.6665376268269947,v1-backfill,0.0
2026-03-17,2025021068,2025,TOR,NYI,0.4321387696865927,0.5239232357575645,v1-backfill,0.0
2026-03-17,2025021069,2025,MTL,BOS,0.5884709399948742,0.5555098163931108,v1-backfill,1.0
2026-03-17,2025021070,2025,CBJ,CAR,0.4305904015725094,0.4672520862934127,v1-backfill,1.0
2026-03-17,2025021071,2025,WPG,NSH,0.5317425376703243,0.5867498430351827,v1-backfill,0.0
2026-03-17,2025021072,2025,CHI,MIN,0.3400163643137436,0.4007224271661264,v1-backfill,0.0
2026-03-17,2025021073,2025,EDM,SJS,0.6830456137112547,0.6418863945977591,v1-backfill,1.0
2026-03-17,2025021074,2025,VAN,FLA,0.3595578950789225,0.3991430234390646,v1-backfill,1.0
2026-03-17,2025021075,2025,VGK,BUF,0.5212239757544331,0.4795164441609699,v1-backfill,0.0
2026-03-17,2025021076,2025,SEA,TBL,0.3211643711216785,0.444461047704169,v1-backfill,0.0
2026-03-18,2025021077,2025,NYR,NJD,0.4256477048527211,0.532124822528431,v1-backfill,0.0
2026-03-18,2025021078,2025,CAR,PIT,0.5807180598904992,0.6317954857905527,v1-backfill,1.0
2026-03-18,2025021079,2025,WSH,OTT,0.4908195962076325,0.5303337908619785,v1-backfill,1.0
2026-03-18,2025021080,2025,COL,DAL,0.6441701454189515,0.5656351205074511,v1-backfill,0.0
2026-03-18,2025021081,2025,CGY,STL,0.4857244238075197,0.5171895858434987,v1-backfill,1.0
2026-03-18,2025021082,2025,ANA,PHI,0.5514333285413443,0.5803835803842952,v1-backfill,0.0
2026-03-19,2025021083,2025,BOS,WPG,0.5337170189109738,0.5685109946876167,v1-backfill,1.0
2026-03-19,2025021084,2025,OTT,NYI,0.4651811776861606,0.5474960354415672,v1-backfill,1.0
2026-03-19,2025021085,2025,DET,MTL,0.5465863821110697,0.5494389489164819,v1-backfill,1.0
2026-03-19,2025021086,2025,CBJ,NYR,0.7282595734048994,0.6132198668630013,v1-backfill,1.0
2026-03-19,2025021087,2025,NSH,SEA,0.5107745176762928,0.5471352707502907,v1-backfill,1.0
2026-03-19,2025021088,2025,MIN,CHI,0.6920403439674488,0.6966178646378812,v1-backfill,0.0
2026-03-19,2025021089,2025,EDM,FLA,0.5887085594553636,0.5554735623386716,v1-backfill,0.0
2026-03-19,2025021090,2025,VAN,TBL,0.2996924267230602,0.3612319981263895,v1-backfill,0.0
2026-03-19,2025021091,2025,VGK,UTA,0.5688244579153541,0.5445902013547778,v1-backfill,0.0
2026-03-19,2025021092,2025,SJS,BUF,0.3914288743572905,0.399944282733861,v1-backfill,0.0
2026-03-19,2025021093,2025,LAK,PHI,0.625614582809572,0.5654761909585279,v1-backfill,0.0
2026-03-20,2025021094,2025,TOR,CAR,0.352855524947418,0.4449001636026433,v1-backfill,0.0
2026-03-20,2025021095,2025,WSH,NJD,0.5706504139152399,0.5788498569783431,v1-backfill,1.0
2026-03-20,2025021096,2025,CHI,COL,0.1410712571110559,0.3414762119514075,v1-backfill,0.0
2026-03-20,2025021097,2025,CGY,FLA,0.5171276400689353,0.4645951874711018,v1-backfill,1.0
2026-03-20,2025021098,2025,UTA,ANA,0.4055021088534914,0.5735713212335228,v1-backfill,0.0
2026-03-21,2025021099,2025,PIT,WPG,0.5798557019834825,0.5668316287381163,v1-backfill,1.0
2026-03-21,2025021100,2025,NSH,VGK,0.4216587922406077,0.5249926481398071,v1-backfill,1.0
2026-03-21,2025021101,2025,MIN,DAL,0.5256195218367453,0.4837568106716862,v1-backfill,1.0
2026-03-21,2025021102,2025,LAK,BUF,0.442288104813387,0.4418775543523587,v1-backfill,0.0
2026-03-21,2025021103,2025,SJS,PHI,0.5096271143212318,0.5044928576148099,v1-backfill,0.0
2026-03-21,2025021104,2025,CBJ,SEA,0.5930558725763293,0.6114310028790837,v1-backfill,1.0
2026-03-21,2025021105,2025,MTL,NYI,0.4850965759583156,0.5461278938907586,v1-backfill,1.0
2026-03-21,2025021106,2025,OTT,TOR,0.7097824677020491,0.5938018065532077,v1-backfill,1.0
2026-03-21,2025021107,2025,VAN,STL,0.5004813055544168,0.4615406300405464,v1-backfill,0.0
2026-03-21,2025021108,2025,DET,BOS,0.5615530223153627,0.562034189331053,v1-backfill,0.0
2026-03-21,2025021109,2025,EDM,TBL,0.5085924603596457,0.4910686666077999,v1-backfill,0.0
2026-03-22,2025021110,2025,NYR,WPG,0.4748760428534458,0.5180994533391228,v1-backfill,0.0
2026-03-22,2025021111,2025,WSH,COL,0.3878941975661085,0.456991365100458,v1-backfill,0.0
2026-03-22,2025021112,2025,PIT,CAR,0.320770308190944,0.4598138586821504,v1-backfill,0.0
2026-03-22,2025021113,2025,CHI,NSH,0.4981407550424018,0.4667954908488463,v1-backfill,0.0
2026-03-22,2025021114,2025,NYI,CBJ,0.4696786456722863,0.5375984189738655,v1-backfill,1.0
2026-03-22,2025021115,2025,DAL,VGK,0.5481748132447761,0.6548610958922526,v1-backfill,0.0
2026-03-22,2025021116,2025,CGY,TBL,0.4973463034358493,0.4140629085574847,v1-backfill,1.0
2026-03-22,2025021117,2025,ANA,BUF,0.5302367667339063,0.4536980444904006,v1-backfill,1.0
2026-03-22,2025021118,2025,UTA,LAK,0.629682553565661,0.5822734854637432,v1-backfill,1.0
2026-03-23,2025021119,2025,NYR,OTT,0.3044700687734357,0.4631410837705786,v1-backfill,0.0
2026-03-24,2025021120,2025,BOS,TOR,0.6184218788591791,0.5908730003147424,v1-backfill,0.0
2026-03-24,2025021121,2025,MTL,CAR,0.4050917183224016,0.4702289096672183,v1-backfill,1.0
2026-03-24,2025021122,2025,DET,OTT,0.5355147398684657,0.5316543533269538,v1-backfill,0.0
2026-03-24,2025021123,2025,FLA,SEA,0.6121202269625555,0.6201803910739652,v1-backfill,1.0
2026-03-24,2025021124,2025,NYI,CHI,0.722802629337323,0.677006341439205,v1-backfill,0.0
2026-03-24,2025021125,2025,PHI,CBJ,0.437300246220914,0.504406462996846,v1-backfill,0.0
2026-03-24,2025021126,2025,PIT,COL,0.3208016555427325,0.4354797139089121,v1-backfill,0.0
2026-03-24,2025021127,2025,TBL,MIN,0.5442387793747915,0.5971216192427914,v1-backfill,1.0
2026-03-24,2025021128,2025,STL,WSH,0.4575875642493325,0.5147101645176331,v1-backfill,1.0
2026-03-24,2025021129,2025,NSH,SJS,0.5299539155094939,0.6066137271152796,v1-backfill,1.0
2026-03-24,2025021130,2025,DAL,NJD,0.5668906118626387,0.655235924156112,v1-backfill,0.0
2026-03-24,2025021131,2025,WPG,VGK,0.4258889397294043,0.5411624688731489,v1-backfill,1.0
2026-03-24,2025021132,2025,UTA,EDM,0.5080393779601934,0.5371629692226232,v1-backfill,0.0
2026-03-24,2025021133,2025,CGY,LAK,0.5334368686282188,0.5409696598492459,v1-backfill,1.0
2026-03-24,2025021134,2025,VAN,ANA,0.3597897104695256,0.4318791189396093,v1-backfill,0.0
2026-03-25,2025021135,2025,BUF,BOS,0.6630386241332857,0.6209366435697414,v1-backfill,0.0
2026-03-25,2025021136,2025,TOR,NYR,0.499568490600588,0.5947301664528784,v1-backfill,1.0
2026-03-26,2025021137,2025,MTL,CBJ,0.4956069718099662,0.5494640014624402,v1-backfill,1.0
2026-03-26,2025021138,2025,OTT,PIT,0.6060157647038702,0.5978614890101328,v1-backfill,0.0
2026-03-26,2025021139,2025,TBL,SEA,0.7252753664909874,0.680674491100379,v1-backfill,0.0
2026-03-26,2025021140,2025,FLA,MIN,0.530060433458248,0.5469912010312787,v1-backfill,0.0
2026-03-26,2025021141,2025,NYI,DAL,0.503425933158787,0.48075768973621,v1-backfill,1.0
2026-03-26,2025021142,2025,PHI,CHI,0.5841405115434427,0.6248067830992866,v1-backfill,1.0
2026-03-26,2025021143,2025,STL,SJS,0.5951347054063234,0.6183120422382777,v1-backfill,1.0
2026-03-26,2025021144,2025,NSH,NJD,0.487242640933079,0.544533960253294,v1-backfill,0.0
2026-03-26,2025021145,2025,WPG,COL,0.3292184968438248,0.4216599866942662,v1-backfill,0.0
2026-03-26,2025021146,2025,UTA,WSH,0.4723730368580692,0.5428928580323341,v1-backfill,0.0
2026-03-26,2025021147,2025,CGY,ANA,0.4632416024513126,0.5098924330616015,v1-backfill,0.0
2026-03-26,2025021148,2025,VGK,EDM,0.5016386506166757,0.5128698341611049,v1-backfill,0.0
2026-03-26,2025021149,2025,VAN,LAK,0.4189171980416835,0.4601598248232049,v1-backfill,0.0
2026-03-27,2025021150,2025,BUF,DET,0.5837475623607812,0.6164723056912721,v1-backfill,0.0
2026-03-27,2025021151,2025,NYR,CHI,0.6555800387115946,0.5953315319280853,v1-backfill,1.0
2026-03-28,2025021152,2025,TBL,OTT,0.5705986340509072,0.5960262272647917,v1-backfill,1.0
2026-03-28,2025021153,2025,NYI,FLA,0.5455056058587519,0.5440006495258662,v1-backfill,1.0
2026-03-28,2025021154,2025,EDM,ANA,0.5817489459397059,0.5736988686306299,v1-backfill,1.0
2026-03-28,2025021155,2025,BOS,MIN,0.4638259843511499,0.5281520259347232,v1-backfill,1.0
2026-03-28,2025021156,2025,PIT,DAL,0.4777681859993311,0.4743110060571031,v1-backfill,0.0
2026-03-28,2025021157,2025,CAR,NJD,0.6661192159515167,0.6478900940254873,v1-backfill,1.0
2026-03-28,2025021158,2025,CBJ,SJS,0.6068883999193644,0.6566040398707933,v1-backfill,0.0
2026-03-28,2025021159,2025,BUF,SEA,0.5604580660715932,0.6605804922386991,v1-backfill,1.0
2026-03-28,2025021160,2025,STL,TOR,0.5020546730072719,0.5477690959325552,v1-backfill,1.0
2026-03-28,2025021161,2025,NSH,MTL,0.4953398005477026,0.4928290212573287,v1-backfill,0.0
2026-03-28,2025021162,2025,COL,WPG,0.7454596622054522,0.6808653382947664,v1-backfill,0.0
2026-03-28,2025021163,2025,DET,PHI,0.5071238006061862,0.5945206390445855,v1-backfill,0.0
2026-03-28,2025021164,2025,LAK,UTA,0.5020149174774946,0.5249890211276731,v1-backfill,0.0
2026-03-28,2025021165,2025,CGY,VAN,0.6422169439850506,0.6363996137854063,v1-backfill,1.0
2026-03-28,2025021166,2025,VGK,WSH,0.5606433087401116,0.5206130079880971,v1-backfill,0.0
2026-03-29,2025021167,2025,NYR,FLA,0.5457526641367081,0.470848335642089,v1-backfill,1.0
2026-03-29,2025021168,2025,TBL,NSH,0.6135477881153986,0.6652531737072954,v1-backfill,1.0
2026-03-29,2025021169,2025,CAR,MTL,0.6557174108039043,0.6097248428669645,v1-backfill,0.0
2026-03-29,2025021170,2025,CBJ,BOS,0.5494145980250709,0.5418671029716695,v1-backfill,0.0
2026-03-29,2025021171,2025,NJD,CHI,0.5909021913816396,0.6503647481096673,v1-backfill,1.0
2026-03-29,2025021172,2025,PHI,DAL,0.344407868093679,0.450667724212077,v1-backfill,1.0
2026-03-30,2025021173,2025,NYI,PIT,0.5823758529765485,0.578832326507588,v1-backfill,0.0
2026-03-30,2025021174,2025,COL,CGY,0.7730154003071336,0.6941898004551013,v1-backfill,1.0
2026-03-30,2025021175,2025,VGK,VAN,0.7136635787973944,0.660817505925675,v1-backfill,1.0
2026-03-30,2025021176,2025,ANA,TOR,0.6032689444280613,0.5675998594564512,v1-backfill,0.0
2026-03-30,2025021177,2025,SJS,STL,0.4157948430805498,0.4763591274315431,v1-backfill,1.0
2026-03-31,2025021178,2025,BOS,DAL,0.4190999602017556,0.5013706077725354,v1-backfill,1.0
2026-03-31,2025021179,2025,BUF,NYI,0.6297311589747864,0.6085697373853548,v1-backfill,1.0
2026-03-31,2025021180,2025,TBL,MTL,0.6041004236120254,0.5983456402075149,v1-backfill,0.0
2026-03-31,2025021181,2025,FLA,OTT,0.4616475739226652,0.5291797076651875,v1-backfill,1.0
2026-03-31,2025021182,2025,NYR,NJD,0.4830246726279779,0.5031054612627237,v1-backfill,1.0
2026-03-31,2025021183,2025,PIT,DET,0.4509595254250645,0.5382057587495407,v1-backfill,1.0
2026-03-31,2025021184,2025,WSH,PHI,0.5561450018804295,0.5829445280985147,v1-backfill,1.0
2026-03-31,2025021185,2025,CBJ,CAR,0.4115960037597223,0.4690270686597327,v1-backfill,0.0
2026-03-31,2025021186,2025,CHI,WPG,0.4137879841857897,0.4370006897123824,v1-backfill,0.0
2026-03-31,2025021187,2025,EDM,SEA,0.6841690013203708,0.6282403584700348,v1-backfill,1.0
2026-04-01,2025021188,2025,COL,VAN,0.8276444862087831,0.7757845949004629,v1-backfill,0.0
2026-04-01,2025021189,2025,LAK,STL,0.5777860157691821,0.5275435197407062,v1-backfill,1.0
2026-04-01,2025021190,2025,SJS,ANA,0.4139282384535159,0.4772720278745184,v1-backfill,1.0
2026-04-02,2025021191,2025,OTT,BUF,0.5369248084294305,0.497967675639047,v1-backfill,1.0
2026-04-02,2025021192,2025,TBL,PIT,0.6416350008471874,0.628517051516785,v1-backfill,1.0
2026-04-02,2025021193,2025,FLA,BOS,0.4950068259561201,0.5352028139765843,v1-backfill,1.0
2026-04-02,2025021194,2025,NJD,WSH,0.5346097288770487,0.5136101863514788,v1-backfill,1.0
2026-04-02,2025021195,2025,NYR,MTL,0.4714572614044481,0.4500966896619118,v1-backfill,0.0
2026-04-02,2025021196,2025,PHI,DET,0.4398881180169356,0.5236805166748979,v1-backfill,0.0
2026-04-02,2025021197,2025,CAR,CBJ,0.6955721512498475,0.6388097707771306,v1-backfill,1.0
2026-04-02,2025021198,2025,DAL,WPG,0.6100311802740045,0.6216469913016659,v1-backfill,1.0
2026-04-02,2025021199,2025,MIN,VAN,0.7975690251708399,0.7030450062922851,v1-backfill,1.0
2026-04-02,2025021200,2025,EDM,CHI,0.716537153422996,0.7018052735243402,v1-backfill,1.0
2026-04-02,2025021201,2025,VGK,CGY,0.6301632600569586,0.5756297929428802,v1-backfill,1.0
2026-04-02,2025021202,2025,SJS,TOR,0.4576385428921659,0.4917738690967019,v1-backfill,1.0
2026-04-02,2025021203,2025,SEA,UTA,0.4548297470556324,0.5000426234253582,v1-backfill,0.0
2026-04-02,2025021204,2025,LAK,NSH,0.4858072910346501,0.5525000124603388,v1-backfill,0.0
2026-04-03,2025021205,2025,NYI,PHI,0.6485383822151783,0.5867035839716953,v1-backfill,0.0
2026-04-03,2025021206,2025,ANA,STL,0.5893653840615152,0.5590243851368629,v1-backfill,0.0
2026-04-04,2025021207,2025,NYR,DET,0.3919835850536228,0.4828685093037292,v1-backfill,1.0
2026-04-04,2025021208,2025,OTT,MIN,0.572049291015034,0.5465868829010481,v1-backfill,0.0
2026-04-04,2025021209,2025,DAL,COL,0.3938248418149327,0.5140297469218056,v1-backfill,0.0
2026-04-04,2025021210,2025,TBL,BOS,0.6423872671519275,0.6118335327303358,v1-backfill,1.0
2026-04-04,2025021211,2025,PIT,FLA,0.5075735404431385,0.5284814566493746,v1-backfill,1.0
2026-04-04,2025021212,2025,NJD,MTL,0.4920330856011195,0.4861734846726558,v1-backfill,0.0
2026-04-04,2025021213,2025,WSH,BUF,0.508595102895204,0.4933412142248463,v1-backfill,1.0
2026-04-04,2025021214,2025,CAR,NYI,0.7237976183948794,0.6424898476284764,v1-backfill,1.0
2026-04-04,2025021215,2025,CBJ,WPG,0.6052904330166121,0.5582725978016325,v1-backfill,0.0
2026-04-04,2025021216,2025,VAN,UTA,0.3137353344766,0.4107087592690459,v1-backfill,0.0
2026-04-04,2025021217,2025,LAK,TOR,0.5509852026055574,0.5300973307884571,v1-backfill,1.0
2026-04-04,2025021218,2025,EDM,VGK,0.5976145950461753,0.602676972642,v1-backfill,0.0
2026-04-04,2025021219,2025,ANA,CGY,0.5172915640920877,0.580636643970005,v1-backfill,0.0
2026-04-04,2025021220,2025,SJS,NSH,0.4709798379028523,0.5171239930492973,v1-backfill,0.0
2026-04-04,2025021221,2025,SEA,CHI,0.6616465124070682,0.6199119177935745,v1-backfill,0.0
2026-04-05,2025021222,2025,DET,MIN,0.4069014344469591,0.5136334063820144,v1-backfill,0.0
2026-04-05,2025021223,2025,PIT,FLA,0.4961418533029494,0.5392882779902723,v1-backfill,1.0
2026-04-05,2025021224,2025,PHI,BOS,0.5955951799682492,0.5083620278610202,v1-backfill,1.0
2026-04-05,2025021225,2025,OTT,CAR,0.4246186944491515,0.472912181853995,v1-backfill,1.0
2026-04-05,2025021226,2025,MTL,NJD,0.5097133979748552,0.6200162784077666,v1-backfill,0.0
2026-04-05,2025021227,2025,NYR,WSH,0.474972607144358,0.4783433908113833,v1-backfill,1.0
2026-04-05,2025021228,2025,COL,STL,0.6398682649510956,0.6716734703433501,v1-backfill,0.0
2026-04-06,2025021229,2025,BUF,TBL,0.4900544427600918,0.5238413720091497,v1-backfill,1.0
2026-04-06,2025021230,2025,WPG,SEA,0.5813592175763147,0.6100062025642132,v1-backfill,1.0
2026-04-06,2025021231,2025,SJS,CHI,0.6358373905866445,0.5992021743271502,v1-backfill,1.0
2026-04-06,2025021232,2025,LAK,NSH,0.5656132622776793,0.541526469151914,v1-backfill,1.0
2026-04-07,2025021233,2025,MTL,FLA,0.5667208207342553,0.5900877147499027,v1-backfill,1.0
2026-04-07,2025021234,2025,OTT,TBL,0.6002189682764312,0.4941086876349351,v1-backfill,1.0
2026-04-07,2025021235,2025,DET,CBJ,0.5032868446237656,0.5572613860768609,v1-backfill,0.0
2026-04-07,2025021236,2025,NJD,PHI,0.5115825906073316,0.5604014975044056,v1-backfill,0.0
2026-04-07,2025021237,2025,CAR,BOS,0.6875336455076969,0.6273915211775614,v1-backfill,1.0
2026-04-07,2025021238,2025,STL,COL,0.3347199988729069,0.4375902071361212,v1-backfill,0.0
2026-04-07,2025021239,2025,DAL,CGY,0.6710754251524744,0.6538509529707609,v1-backfill,1.0
2026-04-07,2025021240,2025,MIN,SEA,0.7116015118586482,0.66136267412501,v1-backfill,1.0
2026-04-07,2025021241,2025,UTA,EDM,0.4808203849511853,0.5253048700182745,v1-backfill,1.0
2026-04-07,2025021242,2025,VAN,VGK,0.307309993577477,0.4159583699834102,v1-backfill,0.0
2026-04-07,2025021243,2025,ANA,NSH,0.6767358361053939,0.5567310359436067,v1-backfill,0.0
2026-04-08,2025021244,2025,NYR,BUF,0.3737768767819495,0.4338811660168927,v1-backfill,0.0
2026-04-08,2025021245,2025,TOR,WSH,0.4254849792947043,0.5116710129078823,v1-backfill,0.0
2026-04-08,2025021246,2025,SJS,EDM,0.4655266265302222,0.4527182479140747,v1-backfill,0.0
2026-04-09,2025021247,2025,BUF,CBJ,0.4290627991289436,0.6282832106107605,v1-backfill,1.0
2026-04-09,2025021248,2025,MTL,TBL,0.4759189106056176,0.5226815792596535,v1-backfill,1.0
2026-04-09,2025021249,2025,OTT,FLA,0.6389846016510448,0.5800540711680199,v1-backfill,1.0
2026-04-09,2025021250,2025,DET,PHI,0.6182329015818289,0.555343563696025,v1-backfill,1.0
2026-04-09,2025021251,2025,NJD,PIT,0.5456942652298326,0.5272356065773466,v1-backfill,0.0
2026-04-09,2025021252,2025,NYI,TOR,0.7039874423121563,0.5774669535385132,v1-backfill,1.0
2026-04-09,2025021253,2025,STL,WPG,0.4689473896860313,0.538232704439929,v1-backfill,0.0
2026-04-09,2025021254,2025,DAL,MIN,0.5257921840379317,0.5679519977079472,v1-backfill,1.0
2026-04-09,2025021255,2025,CHI,CAR,0.2238425514559883,0.3303485473644139,v1-backfill,0.0
2026-04-09,2025021256,2025,COL,CGY,0.7784203065783261,0.696159292513641,v1-backfill,1.0
2026-04-09,2025021257,2025,UTA,NSH,0.6032604516490565,0.5866410752191789,v1-backfill,1.0
2026-04-09,2025021258,2025,ANA,SJS,0.7224424040594886,0.5915703654839136,v1-backfill,1.0
2026-04-09,2025021259,2025,SEA,VGK,0.3737969088366274,0.4783683883160901,v1-backfill,1.0
2026-04-09,2025021260,2025,LAK,VAN,0.6914338957520423,0.6584933253211324,v1-backfill,1.0
2026-04-11,2025021261,2025,BOS,TBL,0.4029881344242172,0.487882715047288,v1-backfill,0.0
2026-04-11,2025021262,2025,NYI,OTT,0.4712233303309488,0.5115778268552007,v1-backfill,0.0
2026-04-11,2025021263,2025,PIT,WSH,0.5410123278721789,0.5449182265244098,v1-backfill,0.0
2026-04-11,2025021264,2025,LAK,EDM,0.4457256213854051,0.4867786423204733,v1-backfill,1.0
2026-04-11,2025021265,2025,DET,NJD,0.5414516237217023,0.5688943905999279,v1-backfill,0.0
2026-04-11,2025021266,2025,CHI,STL,0.3595599079359562,0.4369411344122258,v1-backfill,0.0
2026-04-11,2025021267,2025,NSH,MIN,0.4161171999620116,0.4745994531707104,v1-backfill,1.0
2026-04-11,2025021268,2025,DAL,NYR,0.6638728106578844,0.6677290067400227,v1-backfill,1.0
2026-04-11,2025021269,2025,UTA,CAR,0.3838435548390021,0.4641612779287447,v1-backfill,0.0
2026-04-11,2025021270,2025,TOR,FLA,0.4114121303919672,0.5141694827343443,v1-backfill,0.0
2026-04-11,2025021271,2025,MTL,CBJ,0.5636911459946907,0.6158984487077008,v1-backfill,0.0
2026-04-11,2025021272,2025,WPG,PHI,0.5258547826802192,0.5728856955663483,v1-backfill,0.0
2026-04-11,2025021273,2025,SEA,CGY,0.4815326029968863,0.5294719696227936,v1-backfill,1.0
2026-04-11,2025021274,2025,COL,VGK,0.6720971339160191,0.665095525802522,v1-backfill,0.0
2026-04-11,2025021275,2025,SJS,VAN,0.5746956770215162,0.6202805736648337,v1-backfill,0.0
2026-04-12,2025021276,2025,WSH,PIT,0.5380178764118809,0.5678249816522586,v1-backfill,1.0
2026-04-12,2025021277,2025,NYI,MTL,0.5201529095790755,0.4951803926595362,v1-backfill,0.0
2026-04-12,2025021278,2025,CBJ,BOS,0.5659021084349143,0.5411164875893546,v1-backfill,0.0
2026-04-12,2025021279,2025,NJD,OTT,0.4404798993684282,0.4895515429421606,v1-backfill,1.0
2026-04-12,2025021280,2025,ANA,VAN,0.7868602779802251,0.6631461747944144,v1-backfill,0.0
2026-04-12,2025021281,2025,CGY,UTA,0.4203735183655082,0.4846882393365887,v1-backfill,1.0
2026-04-13,2025021282,2025,TBL,DET,0.6834732615113073,0.6358322980906808,v1-backfill,1.0
2026-04-13,2025021283,2025,FLA,NYR,0.6421593033772683,0.6100507236162774,v1-backfill,1.0
2026-04-13,2025021284,2025,PHI,CAR,0.359233340940986,0.4325866346836696,v1-backfill,1.0
2026-04-13,2025021285,2025,TOR,DAL,0.3304136021797718,0.4324964140899228,v1-backfill,0.0
2026-04-13,2025021286,2025,STL,MIN,0.4559734464631764,0.4977370080234449,v1-backfill,1.0
2026-04-13,2025021287,2025,NSH,SJS,0.5585855895801256,0.6080856839816133,v1-backfill,0.0
2026-04-13,2025021288,2025,CHI,BUF,0.3131795461245698,0.3388317473634116,v1-backfill,0.0
2026-04-13,2025021289,2025,EDM,COL,0.4008522906100816,0.4694195477420563,v1-backfill,0.0
2026-04-13,2025021290,2025,VGK,WPG,0.5812058251318047,0.5494321876246949,v1-backfill,1.0
2026-04-13,2025021291,2025,SEA,LAK,0.3991792198418562,0.5091503168918977,v1-backfill,0.0
2026-04-14,2025021292,2025,BOS,NJD,0.5153271033950102,0.5730638601732552,v1-backfill,1.0
2026-04-14,2025021293,2025,NYI,CAR,0.4134846857286784,0.4380443428236422,v1-backfill,0.0
2026-04-14,2025021294,2025,PHI,MTL,0.3278729490879865,0.4873759350369949,v1-backfill,1.0
2026-04-14,2025021295,2025,CBJ,WSH,0.604611509497356,0.5108080882557686,v1-backfill,0.0
2026-04-14,2025021296,2025,MIN,ANA,0.4512919943371343,0.6143646739203924,v1-backfill,1.0
2026-04-14,2025021297,2025,UTA,WPG,0.6217218852950576,0.560712568183288,v1-backfill,1.0
2026-04-14,2025021298,2025,CGY,COL,0.3342433024869902,0.3903747892553449,v1-backfill,0.0
2026-04-14,2025021299,2025,STL,PIT,0.3161373883748447,0.5392143649540277,v1-backfill,1.0
2026-04-14,2025021300,2025,VAN,LAK,0.4618905633242663,0.4278085484304982,v1-backfill,1.0
2026-04-15,2025021301,2025,BUF,DAL,0.5191410311366481,0.5523067821732288,v1-backfill,0.0
2026-04-15,2025021302,2025,TBL,NYR,0.6658704915372059,0.6842423945219422,v1-backfill,0.0
2026-04-15,2025021303,2025,FLA,DET,0.5446696348839095,0.5722171469015352,v1-backfill,1.0
2026-04-15,2025021304,2025,OTT,TOR,0.6767933005491056,0.6357943748092542,v1-backfill,1.0
2026-04-15,2025021305,2025,CHI,SJS,0.4679750324718368,0.4861551063026793,v1-backfill,1.0
2026-04-15,2025021306,2025,VGK,SEA,0.7153818556313296,0.6224288350134877,v1-backfill,1.0
2026-04-16,2025021307,2025,NSH,ANA,0.4664814014245024,0.5557195161652196,v1-backfill,0.0
2026-04-16,2025021308,2025,WPG,SJS,0.620754956343565,0.6199921423333996,v1-backfill,0.0
2026-04-16,2025021309,2025,UTA,STL,0.5891914637862186,0.5622995778368868,v1-backfill,0.0
2026-04-16,2025021310,2025,CGY,LAK,0.3855486199288098,0.5193581236195105,v1-backfill,1.0
2026-04-16,2025021311,2025,EDM,VAN,0.7622235130260149,0.699271237700047,v1-backfill,1.0
2026-04-16,2025021312,2025,COL,SEA,0.8382830552073017,0.725387938846098,v1-backfill,1.0
2026-04-18,2025030131,2025,CAR,OTT,0.5957761540233941,0.6098857351119881,v1-backfill,1.0
2026-04-18,2025030141,2025,PIT,PHI,0.5599743246903717,0.5483143572056653,v1-backfill,0.0
2026-04-18,2025030161,2025,DAL,MIN,0.5246782544013118,0.5976980811344209,v1-backfill,0.0
2026-04-19,2025030111,2025,BUF,BOS,0.6230397137288602,0.6100001928713606,v1-backfill,1.0
2026-04-19,2025030121,2025,TBL,MTL,0.6270068259416329,0.5744582300773745,v1-backfill,0.0
2026-04-19,2025030151,2025,COL,LAK,0.7376392478203558,0.6889939391190445,v1-backfill,1.0
2026-04-19,2025030171,2025,VGK,UTA,0.5869267898105817,0.5548656899227752,v1-backfill,1.0
2026-04-20,2025030132,2025,CAR,OTT,0.6225711766225256,0.6200944083121495,v1-backfill,1.0
2026-04-20,2025030142,2025,PIT,PHI,0.5546295999341583,0.5332658775459888,v1-backfill,0.0
2026-04-20,2025030162,2025,DAL,MIN,0.5273800663472031,0.5817162761844034,v1-backfill,1.0
2026-04-20,2025030181,2025,EDM,ANA,0.5959482477668999,0.6071089929074668,v1-backfill,1.0
2026-04-21,2025030112,2025,BUF,BOS,0.634707159169853,0.6202047562781299,v1-backfill,0.0
2026-04-21,2025030122,2025,TBL,MTL,0.6199621048495434,0.5635593489053499,v1-backfill,1.0
2026-04-21,2025030152,2025,COL,LAK,0.7495990540516618,0.696311314223882,v1-backfill,1.0
2026-04-21,2025030172,2025,VGK,UTA,0.5980866233278346,0.5669819582048992,v1-backfill,0.0
2026-04-22,2025030143,2025,PHI,PIT,0.5345019580382855,0.5814261791994121,v1-backfill,1.0
2026-04-22,2025030163,2025,MIN,DAL,0.5391754601472455,0.5067243700791948,v1-backfill,0.0
2026-04-22,2025030182,2025,EDM,ANA,0.6190404531211425,0.6174172344862979,v1-backfill,0.0
2026-04-23,2025030113,2025,BOS,BUF,0.462563324664717,0.4952707794736175,v1-backfill,0.0
2026-04-23,2025030133,2025,OTT,CAR,0.4391917094967116,0.4709356346728779,v1-backfill,0.0
2026-04-23,2025030153,2025,LAK,COL,0.3023925452420881,0.3892806959481845,v1-backfill,0.0
2026-04-24,2025030123,2025,MTL,TBL,0.4370188340888236,0.5283610498150393,v1-backfill,1.0
2026-04-24,2025030173,2025,UTA,VGK,0.4972984203750963,0.5488609351015042,v1-backfill,1.0
2026-04-24,2025030183,2025,ANA,EDM,0.4491713022994166,0.4981479709293118,v1-backfill,1.0
2026-04-25,2025030134,2025,OTT,CAR,0.4366290331891554,0.457989677707707,v1-backfill,0.0
2026-04-25,2025030144,2025,PHI,PIT,0.5614781271533017,0.5926408252834168,v1-backfill,0.0
2026-04-25,2025030164,2025,MIN,DAL,0.541568295340243,0.4969238961043379,v1-backfill,1.0
2026-04-26,2025030114,2025,BOS,BUF,0.4595867502456389,0.481594121806325,v1-backfill,0.0
2026-04-26,2025030124,2025,MTL,TBL,0.4739583411989288,0.5374435987763256,v1-backfill,0.0
2026-04-26,2025030154,2025,LAK,COL,0.3132801873023191,0.3791019632633753,v1-backfill,0.0
2026-04-26,2025030184,2025,ANA,EDM,0.5246599790011662,0.5120123345588862,v1-backfill,1.0
2026-04-27,2025030145,2025,PIT,PHI,0.5140845860793534,0.5233730130036168,v1-backfill,1.0
2026-04-27,2025030174,2025,UTA,VGK,0.5030513950223311,0.5611747774695861,v1-backfill,0.0
2026-04-28,2025030115,2025,BUF,BOS,0.6270270863588047,0.6294450791646776,v1-backfill,0.0
2026-04-28,2025030165,2025,DAL,MIN,0.5284698434797303,0.5929889775701375,v1-backfill,0.0
2026-04-28,2025030185,2025,EDM,ANA,0.5698979925325949,0.5786270253039535,v1-backfill,1.0
2026-04-29,2025030125,2025,TBL,MTL,0.6015955767990864,0.5774459626316651,v1-backfill,0.0
2026-04-29,2025030146,2025,PHI,PIT,0.5448172051880352,0.5638281991159149,v1-backfill,1.0
2026-04-29,2025030175,2025,VGK,UTA,0.5861875636497536,0.5499422897321937,v1-backfill,1.0
2026-04-30,2025030166,2025,MIN,DAL,0.5427255764632577,0.5230228110563594,v1-backfill,1.0
2026-04-30,2025030186,2025,ANA,EDM,0.4779313469369324,0.5098089405007239,v1-backfill,1.0
2026-05-01,2025030116,2025,BOS,BUF,0.4443291874903491,0.4804633623623494,v1-backfill,0.0
2026-05-01,2025030126,2025,MTL,TBL,0.4473804028832593,0.5385425225645394,v1-backfill,0.0
2026-05-01,2025030176,2025,UTA,VGK,0.4849164643646717,0.5418258566024347,v1-backfill,0.0
2026-05-02,2025030221,2025,CAR,PHI,0.6769084064923602,0.663994298309508,v1-backfill,1.0
2026-05-03,2025030127,2025,TBL,MTL,0.6040807507246525,0.5720306973069553,v1-backfill,0.0
2026-05-03,2025030231,2025,COL,MIN,0.6676219644530509,0.6305353625873626,v1-backfill,1.0
2026-05-04,2025030222,2025,CAR,PHI,0.7135054847209287,0.6722286239965649,v1-backfill,1.0
2026-05-04,2025030241,2025,VGK,ANA,0.5801104296703191,0.5820983424050487,v1-backfill,1.0
2026-05-05,2025030232,2025,COL,MIN,0.7263109662538326,0.6399964989216891,v1-backfill,1.0
2026-05-06,2025030211,2025,BUF,MTL,0.5849237150828085,0.5798733145156054,v1-backfill,1.0
2026-05-06,2025030242,2025,VGK,ANA,0.5773200318114647,0.5932896504442283,v1-backfill,0.0
2026-05-07,2025030223,2025,PHI,CAR,0.3500723353098748,0.4156422645754536,v1-backfill,0.0
2026-05-08,2025030212,2025,BUF,MTL,0.61080293921246,0.5911417882830735,v1-backfill,0.0
2026-05-08,2025030243,2025,ANA,VGK,0.4955872511188106,0.5227202721355989,v1-backfill,0.0
2026-05-09,2025030224,2025,PHI,CAR,0.340737791268363,0.4045295719414054,v1-backfill,0.0
2026-05-09,2025030233,2025,MIN,COL,0.4215268877345182,0.4471517286753855,v1-backfill,1.0
2026-05-10,2025030213,2025,MTL,BUF,0.4765990034767065,0.5248795159711476,v1-backfill,1.0
2026-05-10,2025030244,2025,ANA,VGK,0.5159114083188916,0.5082918743219459,v1-backfill,1.0
2026-05-11,2025030234,2025,MIN,COL,0.4300515206352587,0.462301040671702,v1-backfill,0.0
2026-05-12,2025030214,2025,MTL,BUF,0.512546694013002,0.5379549881462274,v1-backfill,0.0
2026-05-12,2025030245,2025,VGK,ANA,0.5584309243193762,0.5782116334913081,v1-backfill,1.0
2026-05-13,2025030235,2025,COL,MIN,0.6891187916451704,0.6468291720081937,v1-backfill,1.0
2026-05-14,2025030215,2025,BUF,MTL,0.564009841760651,0.5769577042365835,v1-backfill,0.0
2026-05-14,2025030246,2025,ANA,VGK,0.5180091925076796,0.5137174787487675,v1-backfill,0.0
2026-05-16,2025030216,2025,MTL,BUF,0.5065801295475567,0.5390262861097949,v1-backfill,0.0
2026-05-18,2025030217,2025,BUF,MTL,0.5796319764224321,0.5759341207355311,v1-backfill,0.0
2026-05-20,2025030321,2025,COL,VGK,0.6946707573970479,0.6675374046465194,v1-backfill,0.0
2026-05-21,2025030311,2025,CAR,MTL,0.6921155026686099,0.627147712028353,v1-backfill,0.0
2026-05-22,2025030322,2025,COL,VGK,0.7004224033593184,0.6509662344123168,v1-backfill,0.0
2026-05-23,2025030312,2025,CAR,MTL,0.7119308212577174,0.610802048726531,v1-backfill,1.0
2026-05-24,2025030323,2025,VGK,COL,0.377145361644684,0.4629706050394336,v1-backfill,1.0
2026-05-25,2025030313,2025,MTL,CAR,0.3462615636009371,0.4805489529121093,v1-backfill,0.0
2026-05-26,2025030324,2025,VGK,COL,0.4297446043829594,0.4777560458396754,v1-backfill,1.0
2026-05-27,2025030314,2025,MTL,CAR,0.3407674662750639,0.4712761522039086,v1-backfill,0.0
2026-05-29,2025030315,2025,CAR,MTL,0.7377477141271362,0.6387774333499894,v1-backfill,1.0
2026-06-02,2025030411,2025,CAR,VGK,0.6957001296882028,0.6453431866468764,v1-backfill,0.0
2026-06-04,2025030412,2025,CAR,VGK,0.6826352718132506,0.6288544865618911,v1-backfill,1.0
2026-06-06,2025030413,2025,VGK,CAR,0.3882453064056057,0.4618076267791072,v1-backfill,1.0
2026-06-09,2025030414,2025,VGK,CAR,0.4219364670074517,0.4721714381004913,v1-backfill,0.0
2026-06-11,2025030415,2025,CAR,VGK,0.6281950572349876,0.637970907657065,v1-backfill,1.0
2026-06-14,2025030416,2025,VGK,CAR,0.3768207753184011,0.4492680146626885,v1-backfill,0.0
