id,date,league,home,away,p_home,p_elo,boarded,model,result
LigaMX|2025-01-11|Club Tijuana|Toluca,2025-01-11,LigaMX,Club Tijuana,Toluca,0.4506156142311186,0.5484150305075126,1,v1-backfill,0.0
LigaMX|2025-01-11|Atl. San Luis|Tigres UANL,2025-01-11,LigaMX,Atl. San Luis,Tigres UANL,0.539147496938741,0.5558325333391376,1,v1-backfill,0.0
LigaMX|2025-01-11|Queretaro|Club America,2025-01-11,LigaMX,Queretaro,Club America,0.2812680350287712,0.3704591197036387,1,v1-backfill,0.0
LigaMX|2025-01-12|Guadalajara Chivas|Santos Laguna,2025-01-12,LigaMX,Guadalajara Chivas,Santos Laguna,0.8025151327526966,0.756314397448604,1,v1-backfill,1.0
LigaMX|2025-01-12|UNAM Pumas|Necaxa,2025-01-12,LigaMX,UNAM Pumas,Necaxa,0.741810816028935,0.7313983005222966,1,v1-backfill,1.0
LigaMX|2025-01-18|Puebla|Atl. San Luis,2025-01-18,LigaMX,Puebla,Atl. San Luis,0.4171034964700732,0.4780264027812277,1,v1-backfill,0.0
LigaMX|2025-01-18|Tigres UANL|Mazatlan FC,2025-01-18,LigaMX,Tigres UANL,Mazatlan FC,0.81866953126697,0.8014069558226913,1,v1-backfill,1.0
LigaMX|2025-01-18|Juarez|Cruz Azul,2025-01-18,LigaMX,Juarez,Cruz Azul,0.3093456364663031,0.4265632510923822,1,v1-backfill,1.0
LigaMX|2025-01-18|Necaxa|Guadalajara Chivas,2025-01-18,LigaMX,Necaxa,Guadalajara Chivas,0.4561288488290347,0.5095310499791574,1,v1-backfill,1.0
LigaMX|2025-01-19|Atlas|Club Leon,2025-01-19,LigaMX,Atlas,Club Leon,0.5809099021347769,0.6098853639864463,1,v1-backfill,0.0
LigaMX|2025-01-19|Queretaro|UNAM Pumas,2025-01-19,LigaMX,Queretaro,UNAM Pumas,0.3984620328470229,0.4785294260816086,1,v1-backfill,1.0
LigaMX|2025-01-21|Pachuca|Santos Laguna,2025-01-21,LigaMX,Pachuca,Santos Laguna,0.7135025882861404,0.7129511629262458,1,v1-backfill,1.0
LigaMX|2025-01-25|Club Tijuana|Queretaro,2025-01-25,LigaMX,Club Tijuana,Queretaro,0.7078384364255251,0.7014955772667366,1,v1-backfill,1.0
LigaMX|2025-01-25|Mazatlan FC|Toluca,2025-01-25,LigaMX,Mazatlan FC,Toluca,0.3253043443921067,0.4350244727448594,1,v1-backfill,1.0
LigaMX|2025-01-25|Atl. San Luis|Necaxa,2025-01-25,LigaMX,Atl. San Luis,Necaxa,0.7170783326709208,0.7188230664933281,1,v1-backfill,0.0
LigaMX|2025-01-25|Club Leon|Juarez,2025-01-25,LigaMX,Club Leon,Juarez,0.7269392610803386,0.6997368898212267,1,v1-backfill,1.0
LigaMX|2025-01-26|Santos Laguna|Club America,2025-01-26,LigaMX,Santos Laguna,Club America,0.2696301280803574,0.3301487654869656,1,v1-backfill,0.0
LigaMX|2025-01-26|Monterrey|Pachuca,2025-01-26,LigaMX,Monterrey,Pachuca,0.7615768666600502,0.7434650673293359,1,v1-backfill,0.0
LigaMX|2025-01-29|Club America|Atl. San Luis,2025-01-29,LigaMX,Club America,Atl. San Luis,0.7713470741653828,0.7629091587387737,1,v1-backfill,1.0
LigaMX|2025-01-29|Club Leon|Guadalajara Chivas,2025-01-29,LigaMX,Club Leon,Guadalajara Chivas,0.5821572133045914,0.6115275242574609,1,v1-backfill,1.0
LigaMX|2025-01-29|Tigres UANL|Club Tijuana,2025-01-29,LigaMX,Tigres UANL,Club Tijuana,0.7315685284709239,0.7341882083047192,1,v1-backfill,1.0
LigaMX|2025-01-29|Necaxa|Cruz Azul,2025-01-29,LigaMX,Necaxa,Cruz Azul,0.41883060535356,0.4844504201202376,1,v1-backfill,0.0
LigaMX|2025-01-29|Puebla|Mazatlan FC,2025-01-29,LigaMX,Puebla,Mazatlan FC,0.5526451731916908,0.5851355241419787,1,v1-backfill,0.0
LigaMX|2025-01-30|Juarez|Santos Laguna,2025-01-30,LigaMX,Juarez,Santos Laguna,0.6677153073757558,0.6767415883249314,1,v1-backfill,1.0
LigaMX|2025-01-30|Queretaro|Pachuca,2025-01-30,LigaMX,Queretaro,Pachuca,0.4897827460224768,0.5400553776025656,1,v1-backfill,0.0
LigaMX|2025-02-01|Club America|Juarez,2025-02-01,LigaMX,Club America,Juarez,0.8626478283819586,0.8286087442268157,1,v1-backfill,1.0
LigaMX|2025-02-01|Club Tijuana|Cruz Azul,2025-02-01,LigaMX,Club Tijuana,Cruz Azul,0.4381121806589142,0.5245500153351945,1,v1-backfill,0.0
LigaMX|2025-02-01|Mazatlan FC|Club Leon,2025-02-01,LigaMX,Mazatlan FC,Club Leon,0.4986948263524005,0.535703836195081,1,v1-backfill,0.0
LigaMX|2025-02-02|Monterrey|Necaxa,2025-02-02,LigaMX,Monterrey,Necaxa,0.7705968644185969,0.7625971803144812,1,v1-backfill,1.0
LigaMX|2025-02-02|Toluca|Tigres UANL,2025-02-02,LigaMX,Toluca,Tigres UANL,0.5918900763473876,0.5774629250425558,1,v1-backfill,1.0
LigaMX|2025-02-02|Santos Laguna|Puebla,2025-02-02,LigaMX,Santos Laguna,Puebla,0.5860914801090428,0.623750435858355,1,v1-backfill,0.0
LigaMX|2025-02-03|Atl. San Luis|UNAM Pumas,2025-02-03,LigaMX,Atl. San Luis,UNAM Pumas,0.5618586168315305,0.6074752404248218,1,v1-backfill,0.0
LigaMX|2025-02-06|Pachuca|Club Leon,2025-02-06,LigaMX,Pachuca,Club Leon,0.5806469750532336,0.6002796202763245,1,v1-backfill,0.0
LigaMX|2025-02-08|Necaxa|Santos Laguna,2025-02-08,LigaMX,Necaxa,Santos Laguna,0.7394918800096146,0.7081627191856338,1,v1-backfill,1.0
LigaMX|2025-02-08|Queretaro|Atl. San Luis,2025-02-08,LigaMX,Queretaro,Atl. San Luis,0.4778059717767617,0.5294155053409763,1,v1-backfill,1.0
LigaMX|2025-02-08|Puebla|Club America,2025-02-08,LigaMX,Puebla,Club America,0.2404071994160284,0.3174121308600501,1,v1-backfill,0.0
LigaMX|2025-02-09|Cruz Azul|Pachuca,2025-02-09,LigaMX,Cruz Azul,Pachuca,0.7602418734446883,0.7343023189556748,1,v1-backfill,1.0
LigaMX|2025-02-09|Tigres UANL|Atlas,2025-02-09,LigaMX,Tigres UANL,Atlas,0.7931749792690509,0.7598024995586183,1,v1-backfill,1.0
LigaMX|2025-02-09|Juarez|Monterrey,2025-02-09,LigaMX,Juarez,Monterrey,0.3451979627784671,0.4449813509543436,1,v1-backfill,1.0
LigaMX|2025-02-10|Guadalajara Chivas|Club Tijuana,2025-02-10,LigaMX,Guadalajara Chivas,Club Tijuana,0.6770245765945327,0.6512800697047177,1,v1-backfill,1.0
LigaMX|2025-02-10|UNAM Pumas|Mazatlan FC,2025-02-10,LigaMX,UNAM Pumas,Mazatlan FC,0.7618120736710416,0.7415258178579548,1,v1-backfill,1.0
LigaMX|2025-02-15|Club America|Necaxa,2025-02-15,LigaMX,Club America,Necaxa,0.8448281617214999,0.8268258323215548,1,v1-backfill,0.0
LigaMX|2025-02-15|Club Tijuana|Juarez,2025-02-15,LigaMX,Club Tijuana,Juarez,0.686778248592237,0.6691987541686221,1,v1-backfill,0.0
LigaMX|2025-02-15|Atlas|Puebla,2025-02-15,LigaMX,Atlas,Puebla,0.698963527848947,0.7134369456282825,1,v1-backfill,1.0
LigaMX|2025-02-16|Queretaro|Monterrey,2025-02-16,LigaMX,Queretaro,Monterrey,0.3674316183044651,0.4492932969075749,1,v1-backfill,0.0
LigaMX|2025-02-16|Tigres UANL|Cruz Azul,2025-02-16,LigaMX,Tigres UANL,Cruz Azul,0.6022618984939182,0.6354246095282872,1,v1-backfill,1.0
LigaMX|2025-02-16|Toluca|Guadalajara Chivas,2025-02-16,LigaMX,Toluca,Guadalajara Chivas,0.7073811484071292,0.693231896693169,1,v1-backfill,1.0
LigaMX|2025-02-17|Atl. San Luis|Club Leon,2025-02-17,LigaMX,Atl. San Luis,Club Leon,0.544659341321055,0.5734235674843783,1,v1-backfill,0.0
LigaMX|2025-02-17|Pachuca|UNAM Pumas,2025-02-17,LigaMX,Pachuca,UNAM Pumas,0.5218329791192002,0.5599440789064277,1,v1-backfill,1.0
LigaMX|2025-02-19|Atlas|Necaxa,2025-02-19,LigaMX,Atlas,Necaxa,0.5915126352503424,0.6376892092349967,1,v1-backfill,0.0
LigaMX|2025-02-20|Santos Laguna|Cruz Azul,2025-02-20,LigaMX,Santos Laguna,Cruz Azul,0.2598711365791997,0.3566716905570256,1,v1-backfill,0.0
LigaMX|2025-02-22|Puebla|Club Tijuana,2025-02-22,LigaMX,Puebla,Club Tijuana,0.4972422269853866,0.5229850683890317,1,v1-backfill,1.0
LigaMX|2025-02-22|Necaxa|Mazatlan FC,2025-02-22,LigaMX,Necaxa,Mazatlan FC,0.7025095781592046,0.6872609793558642,1,v1-backfill,1.0
LigaMX|2025-02-22|Juarez|Toluca,2025-02-22,LigaMX,Juarez,Toluca,0.3522060773042469,0.4742639116239868,1,v1-backfill,0.0
MLS|2025-02-22|Los Angeles FC|Minnesota United,2025-02-22,MLS,Los Angeles FC,Minnesota United,0.7148537238619452,0.6995311695960408,0,v1-retired-backfill,1.0
LigaMX|2025-02-23|Guadalajara Chivas|Pachuca,2025-02-23,LigaMX,Guadalajara Chivas,Pachuca,0.6546987123556398,0.6444032628253052,1,v1-backfill,1.0
LigaMX|2025-02-23|Santos Laguna|Atlas,2025-02-23,LigaMX,Santos Laguna,Atlas,0.4775383808019623,0.5040884328256278,1,v1-backfill,1.0
LigaMX|2025-02-23|Monterrey|Atl. San Luis,2025-02-23,LigaMX,Monterrey,Atl. San Luis,0.7492878746519748,0.7350284489593233,1,v1-backfill,1.0
LigaMX|2025-02-23|Club Leon|Tigres UANL,2025-02-23,LigaMX,Club Leon,Tigres UANL,0.5160535586820756,0.5529929754177952,1,v1-backfill,1.0
LigaMX|2025-02-23|UNAM Pumas|Club America,2025-02-23,LigaMX,UNAM Pumas,Club America,0.4509207774747152,0.4992257990668783,1,v1-backfill,0.0
MLS|2025-02-23|Columbus Crew|Chicago Fire,2025-02-23,MLS,Columbus Crew,Chicago Fire,0.8118729953382524,0.7686474825073207,0,v1-retired-backfill,1.0
MLS|2025-02-23|Houston Dynamo|FC Dallas,2025-02-23,MLS,Houston Dynamo,FC Dallas,0.6856073154586407,0.67335544797248,0,v1-retired-backfill,0.0
MLS|2025-02-23|Austin FC|Sporting Kansas City,2025-02-23,MLS,Austin FC,Sporting Kansas City,0.665616943451002,0.657321508640676,0,v1-retired-backfill,1.0
MLS|2025-02-23|Orlando City|Philadelphia Union,2025-02-23,MLS,Orlando City,Philadelphia Union,0.6799087675368461,0.6830887152676148,0,v1-retired-backfill,0.0
MLS|2025-02-23|FC Cincinnati|New York Red Bulls,2025-02-23,MLS,FC Cincinnati,New York Red Bulls,0.6607589425012433,0.6526266553370097,0,v1-retired-backfill,1.0
MLS|2025-02-23|Atlanta Utd|CF Montreal,2025-02-23,MLS,Atlanta Utd,CF Montreal,0.6911813181541386,0.6443986684569802,0,v1-retired-backfill,1.0
MLS|2025-02-23|San Jose Earthquakes|Real Salt Lake,2025-02-23,MLS,San Jose Earthquakes,Real Salt Lake,0.466436980878974,0.4698612383218359,0,v1-retired-backfill,1.0
MLS|2025-02-23|Portland Timbers|Vancouver Whitecaps,2025-02-23,MLS,Portland Timbers,Vancouver Whitecaps,0.6360561312106562,0.6366305695140677,0,v1-retired-backfill,0.0
LigaMX|2025-02-24|Cruz Azul|Queretaro,2025-02-24,LigaMX,Cruz Azul,Queretaro,0.8458340906290198,0.8026643267045913,1,v1-backfill,1.0
MLS|2025-02-24|Los Angeles Galaxy|San Diego FC,2025-02-24,MLS,Los Angeles Galaxy,San Diego FC,0.8010995785576867,0.798849806580324,0,v1-retired-backfill,0.0
LigaMX|2025-02-26|Tigres UANL|Juarez,2025-02-26,LigaMX,Tigres UANL,Juarez,0.8188792055349317,0.7840648526199201,1,v1-backfill,0.0
LigaMX|2025-02-26|Club Tijuana|UNAM Pumas,2025-02-26,LigaMX,Club Tijuana,UNAM Pumas,0.5170322584637719,0.548913350492158,1,v1-backfill,1.0
LigaMX|2025-02-26|Mazatlan FC|Monterrey,2025-02-26,LigaMX,Mazatlan FC,Monterrey,0.3655286049737739,0.41933391136551,1,v1-backfill,1.0
LigaMX|2025-02-27|Toluca|Queretaro,2025-02-27,LigaMX,Toluca,Queretaro,0.8521907430555448,0.8004113969976491,1,v1-backfill,1.0
LigaMX|2025-02-27|Pachuca|Puebla,2025-02-27,LigaMX,Pachuca,Puebla,0.7339692687427741,0.7301202494262518,1,v1-backfill,1.0
LigaMX|2025-02-27|Atl. San Luis|Guadalajara Chivas,2025-02-27,LigaMX,Atl. San Luis,Guadalajara Chivas,0.5274342564037183,0.5763631617211359,1,v1-backfill,1.0
LigaMX|2025-03-01|Club America|Toluca,2025-03-01,LigaMX,Club America,Toluca,0.6428232565172111,0.6876415484611862,1,v1-backfill,1.0
MLS|2025-03-01|Real Salt Lake|Seattle Sounders,2025-03-01,MLS,Real Salt Lake,Seattle Sounders,0.6065061436183956,0.6096672964753215,0,v1-retired-backfill,1.0
MLS|2025-03-01|Charlotte|Atlanta Utd,2025-03-01,MLS,Charlotte,Atlanta Utd,0.6636750534753308,0.6295395124641507,0,v1-retired-backfill,1.0
LigaMX|2025-03-02|Necaxa|Tigres UANL,2025-03-02,LigaMX,Necaxa,Tigres UANL,0.4558142771841142,0.4966979552814639,1,v1-backfill,0.0
LigaMX|2025-03-02|UNAM Pumas|Guadalajara Chivas,2025-03-02,LigaMX,UNAM Pumas,Guadalajara Chivas,0.6208953440711314,0.6356332570637393,1,v1-backfill,0.0
LigaMX|2025-03-02|Club Leon|Club Tijuana,2025-03-02,LigaMX,Club Leon,Club Tijuana,0.7122008161778828,0.723530200112126,1,v1-backfill,1.0
LigaMX|2025-03-02|Queretaro|Puebla,2025-03-02,LigaMX,Queretaro,Puebla,0.6182644699645918,0.6541879340597331,1,v1-backfill,1.0
MLS|2025-03-02|Vancouver Whitecaps|Los Angeles Galaxy,2025-03-02,MLS,Vancouver Whitecaps,Los Angeles Galaxy,0.5898432247967669,0.5745165751415274,0,v1-retired-backfill,1.0
MLS|2025-03-02|Portland Timbers|Austin FC,2025-03-02,MLS,Portland Timbers,Austin FC,0.6653835961545266,0.6369225758369849,0,v1-retired-backfill,1.0
MLS|2025-03-02|Los Angeles FC|New York City,2025-03-02,MLS,Los Angeles FC,New York City,0.7216721011709776,0.6976487200674187,0,v1-retired-backfill,1.0
MLS|2025-03-02|Sporting Kansas City|San Jose Earthquakes,2025-03-02,MLS,Sporting Kansas City,San Jose Earthquakes,0.692354769462087,0.6544901020899183,0,v1-retired-backfill,0.0
MLS|2025-03-02|New York Red Bulls|Nashville SC,2025-03-02,MLS,New York Red Bulls,Nashville SC,0.7294453691803251,0.6849114877555198,0,v1-retired-backfill,1.0
MLS|2025-03-02|New England Revolution|Columbus Crew,2025-03-02,MLS,New England Revolution,Columbus Crew,0.4132664720398818,0.4771038716244919,0,v1-retired-backfill,0.0
MLS|2025-03-02|Minnesota United|CF Montreal,2025-03-02,MLS,Minnesota United,CF Montreal,0.6989734198073375,0.6462617711207916,0,v1-retired-backfill,1.0
MLS|2025-03-02|Orlando City|Toronto FC,2025-03-02,MLS,Orlando City,Toronto FC,0.7926369592952736,0.7350000679929252,0,v1-retired-backfill,1.0
MLS|2025-03-02|Philadelphia Union|FC Cincinnati,2025-03-02,MLS,Philadelphia Union,FC Cincinnati,0.6448546651204751,0.5727960382846526,0,v1-retired-backfill,1.0
LigaMX|2025-03-03|Monterrey|Santos Laguna,2025-03-03,LigaMX,Monterrey,Santos Laguna,0.860919690581353,0.8229370905591081,1,v1-backfill,1.0
LigaMX|2025-03-03|Atlas|Atl. San Luis,2025-03-03,LigaMX,Atlas,Atl. San Luis,0.5151274441865809,0.5911401809065827,1,v1-backfill,1.0
MLS|2025-03-03|Houston Dynamo|Inter Miami,2025-03-03,MLS,Houston Dynamo,Inter Miami,0.6045175736882848,0.5768570458759131,0,v1-retired-backfill,0.0
LigaMX|2025-03-08|Atl. San Luis|Juarez,2025-03-08,LigaMX,Atl. San Luis,Juarez,0.674457036543597,0.6431672447270698,1,v1-backfill,1.0
LigaMX|2025-03-08|Toluca|Necaxa,2025-03-08,LigaMX,Toluca,Necaxa,0.7733233434266792,0.7491333563845081,1,v1-backfill,1.0
LigaMX|2025-03-08|Tigres UANL|Queretaro,2025-03-08,LigaMX,Tigres UANL,Queretaro,0.8307751308440152,0.8040630408357682,1,v1-backfill,1.0
LigaMX|2025-03-08|Puebla|UNAM Pumas,2025-03-08,LigaMX,Puebla,UNAM Pumas,0.4317968436341747,0.4753842441838114,1,v1-backfill,0.0
MLS|2025-03-08|Seattle Sounders|Los Angeles FC,2025-03-08,MLS,Seattle Sounders,Los Angeles FC,0.6057844177326263,0.5707015041139458,0,v1-retired-backfill,1.0
LigaMX|2025-03-09|Santos Laguna|Club Leon,2025-03-09,LigaMX,Santos Laguna,Club Leon,0.3394616529845332,0.3871559719076666,1,v1-backfill,1.0
MLS|2025-03-09|Vancouver Whitecaps|CF Montreal,2025-03-09,MLS,Vancouver Whitecaps,CF Montreal,0.7507389115157502,0.6703116795519556,0,v1-retired-backfill,1.0
MLS|2025-03-09|FC Cincinnati|Toronto FC,2025-03-09,MLS,FC Cincinnati,Toronto FC,0.7953749522346003,0.7513683185355382,0,v1-retired-backfill,1.0
MLS|2025-03-09|New England Revolution|Philadelphia Union,2025-03-09,MLS,New England Revolution,Philadelphia Union,0.4712150714532074,0.547080701524878,0,v1-retired-backfill,0.0
MLS|2025-03-09|New York City|Orlando City,2025-03-09,MLS,New York City,Orlando City,0.6051462832964756,0.5946152167049867,0,v1-retired-backfill,1.0
MLS|2025-03-09|Austin FC|Colorado Rapids,2025-03-09,MLS,Austin FC,Colorado Rapids,0.6733116413780028,0.6306420958578821,0,v1-retired-backfill,0.0
MLS|2025-03-09|FC Dallas|Chicago Fire,2025-03-09,MLS,FC Dallas,Chicago Fire,0.7591608460534879,0.7057066380161021,0,v1-retired-backfill,0.0
MLS|2025-03-09|Inter Miami|Charlotte,2025-03-09,MLS,Inter Miami,Charlotte,0.7187952478281258,0.6810120395334358,0,v1-retired-backfill,1.0
MLS|2025-03-09|Real Salt Lake|San Diego FC,2025-03-09,MLS,Real Salt Lake,San Diego FC,0.7154542114759113,0.7615275338488104,0,v1-retired-backfill,0.0
MLS|2025-03-09|San Jose Earthquakes|Minnesota United,2025-03-09,MLS,San Jose Earthquakes,Minnesota United,0.5451340532301553,0.5362488391767987,0,v1-retired-backfill,0.0
MLS|2025-03-09|DC United|Sporting Kansas City,2025-03-09,MLS,DC United,Sporting Kansas City,0.6598031000579971,0.6690427839027815,0,v1-retired-backfill,1.0
MLS|2025-03-09|Los Angeles Galaxy|St. Louis City,2025-03-09,MLS,Los Angeles Galaxy,St. Louis City,0.7776766808537646,0.7129712972428444,0,v1-retired-backfill,0.0
MLS|2025-03-09|Nashville SC|Portland Timbers,2025-03-09,MLS,Nashville SC,Portland Timbers,0.5842702125866358,0.5763770752707741,0,v1-retired-backfill,1.0
LigaMX|2025-03-10|Club Tijuana|Atlas,2025-03-10,LigaMX,Club Tijuana,Atlas,0.6399078018783244,0.630931889051281,1,v1-backfill,0.0
LigaMX|2025-03-15|Necaxa|Club Leon,2025-03-15,LigaMX,Necaxa,Club Leon,0.5197021311434759,0.5248977591592218,1,v1-backfill,1.0
LigaMX|2025-03-15|Queretaro|Mazatlan FC,2025-03-15,LigaMX,Queretaro,Mazatlan FC,0.5659256466107493,0.6059399284669954,1,v1-backfill,1.0
LigaMX|2025-03-15|Puebla|Toluca,2025-03-15,LigaMX,Puebla,Toluca,0.2582335626690247,0.3591952268519613,1,v1-backfill,0.0
LigaMX|2025-03-15|Tigres UANL|Santos Laguna,2025-03-15,LigaMX,Tigres UANL,Santos Laguna,0.8551947530455214,0.8359071609145452,1,v1-backfill,1.0
MLS|2025-03-15|Charlotte|FC Cincinnati,2025-03-15,MLS,Charlotte,FC Cincinnati,0.6533091070707346,0.5892908351764754,0,v1-retired-backfill,1.0
MLS|2025-03-15|Toronto FC|Chicago Fire,2025-03-15,MLS,Toronto FC,Chicago Fire,0.6166184793243288,0.5979678694130994,0,v1-retired-backfill,0.0
MLS|2025-03-15|Los Angeles FC|Austin FC,2025-03-15,MLS,Los Angeles FC,Austin FC,0.7775471444431041,0.743378473142124,0,v1-retired-backfill,0.0
MLS|2025-03-15|New York City|New England Revolution,2025-03-15,MLS,New York City,New England Revolution,0.7892347759233062,0.7128271124608733,0,v1-retired-backfill,1.0
LigaMX|2025-03-16|Atlas|Club America,2025-03-16,LigaMX,Atlas,Club America,0.3042787398329928,0.4046249491227289,1,v1-backfill,0.0
LigaMX|2025-03-16|Cruz Azul|Atl. San Luis,2025-03-16,LigaMX,Cruz Azul,Atl. San Luis,0.7730362604525106,0.7479012112929795,1,v1-backfill,1.0
MLS|2025-03-16|FC Dallas|Vancouver Whitecaps,2025-03-16,MLS,FC Dallas,Vancouver Whitecaps,0.5918311708744263,0.5887115346776131,0,v1-retired-backfill,0.0
MLS|2025-03-16|Atlanta Utd|Inter Miami,2025-03-16,MLS,Atlanta Utd,Inter Miami,0.5532921533511738,0.5394083533706634,0,v1-retired-backfill,0.0
MLS|2025-03-16|Houston Dynamo|Real Salt Lake,2025-03-16,MLS,Houston Dynamo,Real Salt Lake,0.6568224708142809,0.6132508304418326,0,v1-retired-backfill,0.0
MLS|2025-03-16|San Jose Earthquakes|Colorado Rapids,2025-03-16,MLS,San Jose Earthquakes,Colorado Rapids,0.5963902099722964,0.5508345084910634,0,v1-retired-backfill,0.0
MLS|2025-03-16|St. Louis City|Seattle Sounders,2025-03-16,MLS,St. Louis City,Seattle Sounders,0.5600384620093252,0.5472058802106307,0,v1-retired-backfill,1.0
MLS|2025-03-16|Philadelphia Union|Nashville SC,2025-03-16,MLS,Philadelphia Union,Nashville SC,0.7847131351357688,0.6916560802199682,0,v1-retired-backfill,0.0
LigaMX|2025-03-17|Pachuca|Club Tijuana,2025-03-17,LigaMX,Pachuca,Club Tijuana,0.6587957095831687,0.6712191465298853,1,v1-backfill,1.0
LigaMX|2025-03-17|UNAM Pumas|Monterrey,2025-03-17,LigaMX,UNAM Pumas,Monterrey,0.5016584861511679,0.5461657487173092,1,v1-backfill,0.0
MLS|2025-03-22|Orlando City|DC United,2025-03-22,MLS,Orlando City,DC United,0.7809694875731422,0.6898293126772461,0,v1-retired-backfill,1.0
MLS|2025-03-22|New York Red Bulls|Toronto FC,2025-03-22,MLS,New York Red Bulls,Toronto FC,0.8220362410982622,0.745469559975956,0,v1-retired-backfill,1.0
MLS|2025-03-22|Philadelphia Union|St. Louis City,2025-03-22,MLS,Philadelphia Union,St. Louis City,0.737530264845773,0.6542324430125065,0,v1-retired-backfill,1.0
MLS|2025-03-22|Charlotte|San Jose Earthquakes,2025-03-22,MLS,Charlotte,San Jose Earthquakes,0.8080925914682663,0.7447013879080862,0,v1-retired-backfill,1.0
MLS|2025-03-23|Austin FC|San Diego FC,2025-03-23,MLS,Austin FC,San Diego FC,0.6226250136986257,0.6902656642577348,0,v1-retired-backfill,1.0
MLS|2025-03-23|Vancouver Whitecaps|Chicago Fire,2025-03-23,MLS,Vancouver Whitecaps,Chicago Fire,0.8043200785998681,0.7116095704817021,0,v1-retired-backfill,0.0
MLS|2025-03-23|Sporting Kansas City|Los Angeles FC,2025-03-23,MLS,Sporting Kansas City,Los Angeles FC,0.4976783650188177,0.4610436169823081,0,v1-retired-backfill,0.0
MLS|2025-03-23|Nashville SC|CF Montreal,2025-03-23,MLS,Nashville SC,CF Montreal,0.6940055124163357,0.6318142235172578,0,v1-retired-backfill,1.0
MLS|2025-03-23|Real Salt Lake|FC Dallas,2025-03-23,MLS,Real Salt Lake,FC Dallas,0.7177592314316793,0.6878102715654423,0,v1-retired-backfill,0.0
MLS|2025-03-23|Colorado Rapids|Portland Timbers,2025-03-23,MLS,Colorado Rapids,Portland Timbers,0.6552704060832956,0.6331170636752238,0,v1-retired-backfill,0.0
Brasileirao|2025-03-29|Juventude|Vitoria,2025-03-29,Brasileirao,Juventude,Vitoria,0.6057997114756737,0.6097528402441933,1,v1-backfill,1.0
Brasileirao|2025-03-29|Gremio|Atletico-MG,2025-03-29,Brasileirao,Gremio,Atletico-MG,0.6382978192648303,0.6078262573032169,1,v1-backfill,1.0
Brasileirao|2025-03-29|Fortaleza|Fluminense,2025-03-29,Brasileirao,Fortaleza,Fluminense,0.694869956700257,0.6821427736994918,1,v1-backfill,1.0
Brasileirao|2025-03-29|Cruzeiro|Mirassol,2025-03-29,Brasileirao,Cruzeiro,Mirassol,0.7183424724685994,0.7154791466526216,1,v1-backfill,1.0
LigaMX|2025-03-29|Toluca|Pachuca,2025-03-29,LigaMX,Toluca,Pachuca,0.7776634782527496,0.7360483704138345,1,v1-backfill,1.0
LigaMX|2025-03-29|Necaxa|Queretaro,2025-03-29,LigaMX,Necaxa,Queretaro,0.7173246513715449,0.6881543042894084,1,v1-backfill,1.0
LigaMX|2025-03-29|Mazatlan FC|Atlas,2025-03-29,LigaMX,Mazatlan FC,Atlas,0.5881306942256295,0.5795576425086845,1,v1-backfill,1.0
LigaMX|2025-03-29|Juarez|Puebla,2025-03-29,LigaMX,Juarez,Puebla,0.6975478057330592,0.7218761109696673,1,v1-backfill,1.0
MLS|2025-03-29|Colorado Rapids|Charlotte,2025-03-29,MLS,Colorado Rapids,Charlotte,0.549975923566625,0.5742698832884069,0,v1-retired-backfill,1.0
MLS|2025-03-29|Atlanta Utd|New York City,2025-03-29,MLS,Atlanta Utd,New York City,0.6422786884768125,0.5938616072525883,0,v1-retired-backfill,1.0
MLS|2025-03-29|DC United|Columbus Crew,2025-03-29,MLS,DC United,Columbus Crew,0.4378553416899102,0.4917912627225758,0,v1-retired-backfill,0.0
MLS|2025-03-29|Inter Miami|Philadelphia Union,2025-03-29,MLS,Inter Miami,Philadelphia Union,0.6981655745634365,0.702725324454971,0,v1-retired-backfill,1.0
MLS|2025-03-29|New England Revolution|New York Red Bulls,2025-03-29,MLS,New England Revolution,New York Red Bulls,0.4542182158092345,0.5129436608679875,0,v1-retired-backfill,1.0
Brasileirao|2025-03-30|Vasco|Santos,2025-03-30,Brasileirao,Vasco,Santos,0.6978583691278295,0.7182591105724286,1,v1-backfill,1.0
LigaMX|2025-03-30|Club America|Tigres UANL,2025-03-30,LigaMX,Club America,Tigres UANL,0.7030683572232012,0.6900928079992122,1,v1-backfill,1.0
LigaMX|2025-03-30|Guadalajara Chivas|Cruz Azul,2025-03-30,LigaMX,Guadalajara Chivas,Cruz Azul,0.492542289330042,0.5320909423141902,1,v1-backfill,0.0
LigaMX|2025-03-30|Monterrey|Club Tijuana,2025-03-30,LigaMX,Monterrey,Club Tijuana,0.8006044265244412,0.7754040031553278,1,v1-backfill,0.0
MLS|2025-03-30|St. Louis City|Austin FC,2025-03-30,MLS,St. Louis City,Austin FC,0.6713889148732026,0.6209265994202207,0,v1-retired-backfill,0.0
MLS|2025-03-30|San Diego FC|Los Angeles FC,2025-03-30,MLS,San Diego FC,Los Angeles FC,0.5194386450888026,0.4391098380350151,0,v1-retired-backfill,1.0
MLS|2025-03-30|Nashville SC|FC Cincinnati,2025-03-30,MLS,Nashville SC,FC Cincinnati,0.6157983286599624,0.5650207956023514,0,v1-retired-backfill,0.0
MLS|2025-03-30|Minnesota United|Real Salt Lake,2025-03-30,MLS,Minnesota United,Real Salt Lake,0.6695413753063756,0.6205580583362391,0,v1-retired-backfill,1.0
MLS|2025-03-30|Los Angeles Galaxy|Orlando City,2025-03-30,MLS,Los Angeles Galaxy,Orlando City,0.6704091078633835,0.6247773563422633,0,v1-retired-backfill,0.0
MLS|2025-03-30|FC Dallas|Sporting Kansas City,2025-03-30,MLS,FC Dallas,Sporting Kansas City,0.7604219101902894,0.7082738996081135,0,v1-retired-backfill,1.0
LigaMX|2025-03-31|Santos Laguna|Atl. San Luis,2025-03-31,LigaMX,Santos Laguna,Atl. San Luis,0.4642705860085041,0.5028344704436842,1,v1-backfill,0.0
LigaMX|2025-03-31|Club Leon|UNAM Pumas,2025-03-31,LigaMX,Club Leon,UNAM Pumas,0.6536431264687775,0.6712086943815558,1,v1-backfill,0.0
MLS|2025-03-31|Portland Timbers|Houston Dynamo,2025-03-31,MLS,Portland Timbers,Houston Dynamo,0.6634041435611672,0.6261333744729125,0,v1-retired-backfill,1.0
Brasileirao|2025-04-05|Corinthians|Vasco,2025-04-05,Brasileirao,Corinthians,Vasco,0.729441089282444,0.6828740142360247,1,v1-backfill,1.0
Brasileirao|2025-04-05|Ceara|Gremio,2025-04-05,Brasileirao,Ceara,Gremio,0.5363196082914897,0.5145437706485059,1,v1-backfill,1.0
LigaMX|2025-04-05|Club Tijuana|Necaxa,2025-04-05,LigaMX,Club Tijuana,Necaxa,0.5518965493549683,0.6007502487519587,1,v1-backfill,0.0
MLS|2025-04-05|Real Salt Lake|Los Angeles Galaxy,2025-04-05,MLS,Real Salt Lake,Los Angeles Galaxy,0.6264875637665966,0.6164707576850575,0,v1-retired-backfill,1.0
MLS|2025-04-05|Charlotte|Nashville SC,2025-04-05,MLS,Charlotte,Nashville SC,0.7585083785365635,0.6783093448572974,0,v1-retired-backfill,1.0
Brasileirao|2025-04-06|Botafogo RJ|Juventude,2025-04-06,Brasileirao,Botafogo RJ,Juventude,0.7841471218575425,0.7648806990299464,1,v1-backfill,1.0
Brasileirao|2025-04-06|Vitoria|Flamengo RJ,2025-04-06,Brasileirao,Vitoria,Flamengo RJ,0.5293130546501782,0.4941992545120696,1,v1-backfill,0.0
Brasileirao|2025-04-06|Sport Recife|Palmeiras,2025-04-06,Brasileirao,Sport Recife,Palmeiras,0.4044796413796468,0.4085146402514565,1,v1-backfill,0.0
Brasileirao|2025-04-06|Fluminense|Bragantino,2025-04-06,Brasileirao,Fluminense,Bragantino,0.6429612368060769,0.6425698567327571,1,v1-backfill,1.0
Brasileirao|2025-04-06|Internacional|Cruzeiro,2025-04-06,Brasileirao,Internacional,Cruzeiro,0.7232891641397362,0.7060016391171584,1,v1-backfill,1.0
LigaMX|2025-04-06|Pachuca|Club America,2025-04-06,LigaMX,Pachuca,Club America,0.342629870334303,0.4137377023603391,1,v1-backfill,1.0
LigaMX|2025-04-06|Atl. San Luis|Mazatlan FC,2025-04-06,LigaMX,Atl. San Luis,Mazatlan FC,0.6740664932487893,0.6869036193552785,1,v1-backfill,1.0
LigaMX|2025-04-06|Monterrey|Guadalajara Chivas,2025-04-06,LigaMX,Monterrey,Guadalajara Chivas,0.6985396677623616,0.6977097403148103,1,v1-backfill,1.0
LigaMX|2025-04-06|Cruz Azul|UNAM Pumas,2025-04-06,LigaMX,Cruz Azul,UNAM Pumas,0.7391150044436973,0.7286065865896735,1,v1-backfill,1.0
MLS|2025-04-06|Sporting Kansas City|St. Louis City,2025-04-06,MLS,Sporting Kansas City,St. Louis City,0.5968330309670496,0.5588193391256713,0,v1-retired-backfill,1.0
MLS|2025-04-06|Vancouver Whitecaps|Colorado Rapids,2025-04-06,MLS,Vancouver Whitecaps,Colorado Rapids,0.7604255427543176,0.6579499092290629,0,v1-retired-backfill,1.0
MLS|2025-04-06|San Jose Earthquakes|DC United,2025-04-06,MLS,San Jose Earthquakes,DC United,0.6445232036128109,0.5662209681783433,0,v1-retired-backfill,1.0
MLS|2025-04-06|New York City|Minnesota United,2025-04-06,MLS,New York City,Minnesota United,0.6632545485066814,0.6202266558161019,0,v1-retired-backfill,0.0
MLS|2025-04-06|San Diego FC|Seattle Sounders,2025-04-06,MLS,San Diego FC,Seattle Sounders,0.5713657366849789,0.4986938809200771,0,v1-retired-backfill,1.0
MLS|2025-04-06|Houston Dynamo|Los Angeles FC,2025-04-06,MLS,Houston Dynamo,Los Angeles FC,0.596198081332475,0.549586495792561,0,v1-retired-backfill,1.0
MLS|2025-04-06|FC Cincinnati|New England Revolution,2025-04-06,MLS,FC Cincinnati,New England Revolution,0.8163549772993314,0.7400114896592674,0,v1-retired-backfill,1.0
MLS|2025-04-06|Columbus Crew|CF Montreal,2025-04-06,MLS,Columbus Crew,CF Montreal,0.8535992120335699,0.7515955788487183,0,v1-retired-backfill,1.0
MLS|2025-04-06|New York Red Bulls|Chicago Fire,2025-04-06,MLS,New York Red Bulls,Chicago Fire,0.7631299730378122,0.6831452602944972,0,v1-retired-backfill,1.0
LigaMX|2025-04-07|Toluca|Santos Laguna,2025-04-07,LigaMX,Toluca,Santos Laguna,0.8907262905396887,0.8461987838881826,1,v1-backfill,1.0
LigaMX|2025-04-11|Club Tijuana|Atl. San Luis,2025-04-11,LigaMX,Club Tijuana,Atl. San Luis,0.5632935184936346,0.5756711123033748,1,v1-backfill,1.0
Brasileirao|2025-04-12|Palmeiras|Corinthians,2025-04-12,Brasileirao,Palmeiras,Corinthians,0.6976528251881459,0.6781382027331507,1,v1-backfill,1.0
Brasileirao|2025-04-12|Juventude|Ceara,2025-04-12,Brasileirao,Juventude,Ceara,0.6527223380538799,0.6747939727806652,1,v1-backfill,1.0
Brasileirao|2025-04-12|Bragantino|Botafogo RJ,2025-04-12,Brasileirao,Bragantino,Botafogo RJ,0.4940006835679889,0.4785719721104601,1,v1-backfill,1.0
LigaMX|2025-04-12|Necaxa|Pachuca,2025-04-12,LigaMX,Necaxa,Pachuca,0.6026128234843691,0.6150162281209474,1,v1-backfill,0.0
MLS|2025-04-12|Atlanta Utd|New England Revolution,2025-04-12,MLS,Atlanta Utd,New England Revolution,0.7987226603386169,0.6997073591901386,0,v1-retired-backfill,0.0
Brasileirao|2025-04-13|Fluminense|Santos,2025-04-13,Brasileirao,Fluminense,Santos,0.7581172222959188,0.7424971293081467,1,v1-backfill,1.0
Brasileirao|2025-04-13|Vasco|Sport Recife,2025-04-13,Brasileirao,Vasco,Sport Recife,0.7068122868921266,0.7205175080294666,1,v1-backfill,1.0
Brasileirao|2025-04-13|Gremio|Flamengo RJ,2025-04-13,Brasileirao,Gremio,Flamengo RJ,0.541217344588533,0.5170684031070152,1,v1-backfill,0.0
LigaMX|2025-04-13|Club Leon|Puebla,2025-04-13,LigaMX,Club Leon,Puebla,0.8021883953385331,0.7938696912634043,1,v1-backfill,1.0
LigaMX|2025-04-13|Tigres UANL|Monterrey,2025-04-13,LigaMX,Tigres UANL,Monterrey,0.6021886268046498,0.6421711558460774,1,v1-backfill,1.0
LigaMX|2025-04-13|Atlas|Toluca,2025-04-13,LigaMX,Atlas,Toluca,0.3114921258697667,0.4395182916971384,1,v1-backfill,0.0
MLS|2025-04-13|Los Angeles FC|San Jose Earthquakes,2025-04-13,MLS,Los Angeles FC,San Jose Earthquakes,0.821937202470926,0.7669369511635078,0,v1-retired-backfill,1.0
MLS|2025-04-13|Sporting Kansas City|Portland Timbers,2025-04-13,MLS,Sporting Kansas City,Portland Timbers,0.5606381826155254,0.5166542472421126,0,v1-retired-backfill,0.0
MLS|2025-04-13|Colorado Rapids|San Diego FC,2025-04-13,MLS,Colorado Rapids,San Diego FC,0.5822505473085484,0.6820038723421754,0,v1-retired-backfill,1.0
MLS|2025-04-13|CF Montreal|Charlotte,2025-04-13,MLS,CF Montreal,Charlotte,0.5235106834316652,0.5527502542400781,0,v1-retired-backfill,0.0
MLS|2025-04-13|Vancouver Whitecaps|Austin FC,2025-04-13,MLS,Vancouver Whitecaps,Austin FC,0.7442362840137021,0.6621176815576809,0,v1-retired-backfill,1.0
MLS|2025-04-13|New York City|Philadelphia Union,2025-04-13,MLS,New York City,Philadelphia Union,0.6255584820937251,0.6215245650660134,0,v1-retired-backfill,1.0
MLS|2025-04-13|DC United|FC Cincinnati,2025-04-13,MLS,DC United,FC Cincinnati,0.4938731597463467,0.5038198309320022,0,v1-retired-backfill,0.0
MLS|2025-04-13|Nashville SC|Real Salt Lake,2025-04-13,MLS,Nashville SC,Real Salt Lake,0.6100883567079562,0.5638986238195789,0,v1-retired-backfill,1.0
MLS|2025-04-13|FC Dallas|Seattle Sounders,2025-04-13,MLS,FC Dallas,Seattle Sounders,0.6303057780004041,0.5989858616785891,0,v1-retired-backfill,0.0
LigaMX|2025-04-14|Santos Laguna|Queretaro,2025-04-14,LigaMX,Santos Laguna,Queretaro,0.5567868349009067,0.5630591362103736,1,v1-backfill,0.0
MLS|2025-04-14|St. Louis City|Columbus Crew,2025-04-14,MLS,St. Louis City,Columbus Crew,0.4719830334744967,0.4658597118218614,0,v1-retired-backfill,0.0
Brasileirao|2025-04-16|Internacional|Palmeiras,2025-04-16,Brasileirao,Internacional,Palmeiras,0.6152331702353673,0.5903919583463739,1,v1-backfill,0.0
Brasileirao|2025-04-16|Corinthians|Fluminense,2025-04-16,Brasileirao,Corinthians,Fluminense,0.7281760989851115,0.6624725925545414,1,v1-backfill,0.0
Brasileirao|2025-04-16|Sport Recife|Bragantino,2025-04-16,Brasileirao,Sport Recife,Bragantino,0.4705091786060475,0.512978975699011,1,v1-backfill,0.0
Brasileirao|2025-04-16|Ceara|Vasco,2025-04-16,Brasileirao,Ceara,Vasco,0.5898429116978873,0.5282076482581328,1,v1-backfill,1.0
Brasileirao|2025-04-16|Mirassol|Gremio,2025-04-16,Brasileirao,Mirassol,Gremio,0.545459380346584,0.5325369229862436,1,v1-backfill,1.0
LigaMX|2025-04-16|Guadalajara Chivas|Puebla,2025-04-16,LigaMX,Guadalajara Chivas,Puebla,0.8006244140272956,0.7779045184510957,1,v1-backfill,1.0
LigaMX|2025-04-16|Cruz Azul|Club Leon,2025-04-16,LigaMX,Cruz Azul,Club Leon,0.7360516367715223,0.7188445498260401,1,v1-backfill,1.0
Brasileirao|2025-04-17|Santos|Atletico-MG,2025-04-17,Brasileirao,Santos,Atletico-MG,0.505848764947748,0.5010308253090453,1,v1-backfill,1.0
Brasileirao|2025-04-17|Flamengo RJ|Juventude,2025-04-17,Brasileirao,Flamengo RJ,Juventude,0.7861866283452416,0.7584377025754812,1,v1-backfill,1.0
Brasileirao|2025-04-17|Vitoria|Fortaleza,2025-04-17,Brasileirao,Vitoria,Fortaleza,0.5422662230011016,0.5053784301539977,1,v1-backfill,1.0
LigaMX|2025-04-17|Monterrey|Club America,2025-04-17,LigaMX,Monterrey,Club America,0.4923797680888218,0.5334314929176679,1,v1-backfill,1.0
LigaMX|2025-04-17|Atl. San Luis|Toluca,2025-04-17,LigaMX,Atl. San Luis,Toluca,0.35067274929401,0.4664374181757748,1,v1-backfill,0.0
LigaMX|2025-04-17|Mazatlan FC|Club Tijuana,2025-04-17,LigaMX,Mazatlan FC,Club Tijuana,0.5861362492053132,0.5900208153626244,1,v1-backfill,0.0
LigaMX|2025-04-17|UNAM Pumas|Santos Laguna,2025-04-17,LigaMX,UNAM Pumas,Santos Laguna,0.8057526872937909,0.784250993484366,1,v1-backfill,1.0
LigaMX|2025-04-17|Queretaro|Atlas,2025-04-17,LigaMX,Queretaro,Atlas,0.5766917562714494,0.6036682750187432,1,v1-backfill,0.0
Brasileirao|2025-04-18|Cruzeiro|Bahia,2025-04-18,Brasileirao,Cruzeiro,Bahia,0.665799919318066,0.6410088162857038,1,v1-backfill,1.0
Brasileirao|2025-04-19|Corinthians|Sport Recife,2025-04-19,Brasileirao,Corinthians,Sport Recife,0.8416532437262627,0.774989827636085,1,v1-backfill,1.0
LigaMX|2025-04-19|Puebla|Necaxa,2025-04-19,LigaMX,Puebla,Necaxa,0.4224228018193541,0.4697938800574747,1,v1-backfill,0.0
MLS|2025-04-19|Columbus Crew|Inter Miami,2025-04-19,MLS,Columbus Crew,Inter Miami,0.7052602801022081,0.6447537662316332,0,v1-retired-backfill,0.0
MLS|2025-04-19|Austin FC|Los Angeles Galaxy,2025-04-19,MLS,Austin FC,Los Angeles Galaxy,0.6024286477180526,0.5977413661609257,0,v1-retired-backfill,1.0
Brasileirao|2025-04-20|Sao Paulo|Santos,2025-04-20,Brasileirao,Sao Paulo,Santos,0.785109128551011,0.7511334185600274,1,v1-backfill,1.0
Brasileirao|2025-04-20|Fortaleza|Palmeiras,2025-04-20,Brasileirao,Fortaleza,Palmeiras,0.5665450026563423,0.551177511055604,1,v1-backfill,0.0
Brasileirao|2025-04-20|Atletico-MG|Botafogo RJ,2025-04-20,Brasileirao,Atletico-MG,Botafogo RJ,0.4894321563565443,0.5047976929512172,1,v1-backfill,1.0
LigaMX|2025-04-20|Tigres UANL|UNAM Pumas,2025-04-20,LigaMX,Tigres UANL,UNAM Pumas,0.7285007142284223,0.7250779101901658,1,v1-backfill,1.0
LigaMX|2025-04-20|Club America|Mazatlan FC,2025-04-20,LigaMX,Club America,Mazatlan FC,0.870690866448706,0.8398263280449179,1,v1-backfill,1.0
MLS|2025-04-20|Real Salt Lake|Toronto FC,2025-04-20,MLS,Real Salt Lake,Toronto FC,0.8121989825722898,0.7362558022175456,0,v1-retired-backfill,0.0
MLS|2025-04-20|Philadelphia Union|Atlanta Utd,2025-04-20,MLS,Philadelphia Union,Atlanta Utd,0.7376436970731993,0.6429890255903795,0,v1-retired-backfill,1.0
MLS|2025-04-20|Seattle Sounders|Nashville SC,2025-04-20,MLS,Seattle Sounders,Nashville SC,0.7575822931877386,0.6910050803432838,0,v1-retired-backfill,1.0
MLS|2025-04-20|Chicago Fire|FC Cincinnati,2025-04-20,MLS,Chicago Fire,FC Cincinnati,0.5452728511601351,0.5048556294616438,0,v1-retired-backfill,0.0
MLS|2025-04-20|New York Red Bulls|DC United,2025-04-20,MLS,New York Red Bulls,DC United,0.8123077336095947,0.7182146120336899,0,v1-retired-backfill,0.0
MLS|2025-04-20|New England Revolution|New York City,2025-04-20,MLS,New England Revolution,New York City,0.5246208471890602,0.5501333677430355,0,v1-retired-backfill,1.0
MLS|2025-04-20|San Jose Earthquakes|Sporting Kansas City,2025-04-20,MLS,San Jose Earthquakes,Sporting Kansas City,0.6798455945592149,0.6279491495736541,0,v1-retired-backfill,0.0
MLS|2025-04-20|Charlotte|San Diego FC,2025-04-20,MLS,Charlotte,San Diego FC,0.7269215825578914,0.7397545136156027,0,v1-retired-backfill,1.0
Brasileirao|2025-04-21|Bragantino|Cruzeiro,2025-04-21,Brasileirao,Bragantino,Cruzeiro,0.6676129210239279,0.6317497792533242,1,v1-backfill,1.0
LigaMX|2025-04-21|Juarez|Queretaro,2025-04-21,LigaMX,Juarez,Queretaro,0.6591424119203938,0.6794043217603913,1,v1-backfill,0.0
LigaMX|2025-04-21|Club Leon|Monterrey,2025-04-21,LigaMX,Club Leon,Monterrey,0.5051557176662026,0.5606411412262884,1,v1-backfill,0.0
LigaMX|2025-04-21|Atl. San Luis|Pachuca,2025-04-21,LigaMX,Atl. San Luis,Pachuca,0.5384536447313105,0.5804408689742564,1,v1-backfill,1.0
LigaMX|2025-04-21|Santos Laguna|Club Tijuana,2025-04-21,LigaMX,Santos Laguna,Club Tijuana,0.4478738956538201,0.4809111920094294,1,v1-backfill,0.0
Brasileirao|2025-04-22|Bahia|Ceara,2025-04-22,Brasileirao,Bahia,Ceara,0.6883866633317003,0.6820671306622464,1,v1-backfill,1.0
Brasileirao|2025-04-26|Internacional|Juventude,2025-04-26,Brasileirao,Internacional,Juventude,0.8089879493836143,0.7357519188803007,1,v1-backfill,1.0
MLS|2025-04-26|Philadelphia Union|DC United,2025-04-26,MLS,Philadelphia Union,DC United,0.8261666968374775,0.6882258400809337,0,v1-retired-backfill,1.0
MLS|2025-04-26|FC Cincinnati|Sporting Kansas City,2025-04-26,MLS,FC Cincinnati,Sporting Kansas City,0.806290974632917,0.7780761713194637,0,v1-retired-backfill,1.0
MLS|2025-04-26|New York Red Bulls|CF Montreal,2025-04-26,MLS,New York Red Bulls,CF Montreal,0.7741303577943595,0.6912321686230141,0,v1-retired-backfill,1.0
MLS|2025-04-26|Toronto FC|New York City,2025-04-26,MLS,Toronto FC,New York City,0.5327853506103163,0.5299827031490705,0,v1-retired-backfill,0.0
Brasileirao|2025-04-27|Flamengo RJ|Corinthians,2025-04-27,Brasileirao,Flamengo RJ,Corinthians,0.7419363274461609,0.6943267630854455,1,v1-backfill,1.0
Brasileirao|2025-04-27|Botafogo RJ|Fluminense,2025-04-27,Brasileirao,Botafogo RJ,Fluminense,0.7528282947795212,0.6915781122116689,1,v1-backfill,1.0
Brasileirao|2025-04-27|Cruzeiro|Vasco,2025-04-27,Brasileirao,Cruzeiro,Vasco,0.7043293800548713,0.6313496514575965,1,v1-backfill,1.0
Brasileirao|2025-04-27|Palmeiras|Bahia,2025-04-27,Brasileirao,Palmeiras,Bahia,0.8260366600291518,0.777093712246184,1,v1-backfill,0.0
MLS|2025-04-27|San Diego FC|Real Salt Lake,2025-04-27,MLS,San Diego FC,Real Salt Lake,0.6125674476029397,0.5380503324488684,0,v1-retired-backfill,0.0
MLS|2025-04-27|Columbus Crew|San Jose Earthquakes,2025-04-27,MLS,Columbus Crew,San Jose Earthquakes,0.8665008687703105,0.811069842863671,0,v1-retired-backfill,1.0
MLS|2025-04-27|Charlotte|New England Revolution,2025-04-27,MLS,Charlotte,New England Revolution,0.8268138690145164,0.7182780797012321,0,v1-retired-backfill,0.0
MLS|2025-04-27|Houston Dynamo|Austin FC,2025-04-27,MLS,Houston Dynamo,Austin FC,0.7050865048624699,0.6360384307550488,0,v1-retired-backfill,1.0
MLS|2025-04-27|Orlando City|Atlanta Utd,2025-04-27,MLS,Orlando City,Atlanta Utd,0.7703327392614046,0.6977300772512319,0,v1-retired-backfill,1.0
MLS|2025-04-27|Inter Miami|FC Dallas,2025-04-27,MLS,Inter Miami,FC Dallas,0.7951566380940149,0.7392404070672729,0,v1-retired-backfill,0.0
MLS|2025-04-27|Nashville SC|Chicago Fire,2025-04-27,MLS,Nashville SC,Chicago Fire,0.7039709476604312,0.6489369806952743,0,v1-retired-backfill,1.0
MLS|2025-04-27|Minnesota United|Vancouver Whitecaps,2025-04-27,MLS,Minnesota United,Vancouver Whitecaps,0.6324842874512799,0.6241977689343235,0,v1-retired-backfill,0.0
Brasileirao|2025-04-28|Santos|Bragantino,2025-04-28,Brasileirao,Santos,Bragantino,0.4940965358044356,0.4953998992425921,1,v1-backfill,0.0
LigaMX|2025-04-28|Monterrey|Pachuca,2025-04-28,LigaMX,Monterrey,Pachuca,0.7288493677885844,0.7221607217985587,1,v1-backfill,0.0
MLS|2025-04-28|Los Angeles Galaxy|Portland Timbers,2025-04-28,MLS,Los Angeles Galaxy,Portland Timbers,0.6723139559083376,0.6107448941512413,0,v1-retired-backfill,0.0
Brasileirao|2025-05-03|Ceara|Vitoria,2025-05-03,Brasileirao,Ceara,Vitoria,0.5728388294977194,0.5614927562791022,1,v1-backfill,1.0
Brasileirao|2025-05-03|Fluminense|Sport Recife,2025-05-03,Brasileirao,Fluminense,Sport Recife,0.824122296457513,0.7633902045445388,1,v1-backfill,1.0
Brasileirao|2025-05-03|Corinthians|Internacional,2025-05-03,Brasileirao,Corinthians,Internacional,0.6158996077953696,0.5850737019386749,1,v1-backfill,1.0
MLS|2025-05-03|Toronto FC|New England Revolution,2025-05-03,MLS,Toronto FC,New England Revolution,0.6139335699832571,0.5594941602912454,0,v1-retired-backfill,0.0
Brasileirao|2025-05-04|Gremio|Santos,2025-05-04,Brasileirao,Gremio,Santos,0.7554709518167047,0.7205642175747552,1,v1-backfill,1.0
Brasileirao|2025-05-04|Bahia|Botafogo RJ,2025-05-04,Brasileirao,Bahia,Botafogo RJ,0.5175734488837773,0.5113500218585286,1,v1-backfill,1.0
Brasileirao|2025-05-04|Vasco|Palmeiras,2025-05-04,Brasileirao,Vasco,Palmeiras,0.4618644604632543,0.4674550317964306,1,v1-backfill,0.0
Brasileirao|2025-05-04|Cruzeiro|Flamengo RJ,2025-05-04,Brasileirao,Cruzeiro,Flamengo RJ,0.4967712222296539,0.4968182779613145,1,v1-backfill,1.0
MLS|2025-05-04|Austin FC|Minnesota United,2025-05-04,MLS,Austin FC,Minnesota United,0.6147593515598658,0.5914856212741113,0,v1-retired-backfill,0.0
MLS|2025-05-04|CF Montreal|Philadelphia Union,2025-05-04,MLS,CF Montreal,Philadelphia Union,0.4790984661762176,0.5460213346781704,0,v1-retired-backfill,0.0
MLS|2025-05-04|Columbus Crew|Charlotte,2025-05-04,MLS,Columbus Crew,Charlotte,0.7365298281397568,0.6982136951302657,0,v1-retired-backfill,1.0
MLS|2025-05-04|DC United|Colorado Rapids,2025-05-04,MLS,DC United,Colorado Rapids,0.5680507047215138,0.5741731874716546,0,v1-retired-backfill,1.0
MLS|2025-05-04|Inter Miami|New York Red Bulls,2025-05-04,MLS,Inter Miami,New York Red Bulls,0.7640135525778305,0.6995649150915104,0,v1-retired-backfill,1.0
MLS|2025-05-04|Vancouver Whitecaps|Real Salt Lake,2025-05-04,MLS,Vancouver Whitecaps,Real Salt Lake,0.7510787306989651,0.6663191556748355,0,v1-retired-backfill,1.0
MLS|2025-05-04|Los Angeles FC|Houston Dynamo,2025-05-04,MLS,Los Angeles FC,Houston Dynamo,0.7244516964578922,0.6744199869289649,0,v1-retired-backfill,1.0
MLS|2025-05-04|San Jose Earthquakes|Portland Timbers,2025-05-04,MLS,San Jose Earthquakes,Portland Timbers,0.487461497793752,0.4633554848087932,0,v1-retired-backfill,1.0
MLS|2025-05-04|Seattle Sounders|St. Louis City,2025-05-04,MLS,Seattle Sounders,St. Louis City,0.7738959193971191,0.7196706431741438,0,v1-retired-backfill,1.0
MLS|2025-05-04|New York City|FC Cincinnati,2025-05-04,MLS,New York City,FC Cincinnati,0.6178903435011871,0.5541857293223483,0,v1-retired-backfill,1.0
MLS|2025-05-04|San Diego FC|FC Dallas,2025-05-04,MLS,San Diego FC,FC Dallas,0.6381310867150756,0.5179600980031168,0,v1-retired-backfill,1.0
Brasileirao|2025-05-05|Bragantino|Mirassol,2025-05-05,Brasileirao,Bragantino,Mirassol,0.7588655331315992,0.733728069067315,1,v1-backfill,1.0
LigaMX|2025-05-05|Monterrey|UNAM Pumas,2025-05-05,LigaMX,Monterrey,UNAM Pumas,0.7245682232918137,0.7075036836441034,1,v1-backfill,1.0
MLS|2025-05-05|Sporting Kansas City|Los Angeles Galaxy,2025-05-05,MLS,Sporting Kansas City,Los Angeles Galaxy,0.5466354593509861,0.5350887058877606,0,v1-retired-backfill,1.0
Brasileirao|2025-05-06|Juventude|Atletico-MG,2025-05-06,Brasileirao,Juventude,Atletico-MG,0.6079818291092227,0.5738987413532859,1,v1-backfill,0.0
LigaMX|2025-05-08|Monterrey|Toluca,2025-05-08,LigaMX,Monterrey,Toluca,0.5828919490295985,0.5850891830423125,1,v1-backfill,1.0
LigaMX|2025-05-09|Club Leon|Cruz Azul,2025-05-09,LigaMX,Club Leon,Cruz Azul,0.4495864154389548,0.4955823904509386,1,v1-backfill,0.0
Brasileirao|2025-05-10|Fortaleza|Juventude,2025-05-10,Brasileirao,Fortaleza,Juventude,0.794593051707711,0.7313192108553916,1,v1-backfill,1.0
Brasileirao|2025-05-10|Mirassol|Corinthians,2025-05-10,Brasileirao,Mirassol,Corinthians,0.4902278760252863,0.4722291913047186,1,v1-backfill,1.0
Brasileirao|2025-05-10|Vitoria|Vasco,2025-05-10,Brasileirao,Vitoria,Vasco,0.6806995193289346,0.6172633250634445,1,v1-backfill,1.0
MLS|2025-05-10|Chicago Fire|Atlanta Utd,2025-05-10,MLS,Chicago Fire,Atlanta Utd,0.6180683477252711,0.591966500701899,0,v1-retired-backfill,1.0
MLS|2025-05-10|Toronto FC|DC United,2025-05-10,MLS,Toronto FC,DC United,0.6347183144848432,0.5637329823417695,0,v1-retired-backfill,1.0
MLS|2025-05-10|Minnesota United|Inter Miami,2025-05-10,MLS,Minnesota United,Inter Miami,0.5769649890953852,0.5556311664160829,0,v1-retired-backfill,1.0
Brasileirao|2025-05-11|Flamengo RJ|Bahia,2025-05-11,Brasileirao,Flamengo RJ,Bahia,0.8080945269505427,0.7280027378819065,1,v1-backfill,1.0
Brasileirao|2025-05-11|Palmeiras|Sao Paulo,2025-05-11,Brasileirao,Palmeiras,Sao Paulo,0.785772226925501,0.7273915604465837,1,v1-backfill,1.0
Brasileirao|2025-05-11|Sport Recife|Cruzeiro,2025-05-11,Brasileirao,Sport Recife,Cruzeiro,0.4201942527006267,0.4740558177785925,1,v1-backfill,0.0
Brasileirao|2025-05-11|Atletico-MG|Fluminense,2025-05-11,Brasileirao,Atletico-MG,Fluminense,0.657253874946253,0.6134872261572522,1,v1-backfill,1.0
LigaMX|2025-05-11|Toluca|Monterrey,2025-05-11,LigaMX,Toluca,Monterrey,0.6597352209611892,0.6493158268984254,1,v1-backfill,1.0
LigaMX|2025-05-11|Club America|Pachuca,2025-05-11,LigaMX,Club America,Pachuca,0.7897699278092686,0.7585562185582632,1,v1-backfill,1.0
MLS|2025-05-11|St. Louis City|San Diego FC,2025-05-11,MLS,St. Louis City,San Diego FC,0.5778409050775192,0.6563735994307446,0,v1-retired-backfill,0.0
MLS|2025-05-11|Portland Timbers|Sporting Kansas City,2025-05-11,MLS,Portland Timbers,Sporting Kansas City,0.7674579074364093,0.7277964483193623,0,v1-retired-backfill,1.0
MLS|2025-05-11|Colorado Rapids|San Jose Earthquakes,2025-05-11,MLS,Colorado Rapids,San Jose Earthquakes,0.7273568307468551,0.7126070696718361,0,v1-retired-backfill,0.0
MLS|2025-05-11|Nashville SC|Charlotte,2025-05-11,MLS,Nashville SC,Charlotte,0.5892082745082863,0.5758131165300823,0,v1-retired-backfill,1.0
MLS|2025-05-11|New York Red Bulls|Los Angeles Galaxy,2025-05-11,MLS,New York Red Bulls,Los Angeles Galaxy,0.6774154646653553,0.6570791566758506,0,v1-retired-backfill,1.0
MLS|2025-05-11|Houston Dynamo|Seattle Sounders,2025-05-11,MLS,Houston Dynamo,Seattle Sounders,0.5923571173319294,0.5768758281588824,0,v1-retired-backfill,0.0
MLS|2025-05-11|New York City|CF Montreal,2025-05-11,MLS,New York City,CF Montreal,0.7831864472751353,0.7183615482388458,0,v1-retired-backfill,0.0
MLS|2025-05-11|FC Cincinnati|Austin FC,2025-05-11,MLS,FC Cincinnati,Austin FC,0.7698611316079763,0.7224168030890629,0,v1-retired-backfill,1.0
Brasileirao|2025-05-12|Botafogo RJ|Internacional,2025-05-12,Brasileirao,Botafogo RJ,Internacional,0.7033059097040666,0.6480296907354972,1,v1-backfill,1.0
LigaMX|2025-05-12|Cruz Azul|Club Leon,2025-05-12,LigaMX,Cruz Azul,Club Leon,0.767033283347797,0.7586191396759443,1,v1-backfill,1.0
MLS|2025-05-15|Houston Dynamo|Minnesota United,2025-05-15,MLS,Houston Dynamo,Minnesota United,0.6047950123964134,0.5741390042919411,0,v1-retired-backfill,1.0
MLS|2025-05-15|Orlando City|Charlotte,2025-05-15,MLS,Orlando City,Charlotte,0.7109840441107598,0.6648396554173996,0,v1-retired-backfill,1.0
MLS|2025-05-15|Philadelphia Union|Los Angeles Galaxy,2025-05-15,MLS,Philadelphia Union,Los Angeles Galaxy,0.7830834044420151,0.6780932700279755,0,v1-retired-backfill,1.0
MLS|2025-05-15|Toronto FC|FC Cincinnati,2025-05-15,MLS,Toronto FC,FC Cincinnati,0.4555608831742339,0.4319521775564486,0,v1-retired-backfill,0.0
MLS|2025-05-15|Nashville SC|New York Red Bulls,2025-05-15,MLS,Nashville SC,New York Red Bulls,0.6195659260794093,0.5900290855471021,0,v1-retired-backfill,1.0
MLS|2025-05-15|Los Angeles FC|Seattle Sounders,2025-05-15,MLS,Los Angeles FC,Seattle Sounders,0.6480777713869497,0.6312784162435546,0,v1-retired-backfill,1.0
MLS|2025-05-15|San Diego FC|Colorado Rapids,2025-05-15,MLS,San Diego FC,Colorado Rapids,0.7626717637964464,0.5852016906506389,0,v1-retired-backfill,1.0
LigaMX|2025-05-16|Cruz Azul|Club America,2025-05-16,LigaMX,Cruz Azul,Club America,0.5561594276622084,0.613767004371539,1,v1-backfill,1.0
Brasileirao|2025-05-17|Vasco|Fortaleza,2025-05-17,Brasileirao,Vasco,Fortaleza,0.5233276230984901,0.5261768377866199,1,v1-backfill,1.0
Brasileirao|2025-05-17|Ceara|Sport Recife,2025-05-17,Brasileirao,Ceara,Sport Recife,0.7833301161539141,0.686477646778728,1,v1-backfill,1.0
MLS|2025-05-17|New York City|New York Red Bulls,2025-05-17,MLS,New York City,New York Red Bulls,0.6435284625152901,0.6257555219565525,0,v1-retired-backfill,1.0
MLS|2025-05-17|CF Montreal|Toronto FC,2025-05-17,MLS,CF Montreal,Toronto FC,0.7295404893179103,0.6810745803316901,0,v1-retired-backfill,0.0
Brasileirao|2025-05-18|Bragantino|Palmeiras,2025-05-18,Brasileirao,Bragantino,Palmeiras,0.5184235555783537,0.5055786107895398,1,v1-backfill,0.0
Brasileirao|2025-05-18|Bahia|Vitoria,2025-05-18,Brasileirao,Bahia,Vitoria,0.694824042206302,0.6562971143874797,1,v1-backfill,1.0
Brasileirao|2025-05-18|Sao Paulo|Gremio,2025-05-18,Brasileirao,Sao Paulo,Gremio,0.7378267073865631,0.6709038036481715,1,v1-backfill,1.0
Brasileirao|2025-05-18|Corinthians|Santos,2025-05-18,Brasileirao,Corinthians,Santos,0.8230197988638939,0.7754985498246657,1,v1-backfill,1.0
LigaMX|2025-05-18|Toluca|Tigres UANL,2025-05-18,LigaMX,Toluca,Tigres UANL,0.6842907222922064,0.6514215935385365,1,v1-backfill,1.0
MLS|2025-05-18|Colorado Rapids|Real Salt Lake,2025-05-18,MLS,Colorado Rapids,Real Salt Lake,0.5989759526200268,0.580099860313257,0,v1-retired-backfill,1.0
MLS|2025-05-18|FC Dallas|Houston Dynamo,2025-05-18,MLS,FC Dallas,Houston Dynamo,0.6422007229083635,0.6180013307668821,0,v1-retired-backfill,0.0
MLS|2025-05-18|Minnesota United|St. Louis City,2025-05-18,MLS,Minnesota United,St. Louis City,0.7823066420976451,0.7285359699543731,0,v1-retired-backfill,1.0
MLS|2025-05-18|Charlotte|Chicago Fire,2025-05-18,MLS,Charlotte,Chicago Fire,0.7890037664287289,0.6889625811182766,0,v1-retired-backfill,0.0
MLS|2025-05-18|Atlanta Utd|Philadelphia Union,2025-05-18,MLS,Atlanta Utd,Philadelphia Union,0.5217378788266723,0.5528781239943786,0,v1-retired-backfill,0.0
LigaMX|2025-05-19|Club America|Cruz Azul,2025-05-19,LigaMX,Club America,Cruz Azul,0.6552992004065755,0.6228921016870149,1,v1-backfill,1.0
MLS|2025-05-19|Inter Miami|Orlando City,2025-05-19,MLS,Inter Miami,Orlando City,0.6857538689303746,0.6555509250850922,0,v1-retired-backfill,0.0
Brasileirao|2025-05-24|Sao Paulo|Mirassol,2025-05-24,Brasileirao,Sao Paulo,Mirassol,0.7529644331840606,0.7329720617009949,1,v1-backfill,0.0
Brasileirao|2025-05-24|Fluminense|Vasco,2025-05-24,Brasileirao,Fluminense,Vasco,0.7126164892079634,0.6747203518712218,1,v1-backfill,1.0
MLS|2025-05-24|San Diego FC|Los Angeles Galaxy,2025-05-24,MLS,San Diego FC,Los Angeles Galaxy,0.7479157104099861,0.5897010534279117,0,v1-retired-backfill,1.0
MLS|2025-05-24|Seattle Sounders|FC Dallas,2025-05-24,MLS,Seattle Sounders,FC Dallas,0.7736186564224365,0.7031597436979468,0,v1-retired-backfill,1.0
Brasileirao|2025-05-25|Palmeiras|Flamengo RJ,2025-05-25,Brasileirao,Palmeiras,Flamengo RJ,0.6832048198340069,0.6675669547967911,1,v1-backfill,0.0
Brasileirao|2025-05-25|Vitoria|Santos,2025-05-25,Brasileirao,Vitoria,Santos,0.7764852939805655,0.7172999686072355,1,v1-backfill,0.0
Brasileirao|2025-05-25|Gremio|Bahia,2025-05-25,Brasileirao,Gremio,Bahia,0.6248356148500769,0.5948729714280457,1,v1-backfill,1.0
MLS|2025-05-25|Real Salt Lake|Vancouver Whitecaps,2025-05-25,MLS,Real Salt Lake,Vancouver Whitecaps,0.5641426340753204,0.563072028882438,0,v1-retired-backfill,0.0
MLS|2025-05-25|New York City|Chicago Fire,2025-05-25,MLS,New York City,Chicago Fire,0.7466205131715075,0.684607371911558,0,v1-retired-backfill,1.0
MLS|2025-05-25|Colorado Rapids|St. Louis City,2025-05-25,MLS,Colorado Rapids,St. Louis City,0.6995548155539384,0.6732069137363684,0,v1-retired-backfill,1.0
MLS|2025-05-25|Orlando City|Portland Timbers,2025-05-25,MLS,Orlando City,Portland Timbers,0.758819686009062,0.6729217494315972,0,v1-retired-backfill,1.0
MLS|2025-05-25|Toronto FC|Nashville SC,2025-05-25,MLS,Toronto FC,Nashville SC,0.5543776087529738,0.5362330026995977,0,v1-retired-backfill,0.0
MLS|2025-05-25|Charlotte|Columbus Crew,2025-05-25,MLS,Charlotte,Columbus Crew,0.5378981790513161,0.5058183031581144,0,v1-retired-backfill,1.0
MLS|2025-05-25|DC United|New York Red Bulls,2025-05-25,MLS,DC United,New York Red Bulls,0.5237874117203404,0.5633171373848911,0,v1-retired-backfill,0.0
Brasileirao|2025-05-26|Fortaleza|Cruzeiro,2025-05-26,Brasileirao,Fortaleza,Cruzeiro,0.6865601486589888,0.6554328264890577,1,v1-backfill,0.0
LigaMX|2025-05-26|Toluca|Club America,2025-05-26,LigaMX,Toluca,Club America,0.589683655894565,0.607476235183154,1,v1-backfill,1.0
MLS|2025-05-26|Atlanta Utd|FC Cincinnati,2025-05-26,MLS,Atlanta Utd,FC Cincinnati,0.536534543561278,0.4764859498853462,0,v1-retired-backfill,1.0
Brasileirao|2025-05-27|Bragantino|Juventude,2025-05-27,Brasileirao,Bragantino,Juventude,0.7900233195934693,0.7096113159117934,1,v1-backfill,1.0
MLS|2025-05-29|New York City|Houston Dynamo,2025-05-29,MLS,New York City,Houston Dynamo,0.6801630276277594,0.6373762724400163,0,v1-retired-backfill,0.0
MLS|2025-05-29|New York Red Bulls|Charlotte,2025-05-29,MLS,New York Red Bulls,Charlotte,0.6847817644481307,0.637887520543789,0,v1-retired-backfill,1.0
MLS|2025-05-29|Portland Timbers|Colorado Rapids,2025-05-29,MLS,Portland Timbers,Colorado Rapids,0.7423968224931088,0.6735883852837828,0,v1-retired-backfill,1.0
MLS|2025-05-29|Los Angeles Galaxy|San Jose Earthquakes,2025-05-29,MLS,Los Angeles Galaxy,San Jose Earthquakes,0.6936554579827374,0.6730548915675468,0,v1-retired-backfill,0.0
MLS|2025-05-29|Seattle Sounders|San Diego FC,2025-05-29,MLS,Seattle Sounders,San Diego FC,0.70321671179374,0.742038353231401,0,v1-retired-backfill,1.0
MLS|2025-05-29|Inter Miami|CF Montreal,2025-05-29,MLS,Inter Miami,CF Montreal,0.8352555850312702,0.7609352597948527,0,v1-retired-backfill,1.0
MLS|2025-05-29|Toronto FC|Philadelphia Union,2025-05-29,MLS,Toronto FC,Philadelphia Union,0.4410292649901983,0.46497210239984,0,v1-retired-backfill,0.0
MLS|2025-05-29|Atlanta Utd|Orlando City,2025-05-29,MLS,Atlanta Utd,Orlando City,0.4831368274290324,0.5005584471473739,0,v1-retired-backfill,1.0
Brasileirao|2025-05-31|Bahia|Sao Paulo,2025-05-31,Brasileirao,Bahia,Sao Paulo,0.6443654144737951,0.6052516706308962,1,v1-backfill,1.0
MLS|2025-05-31|St. Louis City|San Jose Earthquakes,2025-05-31,MLS,St. Louis City,San Jose Earthquakes,0.6382093560214078,0.6124706590080755,0,v1-retired-backfill,1.0
Brasileirao|2025-06-01|Flamengo RJ|Fortaleza,2025-06-01,Brasileirao,Flamengo RJ,Fortaleza,0.7803480629634447,0.717613893557677,1,v1-backfill,1.0
Brasileirao|2025-06-01|Mirassol|Sport Recife,2025-06-01,Brasileirao,Mirassol,Sport Recife,0.8281549408837646,0.7065930272196861,1,v1-backfill,1.0
Brasileirao|2025-06-01|Cruzeiro|Palmeiras,2025-06-01,Brasileirao,Cruzeiro,Palmeiras,0.564719420863255,0.5107902751548722,1,v1-backfill,1.0
Brasileirao|2025-06-01|Juventude|Gremio,2025-06-01,Brasileirao,Juventude,Gremio,0.5827328442772323,0.5681588207364314,1,v1-backfill,0.0
Brasileirao|2025-06-01|Vasco|Bragantino,2025-06-01,Brasileirao,Vasco,Bragantino,0.5888092534840262,0.5627758113423582,1,v1-backfill,0.0
Brasileirao|2025-06-01|Santos|Botafogo RJ,2025-06-01,Brasileirao,Santos,Botafogo RJ,0.4401958220686452,0.391093260982345,1,v1-backfill,0.0
Brasileirao|2025-06-01|Ceara|Atletico-MG,2025-06-01,Brasileirao,Ceara,Atletico-MG,0.5387085322612529,0.5227968299736862,1,v1-backfill,0.0
MLS|2025-06-01|San Diego FC|Austin FC,2025-06-01,MLS,San Diego FC,Austin FC,0.7566899600309948,0.5949129300597676,0,v1-retired-backfill,1.0
MLS|2025-06-01|Seattle Sounders|Minnesota United,2025-06-01,MLS,Seattle Sounders,Minnesota United,0.7006406652132766,0.658683103342444,0,v1-retired-backfill,0.0
MLS|2025-06-01|CF Montreal|New England Revolution,2025-06-01,MLS,CF Montreal,New England Revolution,0.6148112080558642,0.5699202963257698,0,v1-retired-backfill,0.0
MLS|2025-06-01|FC Cincinnati|DC United,2025-06-01,MLS,FC Cincinnati,DC United,0.825129083405101,0.7613543737848872,0,v1-retired-backfill,0.0
MLS|2025-06-01|New York Red Bulls|Atlanta Utd,2025-06-01,MLS,New York Red Bulls,Atlanta Utd,0.7451283745271639,0.6753249155795589,0,v1-retired-backfill,1.0
MLS|2025-06-01|Toronto FC|Charlotte,2025-06-01,MLS,Toronto FC,Charlotte,0.5377502052058679,0.5054930811941858,0,v1-retired-backfill,0.0
MLS|2025-06-01|Inter Miami|Columbus Crew,2025-06-01,MLS,Inter Miami,Columbus Crew,0.6525770785452567,0.6170041863816431,0,v1-retired-backfill,1.0
MLS|2025-06-01|Houston Dynamo|Sporting Kansas City,2025-06-01,MLS,Houston Dynamo,Sporting Kansas City,0.7873851489477487,0.7333821817912369,0,v1-retired-backfill,0.0
MLS|2025-06-01|Los Angeles Galaxy|Real Salt Lake,2025-06-01,MLS,Los Angeles Galaxy,Real Salt Lake,0.629773270286087,0.586028373315073,0,v1-retired-backfill,1.0
MLS|2025-06-01|Orlando City|Chicago Fire,2025-06-01,MLS,Orlando City,Chicago Fire,0.8297725731852074,0.7376836591580611,0,v1-retired-backfill,0.0
Brasileirao|2025-06-02|Internacional|Fluminense,2025-06-02,Brasileirao,Internacional,Fluminense,0.7124198432202131,0.6552576221126192,1,v1-backfill,0.0
Brasileirao|2025-06-05|Botafogo RJ|Ceara,2025-06-05,Brasileirao,Botafogo RJ,Ceara,0.8213087317234404,0.7979347217136732,1,v1-backfill,1.0
MLS|2025-06-08|DC United|Chicago Fire,2025-06-08,MLS,DC United,Chicago Fire,0.6097557671055697,0.6032243250652527,0,v1-retired-backfill,0.0
MLS|2025-06-08|Colorado Rapids|Austin FC,2025-06-08,MLS,Colorado Rapids,Austin FC,0.664923429553137,0.6358964576517497,0,v1-retired-backfill,0.0
MLS|2025-06-09|Vancouver Whitecaps|Seattle Sounders,2025-06-09,MLS,Vancouver Whitecaps,Seattle Sounders,0.6865045346995082,0.6336560067802012,0,v1-retired-backfill,1.0
MLS|2025-06-09|Los Angeles FC|Sporting Kansas City,2025-06-09,MLS,Los Angeles FC,Sporting Kansas City,0.7934085368054749,0.7602354095237901,0,v1-retired-backfill,1.0
MLS|2025-06-09|Portland Timbers|St. Louis City,2025-06-09,MLS,Portland Timbers,St. Louis City,0.7681242163106831,0.7278362636292992,0,v1-retired-backfill,1.0
Brasileirao|2025-06-12|Bragantino|Bahia,2025-06-12,Brasileirao,Bragantino,Bahia,0.7082184566628643,0.6591298035848888,1,v1-backfill,0.0
Brasileirao|2025-06-12|Fortaleza|Santos,2025-06-12,Brasileirao,Fortaleza,Santos,0.7792047810803087,0.7659551908294968,1,v1-backfill,0.0
Brasileirao|2025-06-13|Sao Paulo|Vasco,2025-06-13,Brasileirao,Sao Paulo,Vasco,0.7250914409482548,0.6822277150738859,1,v1-backfill,0.0
Brasileirao|2025-06-13|Atletico-MG|Internacional,2025-06-13,Brasileirao,Atletico-MG,Internacional,0.6388558864030678,0.6190472853819958,1,v1-backfill,1.0
MLS|2025-06-13|New York City|Atlanta Utd,2025-06-13,MLS,New York City,Atlanta Utd,0.7170338489316471,0.6733528591578715,0,v1-retired-backfill,1.0
MLS|2025-06-15|Philadelphia Union|Charlotte,2025-06-15,MLS,Philadelphia Union,Charlotte,0.7467314769112262,0.6734489801028188,0,v1-retired-backfill,1.0
MLS|2025-06-15|Colorado Rapids|Orlando City,2025-06-15,MLS,Colorado Rapids,Orlando City,0.529304136933205,0.5183459770773834,0,v1-retired-backfill,0.0
MLS|2025-06-15|Sporting Kansas City|FC Dallas,2025-06-15,MLS,Sporting Kansas City,FC Dallas,0.6701949998927736,0.5724090948981041,0,v1-retired-backfill,0.0
MLS|2025-06-15|Minnesota United|San Diego FC,2025-06-15,MLS,Minnesota United,San Diego FC,0.6956735476685434,0.7287156020478526,0,v1-retired-backfill,0.0
MLS|2025-06-15|Houston Dynamo|CF Montreal,2025-06-15,MLS,Houston Dynamo,CF Montreal,0.8082996461594598,0.7205840021047722,0,v1-retired-backfill,0.0
MLS|2025-06-15|Columbus Crew|Vancouver Whitecaps,2025-06-15,MLS,Columbus Crew,Vancouver Whitecaps,0.6160739243420529,0.6402583362214413,0,v1-retired-backfill,1.0
MLS|2025-06-15|Austin FC|New York Red Bulls,2025-06-15,MLS,Austin FC,New York Red Bulls,0.5969340863899888,0.5653123366234993,0,v1-retired-backfill,1.0
MLS|2025-06-15|Real Salt Lake|DC United,2025-06-15,MLS,Real Salt Lake,DC United,0.7552833548554627,0.6692184450365216,0,v1-retired-backfill,1.0
MLS|2025-06-15|New England Revolution|FC Cincinnati,2025-06-15,MLS,New England Revolution,FC Cincinnati,0.5981078306874168,0.5547938377168465,0,v1-retired-backfill,0.0
MLS|2025-06-15|Chicago Fire|Nashville SC,2025-06-15,MLS,Chicago Fire,Nashville SC,0.6691349086377888,0.604124396238661,0,v1-retired-backfill,0.0
MLS|2025-06-26|Chicago Fire|Philadelphia Union,2025-06-26,MLS,Chicago Fire,Philadelphia Union,0.5212177573157832,0.5279882576672229,0,v1-retired-backfill,0.0
MLS|2025-06-26|New England Revolution|Nashville SC,2025-06-26,MLS,New England Revolution,Nashville SC,0.5972545116578104,0.5902467622741187,0,v1-retired-backfill,0.0
MLS|2025-06-26|Columbus Crew|Atlanta Utd,2025-06-26,MLS,Columbus Crew,Atlanta Utd,0.8189337422864228,0.7488322795463278,0,v1-retired-backfill,1.0
MLS|2025-06-26|FC Dallas|San Jose Earthquakes,2025-06-26,MLS,FC Dallas,San Jose Earthquakes,0.7179205791653148,0.6906895790023886,0,v1-retired-backfill,0.0
MLS|2025-06-26|Vancouver Whitecaps|San Diego FC,2025-06-26,MLS,Vancouver Whitecaps,San Diego FC,0.7104576418253158,0.7250146785627789,0,v1-retired-backfill,0.0
MLS|2025-06-26|Sporting Kansas City|Charlotte,2025-06-26,MLS,Sporting Kansas City,Charlotte,0.5658427221698041,0.5341756099338412,0,v1-retired-backfill,1.0
MLS|2025-06-26|St. Louis City|Orlando City,2025-06-26,MLS,St. Louis City,Orlando City,0.4650287741094682,0.4630943506963419,0,v1-retired-backfill,0.0
MLS|2025-06-26|Colorado Rapids|Los Angeles Galaxy,2025-06-26,MLS,Colorado Rapids,Los Angeles Galaxy,0.64463369847961,0.6130366427973947,0,v1-retired-backfill,1.0
MLS|2025-06-26|CF Montreal|FC Cincinnati,2025-06-26,MLS,CF Montreal,FC Cincinnati,0.5025535297943374,0.4734724538233227,0,v1-retired-backfill,0.0
MLS|2025-06-26|Minnesota United|Houston Dynamo,2025-06-26,MLS,Minnesota United,Houston Dynamo,0.7256464186286863,0.6660240995498331,0,v1-retired-backfill,1.0
MLS|2025-06-29|Toronto FC|Portland Timbers,2025-06-29,MLS,Toronto FC,Portland Timbers,0.5396274962897519,0.4596140447569368,0,v1-retired-backfill,1.0
MLS|2025-06-29|CF Montreal|New York City,2025-06-29,MLS,CF Montreal,New York City,0.5407596976283382,0.5185731121542285,0,v1-retired-backfill,1.0
MLS|2025-06-29|DC United|Nashville SC,2025-06-29,MLS,DC United,Nashville SC,0.4293256981891158,0.5179739376686296,0,v1-retired-backfill,0.0
MLS|2025-06-29|Orlando City|FC Cincinnati,2025-06-29,MLS,Orlando City,FC Cincinnati,0.7266761312242743,0.6203743374382195,0,v1-retired-backfill,0.0
MLS|2025-06-29|Chicago Fire|Charlotte,2025-06-29,MLS,Chicago Fire,Charlotte,0.6293109418649379,0.5920006115085813,0,v1-retired-backfill,1.0
MLS|2025-06-29|FC Dallas|San Diego FC,2025-06-29,MLS,FC Dallas,San Diego FC,0.5348788940880075,0.6262214054843602,0,v1-retired-backfill,0.0
MLS|2025-06-29|Houston Dynamo|St. Louis City,2025-06-29,MLS,Houston Dynamo,St. Louis City,0.7604644038866052,0.7097532816759972,0,v1-retired-backfill,1.0
MLS|2025-06-29|Seattle Sounders|Austin FC,2025-06-29,MLS,Seattle Sounders,Austin FC,0.760703995958233,0.6930966668475799,0,v1-retired-backfill,1.0
MLS|2025-06-29|Columbus Crew|Philadelphia Union,2025-06-29,MLS,Columbus Crew,Philadelphia Union,0.6768612200458719,0.6513712591390437,0,v1-retired-backfill,1.0
MLS|2025-06-30|Los Angeles FC|Vancouver Whitecaps,2025-06-30,MLS,Los Angeles FC,Vancouver Whitecaps,0.6423733633862894,0.65987900548624,0,v1-retired-backfill,0.0
MLS|2025-07-04|New York City|Toronto FC,2025-07-04,MLS,New York City,Toronto FC,0.7830717003908119,0.7445385803207223,0,v1-retired-backfill,1.0
MLS|2025-07-05|Los Angeles Galaxy|Vancouver Whitecaps,2025-07-05,MLS,Los Angeles Galaxy,Vancouver Whitecaps,0.4905251449580328,0.5077634908351367,0,v1-retired-backfill,1.0
MLS|2025-07-05|FC Dallas|Minnesota United,2025-07-05,MLS,FC Dallas,Minnesota United,0.5497066071767349,0.5372237030523994,0,v1-retired-backfill,0.0
MLS|2025-07-05|Colorado Rapids|Sporting Kansas City,2025-07-05,MLS,Colorado Rapids,Sporting Kansas City,0.6855976254960733,0.6589747433249412,0,v1-retired-backfill,0.0
MLS|2025-07-06|Nashville SC|Philadelphia Union,2025-07-06,MLS,Nashville SC,Philadelphia Union,0.6084834591711414,0.5997219808705665,0,v1-retired-backfill,1.0
MLS|2025-07-06|FC Cincinnati|Chicago Fire,2025-07-06,MLS,FC Cincinnati,Chicago Fire,0.7619279225848727,0.7471913942255727,0,v1-retired-backfill,1.0
MLS|2025-07-06|CF Montreal|Inter Miami,2025-07-06,MLS,CF Montreal,Inter Miami,0.4504966385337914,0.4535458858037727,0,v1-retired-backfill,0.0
MLS|2025-07-06|Portland Timbers|New England Revolution,2025-07-06,MLS,Portland Timbers,New England Revolution,0.7357962826032072,0.6783700339247927,0,v1-retired-backfill,1.0
MLS|2025-07-06|Real Salt Lake|St. Louis City,2025-07-06,MLS,Real Salt Lake,St. Louis City,0.7530460730300786,0.7096973165961387,0,v1-retired-backfill,1.0
MLS|2025-07-06|San Diego FC|Houston Dynamo,2025-07-06,MLS,San Diego FC,Houston Dynamo,0.7658040360093611,0.6184414623872648,0,v1-retired-backfill,0.0
MLS|2025-07-10|New England Revolution|Inter Miami,2025-07-10,MLS,New England Revolution,Inter Miami,0.4612212404354716,0.4745063425190058,0,v1-retired-backfill,0.0
MLS|2025-07-10|Los Angeles FC|Colorado Rapids,2025-07-10,MLS,Los Angeles FC,Colorado Rapids,0.8018149844323255,0.7451899508649159,0,v1-retired-backfill,1.0
Brasileirao|2025-07-12|Internacional|Vitoria,2025-07-12,Brasileirao,Internacional,Vitoria,0.73218468017407,0.7071947878317156,1,v1-backfill,1.0
Brasileirao|2025-07-12|Flamengo RJ|Sao Paulo,2025-07-12,Brasileirao,Flamengo RJ,Sao Paulo,0.8363311216856433,0.7545403407323733,1,v1-backfill,1.0
Brasileirao|2025-07-12|Vasco|Botafogo RJ,2025-07-12,Brasileirao,Vasco,Botafogo RJ,0.4660061295400497,0.4689348865320886,1,v1-backfill,0.0
LigaMX|2025-07-12|Club Tijuana|Queretaro,2025-07-12,LigaMX,Club Tijuana,Queretaro,0.6508169072650756,0.6656723947250058,1,v1-backfill,1.0
LigaMX|2025-07-12|Puebla|Atlas,2025-07-12,LigaMX,Puebla,Atlas,0.5253279878658191,0.5343766832918115,1,v1-backfill,0.0
Brasileirao|2025-07-13|Bahia|Atletico-MG,2025-07-13,Brasileirao,Bahia,Atletico-MG,0.6631009703346773,0.6028065089856134,1,v1-backfill,1.0
Brasileirao|2025-07-13|Corinthians|Bragantino,2025-07-13,Brasileirao,Corinthians,Bragantino,0.6985789283387561,0.6441772953571281,1,v1-backfill,0.0
LigaMX|2025-07-13|Toluca|Necaxa,2025-07-13,LigaMX,Toluca,Necaxa,0.7341612341292738,0.7331002606991873,1,v1-backfill,1.0
LigaMX|2025-07-13|Santos Laguna|UNAM Pumas,2025-07-13,LigaMX,Santos Laguna,UNAM Pumas,0.443237718016684,0.4878305648083324,1,v1-backfill,1.0
MLS|2025-07-13|Colorado Rapids|Vancouver Whitecaps,2025-07-13,MLS,Colorado Rapids,Vancouver Whitecaps,0.496361378731576,0.5020073661003145,0,v1-retired-backfill,1.0
MLS|2025-07-13|Real Salt Lake|Houston Dynamo,2025-07-13,MLS,Real Salt Lake,Houston Dynamo,0.6477341702636525,0.6068575024699415,0,v1-retired-backfill,1.0
MLS|2025-07-13|Los Angeles FC|FC Dallas,2025-07-13,MLS,Los Angeles FC,FC Dallas,0.8156007339332495,0.7412518549274824,0,v1-retired-backfill,1.0
MLS|2025-07-13|Minnesota United|San Jose Earthquakes,2025-07-13,MLS,Minnesota United,San Jose Earthquakes,0.7814250309599574,0.7410245876793995,0,v1-retired-backfill,1.0
MLS|2025-07-13|Los Angeles Galaxy|DC United,2025-07-13,MLS,Los Angeles Galaxy,DC United,0.7791846392380917,0.6736813197074457,0,v1-retired-backfill,1.0
MLS|2025-07-13|Chicago Fire|San Diego FC,2025-07-13,MLS,Chicago Fire,San Diego FC,0.5465328327994144,0.6115466248947884,0,v1-retired-backfill,0.0
MLS|2025-07-13|Philadelphia Union|New York Red Bulls,2025-07-13,MLS,Philadelphia Union,New York Red Bulls,0.7233150696045687,0.6646554291887768,0,v1-retired-backfill,1.0
MLS|2025-07-13|FC Cincinnati|Columbus Crew,2025-07-13,MLS,FC Cincinnati,Columbus Crew,0.6221806404126459,0.6213479959562626,0,v1-retired-backfill,0.0
MLS|2025-07-13|Charlotte|New York City,2025-07-13,MLS,Charlotte,New York City,0.6475671221918544,0.5902709849934341,0,v1-retired-backfill,1.0
MLS|2025-07-13|Sporting Kansas City|Seattle Sounders,2025-07-13,MLS,Sporting Kansas City,Seattle Sounders,0.5231505538082083,0.5009360988531925,0,v1-retired-backfill,0.0
MLS|2025-07-13|Inter Miami|Nashville SC,2025-07-13,MLS,Inter Miami,Nashville SC,0.7563267190257306,0.688393706805382,0,v1-retired-backfill,1.0
Brasileirao|2025-07-14|Fortaleza|Ceara,2025-07-14,Brasileirao,Fortaleza,Ceara,0.7157716370371359,0.7223576270700814,1,v1-backfill,0.0
Brasileirao|2025-07-14|Cruzeiro|Gremio,2025-07-14,Brasileirao,Cruzeiro,Gremio,0.7449032246816182,0.6752337533452085,1,v1-backfill,1.0
LigaMX|2025-07-14|Club Leon|Atl. San Luis,2025-07-14,LigaMX,Club Leon,Atl. San Luis,0.6290456114435281,0.6441882472068177,1,v1-backfill,0.0
LigaMX|2025-07-14|Pachuca|Monterrey,2025-07-14,LigaMX,Pachuca,Monterrey,0.5238580643509199,0.5667202269957727,1,v1-backfill,1.0
MLS|2025-07-14|St. Louis City|Portland Timbers,2025-07-14,MLS,St. Louis City,Portland Timbers,0.534713883420475,0.4850134828009633,0,v1-retired-backfill,1.0
Brasileirao|2025-07-15|Juventude|Sport Recife,2025-07-15,Brasileirao,Juventude,Sport Recife,0.7215232363845099,0.6934952950640435,1,v1-backfill,1.0
Brasileirao|2025-07-16|Ceara|Corinthians,2025-07-16,Brasileirao,Ceara,Corinthians,0.6102239300728126,0.5181521935188941,1,v1-backfill,0.0
Brasileirao|2025-07-17|Fluminense|Cruzeiro,2025-07-17,Brasileirao,Fluminense,Cruzeiro,0.5861134850641547,0.6179214554707997,1,v1-backfill,0.0
Brasileirao|2025-07-17|Santos|Flamengo RJ,2025-07-17,Brasileirao,Santos,Flamengo RJ,0.3152345456675675,0.3616752303067365,1,v1-backfill,1.0
LigaMX|2025-07-17|Santos Laguna|Toluca,2025-07-17,LigaMX,Santos Laguna,Toluca,0.2996359914632059,0.3771197360751643,1,v1-backfill,0.0
LigaMX|2025-07-17|Club America|Club Tijuana,2025-07-17,LigaMX,Club America,Club Tijuana,0.7546963671355928,0.7416324525248971,1,v1-backfill,1.0
MLS|2025-07-17|Philadelphia Union|CF Montreal,2025-07-17,MLS,Philadelphia Union,CF Montreal,0.8510812605686483,0.7544167658251315,0,v1-retired-backfill,1.0
MLS|2025-07-17|Portland Timbers|Real Salt Lake,2025-07-17,MLS,Portland Timbers,Real Salt Lake,0.6752635073874806,0.6417981091275836,0,v1-retired-backfill,0.0
MLS|2025-07-17|San Diego FC|Toronto FC,2025-07-17,MLS,San Diego FC,Toronto FC,0.8375088622119837,0.7307186404886233,0,v1-retired-backfill,0.0
MLS|2025-07-17|Nashville SC|Columbus Crew,2025-07-17,MLS,Nashville SC,Columbus Crew,0.5816506362513229,0.5441667144260371,0,v1-retired-backfill,1.0
MLS|2025-07-17|Minnesota United|Los Angeles FC,2025-07-17,MLS,Minnesota United,Los Angeles FC,0.6491433461682178,0.6110124616556963,0,v1-retired-backfill,0.0
MLS|2025-07-17|New York Red Bulls|New England Revolution,2025-07-17,MLS,New York Red Bulls,New England Revolution,0.7607267762260411,0.6857168316399272,0,v1-retired-backfill,1.0
MLS|2025-07-17|Orlando City|New York City,2025-07-17,MLS,Orlando City,New York City,0.7387195012975301,0.677046538475139,0,v1-retired-backfill,0.0
MLS|2025-07-17|Los Angeles Galaxy|Austin FC,2025-07-17,MLS,Los Angeles Galaxy,Austin FC,0.6859186812706897,0.6232868487592569,0,v1-retired-backfill,0.0
MLS|2025-07-17|FC Cincinnati|Inter Miami,2025-07-17,MLS,FC Cincinnati,Inter Miami,0.5816331612967396,0.5962421467224353,0,v1-retired-backfill,1.0
MLS|2025-07-17|Charlotte|DC United,2025-07-17,MLS,Charlotte,DC United,0.8186309367311024,0.707317483989632,0,v1-retired-backfill,1.0
MLS|2025-07-17|Houston Dynamo|Vancouver Whitecaps,2025-07-17,MLS,Houston Dynamo,Vancouver Whitecaps,0.6107342372469668,0.5852199619671757,0,v1-retired-backfill,0.0
Brasileirao|2025-07-19|Mirassol|Santos,2025-07-19,Brasileirao,Mirassol,Santos,0.7319915817158036,0.67138349267151,1,v1-backfill,1.0
LigaMX|2025-07-19|Atl. San Luis|Monterrey,2025-07-19,LigaMX,Atl. San Luis,Monterrey,0.5033944637665445,0.5630490255012618,1,v1-backfill,0.0
LigaMX|2025-07-19|Necaxa|Queretaro,2025-07-19,LigaMX,Necaxa,Queretaro,0.6838813147641987,0.6828454748996333,1,v1-backfill,1.0
LigaMX|2025-07-19|Mazatlan FC|Puebla,2025-07-19,LigaMX,Mazatlan FC,Puebla,0.6642233332941977,0.6945215087324819,1,v1-backfill,1.0
Brasileirao|2025-07-20|Palmeiras|Atletico-MG,2025-07-20,Brasileirao,Palmeiras,Atletico-MG,0.7844959571013498,0.713254437447408,1,v1-backfill,1.0
Brasileirao|2025-07-20|Internacional|Ceara,2025-07-20,Brasileirao,Internacional,Ceara,0.7212939065915598,0.7437354122513496,1,v1-backfill,1.0
Brasileirao|2025-07-20|Vitoria|Bragantino,2025-07-20,Brasileirao,Vitoria,Bragantino,0.5985941494771959,0.5383924024353379,1,v1-backfill,1.0
Brasileirao|2025-07-20|Cruzeiro|Juventude,2025-07-20,Brasileirao,Cruzeiro,Juventude,0.8407867864908669,0.7561160237027952,1,v1-backfill,1.0
Brasileirao|2025-07-20|Sao Paulo|Corinthians,2025-07-20,Brasileirao,Sao Paulo,Corinthians,0.5986528379299765,0.5798449376302846,1,v1-backfill,1.0
Brasileirao|2025-07-20|Flamengo RJ|Fluminense,2025-07-20,Brasileirao,Flamengo RJ,Fluminense,0.8163249255421633,0.7197417063978183,1,v1-backfill,1.0
Brasileirao|2025-07-20|Sport Recife|Botafogo RJ,2025-07-20,Brasileirao,Sport Recife,Botafogo RJ,0.2852298191822488,0.3330428760551686,1,v1-backfill,0.0
LigaMX|2025-07-20|Tigres UANL|Juarez,2025-07-20,LigaMX,Tigres UANL,Juarez,0.7205327281254936,0.7355004247152657,1,v1-backfill,1.0
LigaMX|2025-07-20|UNAM Pumas|Pachuca,2025-07-20,LigaMX,UNAM Pumas,Pachuca,0.5347169623143716,0.5946203254351698,1,v1-backfill,0.0
LigaMX|2025-07-20|Club Leon|Guadalajara Chivas,2025-07-20,LigaMX,Club Leon,Guadalajara Chivas,0.583779249069197,0.6062782041891468,1,v1-backfill,1.0
MLS|2025-07-20|Real Salt Lake|FC Cincinnati,2025-07-20,MLS,Real Salt Lake,FC Cincinnati,0.6016724077103106,0.5375880095157657,0,v1-retired-backfill,0.0
MLS|2025-07-20|Atlanta Utd|Charlotte,2025-07-20,MLS,Atlanta Utd,Charlotte,0.5910080467784586,0.583691511939137,0,v1-retired-backfill,0.0
MLS|2025-07-20|Seattle Sounders|San Jose Earthquakes,2025-07-20,MLS,Seattle Sounders,San Jose Earthquakes,0.7921075767436455,0.7488896900268093,0,v1-retired-backfill,1.0
MLS|2025-07-20|CF Montreal|Chicago Fire,2025-07-20,MLS,CF Montreal,Chicago Fire,0.5931012219557864,0.5952813097155352,0,v1-retired-backfill,0.0
MLS|2025-07-20|FC Dallas|St. Louis City,2025-07-20,MLS,FC Dallas,St. Louis City,0.7124737166980872,0.6707008030607551,0,v1-retired-backfill,1.0
MLS|2025-07-20|New York Red Bulls|Inter Miami,2025-07-20,MLS,New York Red Bulls,Inter Miami,0.5865360336998733,0.5309859583990644,0,v1-retired-backfill,0.0
MLS|2025-07-20|New England Revolution|Orlando City,2025-07-20,MLS,New England Revolution,Orlando City,0.5179146966352797,0.5212096947113515,0,v1-retired-backfill,0.0
MLS|2025-07-20|Columbus Crew|DC United,2025-07-20,MLS,Columbus Crew,DC United,0.8829085090304177,0.8071579356806262,0,v1-retired-backfill,1.0
MLS|2025-07-20|Nashville SC|Toronto FC,2025-07-20,MLS,Nashville SC,Toronto FC,0.8132065637916881,0.7691688214263513,0,v1-retired-backfill,1.0
Brasileirao|2025-07-23|Ceara|Mirassol,2025-07-23,Brasileirao,Ceara,Mirassol,0.5561715584855838,0.5783957533974289,1,v1-backfill,0.0
Brasileirao|2025-07-23|Fluminense|Palmeiras,2025-07-23,Brasileirao,Fluminense,Palmeiras,0.5328398180050424,0.5116002370181527,1,v1-backfill,0.0
Brasileirao|2025-07-24|Juventude|Sao Paulo,2025-07-24,Brasileirao,Juventude,Sao Paulo,0.5151110590579594,0.5361572858594571,1,v1-backfill,0.0
Brasileirao|2025-07-24|Bragantino|Flamengo RJ,2025-07-24,Brasileirao,Bragantino,Flamengo RJ,0.4734586620738371,0.5124620686267204,1,v1-backfill,0.0
Brasileirao|2025-07-24|Santos|Internacional,2025-07-24,Brasileirao,Santos,Internacional,0.5372188770927245,0.4671653968809832,1,v1-backfill,0.0
Brasileirao|2025-07-26|Fortaleza|Bragantino,2025-07-26,Brasileirao,Fortaleza,Bragantino,0.6446517970748894,0.6062609531808607,1,v1-backfill,1.0
LigaMX|2025-07-26|Queretaro|UNAM Pumas,2025-07-26,LigaMX,Queretaro,UNAM Pumas,0.5331435691951878,0.574637136776705,1,v1-backfill,0.0
LigaMX|2025-07-26|Puebla|Santos Laguna,2025-07-26,LigaMX,Puebla,Santos Laguna,0.606181963415278,0.6115099417533689,1,v1-backfill,1.0
MLS|2025-07-26|FC Dallas|New York City,2025-07-26,MLS,FC Dallas,New York City,0.5994751742475312,0.554576929224397,0,v1-retired-backfill,0.0
MLS|2025-07-26|Columbus Crew|Orlando City,2025-07-26,MLS,Columbus Crew,Orlando City,0.7092091634305056,0.6841315899949378,0,v1-retired-backfill,0.0
MLS|2025-07-26|New England Revolution|CF Montreal,2025-07-26,MLS,New England Revolution,CF Montreal,0.7248498201314423,0.6531498550021365,0,v1-retired-backfill,0.0
MLS|2025-07-26|Los Angeles FC|Portland Timbers,2025-07-26,MLS,Los Angeles FC,Portland Timbers,0.7850215792111244,0.7107327644411103,0,v1-retired-backfill,0.0
MLS|2025-07-26|San Diego FC|Nashville SC,2025-07-26,MLS,San Diego FC,Nashville SC,0.6688631249767726,0.5381856628771428,0,v1-retired-backfill,1.0
Brasileirao|2025-07-27|Palmeiras|Gremio,2025-07-27,Brasileirao,Palmeiras,Gremio,0.83233972447145,0.7652390048668006,1,v1-backfill,1.0
Brasileirao|2025-07-27|Cruzeiro|Ceara,2025-07-27,Brasileirao,Cruzeiro,Ceara,0.8216108910877981,0.7810429866272851,1,v1-backfill,0.0
Brasileirao|2025-07-27|Sao Paulo|Fluminense,2025-07-27,Brasileirao,Sao Paulo,Fluminense,0.6593519154974323,0.6292229546351743,1,v1-backfill,1.0
Brasileirao|2025-07-27|Bahia|Juventude,2025-07-27,Brasileirao,Bahia,Juventude,0.8167403815736857,0.7425572219103421,1,v1-backfill,1.0
LigaMX|2025-07-27|Cruz Azul|Club Leon,2025-07-27,LigaMX,Cruz Azul,Club Leon,0.7182655799324836,0.7279407207514252,1,v1-backfill,1.0
LigaMX|2025-07-27|Toluca|Tigres UANL,2025-07-27,LigaMX,Toluca,Tigres UANL,0.6807123317733773,0.6699885641435668,1,v1-backfill,0.0
LigaMX|2025-07-27|Monterrey|Atlas,2025-07-27,LigaMX,Monterrey,Atlas,0.7312930953148995,0.7187504477555989,1,v1-backfill,1.0
LigaMX|2025-07-27|Guadalajara Chivas|Atl. San Luis,2025-07-27,LigaMX,Guadalajara Chivas,Atl. San Luis,0.6321428178975427,0.6403556687478648,1,v1-backfill,1.0
LigaMX|2025-07-27|Pachuca|Mazatlan FC,2025-07-27,LigaMX,Pachuca,Mazatlan FC,0.731245237369758,0.7150163189837604,1,v1-backfill,1.0
MLS|2025-07-27|Charlotte|Toronto FC,2025-07-27,MLS,Charlotte,Toronto FC,0.7795374976733425,0.7389054106716078,0,v1-retired-backfill,1.0
MLS|2025-07-27|Vancouver Whitecaps|Sporting Kansas City,2025-07-27,MLS,Vancouver Whitecaps,Sporting Kansas City,0.8029782335567777,0.7472709511281836,0,v1-retired-backfill,1.0
MLS|2025-07-27|Real Salt Lake|San Jose Earthquakes,2025-07-27,MLS,Real Salt Lake,San Jose Earthquakes,0.7322485669686989,0.702971352701529,0,v1-retired-backfill,1.0
MLS|2025-07-27|Chicago Fire|New York Red Bulls,2025-07-27,MLS,Chicago Fire,New York Red Bulls,0.6220304320151149,0.5808010879201646,0,v1-retired-backfill,1.0
MLS|2025-07-27|Philadelphia Union|Colorado Rapids,2025-07-27,MLS,Philadelphia Union,Colorado Rapids,0.8221168871858963,0.7390151092812229,0,v1-retired-backfill,1.0
MLS|2025-07-27|DC United|Austin FC,2025-07-27,MLS,DC United,Austin FC,0.542225162072904,0.5335709931918559,0,v1-retired-backfill,0.0
MLS|2025-07-27|St. Louis City|Minnesota United,2025-07-27,MLS,St. Louis City,Minnesota United,0.4567157920229352,0.4597361515253923,0,v1-retired-backfill,0.0
Brasileirao|2025-07-28|Flamengo RJ|Atletico-MG,2025-07-28,Brasileirao,Flamengo RJ,Atletico-MG,0.834096271997629,0.7342542116625416,1,v1-backfill,1.0
Brasileirao|2025-07-30|Gremio|Fortaleza,2025-07-30,Brasileirao,Gremio,Fortaleza,0.6163223271520463,0.6084034191309058,1,v1-backfill,1.0
Brasileirao|2025-08-02|Mirassol|Vasco,2025-08-02,Brasileirao,Mirassol,Vasco,0.7552133155663533,0.6311537915575802,1,v1-backfill,1.0
Brasileirao|2025-08-03|Atletico-MG|Bragantino,2025-08-03,Brasileirao,Atletico-MG,Bragantino,0.6920501160457403,0.6443417182104885,1,v1-backfill,1.0
Brasileirao|2025-08-03|Fluminense|Gremio,2025-08-03,Brasileirao,Fluminense,Gremio,0.6771993500554968,0.6380966837189568,1,v1-backfill,1.0
Brasileirao|2025-08-03|Botafogo RJ|Cruzeiro,2025-08-03,Brasileirao,Botafogo RJ,Cruzeiro,0.7155556267992663,0.6929973503414721,1,v1-backfill,0.0
Brasileirao|2025-08-04|Internacional|Sao Paulo,2025-08-04,Brasileirao,Internacional,Sao Paulo,0.6883669395538498,0.6557729558037181,1,v1-backfill,0.0
Brasileirao|2025-08-05|Santos|Juventude,2025-08-05,Brasileirao,Santos,Juventude,0.7274859575029975,0.6144755732191609,1,v1-backfill,1.0
Brasileirao|2025-08-09|Flamengo RJ|Mirassol,2025-08-09,Brasileirao,Flamengo RJ,Mirassol,0.7928781145125493,0.781044998988976,1,v1-backfill,1.0
Brasileirao|2025-08-09|Sao Paulo|Vitoria,2025-08-09,Brasileirao,Sao Paulo,Vitoria,0.7304001837271266,0.7005117832356721,1,v1-backfill,1.0
Brasileirao|2025-08-09|Bragantino|Internacional,2025-08-09,Brasileirao,Bragantino,Internacional,0.623551526509286,0.5857676726979463,1,v1-backfill,0.0
LigaMX|2025-08-09|Tigres UANL|Puebla,2025-08-09,LigaMX,Tigres UANL,Puebla,0.8115451062525977,0.8187224975386943,1,v1-backfill,1.0
Brasileirao|2025-08-10|Fortaleza|Botafogo RJ,2025-08-10,Brasileirao,Fortaleza,Botafogo RJ,0.5227762308512033,0.5101455498696565,1,v1-backfill,0.0
Brasileirao|2025-08-10|Cruzeiro|Santos,2025-08-10,Brasileirao,Cruzeiro,Santos,0.8220506890943191,0.7800282707584144,1,v1-backfill,0.0
Brasileirao|2025-08-10|Palmeiras|Ceara,2025-08-10,Brasileirao,Palmeiras,Ceara,0.826673046938359,0.8197241703806721,1,v1-backfill,1.0
LigaMX|2025-08-10|Club America|Queretaro,2025-08-10,LigaMX,Club America,Queretaro,0.8398952824907934,0.8010181522815709,1,v1-backfill,1.0
LigaMX|2025-08-10|Atlas|Pachuca,2025-08-10,LigaMX,Atlas,Pachuca,0.4867721935646898,0.5529551721117041,1,v1-backfill,0.0
MLS|2025-08-10|St. Louis City|Nashville SC,2025-08-10,MLS,St. Louis City,Nashville SC,0.471319017963789,0.4553522394628475,0,v1-retired-backfill,1.0
MLS|2025-08-10|New York Red Bulls|Real Salt Lake,2025-08-10,MLS,New York Red Bulls,Real Salt Lake,0.6804619189901956,0.6177631074555413,0,v1-retired-backfill,1.0
MLS|2025-08-10|Minnesota United|Colorado Rapids,2025-08-10,MLS,Minnesota United,Colorado Rapids,0.8066208646897839,0.7362417292059271,0,v1-retired-backfill,0.0
MLS|2025-08-10|FC Cincinnati|Charlotte,2025-08-10,MLS,FC Cincinnati,Charlotte,0.7303210052964434,0.7190685956532501,0,v1-retired-backfill,0.0
MLS|2025-08-10|Sporting Kansas City|San Diego FC,2025-08-10,MLS,Sporting Kansas City,San Diego FC,0.5022529141078952,0.5610601423769395,0,v1-retired-backfill,0.0
MLS|2025-08-10|San Jose Earthquakes|Vancouver Whitecaps,2025-08-10,MLS,San Jose Earthquakes,Vancouver Whitecaps,0.4947293580956784,0.4726600276135083,0,v1-retired-backfill,1.0
MLS|2025-08-10|New England Revolution|DC United,2025-08-10,MLS,New England Revolution,DC United,0.7513585125934823,0.6619982389105278,0,v1-retired-backfill,1.0
MLS|2025-08-10|FC Dallas|Portland Timbers,2025-08-10,MLS,FC Dallas,Portland Timbers,0.6097652378743421,0.5517959562501367,0,v1-retired-backfill,1.0
Brasileirao|2025-08-11|Gremio|Sport Recife,2025-08-11,Brasileirao,Gremio,Sport Recife,0.8024286752653741,0.7600828453558616,1,v1-backfill,0.0
LigaMX|2025-08-11|Santos Laguna|Guadalajara Chivas,2025-08-11,LigaMX,Santos Laguna,Guadalajara Chivas,0.4337584483655935,0.4737284781236552,1,v1-backfill,1.0
MLS|2025-08-11|Los Angeles Galaxy|Seattle Sounders,2025-08-11,MLS,Los Angeles Galaxy,Seattle Sounders,0.5532276282992638,0.5155352672561326,0,v1-retired-backfill,0.0
MLS|2025-08-11|Orlando City|Inter Miami,2025-08-11,MLS,Orlando City,Inter Miami,0.6215945050345397,0.5774301224315589,0,v1-retired-backfill,1.0
Brasileirao|2025-08-12|Juventude|Corinthians,2025-08-12,Brasileirao,Juventude,Corinthians,0.4530567877418551,0.4801892495875847,1,v1-backfill,1.0
LigaMX|2025-08-12|Juarez|Toluca,2025-08-12,LigaMX,Juarez,Toluca,0.3624267303913934,0.462754086330907,1,v1-backfill,0.0
LigaMX|2025-08-12|Club Leon|Monterrey,2025-08-12,LigaMX,Club Leon,Monterrey,0.4898396159102293,0.5358961722407273,1,v1-backfill,0.0
LigaMX|2025-08-12|Atl. San Luis|Cruz Azul,2025-08-12,LigaMX,Atl. San Luis,Cruz Azul,0.4286686640209394,0.4872068113132283,1,v1-backfill,0.0
Brasileirao|2025-08-16|Ceara|Bragantino,2025-08-16,Brasileirao,Ceara,Bragantino,0.6512640194493782,0.5498955886346861,1,v1-backfill,1.0
Brasileirao|2025-08-16|Fluminense|Fortaleza,2025-08-16,Brasileirao,Fluminense,Fortaleza,0.7007254472202312,0.6548820352367953,1,v1-backfill,1.0
LigaMX|2025-08-16|Necaxa|Club Leon,2025-08-16,LigaMX,Necaxa,Club Leon,0.6473743952832419,0.6468243792596534,1,v1-backfill,0.0
LigaMX|2025-08-16|Puebla|Atl. San Luis,2025-08-16,LigaMX,Puebla,Atl. San Luis,0.4432360116590763,0.513800030689047,1,v1-backfill,0.0
Brasileirao|2025-08-17|Internacional|Flamengo RJ,2025-08-17,Brasileirao,Internacional,Flamengo RJ,0.4922662811747122,0.5196673255195838,1,v1-backfill,0.0
Brasileirao|2025-08-17|Santos|Vasco,2025-08-17,Brasileirao,Santos,Vasco,0.6583156595458158,0.5864629356102133,1,v1-backfill,0.0
Brasileirao|2025-08-17|Atletico-MG|Gremio,2025-08-17,Brasileirao,Atletico-MG,Gremio,0.7300911165469406,0.6877961651102744,1,v1-backfill,0.0
Brasileirao|2025-08-17|Corinthians|Bahia,2025-08-17,Brasileirao,Corinthians,Bahia,0.6561187936102189,0.6142032744894571,1,v1-backfill,0.0
LigaMX|2025-08-17|Cruz Azul|Santos Laguna,2025-08-17,LigaMX,Cruz Azul,Santos Laguna,0.8557257727839941,0.8294788614590427,1,v1-backfill,1.0
LigaMX|2025-08-17|Tigres UANL|Club America,2025-08-17,LigaMX,Tigres UANL,Club America,0.5651814618269162,0.6036460943110786,1,v1-backfill,0.0
LigaMX|2025-08-17|Pachuca|Club Tijuana,2025-08-17,LigaMX,Pachuca,Club Tijuana,0.7153177103608609,0.6955763524737577,1,v1-backfill,0.0
LigaMX|2025-08-17|Guadalajara Chivas|Juarez,2025-08-17,LigaMX,Guadalajara Chivas,Juarez,0.674766635914499,0.6768698008556916,1,v1-backfill,0.0
MLS|2025-08-17|New England Revolution|Los Angeles FC,2025-08-17,MLS,New England Revolution,Los Angeles FC,0.4634277610294683,0.4727696274805812,0,v1-retired-backfill,0.0
MLS|2025-08-17|New York Red Bulls|Philadelphia Union,2025-08-17,MLS,New York Red Bulls,Philadelphia Union,0.5799706677103258,0.5606012581905517,0,v1-retired-backfill,1.0
MLS|2025-08-17|Inter Miami|Los Angeles Galaxy,2025-08-17,MLS,Inter Miami,Los Angeles Galaxy,0.8267472179228105,0.7707126782379609,0,v1-retired-backfill,1.0
MLS|2025-08-17|Charlotte|Real Salt Lake,2025-08-17,MLS,Charlotte,Real Salt Lake,0.716308216841777,0.6569373774780968,0,v1-retired-backfill,1.0
MLS|2025-08-17|Orlando City|Sporting Kansas City,2025-08-17,MLS,Orlando City,Sporting Kansas City,0.8410076493165793,0.779980733601039,0,v1-retired-backfill,1.0
MLS|2025-08-17|Portland Timbers|FC Cincinnati,2025-08-17,MLS,Portland Timbers,FC Cincinnati,0.5873562476386497,0.5296503201658692,0,v1-retired-backfill,0.0
MLS|2025-08-17|Chicago Fire|St. Louis City,2025-08-17,MLS,Chicago Fire,St. Louis City,0.7532721491698955,0.6986332264119999,0,v1-retired-backfill,1.0
MLS|2025-08-17|Minnesota United|Seattle Sounders,2025-08-17,MLS,Minnesota United,Seattle Sounders,0.6485049131416828,0.5961500531248377,0,v1-retired-backfill,1.0
MLS|2025-08-17|Colorado Rapids|Atlanta Utd,2025-08-17,MLS,Colorado Rapids,Atlanta Utd,0.6952799988262915,0.6423252531251062,0,v1-retired-backfill,1.0
MLS|2025-08-17|New York City|Nashville SC,2025-08-17,MLS,New York City,Nashville SC,0.6310477836160004,0.626528404279673,0,v1-retired-backfill,1.0
Brasileirao|2025-08-18|Botafogo RJ|Palmeiras,2025-08-18,Brasileirao,Botafogo RJ,Palmeiras,0.6717456844818527,0.5945356269465992,1,v1-backfill,0.0
LigaMX|2025-08-18|Monterrey|Mazatlan FC,2025-08-18,LigaMX,Monterrey,Mazatlan FC,0.7995266868518015,0.7677698210008708,1,v1-backfill,1.0
MLS|2025-08-18|San Jose Earthquakes|San Diego FC,2025-08-18,MLS,San Jose Earthquakes,San Diego FC,0.5144756983007214,0.5566042757336541,0,v1-retired-backfill,0.0
Brasileirao|2025-08-20|Juventude|Vasco,2025-08-20,Brasileirao,Juventude,Vasco,0.5319993589211621,0.5667286377231208,1,v1-backfill,1.0
Brasileirao|2025-08-23|Cruzeiro|Internacional,2025-08-23,Brasileirao,Cruzeiro,Internacional,0.7392687434090457,0.6408756801948843,1,v1-backfill,1.0
Brasileirao|2025-08-23|Bragantino|Fluminense,2025-08-23,Brasileirao,Bragantino,Fluminense,0.6211835005490263,0.5786852442236302,1,v1-backfill,1.0
LigaMX|2025-08-23|Queretaro|Atl. San Luis,2025-08-23,LigaMX,Queretaro,Atl. San Luis,0.5203968564830105,0.5522781803061902,1,v1-backfill,1.0
LigaMX|2025-08-23|Juarez|Santos Laguna,2025-08-23,LigaMX,Juarez,Santos Laguna,0.7056973693371145,0.7111773663147333,1,v1-backfill,1.0
Brasileirao|2025-08-24|Bahia|Santos,2025-08-24,Brasileirao,Bahia,Santos,0.8053159038985921,0.7577311840615457,1,v1-backfill,1.0
Brasileirao|2025-08-24|Juventude|Botafogo RJ,2025-08-24,Brasileirao,Juventude,Botafogo RJ,0.3705252248050627,0.4242354383883067,1,v1-backfill,0.0
Brasileirao|2025-08-24|Fortaleza|Mirassol,2025-08-24,Brasileirao,Fortaleza,Mirassol,0.5590997018539545,0.6387539261679394,1,v1-backfill,0.0
Brasileirao|2025-08-24|Vasco|Corinthians,2025-08-24,Brasileirao,Vasco,Corinthians,0.6411409750513349,0.574181730122952,1,v1-backfill,0.0
LigaMX|2025-08-24|Cruz Azul|Toluca,2025-08-24,LigaMX,Cruz Azul,Toluca,0.5863633739260872,0.6371519512001262,1,v1-backfill,1.0
LigaMX|2025-08-24|Monterrey|Necaxa,2025-08-24,LigaMX,Monterrey,Necaxa,0.7415316989107607,0.7280958448374492,1,v1-backfill,1.0
MLS|2025-08-24|Los Angeles Galaxy|Colorado Rapids,2025-08-24,MLS,Los Angeles Galaxy,Colorado Rapids,0.64817160764039,0.6021880761899197,0,v1-retired-backfill,1.0
MLS|2025-08-24|Nashville SC|Orlando City,2025-08-24,MLS,Nashville SC,Orlando City,0.590976422098061,0.5671041704502746,0,v1-retired-backfill,1.0
MLS|2025-08-24|Real Salt Lake|Minnesota United,2025-08-24,MLS,Real Salt Lake,Minnesota United,0.5757831487534872,0.5610525880521199,0,v1-retired-backfill,0.0
MLS|2025-08-24|CF Montreal|Austin FC,2025-08-24,MLS,CF Montreal,Austin FC,0.5717927654000656,0.5494487523306699,0,v1-retired-backfill,1.0
MLS|2025-08-24|Philadelphia Union|Chicago Fire,2025-08-24,MLS,Philadelphia Union,Chicago Fire,0.7705340845665551,0.7060665931555224,0,v1-retired-backfill,1.0
MLS|2025-08-24|FC Cincinnati|New York City,2025-08-24,MLS,FC Cincinnati,New York City,0.7133375637314817,0.6898933082300184,0,v1-retired-backfill,0.0
MLS|2025-08-24|Houston Dynamo|San Jose Earthquakes,2025-08-24,MLS,Houston Dynamo,San Jose Earthquakes,0.7269324533588639,0.703701530651701,0,v1-retired-backfill,0.0
MLS|2025-08-24|Columbus Crew|New England Revolution,2025-08-24,MLS,Columbus Crew,New England Revolution,0.8309381233936227,0.7862648485606842,0,v1-retired-backfill,0.0
MLS|2025-08-24|Vancouver Whitecaps|St. Louis City,2025-08-24,MLS,Vancouver Whitecaps,St. Louis City,0.8303846891885414,0.7662670664242416,0,v1-retired-backfill,1.0
Brasileirao|2025-08-25|Sao Paulo|Atletico-MG,2025-08-25,Brasileirao,Sao Paulo,Atletico-MG,0.6991423536860697,0.6507540021902828,1,v1-backfill,1.0
Brasileirao|2025-08-25|Palmeiras|Sport Recife,2025-08-25,Brasileirao,Palmeiras,Sport Recife,0.8990839671759028,0.8635208802459685,1,v1-backfill,1.0
LigaMX|2025-08-25|Atlas|Club America,2025-08-25,LigaMX,Atlas,Club America,0.3277749566278677,0.4406187533409885,1,v1-backfill,0.0
MLS|2025-08-25|Charlotte|New York Red Bulls,2025-08-25,MLS,Charlotte,New York Red Bulls,0.6928593537655902,0.6475778587733704,0,v1-retired-backfill,1.0
MLS|2025-08-25|Seattle Sounders|Sporting Kansas City,2025-08-25,MLS,Seattle Sounders,Sporting Kansas City,0.8268588038299505,0.7743884720010494,0,v1-retired-backfill,1.0
Brasileirao|2025-08-26|Flamengo RJ|Vitoria,2025-08-26,Brasileirao,Flamengo RJ,Vitoria,0.8696219246644241,0.8085127359485808,1,v1-backfill,1.0
Brasileirao|2025-08-30|Ceara|Juventude,2025-08-30,Brasileirao,Ceara,Juventude,0.7672420973747798,0.6456122159021157,1,v1-backfill,0.0
Brasileirao|2025-08-30|Botafogo RJ|Bragantino,2025-08-30,Brasileirao,Botafogo RJ,Bragantino,0.8180136418549412,0.7467753670789251,1,v1-backfill,1.0
LigaMX|2025-08-30|Puebla|Monterrey,2025-08-30,LigaMX,Puebla,Monterrey,0.2630011856826186,0.3689969203924406,1,v1-backfill,0.0
LigaMX|2025-08-30|Atl. San Luis|Toluca,2025-08-30,LigaMX,Atl. San Luis,Toluca,0.3758611682271655,0.4819607402771408,1,v1-backfill,0.0
LigaMX|2025-08-30|Juarez|Mazatlan FC,2025-08-30,LigaMX,Juarez,Mazatlan FC,0.6475409699378498,0.6639501198860728,1,v1-backfill,1.0
Brasileirao|2025-08-31|Vitoria|Atletico-MG,2025-08-31,Brasileirao,Vitoria,Atletico-MG,0.5979725548898199,0.5598623127257264,1,v1-backfill,1.0
Brasileirao|2025-08-31|Mirassol|Bahia,2025-08-31,Brasileirao,Mirassol,Bahia,0.671938646202999,0.5554238368774913,1,v1-backfill,1.0
Brasileirao|2025-08-31|Cruzeiro|Sao Paulo,2025-08-31,Brasileirao,Cruzeiro,Sao Paulo,0.7119749464548041,0.6389916264075328,1,v1-backfill,1.0
LigaMX|2025-08-31|Club America|Pachuca,2025-08-31,LigaMX,Club America,Pachuca,0.758856413564345,0.7254630481139912,1,v1-backfill,1.0
LigaMX|2025-08-31|Guadalajara Chivas|Cruz Azul,2025-08-31,LigaMX,Guadalajara Chivas,Cruz Azul,0.4176921404786113,0.4705063439910594,1,v1-backfill,0.0
LigaMX|2025-08-31|UNAM Pumas|Atlas,2025-08-31,LigaMX,UNAM Pumas,Atlas,0.6888408741927317,0.6634180412612327,1,v1-backfill,1.0
LigaMX|2025-08-31|Club Leon|Queretaro,2025-08-31,LigaMX,Club Leon,Queretaro,0.7218644963004358,0.6980929605924304,1,v1-backfill,1.0
LigaMX|2025-08-31|Santos Laguna|Tigres UANL,2025-08-31,LigaMX,Santos Laguna,Tigres UANL,0.3175296844460158,0.3941590657887903,1,v1-backfill,0.0
MLS|2025-08-31|Sporting Kansas City|Colorado Rapids,2025-08-31,MLS,Sporting Kansas City,Colorado Rapids,0.6224852253476881,0.5621964854524221,0,v1-retired-backfill,1.0
MLS|2025-08-31|FC Cincinnati|Philadelphia Union,2025-08-31,MLS,FC Cincinnati,Philadelphia Union,0.6332368056191082,0.6526593481075789,0,v1-retired-backfill,0.0
MLS|2025-08-31|New York City|DC United,2025-08-31,MLS,New York City,DC United,0.857278566852391,0.7810658643743071,0,v1-retired-backfill,0.0
MLS|2025-08-31|Austin FC|San Jose Earthquakes,2025-08-31,MLS,Austin FC,San Jose Earthquakes,0.6920575581940387,0.6756651618055568,0,v1-retired-backfill,1.0
MLS|2025-08-31|Nashville SC|Atlanta Utd,2025-08-31,MLS,Nashville SC,Atlanta Utd,0.8031121726996574,0.723758011257419,0,v1-retired-backfill,0.0
MLS|2025-08-31|St. Louis City|Houston Dynamo,2025-08-31,MLS,St. Louis City,Houston Dynamo,0.576372664329776,0.5274649156472896,0,v1-retired-backfill,0.0
MLS|2025-08-31|New England Revolution|Charlotte,2025-08-31,MLS,New England Revolution,Charlotte,0.5214579600337633,0.5097475846436329,0,v1-retired-backfill,0.0
Brasileirao|2025-09-01|Sport Recife|Vasco,2025-09-01,Brasileirao,Sport Recife,Vasco,0.5329606960268407,0.5325091782664395,1,v1-backfill,0.0
Brasileirao|2025-09-01|Internacional|Fortaleza,2025-09-01,Brasileirao,Internacional,Fortaleza,0.7305147048777143,0.6904607927093278,1,v1-backfill,1.0
LigaMX|2025-09-01|Club Tijuana|Necaxa,2025-09-01,LigaMX,Club Tijuana,Necaxa,0.6202596946785185,0.6379993195875346,1,v1-backfill,1.0
MLS|2025-09-01|Los Angeles FC|San Diego FC,2025-09-01,MLS,Los Angeles FC,San Diego FC,0.6968242072209854,0.7028587946565181,0,v1-retired-backfill,0.0
MLS|2025-09-07|Chicago Fire|New England Revolution,2025-09-07,MLS,Chicago Fire,New England Revolution,0.7031969524786519,0.6747004650455621,0,v1-retired-backfill,1.0
MLS|2025-09-08|Sporting Kansas City|Austin FC,2025-09-08,MLS,Sporting Kansas City,Austin FC,0.5946456535471081,0.5430986313765283,0,v1-retired-backfill,0.0
Brasileirao|2025-09-13|Palmeiras|Internacional,2025-09-13,Brasileirao,Palmeiras,Internacional,0.7879990779598757,0.744091211284333,1,v1-backfill,1.0
Brasileirao|2025-09-13|Gremio|Mirassol,2025-09-13,Brasileirao,Gremio,Mirassol,0.5415359206921774,0.6219699882003971,1,v1-backfill,0.0
Brasileirao|2025-09-13|Fortaleza|Vitoria,2025-09-13,Brasileirao,Fortaleza,Vitoria,0.6900918368986276,0.6310203505065337,1,v1-backfill,1.0
LigaMX|2025-09-13|Mazatlan FC|UNAM Pumas,2025-09-13,LigaMX,Mazatlan FC,UNAM Pumas,0.5238505773823589,0.5513231394808975,1,v1-backfill,0.0
Brasileirao|2025-09-14|Fluminense|Corinthians,2025-09-14,Brasileirao,Fluminense,Corinthians,0.6442711742128159,0.6214984567562306,1,v1-backfill,0.0
Brasileirao|2025-09-14|Juventude|Flamengo RJ,2025-09-14,Brasileirao,Juventude,Flamengo RJ,0.2764601539561767,0.3726328912071999,1,v1-backfill,0.0
Brasileirao|2025-09-14|Sao Paulo|Botafogo RJ,2025-09-14,Brasileirao,Sao Paulo,Botafogo RJ,0.5398335924906403,0.5432993740786152,1,v1-backfill,1.0
LigaMX|2025-09-14|Pachuca|Cruz Azul,2025-09-14,LigaMX,Pachuca,Cruz Azul,0.4848360293325693,0.510353892796275,1,v1-backfill,0.0
LigaMX|2025-09-14|Toluca|Puebla,2025-09-14,LigaMX,Toluca,Puebla,0.9048019676090348,0.8428346300369028,1,v1-backfill,1.0
LigaMX|2025-09-14|Club America|Guadalajara Chivas,2025-09-14,LigaMX,Club America,Guadalajara Chivas,0.8236684192543111,0.7804857877309452,1,v1-backfill,0.0
MLS|2025-09-14|Chicago Fire|New York City,2025-09-14,MLS,Chicago Fire,New York City,0.6411236514926211,0.5620166665460564,0,v1-retired-backfill,0.0
MLS|2025-09-14|Atlanta Utd|Columbus Crew,2025-09-14,MLS,Atlanta Utd,Columbus Crew,0.5072939697982815,0.4846919079645431,0,v1-retired-backfill,0.0
MLS|2025-09-14|CF Montreal|St. Louis City,2025-09-14,MLS,CF Montreal,St. Louis City,0.655981193627289,0.6790356005376155,0,v1-retired-backfill,0.0
MLS|2025-09-14|FC Cincinnati|Nashville SC,2025-09-14,MLS,FC Cincinnati,Nashville SC,0.6902931300593496,0.6836988561502413,0,v1-retired-backfill,1.0
MLS|2025-09-14|FC Dallas|Austin FC,2025-09-14,MLS,FC Dallas,Austin FC,0.6486515207786461,0.5834839276130831,0,v1-retired-backfill,1.0
MLS|2025-09-14|Colorado Rapids|Houston Dynamo,2025-09-14,MLS,Colorado Rapids,Houston Dynamo,0.5846116747481238,0.587886196982164,0,v1-retired-backfill,1.0
MLS|2025-09-14|Real Salt Lake|Sporting Kansas City,2025-09-14,MLS,Real Salt Lake,Sporting Kansas City,0.7212637347793147,0.7078933481218076,0,v1-retired-backfill,1.0
MLS|2025-09-14|Vancouver Whitecaps|Philadelphia Union,2025-09-14,MLS,Vancouver Whitecaps,Philadelphia Union,0.6293919021547008,0.5951242781545707,0,v1-retired-backfill,1.0
MLS|2025-09-14|San Diego FC|Minnesota United,2025-09-14,MLS,San Diego FC,Minnesota United,0.6881203931038002,0.5800189522667957,0,v1-retired-backfill,0.0
MLS|2025-09-14|Charlotte|Inter Miami,2025-09-14,MLS,Charlotte,Inter Miami,0.60658992433036,0.5682741893018304,0,v1-retired-backfill,1.0
MLS|2025-09-14|Portland Timbers|New York Red Bulls,2025-09-14,MLS,Portland Timbers,New York Red Bulls,0.6470139405064506,0.6191472810118569,0,v1-retired-backfill,1.0
MLS|2025-09-14|San Jose Earthquakes|Los Angeles FC,2025-09-14,MLS,San Jose Earthquakes,Los Angeles FC,0.4878596105866503,0.4736528726371137,0,v1-retired-backfill,0.0
LigaMX|2025-09-15|Queretaro|Monterrey,2025-09-15,LigaMX,Queretaro,Monterrey,0.3195205260071707,0.4179245883801235,1,v1-backfill,0.0
Brasileirao|2025-09-16|Bahia|Cruzeiro,2025-09-16,Brasileirao,Bahia,Cruzeiro,0.5923206184825519,0.5971753685730422,1,v1-backfill,0.0
MLS|2025-09-17|Inter Miami|Seattle Sounders,2025-09-17,MLS,Inter Miami,Seattle Sounders,0.691542954916968,0.6614564450241365,0,v1-retired-backfill,1.0
MLS|2025-09-18|Real Salt Lake|Los Angeles FC,2025-09-18,MLS,Real Salt Lake,Los Angeles FC,0.5351778039040626,0.5312567713670008,0,v1-retired-backfill,0.0
MLS|2025-09-18|New York City|Columbus Crew,2025-09-18,MLS,New York City,Columbus Crew,0.6408311427792284,0.5851875798351056,0,v1-retired-backfill,1.0
Brasileirao|2025-09-20|Vitoria|Fluminense,2025-09-20,Brasileirao,Vitoria,Fluminense,0.592216803051193,0.5715259780050276,1,v1-backfill,0.0
Brasileirao|2025-09-20|Botafogo RJ|Atletico-MG,2025-09-20,Brasileirao,Botafogo RJ,Atletico-MG,0.8148034945562667,0.730311966276516,1,v1-backfill,1.0
LigaMX|2025-09-20|Club Tijuana|Club Leon,2025-09-20,LigaMX,Club Tijuana,Club Leon,0.6228266139416999,0.6249582974317655,1,v1-backfill,1.0
LigaMX|2025-09-20|Necaxa|Puebla,2025-09-20,LigaMX,Necaxa,Puebla,0.7758972328539493,0.7425376705673725,1,v1-backfill,1.0
LigaMX|2025-09-20|Cruz Azul|Juarez,2025-09-20,LigaMX,Cruz Azul,Juarez,0.8201549687452838,0.7832847329847804,1,v1-backfill,1.0
MLS|2025-09-20|Philadelphia Union|New England Revolution,2025-09-20,MLS,Philadelphia Union,New England Revolution,0.8272266923352736,0.7700418474228696,0,v1-retired-backfill,1.0
MLS|2025-09-20|New York City|Charlotte,2025-09-20,MLS,New York City,Charlotte,0.658013680146763,0.6237357592820042,0,v1-retired-backfill,1.0
Brasileirao|2025-09-21|Mirassol|Juventude,2025-09-21,Brasileirao,Mirassol,Juventude,0.8620154833604161,0.7177129790923509,1,v1-backfill,1.0
Brasileirao|2025-09-21|Internacional|Gremio,2025-09-21,Brasileirao,Internacional,Gremio,0.7152451380867441,0.6852341097767812,1,v1-backfill,0.0
Brasileirao|2025-09-21|Palmeiras|Fortaleza,2025-09-21,Brasileirao,Palmeiras,Fortaleza,0.8473034626065468,0.8018886219617876,1,v1-backfill,1.0
Brasileirao|2025-09-21|Sport Recife|Corinthians,2025-09-21,Brasileirao,Sport Recife,Corinthians,0.4474282681349253,0.4303365605093092,1,v1-backfill,1.0
LigaMX|2025-09-21|Pachuca|Queretaro,2025-09-21,LigaMX,Pachuca,Queretaro,0.7763143645617261,0.7372705807697321,1,v1-backfill,0.0
LigaMX|2025-09-21|Guadalajara Chivas|Toluca,2025-09-21,LigaMX,Guadalajara Chivas,Toluca,0.4098142766415283,0.4902564932763344,1,v1-backfill,0.0
MLS|2025-09-21|Minnesota United|Chicago Fire,2025-09-21,MLS,Minnesota United,Chicago Fire,0.7944825169758837,0.7284916854477184,0,v1-retired-backfill,0.0
MLS|2025-09-21|CF Montreal|New York Red Bulls,2025-09-21,MLS,CF Montreal,New York Red Bulls,0.5293741959084594,0.5354533734658675,0,v1-retired-backfill,0.0
MLS|2025-09-21|Inter Miami|DC United,2025-09-21,MLS,Inter Miami,DC United,0.8850834332151651,0.8053449293774934,0,v1-retired-backfill,1.0
MLS|2025-09-21|Orlando City|Nashville SC,2025-09-21,MLS,Orlando City,Nashville SC,0.7216845133147479,0.6849599117397424,0,v1-retired-backfill,1.0
MLS|2025-09-21|FC Dallas|Colorado Rapids,2025-09-21,MLS,FC Dallas,Colorado Rapids,0.7118167084680654,0.6330729797438189,0,v1-retired-backfill,1.0
MLS|2025-09-21|Houston Dynamo|Portland Timbers,2025-09-21,MLS,Houston Dynamo,Portland Timbers,0.6455966249324043,0.5965940900194755,0,v1-retired-backfill,1.0
MLS|2025-09-21|Sporting Kansas City|Vancouver Whitecaps,2025-09-21,MLS,Sporting Kansas City,Vancouver Whitecaps,0.4254764006372021,0.4459191367504165,0,v1-retired-backfill,0.0
MLS|2025-09-21|San Jose Earthquakes|St. Louis City,2025-09-21,MLS,San Jose Earthquakes,St. Louis City,0.7030371259458831,0.6514254478862513,0,v1-retired-backfill,0.0
MLS|2025-09-21|Los Angeles Galaxy|FC Cincinnati,2025-09-21,MLS,Los Angeles Galaxy,FC Cincinnati,0.5495623877787216,0.4942302930269991,0,v1-retired-backfill,0.0
Brasileirao|2025-09-22|Santos|Sao Paulo,2025-09-22,Brasileirao,Santos,Sao Paulo,0.482920384571692,0.4665051200273191,1,v1-backfill,1.0
Brasileirao|2025-09-22|Cruzeiro|Bragantino,2025-09-22,Brasileirao,Cruzeiro,Bragantino,0.8105887654337615,0.7273828178311768,1,v1-backfill,1.0
LigaMX|2025-09-22|Santos Laguna|Atl. San Luis,2025-09-22,LigaMX,Santos Laguna,Atl. San Luis,0.4876198373572804,0.5249815424301061,1,v1-backfill,0.0
MLS|2025-09-22|Los Angeles FC|Real Salt Lake,2025-09-22,MLS,Los Angeles FC,Real Salt Lake,0.8091611657908321,0.7327919130677754,0,v1-retired-backfill,1.0
MLS|2025-09-22|Austin FC|Seattle Sounders,2025-09-22,MLS,Austin FC,Seattle Sounders,0.5452414539030263,0.5526641197240563,0,v1-retired-backfill,1.0
Brasileirao|2025-09-24|Vasco|Bahia,2025-09-24,Brasileirao,Vasco,Bahia,0.6006623776108705,0.5535232508062806,1,v1-backfill,1.0
LigaMX|2025-09-24|Guadalajara Chivas|Necaxa,2025-09-24,LigaMX,Guadalajara Chivas,Necaxa,0.6203320847714944,0.6321325779522188,1,v1-backfill,1.0
LigaMX|2025-09-24|Juarez|UNAM Pumas,2025-09-24,LigaMX,Juarez,UNAM Pumas,0.5670531884885365,0.5927307214130156,1,v1-backfill,1.0
LigaMX|2025-09-25|Santos Laguna|Club Tijuana,2025-09-25,LigaMX,Santos Laguna,Club Tijuana,0.3696622282165173,0.457623346951916,1,v1-backfill,1.0
LigaMX|2025-09-25|Toluca|Monterrey,2025-09-25,LigaMX,Toluca,Monterrey,0.6688701669131698,0.6429644248805507,1,v1-backfill,1.0
LigaMX|2025-09-25|Tigres UANL|Atlas,2025-09-25,LigaMX,Tigres UANL,Atlas,0.8084788095965969,0.762508954597458,1,v1-backfill,1.0
LigaMX|2025-09-25|Atl. San Luis|Club America,2025-09-25,LigaMX,Atl. San Luis,Club America,0.3559435263534805,0.4508741770814781,1,v1-backfill,0.0
MLS|2025-09-25|New York City|Inter Miami,2025-09-25,MLS,New York City,Inter Miami,0.6207342631469175,0.5810875506717478,0,v1-retired-backfill,0.0
Brasileirao|2025-09-27|Fortaleza|Sport Recife,2025-09-27,Brasileirao,Fortaleza,Sport Recife,0.7617025949567975,0.7242727410976252,1,v1-backfill,1.0
Brasileirao|2025-09-27|Vasco|Cruzeiro,2025-09-27,Brasileirao,Vasco,Cruzeiro,0.5154796849963486,0.4993416026207676,1,v1-backfill,1.0
LigaMX|2025-09-27|Juarez|Club Leon,2025-09-27,LigaMX,Juarez,Club Leon,0.6056142980453932,0.616077467781403,1,v1-backfill,1.0
Brasileirao|2025-09-28|Bahia|Palmeiras,2025-09-28,Brasileirao,Bahia,Palmeiras,0.4878506675765196,0.4599111310254501,1,v1-backfill,1.0
Brasileirao|2025-09-28|Gremio|Vitoria,2025-09-28,Brasileirao,Gremio,Vitoria,0.7542025020019455,0.6780031468711482,1,v1-backfill,1.0
Brasileirao|2025-09-28|Fluminense|Botafogo RJ,2025-09-28,Brasileirao,Fluminense,Botafogo RJ,0.4793005195815106,0.5221482291862093,1,v1-backfill,1.0
Brasileirao|2025-09-28|Atletico-MG|Mirassol,2025-09-28,Brasileirao,Atletico-MG,Mirassol,0.5152818726309579,0.6012944871080236,1,v1-backfill,1.0
LigaMX|2025-09-28|Club America|UNAM Pumas,2025-09-28,LigaMX,Club America,UNAM Pumas,0.7939904828887251,0.7613286205033147,1,v1-backfill,1.0
LigaMX|2025-09-28|Toluca|Mazatlan FC,2025-09-28,LigaMX,Toluca,Mazatlan FC,0.8734820722419834,0.8170548332265051,1,v1-backfill,1.0
LigaMX|2025-09-28|Monterrey|Santos Laguna,2025-09-28,LigaMX,Monterrey,Santos Laguna,0.8568541027484857,0.8289328851525823,1,v1-backfill,1.0
LigaMX|2025-09-28|Puebla|Guadalajara Chivas,2025-09-28,LigaMX,Puebla,Guadalajara Chivas,0.3876954113814859,0.4692799500629786,1,v1-backfill,0.0
LigaMX|2025-09-28|Pachuca|Atl. San Luis,2025-09-28,LigaMX,Pachuca,Atl. San Luis,0.6798679743558135,0.6710119392029255,1,v1-backfill,1.0
LigaMX|2025-09-28|Atlas|Necaxa,2025-09-28,LigaMX,Atlas,Necaxa,0.5371362299795087,0.5926836550834873,1,v1-backfill,1.0
MLS|2025-09-28|Chicago Fire|Columbus Crew,2025-09-28,MLS,Chicago Fire,Columbus Crew,0.5864476672940069,0.5259731109897797,0,v1-retired-backfill,1.0
MLS|2025-09-28|San Diego FC|San Jose Earthquakes,2025-09-28,MLS,San Diego FC,San Jose Earthquakes,0.8121064484318188,0.7278423283644144,0,v1-retired-backfill,0.0
MLS|2025-09-28|Charlotte|CF Montreal,2025-09-28,MLS,Charlotte,CF Montreal,0.8346985966839389,0.7668219197969147,0,v1-retired-backfill,0.0
MLS|2025-09-28|DC United|Philadelphia Union,2025-09-28,MLS,DC United,Philadelphia Union,0.4015208181885801,0.4348728533286315,0,v1-retired-backfill,0.0
MLS|2025-09-28|New York Red Bulls|New York City,2025-09-28,MLS,New York Red Bulls,New York City,0.6407119553943947,0.5786493438909529,0,v1-retired-backfill,0.0
MLS|2025-09-28|New England Revolution|Atlanta Utd,2025-09-28,MLS,New England Revolution,Atlanta Utd,0.6527560173291768,0.5965496606808607,0,v1-retired-backfill,1.0
MLS|2025-09-28|Los Angeles Galaxy|Sporting Kansas City,2025-09-28,MLS,Los Angeles Galaxy,Sporting Kansas City,0.7396609743847609,0.6952759258493612,0,v1-retired-backfill,1.0
MLS|2025-09-28|St. Louis City|Los Angeles FC,2025-09-28,MLS,St. Louis City,Los Angeles FC,0.4181251937800341,0.4222586315206173,0,v1-retired-backfill,0.0
MLS|2025-09-28|Real Salt Lake|Austin FC,2025-09-28,MLS,Real Salt Lake,Austin FC,0.6433578586650424,0.5963784648362,0,v1-retired-backfill,1.0
MLS|2025-09-28|Nashville SC|Houston Dynamo,2025-09-28,MLS,Nashville SC,Houston Dynamo,0.7221343113483577,0.6466088155960755,0,v1-retired-backfill,1.0
Brasileirao|2025-09-29|Corinthians|Flamengo RJ,2025-09-29,Brasileirao,Corinthians,Flamengo RJ,0.4275177208924918,0.4756215177337504,1,v1-backfill,0.0
LigaMX|2025-09-29|Club Tijuana|Cruz Azul,2025-09-29,LigaMX,Club Tijuana,Cruz Azul,0.4469752134954525,0.4638218057280946,1,v1-backfill,1.0
LigaMX|2025-09-29|Queretaro|Tigres UANL,2025-09-29,LigaMX,Queretaro,Tigres UANL,0.3680151172238433,0.4464714966144514,1,v1-backfill,0.0
Brasileirao|2025-09-30|Sao Paulo|Ceara,2025-09-30,Brasileirao,Sao Paulo,Ceara,0.7626304503774064,0.7416504051914804,1,v1-backfill,0.0
Brasileirao|2025-10-01|Palmeiras|Vasco,2025-10-01,Brasileirao,Palmeiras,Vasco,0.8124040862637489,0.7895023803474716,1,v1-backfill,1.0
MLS|2025-10-01|Inter Miami|Chicago Fire,2025-10-01,MLS,Inter Miami,Chicago Fire,0.8008243072579607,0.7477372777579375,0,v1-retired-backfill,0.0
Brasileirao|2025-10-02|Fortaleza|Sao Paulo,2025-10-02,Brasileirao,Fortaleza,Sao Paulo,0.5886535543839359,0.5697457858071211,1,v1-backfill,0.0
Brasileirao|2025-10-02|Vitoria|Ceara,2025-10-02,Brasileirao,Vitoria,Ceara,0.6048996149770673,0.6235751630241028,1,v1-backfill,1.0
Brasileirao|2025-10-02|Botafogo RJ|Bahia,2025-10-02,Brasileirao,Botafogo RJ,Bahia,0.765404467954397,0.6964375936409577,1,v1-backfill,1.0
Brasileirao|2025-10-04|Bragantino|Gremio,2025-10-04,Brasileirao,Bragantino,Gremio,0.6309699613951616,0.5990244354691854,1,v1-backfill,1.0
Brasileirao|2025-10-04|Fluminense|Atletico-MG,2025-10-04,Brasileirao,Fluminense,Atletico-MG,0.6966996426015301,0.6543201968218447,1,v1-backfill,1.0
Brasileirao|2025-10-04|Internacional|Botafogo RJ,2025-10-04,Brasileirao,Internacional,Botafogo RJ,0.5165976375583518,0.529327811594348,1,v1-backfill,1.0
LigaMX|2025-10-04|Atlas|Juarez,2025-10-04,LigaMX,Atlas,Juarez,0.5341946782353075,0.5802639260936225,1,v1-backfill,1.0
LigaMX|2025-10-04|Mazatlan FC|Atl. San Luis,2025-10-04,LigaMX,Mazatlan FC,Atl. San Luis,0.5330928310992991,0.5807228101002949,1,v1-backfill,1.0
LigaMX|2025-10-04|Necaxa|Pachuca,2025-10-04,LigaMX,Necaxa,Pachuca,0.5250037644811228,0.5721915483305985,1,v1-backfill,0.0
MLS|2025-10-04|DC United|Charlotte,2025-10-04,MLS,DC United,Charlotte,0.4230031713914509,0.4646452732790163,0,v1-retired-backfill,0.0
MLS|2025-10-04|FC Dallas|Los Angeles Galaxy,2025-10-04,MLS,FC Dallas,Los Angeles Galaxy,0.7007259476496475,0.6461427702062204,0,v1-retired-backfill,1.0
Brasileirao|2025-10-05|Sao Paulo|Palmeiras,2025-10-05,Brasileirao,Sao Paulo,Palmeiras,0.4952805263025495,0.4867592258484504,1,v1-backfill,0.0
Brasileirao|2025-10-05|Vasco|Vitoria,2025-10-05,Brasileirao,Vasco,Vitoria,0.7575131511826902,0.663184663836963,1,v1-backfill,1.0
Brasileirao|2025-10-05|Bahia|Flamengo RJ,2025-10-05,Brasileirao,Bahia,Flamengo RJ,0.4319642922959525,0.4730859016716565,1,v1-backfill,1.0
Brasileirao|2025-10-05|Corinthians|Mirassol,2025-10-05,Brasileirao,Corinthians,Mirassol,0.5888450349821063,0.6367138281325744,1,v1-backfill,1.0
Brasileirao|2025-10-05|Juventude|Fortaleza,2025-10-05,Brasileirao,Juventude,Fortaleza,0.6054966558654652,0.5795020415224397,1,v1-backfill,0.0
LigaMX|2025-10-05|Club America|Santos Laguna,2025-10-05,LigaMX,Club America,Santos Laguna,0.895276113984661,0.8553743557048197,1,v1-backfill,1.0
LigaMX|2025-10-05|Queretaro|Puebla,2025-10-05,LigaMX,Queretaro,Puebla,0.7245886700563637,0.7081385254020203,1,v1-backfill,1.0
LigaMX|2025-10-05|Club Leon|Toluca,2025-10-05,LigaMX,Club Leon,Toluca,0.3193490083190013,0.4568474176355983,1,v1-backfill,0.0
MLS|2025-10-05|Minnesota United|Sporting Kansas City,2025-10-05,MLS,Minnesota United,Sporting Kansas City,0.8453031089019643,0.790286823046143,0,v1-retired-backfill,1.0
MLS|2025-10-05|Houston Dynamo|San Diego FC,2025-10-05,MLS,Houston Dynamo,San Diego FC,0.5820972856384669,0.6154542890351188,0,v1-retired-backfill,0.0
MLS|2025-10-05|Seattle Sounders|Portland Timbers,2025-10-05,MLS,Seattle Sounders,Portland Timbers,0.7419533307203897,0.6736766926000426,0,v1-retired-backfill,1.0
MLS|2025-10-05|Austin FC|St. Louis City,2025-10-05,MLS,Austin FC,St. Louis City,0.7434408147098182,0.7189174190231987,0,v1-retired-backfill,0.0
MLS|2025-10-05|New York Red Bulls|FC Cincinnati,2025-10-05,MLS,New York Red Bulls,FC Cincinnati,0.5989562217352049,0.5267858500972872,0,v1-retired-backfill,0.0
MLS|2025-10-05|Real Salt Lake|Colorado Rapids,2025-10-05,MLS,Real Salt Lake,Colorado Rapids,0.7089336185289149,0.6536867259178004,0,v1-retired-backfill,1.0
MLS|2025-10-05|Inter Miami|New England Revolution,2025-10-05,MLS,Inter Miami,New England Revolution,0.847519996359174,0.7934602836563899,0,v1-retired-backfill,1.0
MLS|2025-10-05|Philadelphia Union|New York City,2025-10-05,MLS,Philadelphia Union,New York City,0.7247686070413505,0.6437009031994259,0,v1-retired-backfill,1.0
MLS|2025-10-05|Vancouver Whitecaps|San Jose Earthquakes,2025-10-05,MLS,Vancouver Whitecaps,San Jose Earthquakes,0.83304207317108,0.7644033530805335,0,v1-retired-backfill,1.0
Brasileirao|2025-10-06|Ceara|Santos,2025-10-06,Brasileirao,Ceara,Santos,0.7114743987646993,0.6356365702162416,1,v1-backfill,1.0
LigaMX|2025-10-06|UNAM Pumas|Guadalajara Chivas,2025-10-06,LigaMX,UNAM Pumas,Guadalajara Chivas,0.5851132506437265,0.6184515395407144,1,v1-backfill,0.0
MLS|2025-10-06|Los Angeles FC|Atlanta Utd,2025-10-06,MLS,Los Angeles FC,Atlanta Utd,0.8602929039367613,0.7811829938795821,0,v1-retired-backfill,1.0
Brasileirao|2025-10-08|Atletico-MG|Sport Recife,2025-10-08,Brasileirao,Atletico-MG,Sport Recife,0.7749034579760828,0.7424454539329762,1,v1-backfill,1.0
Brasileirao|2025-10-09|Mirassol|Fluminense,2025-10-09,Brasileirao,Mirassol,Fluminense,0.7104985676158074,0.5916597653678217,1,v1-backfill,1.0
MLS|2025-10-09|Los Angeles FC|Toronto FC,2025-10-09,MLS,Los Angeles FC,Toronto FC,0.8510742919996463,0.7985526490983521,0,v1-retired-backfill,1.0
Brasileirao|2025-10-11|Palmeiras|Juventude,2025-10-11,Brasileirao,Palmeiras,Juventude,0.9042184888456292,0.8490174929166999,1,v1-backfill,1.0
MLS|2025-10-12|Seattle Sounders|Real Salt Lake,2025-10-12,MLS,Seattle Sounders,Real Salt Lake,0.766185402201621,0.6943646075786948,0,v1-retired-backfill,1.0
MLS|2025-10-12|Orlando City|Vancouver Whitecaps,2025-10-12,MLS,Orlando City,Vancouver Whitecaps,0.638202411214624,0.6356458505772351,0,v1-retired-backfill,0.0
MLS|2025-10-12|Inter Miami|Atlanta Utd,2025-10-12,MLS,Inter Miami,Atlanta Utd,0.8473316953713779,0.7912428467720877,0,v1-retired-backfill,1.0
MLS|2025-10-12|Los Angeles Galaxy|FC Dallas,2025-10-12,MLS,Los Angeles Galaxy,FC Dallas,0.630230950090617,0.5911818956181192,0,v1-retired-backfill,1.0
MLS|2025-10-13|Austin FC|Los Angeles FC,2025-10-13,MLS,Austin FC,Los Angeles FC,0.4317315530556465,0.4812095025987371,0,v1-retired-backfill,1.0
Brasileirao|2025-10-15|Botafogo RJ|Flamengo RJ,2025-10-15,Brasileirao,Botafogo RJ,Flamengo RJ,0.5577804200850106,0.5660239670842405,1,v1-backfill,0.0
Brasileirao|2025-10-15|Palmeiras|Bragantino,2025-10-15,Brasileirao,Palmeiras,Bragantino,0.8728436688678666,0.8027228423167546,1,v1-backfill,1.0
Brasileirao|2025-10-16|Mirassol|Internacional,2025-10-16,Brasileirao,Mirassol,Internacional,0.7393054767616749,0.604273203081503,1,v1-backfill,1.0
Brasileirao|2025-10-16|Gremio|Sao Paulo,2025-10-16,Brasileirao,Gremio,Sao Paulo,0.609841138597186,0.5866680735979791,1,v1-backfill,1.0
Brasileirao|2025-10-16|Santos|Corinthians,2025-10-16,Brasileirao,Santos,Corinthians,0.5192493579415566,0.5065446725530569,1,v1-backfill,1.0
Brasileirao|2025-10-16|Fortaleza|Vasco,2025-10-16,Brasileirao,Fortaleza,Vasco,0.6165759302459654,0.6153317041605845,1,v1-backfill,0.0
Brasileirao|2025-10-17|Vitoria|Bahia,2025-10-17,Brasileirao,Vitoria,Bahia,0.5225556738343037,0.5157725038276789,1,v1-backfill,1.0
Brasileirao|2025-10-17|Fluminense|Juventude,2025-10-17,Brasileirao,Fluminense,Juventude,0.8039731533556022,0.7422208703691835,1,v1-backfill,1.0
Brasileirao|2025-10-18|Corinthians|Atletico-MG,2025-10-18,Brasileirao,Corinthians,Atletico-MG,0.70793598348257,0.6454300130026799,1,v1-backfill,1.0
LigaMX|2025-10-18|Atl. San Luis|Atlas,2025-10-18,LigaMX,Atl. San Luis,Atlas,0.6393788480923569,0.6179329756204139,1,v1-backfill,1.0
LigaMX|2025-10-18|Puebla|Club Tijuana,2025-10-18,LigaMX,Puebla,Club Tijuana,0.3130309495887116,0.4306494221932046,1,v1-backfill,1.0
LigaMX|2025-10-18|Tigres UANL|Necaxa,2025-10-18,LigaMX,Tigres UANL,Necaxa,0.7954294979884784,0.7667846435901897,1,v1-backfill,1.0
MLS|2025-10-18|Nashville SC|Inter Miami,2025-10-18,MLS,Nashville SC,Inter Miami,0.526637856150791,0.5200139059512354,0,v1-retired-backfill,0.0
MLS|2025-10-18|Toronto FC|Orlando City,2025-10-18,MLS,Toronto FC,Orlando City,0.4719867065917386,0.4541844524826215,0,v1-retired-backfill,1.0
MLS|2025-10-18|New York City|Seattle Sounders,2025-10-18,MLS,New York City,Seattle Sounders,0.6169419648146744,0.6270490877173159,0,v1-retired-backfill,0.0
MLS|2025-10-18|FC Cincinnati|CF Montreal,2025-10-18,MLS,FC Cincinnati,CF Montreal,0.8358228952669347,0.7909058689484253,0,v1-retired-backfill,1.0
MLS|2025-10-18|Columbus Crew|New York Red Bulls,2025-10-18,MLS,Columbus Crew,New York Red Bulls,0.7247224091454176,0.7067815762539884,0,v1-retired-backfill,1.0
MLS|2025-10-18|Charlotte|Philadelphia Union,2025-10-18,MLS,Charlotte,Philadelphia Union,0.5929345327479861,0.5811783279848002,0,v1-retired-backfill,1.0
Brasileirao|2025-10-19|Flamengo RJ|Palmeiras,2025-10-19,Brasileirao,Flamengo RJ,Palmeiras,0.6822065418902028,0.6092063123508132,1,v1-backfill,1.0
Brasileirao|2025-10-19|Cruzeiro|Fortaleza,2025-10-19,Brasileirao,Cruzeiro,Fortaleza,0.8134971952188451,0.7377740351040984,1,v1-backfill,1.0
Brasileirao|2025-10-19|Ceara|Botafogo RJ,2025-10-19,Brasileirao,Ceara,Botafogo RJ,0.5109170501668706,0.4630463721710481,1,v1-backfill,0.0
Brasileirao|2025-10-19|Internacional|Sport Recife,2025-10-19,Brasileirao,Internacional,Sport Recife,0.8071487622516883,0.7719324840776086,1,v1-backfill,1.0
Brasileirao|2025-10-19|Mirassol|Sao Paulo,2025-10-19,Brasileirao,Mirassol,Sao Paulo,0.7261301384888232,0.6219916879591673,1,v1-backfill,1.0
LigaMX|2025-10-19|Santos Laguna|Club Leon,2025-10-19,LigaMX,Santos Laguna,Club Leon,0.4733349326788152,0.5023531767818066,1,v1-backfill,1.0
LigaMX|2025-10-19|Toluca|Queretaro,2025-10-19,LigaMX,Toluca,Queretaro,0.8774531571588448,0.8194401594015739,1,v1-backfill,1.0
LigaMX|2025-10-19|Guadalajara Chivas|Mazatlan FC,2025-10-19,LigaMX,Guadalajara Chivas,Mazatlan FC,0.7354020226472464,0.7167840610057812,1,v1-backfill,1.0
LigaMX|2025-10-19|Cruz Azul|Club America,2025-10-19,LigaMX,Cruz Azul,Club America,0.5456555530414656,0.6156850322757065,1,v1-backfill,1.0
MLS|2025-10-19|San Jose Earthquakes|Austin FC,2025-10-19,MLS,San Jose Earthquakes,Austin FC,0.577949135051281,0.5466040347067694,0,v1-retired-backfill,1.0
MLS|2025-10-19|Portland Timbers|San Diego FC,2025-10-19,MLS,Portland Timbers,San Diego FC,0.5879304364887289,0.6158330713284121,0,v1-retired-backfill,0.0
MLS|2025-10-19|Vancouver Whitecaps|FC Dallas,2025-10-19,MLS,Vancouver Whitecaps,FC Dallas,0.8015488669238783,0.7299624598875886,0,v1-retired-backfill,0.0
MLS|2025-10-19|Los Angeles Galaxy|Minnesota United,2025-10-19,MLS,Los Angeles Galaxy,Minnesota United,0.5734490873970453,0.5145477921385027,0,v1-retired-backfill,1.0
Brasileirao|2025-10-20|Juventude|Bragantino,2025-10-20,Brasileirao,Juventude,Bragantino,0.5498075079046505,0.5402083050220026,1,v1-backfill,1.0
Brasileirao|2025-10-20|Bahia|Gremio,2025-10-20,Brasileirao,Bahia,Gremio,0.6849484690553264,0.6549943860895105,1,v1-backfill,1.0
Brasileirao|2025-10-20|Vasco|Fluminense,2025-10-20,Brasileirao,Vasco,Fluminense,0.670302942454871,0.5933566726150442,1,v1-backfill,1.0
Brasileirao|2025-10-21|Santos|Vitoria,2025-10-21,Brasileirao,Santos,Vitoria,0.6606898237566623,0.6039596948028827,1,v1-backfill,0.0
Brasileirao|2025-10-22|Bahia|Internacional,2025-10-22,Brasileirao,Bahia,Internacional,0.7049566487636169,0.6360565301772969,1,v1-backfill,1.0
LigaMX|2025-10-22|Monterrey|Juarez,2025-10-22,LigaMX,Monterrey,Juarez,0.7630820234196983,0.7448943330414337,1,v1-backfill,1.0
LigaMX|2025-10-22|Club America|Puebla,2025-10-22,LigaMX,Club America,Puebla,0.9094374729041728,0.8639825243170052,1,v1-backfill,1.0
LigaMX|2025-10-23|Pachuca|Tigres UANL,2025-10-23,LigaMX,Pachuca,Tigres UANL,0.5003228431172144,0.5410469586802106,1,v1-backfill,0.0
LigaMX|2025-10-23|UNAM Pumas|Atl. San Luis,2025-10-23,LigaMX,UNAM Pumas,Atl. San Luis,0.6335449231640209,0.6575077381894295,1,v1-backfill,0.0
LigaMX|2025-10-23|Atlas|Club Leon,2025-10-23,LigaMX,Atlas,Club Leon,0.578120779655649,0.6084520117013951,1,v1-backfill,1.0
LigaMX|2025-10-23|Queretaro|Guadalajara Chivas,2025-10-23,LigaMX,Queretaro,Guadalajara Chivas,0.4603753237955638,0.5214876774266436,1,v1-backfill,1.0
MLS|2025-10-23|Chicago Fire|Orlando City,2025-10-23,MLS,Chicago Fire,Orlando City,0.616938906821853,0.5734976759445605,0,v1-retired-backfill,1.0
MLS|2025-10-23|Portland Timbers|Real Salt Lake,2025-10-23,MLS,Portland Timbers,Real Salt Lake,0.6757484921658894,0.6272085677526118,0,v1-retired-backfill,1.0
Brasileirao|2025-10-25|Fluminense|Internacional,2025-10-25,Brasileirao,Fluminense,Internacional,0.6784309332332786,0.6296196501607788,1,v1-backfill,1.0
Brasileirao|2025-10-25|Sport Recife|Mirassol,2025-10-25,Brasileirao,Sport Recife,Mirassol,0.37787458261775,0.4459544680441478,1,v1-backfill,0.0
Brasileirao|2025-10-25|Vitoria|Corinthians,2025-10-25,Brasileirao,Vitoria,Corinthians,0.5768723340328639,0.5587616584379392,1,v1-backfill,0.0
Brasileirao|2025-10-25|Fortaleza|Flamengo RJ,2025-10-25,Brasileirao,Fortaleza,Flamengo RJ,0.3267878035124157,0.3866435229250254,1,v1-backfill,1.0
Brasileirao|2025-10-25|Atletico-MG|Ceara,2025-10-25,Brasileirao,Atletico-MG,Ceara,0.6787699477550228,0.6864635458686992,1,v1-backfill,1.0
MLS|2025-10-25|Inter Miami|Nashville SC,2025-10-25,MLS,Inter Miami,Nashville SC,0.7908643985274072,0.7411309457140944,0,v1-retired-backfill,1.0
Brasileirao|2025-10-26|Bragantino|Vasco,2025-10-26,Brasileirao,Bragantino,Vasco,0.5831827905961483,0.5862431282143475,1,v1-backfill,0.0
Brasileirao|2025-10-26|Gremio|Juventude,2025-10-26,Brasileirao,Gremio,Juventude,0.7773342399730523,0.7109318180704021,1,v1-backfill,1.0
Brasileirao|2025-10-26|Sao Paulo|Bahia,2025-10-26,Brasileirao,Sao Paulo,Bahia,0.6121652520319484,0.595492785132148,1,v1-backfill,1.0
LigaMX|2025-10-26|Tigres UANL|Club Tijuana,2025-10-26,LigaMX,Tigres UANL,Club Tijuana,0.7251551614441768,0.7393797290701175,1,v1-backfill,1.0
LigaMX|2025-10-26|Santos Laguna|Queretaro,2025-10-26,LigaMX,Santos Laguna,Queretaro,0.5674422689748381,0.5653225360015455,1,v1-backfill,1.0
LigaMX|2025-10-26|Cruz Azul|Monterrey,2025-10-26,LigaMX,Cruz Azul,Monterrey,0.6437850456575034,0.6630145905639793,1,v1-backfill,1.0
LigaMX|2025-10-26|Guadalajara Chivas|Atlas,2025-10-26,LigaMX,Guadalajara Chivas,Atlas,0.7062836098151878,0.6807672392705174,1,v1-backfill,1.0
MLS|2025-10-26|Vancouver Whitecaps|FC Dallas,2025-10-26,MLS,Vancouver Whitecaps,FC Dallas,0.7809331957823552,0.7026539825691182,0,v1-retired-backfill,1.0
LigaMX|2025-10-27|Atl. San Luis|Necaxa,2025-10-27,LigaMX,Atl. San Luis,Necaxa,0.6577374944943766,0.6485639950697191,1,v1-backfill,0.0
MLS|2025-10-27|San Diego FC|Portland Timbers,2025-10-27,MLS,San Diego FC,Portland Timbers,0.7620963784108604,0.655514811998471,0,v1-retired-backfill,1.0
MLS|2025-10-27|FC Cincinnati|Columbus Crew,2025-10-27,MLS,FC Cincinnati,Columbus Crew,0.7049647643881898,0.6584702160109126,0,v1-retired-backfill,1.0
MLS|2025-10-28|Charlotte|New York City,2025-10-28,MLS,Charlotte,New York City,0.6901936946103532,0.6371360847208145,0,v1-retired-backfill,0.0
Brasileirao|2025-10-29|Fluminense|Ceara,2025-10-29,Brasileirao,Fluminense,Ceara,0.73557747601325,0.7294090853806131,1,v1-backfill,1.0
MLS|2025-10-30|Los Angeles FC|Austin FC,2025-10-30,MLS,Los Angeles FC,Austin FC,0.8254031250419089,0.7415031393408892,0,v1-retired-backfill,1.0
Brasileirao|2025-11-01|Cruzeiro|Vitoria,2025-11-01,Brasileirao,Cruzeiro,Vitoria,0.8324347840951297,0.758855313619433,1,v1-backfill,1.0
LigaMX|2025-11-01|Necaxa|Santos Laguna,2025-11-01,LigaMX,Necaxa,Santos Laguna,0.698135883473117,0.7028092440858253,1,v1-backfill,1.0
LigaMX|2025-11-01|Atl. San Luis|Juarez,2025-11-01,LigaMX,Atl. San Luis,Juarez,0.6266592344519425,0.6116303573887352,1,v1-backfill,0.0
LigaMX|2025-11-01|Puebla|Cruz Azul,2025-11-01,LigaMX,Puebla,Cruz Azul,0.2226604314658137,0.299821638909264,1,v1-backfill,0.0
MLS|2025-11-01|Nashville SC|Inter Miami,2025-11-01,MLS,Nashville SC,Inter Miami,0.5098843755208178,0.4841610205960372,0,v1-retired-backfill,1.0
MLS|2025-11-01|Chicago Fire|Philadelphia Union,2025-11-01,MLS,Chicago Fire,Philadelphia Union,0.5962705350387972,0.5603919034603113,0,v1-retired-backfill,0.0
Brasileirao|2025-11-02|Corinthians|Gremio,2025-11-02,Brasileirao,Corinthians,Gremio,0.7038442882763906,0.6613866520287204,1,v1-backfill,1.0
Brasileirao|2025-11-02|Flamengo RJ|Sport Recife,2025-11-02,Brasileirao,Flamengo RJ,Sport Recife,0.923711342419434,0.8716677724301923,1,v1-backfill,1.0
Brasileirao|2025-11-02|Ceara|Fluminense,2025-11-02,Brasileirao,Ceara,Fluminense,0.5785571359333981,0.4986730054425691,1,v1-backfill,1.0
Brasileirao|2025-11-02|Vasco|Sao Paulo,2025-11-02,Brasileirao,Vasco,Sao Paulo,0.6861430531917604,0.6238969057361891,1,v1-backfill,0.0
Brasileirao|2025-11-02|Bahia|Bragantino,2025-11-02,Brasileirao,Bahia,Bragantino,0.7703818605723007,0.7036012192792769,1,v1-backfill,1.0
Brasileirao|2025-11-02|Juventude|Palmeiras,2025-11-02,Brasileirao,Juventude,Palmeiras,0.2808174536179895,0.3343287616759957,1,v1-backfill,0.0
LigaMX|2025-11-02|Club America|Club Leon,2025-11-02,LigaMX,Club America,Club Leon,0.8429196481474063,0.7946132469262609,1,v1-backfill,1.0
LigaMX|2025-11-02|Queretaro|Mazatlan FC,2025-11-02,LigaMX,Queretaro,Mazatlan FC,0.6137818215414316,0.6357122526024153,1,v1-backfill,1.0
LigaMX|2025-11-02|UNAM Pumas|Club Tijuana,2025-11-02,LigaMX,UNAM Pumas,Club Tijuana,0.5443841908597135,0.6054828202261483,1,v1-backfill,1.0
MLS|2025-11-02|Columbus Crew|FC Cincinnati,2025-11-02,MLS,Columbus Crew,FC Cincinnati,0.6253769055832293,0.5785360904437913,0,v1-retired-backfill,1.0
LigaMX|2025-11-03|Pachuca|Guadalajara Chivas,2025-11-03,LigaMX,Pachuca,Guadalajara Chivas,0.6185906704210073,0.6315817772006578,1,v1-backfill,0.0
MLS|2025-11-03|Austin FC|Los Angeles FC,2025-11-03,MLS,Austin FC,Los Angeles FC,0.466386011610323,0.4836934261346428,0,v1-retired-backfill,0.0
MLS|2025-11-04|Seattle Sounders|Minnesota United,2025-11-04,MLS,Seattle Sounders,Minnesota United,0.6864715793026532,0.6520995552813615,0,v1-retired-backfill,1.0
Brasileirao|2025-11-05|Bragantino|Corinthians,2025-11-05,Brasileirao,Bragantino,Corinthians,0.5425802381251238,0.5294531006383346,1,v1-backfill,1.0
Brasileirao|2025-11-05|Sport Recife|Juventude,2025-11-05,Brasileirao,Sport Recife,Juventude,0.6497301977641439,0.5762947764633168,1,v1-backfill,0.0
Brasileirao|2025-11-05|Vitoria|Internacional,2025-11-05,Brasileirao,Vitoria,Internacional,0.5864920671704421,0.5556385633436327,1,v1-backfill,1.0
Brasileirao|2025-11-05|Gremio|Cruzeiro,2025-11-05,Brasileirao,Gremio,Cruzeiro,0.5088713071159152,0.5174491669316323,1,v1-backfill,0.0
Brasileirao|2025-11-05|Atletico-MG|Bahia,2025-11-05,Brasileirao,Atletico-MG,Bahia,0.6030363042110455,0.581839084131256,1,v1-backfill,1.0
Brasileirao|2025-11-05|Botafogo RJ|Vasco,2025-11-05,Brasileirao,Botafogo RJ,Vasco,0.7555947043890084,0.7123124954476587,1,v1-backfill,1.0
Brasileirao|2025-11-06|Fluminense|Mirassol,2025-11-06,Brasileirao,Fluminense,Mirassol,0.5751711042195436,0.6184182152649746,1,v1-backfill,1.0
Brasileirao|2025-11-07|Palmeiras|Santos,2025-11-07,Brasileirao,Palmeiras,Santos,0.8948855756342944,0.8441539786284334,1,v1-backfill,1.0
Brasileirao|2025-11-08|Vasco|Juventude,2025-11-08,Brasileirao,Vasco,Juventude,0.8032741867361517,0.7179436235370554,1,v1-backfill,0.0
Brasileirao|2025-11-08|Sport Recife|Atletico-MG,2025-11-08,Brasileirao,Sport Recife,Atletico-MG,0.4639850881283566,0.4389051419101739,1,v1-backfill,0.0
LigaMX|2025-11-08|Club Tijuana|Atlas,2025-11-08,LigaMX,Club Tijuana,Atlas,0.706769301590119,0.6622719740255806,1,v1-backfill,1.0
LigaMX|2025-11-08|Juarez|Queretaro,2025-11-08,LigaMX,Juarez,Queretaro,0.6789712584891612,0.6786045026567171,1,v1-backfill,0.0
LigaMX|2025-11-08|Tigres UANL|Atl. San Luis,2025-11-08,LigaMX,Tigres UANL,Atl. San Luis,0.8053104703509415,0.7907638922309921,1,v1-backfill,1.0
LigaMX|2025-11-08|Guadalajara Chivas|Monterrey,2025-11-08,LigaMX,Guadalajara Chivas,Monterrey,0.5314722347798565,0.549851342468509,1,v1-backfill,1.0
MLS|2025-11-08|FC Cincinnati|Columbus Crew,2025-11-08,MLS,FC Cincinnati,Columbus Crew,0.6799590491175367,0.6551512002341905,0,v1-retired-backfill,1.0
MLS|2025-11-08|Charlotte|New York City,2025-11-08,MLS,Charlotte,New York City,0.672030960663349,0.6158626097944493,0,v1-retired-backfill,0.0
Brasileirao|2025-11-09|Mirassol|Palmeiras,2025-11-09,Brasileirao,Mirassol,Palmeiras,0.5220168989386959,0.4533634756371189,1,v1-backfill,1.0
Brasileirao|2025-11-09|Corinthians|Ceara,2025-11-09,Brasileirao,Corinthians,Ceara,0.7500922913240616,0.7279499165626577,1,v1-backfill,0.0
Brasileirao|2025-11-09|Flamengo RJ|Santos,2025-11-09,Brasileirao,Flamengo RJ,Santos,0.9001364816757297,0.8381751120344708,1,v1-backfill,1.0
Brasileirao|2025-11-09|Sao Paulo|Bragantino,2025-11-09,Brasileirao,Sao Paulo,Bragantino,0.7608741977717639,0.7007126629853321,1,v1-backfill,0.0
LigaMX|2025-11-09|Club Leon|Puebla,2025-11-09,LigaMX,Club Leon,Puebla,0.7420376075808808,0.7335314558033235,1,v1-backfill,0.0
LigaMX|2025-11-09|Toluca|Club America,2025-11-09,LigaMX,Toluca,Club America,0.6378511788523678,0.6254275271922924,1,v1-backfill,1.0
LigaMX|2025-11-09|Cruz Azul|UNAM Pumas,2025-11-09,LigaMX,Cruz Azul,UNAM Pumas,0.7931757803138836,0.7864768186379653,1,v1-backfill,0.0
LigaMX|2025-11-09|Santos Laguna|Pachuca,2025-11-09,LigaMX,Santos Laguna,Pachuca,0.4139396448810956,0.4848455886564047,1,v1-backfill,1.0
MLS|2025-11-09|Inter Miami|Nashville SC,2025-11-09,MLS,Inter Miami,Nashville SC,0.7872266154690919,0.7319462109346091,0,v1-retired-backfill,1.0
MLS|2025-11-10|San Diego FC|Portland Timbers,2025-11-10,MLS,San Diego FC,Portland Timbers,0.7798381438915549,0.6730158621707092,0,v1-retired-backfill,1.0
Brasileirao|2025-11-15|Sport Recife|Flamengo RJ,2025-11-15,Brasileirao,Sport Recife,Flamengo RJ,0.216545505212128,0.2669687171752217,1,v1-backfill,0.0
Brasileirao|2025-11-16|Santos|Palmeiras,2025-11-16,Brasileirao,Santos,Palmeiras,0.3285372518950776,0.3437632150466239,1,v1-backfill,1.0
Brasileirao|2025-11-16|Bragantino|Atletico-MG,2025-11-16,Brasileirao,Bragantino,Atletico-MG,0.5919526635587714,0.5865465701206717,1,v1-backfill,1.0
Brasileirao|2025-11-18|Botafogo RJ|Sport Recife,2025-11-18,Brasileirao,Botafogo RJ,Sport Recife,0.8986720564562134,0.8524885004140234,1,v1-backfill,1.0
Brasileirao|2025-11-20|Gremio|Vasco,2025-11-20,Brasileirao,Gremio,Vasco,0.6497394067924921,0.6254497419842837,1,v1-backfill,1.0
Brasileirao|2025-11-20|Fluminense|Flamengo RJ,2025-11-20,Brasileirao,Fluminense,Flamengo RJ,0.4011651958582864,0.4750534298064147,1,v1-backfill,1.0
Brasileirao|2025-11-20|Corinthians|Sao Paulo,2025-11-20,Brasileirao,Corinthians,Sao Paulo,0.6581116177000444,0.6216166139037432,1,v1-backfill,1.0
Brasileirao|2025-11-20|Bahia|Fortaleza,2025-11-20,Brasileirao,Bahia,Fortaleza,0.7260272229976369,0.6869028222021062,1,v1-backfill,0.0
Brasileirao|2025-11-21|Ceara|Internacional,2025-11-21,Brasileirao,Ceara,Internacional,0.6535441643180143,0.5667658286386761,1,v1-backfill,0.0
LigaMX|2025-11-21|Pachuca|UNAM Pumas,2025-11-21,LigaMX,Pachuca,UNAM Pumas,0.6229111131834835,0.6253697600096433,1,v1-backfill,1.0
LigaMX|2025-11-21|Club Tijuana|Juarez,2025-11-21,LigaMX,Club Tijuana,Juarez,0.6787282723291009,0.6519945825814255,1,v1-backfill,1.0
Brasileirao|2025-11-22|Botafogo RJ|Gremio,2025-11-22,Brasileirao,Botafogo RJ,Gremio,0.7924611852492248,0.7324190484786011,1,v1-backfill,1.0
Brasileirao|2025-11-23|Sao Paulo|Juventude,2025-11-23,Brasileirao,Sao Paulo,Juventude,0.7880482873469716,0.7145266939755597,1,v1-backfill,1.0
Brasileirao|2025-11-23|Bahia|Vasco,2025-11-23,Brasileirao,Bahia,Vasco,0.7016867708863297,0.6693928840487556,1,v1-backfill,1.0
Brasileirao|2025-11-23|Flamengo RJ|Bragantino,2025-11-23,Brasileirao,Flamengo RJ,Bragantino,0.8750603545804934,0.7898749981716982,1,v1-backfill,1.0
Brasileirao|2025-11-23|Cruzeiro|Corinthians,2025-11-23,Brasileirao,Cruzeiro,Corinthians,0.7495083264851545,0.7008314824391496,1,v1-backfill,1.0
Brasileirao|2025-11-23|Sport Recife|Vitoria,2025-11-23,Brasileirao,Sport Recife,Vitoria,0.5033724190443349,0.4733211166309959,1,v1-backfill,0.0
MLS|2025-11-23|FC Cincinnati|Inter Miami,2025-11-23,MLS,FC Cincinnati,Inter Miami,0.5889454241864817,0.6132501559162726,0,v1-retired-backfill,0.0
Brasileirao|2025-11-24|Mirassol|Ceara,2025-11-24,Brasileirao,Mirassol,Ceara,0.801546946392678,0.7295954108892826,1,v1-backfill,1.0
MLS|2025-11-24|Philadelphia Union|New York City,2025-11-24,MLS,Philadelphia Union,New York City,0.7235091721413615,0.647398485919181,0,v1-retired-backfill,0.0
MLS|2025-11-25|San Diego FC|Minnesota United,2025-11-25,MLS,San Diego FC,Minnesota United,0.7228944623956336,0.6172614455191763,0,v1-retired-backfill,1.0
Brasileirao|2025-11-26|Gremio|Palmeiras,2025-11-26,Brasileirao,Gremio,Palmeiras,0.458009129808796,0.4509483220475183,1,v1-backfill,1.0
Brasileirao|2025-11-26|Bragantino|Fortaleza,2025-11-26,Brasileirao,Bragantino,Fortaleza,0.6543485886992543,0.6172896690368537,1,v1-backfill,0.0
Brasileirao|2025-11-27|Fluminense|Sao Paulo,2025-11-27,Brasileirao,Fluminense,Sao Paulo,0.6894413979673283,0.6608277373161849,1,v1-backfill,1.0
LigaMX|2025-11-27|Juarez|Toluca,2025-11-27,LigaMX,Juarez,Toluca,0.3234379518441567,0.416745629219814,1,v1-backfill,0.0
LigaMX|2025-11-27|Club Tijuana|Tigres UANL,2025-11-27,LigaMX,Club Tijuana,Tigres UANL,0.4996864811049307,0.4858089786072928,1,v1-backfill,1.0
LigaMX|2025-11-27|Monterrey|Club America,2025-11-27,LigaMX,Monterrey,Club America,0.5177572809031851,0.576209060002896,1,v1-backfill,1.0
Brasileirao|2025-11-28|Vasco|Internacional,2025-11-28,Brasileirao,Vasco,Internacional,0.6583015831355614,0.5909911452318068,1,v1-backfill,1.0
Brasileirao|2025-11-29|Santos|Sport Recife,2025-11-29,Brasileirao,Santos,Sport Recife,0.8098071897466028,0.7409592032226979,1,v1-backfill,1.0
Brasileirao|2025-11-29|Vitoria|Mirassol,2025-11-29,Brasileirao,Vitoria,Mirassol,0.4759750855801964,0.5476550260933619,1,v1-backfill,1.0
LigaMX|2025-11-29|Club America|Monterrey,2025-11-29,LigaMX,Club America,Monterrey,0.673589682238528,0.6572060011289291,1,v1-backfill,1.0
MLS|2025-11-29|Inter Miami|New York City,2025-11-29,MLS,Inter Miami,New York City,0.7721666084469109,0.6804791592692757,0,v1-retired-backfill,1.0
Brasileirao|2025-11-30|Fortaleza|Atletico-MG,2025-11-30,Brasileirao,Fortaleza,Atletico-MG,0.6431098895231819,0.6220964300489004,1,v1-backfill,1.0
LigaMX|2025-11-30|Tigres UANL|Club Tijuana,2025-11-30,LigaMX,Tigres UANL,Club Tijuana,0.7106970241149542,0.730709476948555,1,v1-backfill,1.0
MLS|2025-11-30|San Diego FC|Vancouver Whitecaps,2025-11-30,MLS,San Diego FC,Vancouver Whitecaps,0.6706272408725146,0.5923057066300251,0,v1-retired-backfill,0.0
LigaMX|2025-12-01|Cruz Azul|Guadalajara Chivas,2025-12-01,LigaMX,Cruz Azul,Guadalajara Chivas,0.7213585500124198,0.7276775438685095,1,v1-backfill,1.0
Brasileirao|2025-12-02|Vasco|Mirassol,2025-12-02,Brasileirao,Vasco,Mirassol,0.5757882708676068,0.5701414820132668,1,v1-backfill,0.0
Brasileirao|2025-12-03|Bahia|Sport Recife,2025-12-03,Brasileirao,Bahia,Sport Recife,0.8668177819194125,0.8197848619440524,1,v1-backfill,1.0
Brasileirao|2025-12-03|Juventude|Santos,2025-12-03,Brasileirao,Juventude,Santos,0.6027452775675202,0.6095959473850318,1,v1-backfill,0.0
Brasileirao|2025-12-03|Sao Paulo|Internacional,2025-12-03,Brasileirao,Sao Paulo,Internacional,0.6860442888938295,0.6427843821685615,1,v1-backfill,1.0
Brasileirao|2025-12-03|Bragantino|Vitoria,2025-12-03,Brasileirao,Bragantino,Vitoria,0.6360470621429184,0.6149530845526336,1,v1-backfill,1.0
Brasileirao|2025-12-03|Gremio|Fluminense,2025-12-03,Brasileirao,Gremio,Fluminense,0.5831554668686576,0.5609450690212764,1,v1-backfill,0.0
Brasileirao|2025-12-03|Fortaleza|Corinthians,2025-12-03,Brasileirao,Fortaleza,Corinthians,0.6322744309518828,0.6182273108158692,1,v1-backfill,1.0
Brasileirao|2025-12-04|Flamengo RJ|Ceara,2025-12-04,Brasileirao,Flamengo RJ,Ceara,0.8729543158433234,0.8316577548554542,1,v1-backfill,1.0
Brasileirao|2025-12-04|Atletico-MG|Palmeiras,2025-12-04,Brasileirao,Atletico-MG,Palmeiras,0.4886094903440418,0.4756901955623594,1,v1-backfill,0.0
LigaMX|2025-12-04|Monterrey|Toluca,2025-12-04,LigaMX,Monterrey,Toluca,0.4708720134841141,0.5600286200847631,1,v1-backfill,1.0
MLS|2025-12-06|Inter Miami|Vancouver Whitecaps,2025-12-06,MLS,Inter Miami,Vancouver Whitecaps,0.728253163127838,0.6855421083945762,0,v1-retired-backfill,1.0
Brasileirao|2025-12-07|Internacional|Bragantino,2025-12-07,Brasileirao,Internacional,Bragantino,0.6675408645009443,0.6415724844215459,1,v1-backfill,1.0
Brasileirao|2025-12-07|Botafogo RJ|Fortaleza,2025-12-07,Brasileirao,Botafogo RJ,Fortaleza,0.7792597870275986,0.7182969473307538,1,v1-backfill,1.0
Brasileirao|2025-12-07|Ceara|Palmeiras,2025-12-07,Brasileirao,Ceara,Palmeiras,0.4077173855208429,0.3827700206482285,1,v1-backfill,0.0
Brasileirao|2025-12-07|Santos|Cruzeiro,2025-12-07,Brasileirao,Santos,Cruzeiro,0.5043066779520652,0.4574276094405526,1,v1-backfill,1.0
Brasileirao|2025-12-07|Atletico-MG|Vasco,2025-12-07,Brasileirao,Atletico-MG,Vasco,0.655272773583287,0.6473765026763094,1,v1-backfill,1.0
Brasileirao|2025-12-07|Sport Recife|Gremio,2025-12-07,Brasileirao,Sport Recife,Gremio,0.4093416242306748,0.4219618904640701,1,v1-backfill,0.0
Brasileirao|2025-12-07|Vitoria|Sao Paulo,2025-12-07,Brasileirao,Vitoria,Sao Paulo,0.5940434861239038,0.5738925143697559,1,v1-backfill,1.0
Brasileirao|2025-12-07|Fluminense|Bahia,2025-12-07,Brasileirao,Fluminense,Bahia,0.7207382178009305,0.667587850613269,1,v1-backfill,1.0
LigaMX|2025-12-07|Toluca|Monterrey,2025-12-07,LigaMX,Toluca,Monterrey,0.715761984002102,0.6712489618827614,1,v1-backfill,1.0
LigaMX|2025-12-12|Tigres UANL|Toluca,2025-12-12,LigaMX,Tigres UANL,Toluca,0.546851369013603,0.5973410284008711,1,v1-backfill,1.0
LigaMX|2025-12-15|Toluca|Tigres UANL,2025-12-15,LigaMX,Toluca,Tigres UANL,0.6575861604652158,0.6382074856640124,1,v1-backfill,1.0
Brasileirao|2026-08-09|Bragantino|Corinthians,2026-08-09,Brasileirao,Bragantino,Corinthians,0.6421614548685087,0.6174234207144493,1,v1,0.0
Brasileirao|2026-08-09|Palmeiras|Internacional,2026-08-09,Brasileirao,Palmeiras,Internacional,0.8639806308207783,0.8072136527581957,1,v1,-1.0
Brasileirao|2026-08-09|Santos|Athletico-PR,2026-08-09,Brasileirao,Santos,Athletico-PR,0.5594827003047634,0.5955745379479029,1,v1,0.0
Brasileirao|2026-08-09|Cruzeiro|Mirassol,2026-08-09,Brasileirao,Cruzeiro,Mirassol,0.7079134322651449,0.6909195788200405,1,v1,1.0
Brasileirao|2026-08-09|Bahia|Vasco,2026-08-09,Brasileirao,Bahia,Vasco,0.7680758097081581,0.7123662068370065,1,v1,-1.0
Brasileirao|2026-08-09|Flamengo RJ|Vitoria,2026-08-09,Brasileirao,Flamengo RJ,Vitoria,0.8692169635545319,0.7837084577918649,1,v1,1.0
Brasileirao|2026-08-15|Fluminense|Palmeiras,2026-08-15,Brasileirao,Fluminense,Palmeiras,0.5244633492473997,0.5175086609537918,1,v1,1.0
Brasileirao|2026-08-15|Athletico-PR|Bragantino,2026-08-15,Brasileirao,Athletico-PR,Bragantino,0.7347489471581343,0.6250494531581241,1,v1,-1.0
LigaMX|2026-08-15|Atlante|Toluca,2026-08-15,LigaMX,Atlante,Toluca,0.3631234024452632,0.4061738913973858,1,v1,
MLS|2026-08-15|Toronto FC|New England Revolution,2026-08-15,MLS,Toronto FC,New England Revolution,0.5742344668739433,0.5792017881351936,0,v1-retired,
MLS|2026-08-15|Orlando City|FC Cincinnati,2026-08-15,MLS,Orlando City,FC Cincinnati,0.5608569160185665,0.5624547470714065,0,v1-retired,
MLS|2026-08-15|Charlotte|Columbus Crew,2026-08-15,MLS,Charlotte,Columbus Crew,0.680311330628785,0.6310026951881258,0,v1-retired,
MLS|2026-08-15|CF Montreal|DC United,2026-08-15,MLS,CF Montreal,DC United,0.6451401885200572,0.5857355394440169,0,v1-retired,
MLS|2026-08-15|Atlanta Utd|New York Red Bulls,2026-08-15,MLS,Atlanta Utd,New York Red Bulls,0.5709221350892207,0.5176904505513203,0,v1-retired,
Brasileirao|2026-08-16|Chapecoense-SC|Bahia,2026-08-16,Brasileirao,Chapecoense-SC,Bahia,0.3926122669271658,0.4104696259515089,1,v1,-1.0
Brasileirao|2026-08-16|Sao Paulo|Coritiba,2026-08-16,Brasileirao,Sao Paulo,Coritiba,0.6999962365309019,0.6785703334087796,1,v1,-1.0
LigaMX|2026-08-16|Atlas|Tigres UANL,2026-08-16,LigaMX,Atlas,Tigres UANL,0.4678655741405567,0.5631985984361552,1,v1,1.0
LigaMX|2026-08-16|Monterrey|Juarez,2026-08-16,LigaMX,Monterrey,Juarez,0.7308883551874483,0.7176199811601709,1,v1,1.0
MLS|2026-08-16|Houston Dynamo|Los Angeles Galaxy,2026-08-16,MLS,Houston Dynamo,Los Angeles Galaxy,0.7377779899016946,0.6872698873065916,0,v1-retired,1.0
MLS|2026-08-16|Nashville SC|Inter Miami,2026-08-16,MLS,Nashville SC,Inter Miami,0.5747944736506596,0.5494224969602396,0,v1-retired,1.0
MLS|2026-08-16|Colorado Rapids|Sporting Kansas City,2026-08-16,MLS,Colorado Rapids,Sporting Kansas City,0.8200810938075161,0.7049061023629589,0,v1-retired,1.0
MLS|2026-08-16|Real Salt Lake|Minnesota United,2026-08-16,MLS,Real Salt Lake,Minnesota United,0.6550943131407193,0.6173890819180932,0,v1-retired,-1.0
MLS|2026-08-16|Los Angeles FC|San Diego FC,2026-08-16,MLS,Los Angeles FC,San Diego FC,0.7618150549825972,0.7268784374755102,0,v1-retired,0.0
MLS|2026-08-16|San Jose Earthquakes|St. Louis City,2026-08-16,MLS,San Jose Earthquakes,St. Louis City,0.720339092293532,0.6532349495859792,0,v1-retired,0.0
Brasileirao|2026-08-16|Atletico-MG|Gremio,2026-08-16,Brasileirao,Atletico-MG,Gremio,0.6913313563052328,0.658809545060517,1,v1,1.0
Brasileirao|2026-08-16|Vasco|Santos,2026-08-16,Brasileirao,Vasco,Santos,0.6519633165448145,0.638013770966845,1,v1,0.0
Brasileirao|2026-08-16|Mirassol|Flamengo RJ,2026-08-16,Brasileirao,Mirassol,Flamengo RJ,0.431357876416623,0.4418420506954753,1,v1,0.0
Brasileirao|2026-08-16|Vitoria|Botafogo RJ,2026-08-16,Brasileirao,Vitoria,Botafogo RJ,0.5174878192813989,0.5224477113238856,1,v1,1.0
Brasileirao|2026-08-16|Corinthians|Cruzeiro,2026-08-16,Brasileirao,Corinthians,Cruzeiro,0.6513919144904441,0.5909970381642439,1,v1,0.0
LigaMX|2026-08-16|Club America|Atl. San Luis,2026-08-16,LigaMX,Club America,Atl. San Luis,0.7557689718356552,0.7608360534350943,1,v1,
LigaMX|2026-08-16|UNAM Pumas|Queretaro,2026-08-16,LigaMX,UNAM Pumas,Queretaro,0.7291537936780023,0.7047193042347313,1,v1,-1.0
MLS|2026-08-16|New York City|Philadelphia Union,2026-08-16,MLS,New York City,Philadelphia Union,0.7335559984924559,0.681406693385196,0,v1-retired,0.0
MLS|2026-08-16|Chicago Fire|Portland Timbers,2026-08-16,MLS,Chicago Fire,Portland Timbers,0.709383185501141,0.6618857402747585,0,v1-retired,1.0
LigaMX|2026-08-17|Santos Laguna|Guadalajara Chivas,2026-08-17,LigaMX,Santos Laguna,Guadalajara Chivas,0.3564025572900463,0.4388300268427209,1,v1,0.0
LigaMX|2026-08-17|Club Tijuana|Cruz Azul,2026-08-17,LigaMX,Club Tijuana,Cruz Azul,0.5126598002874847,0.5213443172768362,1,v1,1.0
MLS|2026-08-17|Austin FC|FC Dallas,2026-08-17,MLS,Austin FC,FC Dallas,0.4931341214976452,0.5489834406282051,0,v1-retired,0.0
MLS|2026-08-17|Seattle Sounders|Vancouver Whitecaps,2026-08-17,MLS,Seattle Sounders,Vancouver Whitecaps,0.4880968078538565,0.5586824842880445,0,v1-retired,0.0
Brasileirao|2026-08-17|Internacional|Remo,2026-08-17,Brasileirao,Internacional,Remo,0.7323292432772719,0.6996940497216584,1,v1,
LigaMX|2026-08-18|Necaxa|Club Leon,2026-08-18,LigaMX,Necaxa,Club Leon,0.6641456831636711,0.6469653350159309,1,v1,0.0
LigaMX|2026-08-18|Pachuca|Puebla,2026-08-18,LigaMX,Pachuca,Puebla,0.7878048145112089,0.7598885445925111,1,v1,0.0
MLS|2026-08-19|New York Red Bulls|Nashville SC,2026-08-19,MLS,New York Red Bulls,Nashville SC,0.4442726449958491,0.5013291610138153,0,v1-retired,
MLS|2026-08-19|Toronto FC|Charlotte,2026-08-19,MLS,Toronto FC,Charlotte,0.5595532637510525,0.5345817805792751,0,v1-retired,
MLS|2026-08-19|Philadelphia Union|Inter Miami,2026-08-19,MLS,Philadelphia Union,Inter Miami,0.475500855039235,0.4713379817192187,0,v1-retired,
MLS|2026-08-19|Columbus Crew|CF Montreal,2026-08-19,MLS,Columbus Crew,CF Montreal,0.7802607402025005,0.7191958421837272,0,v1-retired,
MLS|2026-08-19|FC Cincinnati|New York City,2026-08-19,MLS,FC Cincinnati,New York City,0.6696720197962657,0.6605508441743362,0,v1-retired,
MLS|2026-08-19|DC United|New England Revolution,2026-08-19,MLS,DC United,New England Revolution,0.6039869421095582,0.6118867604585474,0,v1-retired,
MLS|2026-08-19|Orlando City|Chicago Fire,2026-08-19,MLS,Orlando City,Chicago Fire,0.5704548034000243,0.593961549450124,0,v1-retired,
MLS|2026-08-20|Vancouver Whitecaps|Houston Dynamo,2026-08-20,MLS,Vancouver Whitecaps,Houston Dynamo,0.8109526789105195,0.6996833464893256,0,v1-retired,0.0
MLS|2026-08-20|Los Angeles Galaxy|San Jose Earthquakes,2026-08-20,MLS,Los Angeles Galaxy,San Jose Earthquakes,0.5932382920856889,0.598530636838255,0,v1-retired,1.0
MLS|2026-08-20|Seattle Sounders|Austin FC,2026-08-20,MLS,Seattle Sounders,Austin FC,0.7895806937416572,0.7156768313061558,0,v1-retired,0.0
MLS|2026-08-20|Portland Timbers|San Diego FC,2026-08-20,MLS,Portland Timbers,San Diego FC,0.5844681521144521,0.6023254619861441,0,v1-retired,1.0
MLS|2026-08-20|Colorado Rapids|Los Angeles FC,2026-08-20,MLS,Colorado Rapids,Los Angeles FC,0.4787649615771425,0.4954569604631538,0,v1-retired,1.0
MLS|2026-08-20|Minnesota United|Atlanta Utd,2026-08-20,MLS,Minnesota United,Atlanta Utd,0.8017209692653511,0.7410128029094621,0,v1-retired,0.0
MLS|2026-08-20|Sporting Kansas City|St. Louis City,2026-08-20,MLS,Sporting Kansas City,St. Louis City,0.4278953795798514,0.4970019372880073,0,v1-retired,-1.0
MLS|2026-08-20|Real Salt Lake|FC Dallas,2026-08-20,MLS,Real Salt Lake,FC Dallas,0.6361650127250147,0.6052783661590142,0,v1-retired,0.0
LigaMX|2026-08-22|Queretaro|Toluca,2026-08-22,LigaMX,Queretaro,Toluca,0.4291535279141533,0.5184164479110174,1,v1,0.0
LigaMX|2026-08-22|Juarez|Club America,2026-08-22,LigaMX,Juarez,Club America,0.3545943606650752,0.4501001858296967,1,v1,0.0
LigaMX|2026-08-22|Club Leon|Monterrey,2026-08-22,LigaMX,Club Leon,Monterrey,0.4695731204131236,0.5525721759052192,1,v1,1.0
LigaMX|2026-08-22|Tigres UANL|Atlante,2026-08-22,LigaMX,Tigres UANL,Atlante,0.740572499135812,0.7627190278130587,1,v1,1.0
Brasileirao|2026-08-22|Internacional|Atletico-MG,2026-08-22,Brasileirao,Internacional,Atletico-MG,0.6149412866272028,0.5719684340187767,1,v1,-1.0
Brasileirao|2026-08-22|Cruzeiro|Flamengo RJ,2026-08-22,Brasileirao,Cruzeiro,Flamengo RJ,0.4860740831471028,0.5307917755137329,1,v1,
Brasileirao|2026-08-22|Fluminense|Remo,2026-08-22,Brasileirao,Fluminense,Remo,0.8057036345145846,0.7826544738533082,1,v1,1.0
LigaMX|2026-08-22|Guadalajara Chivas|Club Tijuana,2026-08-22,LigaMX,Guadalajara Chivas,Club Tijuana,0.6443611798261709,0.647945682725431,1,v1,
MLS|2026-08-22|Orlando City|Real Salt Lake,2026-08-22,MLS,Orlando City,Real Salt Lake,0.619414256227601,0.6243716973047391,0,v1-retired,
MLS|2026-08-22|New York Red Bulls|Chicago Fire,2026-08-22,MLS,New York Red Bulls,Chicago Fire,0.5279272016098787,0.5441292704086792,0,v1-retired,
MLS|2026-08-22|Inter Miami|Toronto FC,2026-08-22,MLS,Inter Miami,Toronto FC,0.8646460702490985,0.8112905726725075,0,v1-retired,
MLS|2026-08-22|CF Montreal|Los Angeles Galaxy,2026-08-22,MLS,CF Montreal,Los Angeles Galaxy,0.5998602546475491,0.5770759612353495,0,v1-retired,
MLS|2026-08-22|Charlotte|DC United,2026-08-22,MLS,Charlotte,DC United,0.8060459938825931,0.7107271518935426,0,v1-retired,
MLS|2026-08-22|FC Cincinnati|Seattle Sounders,2026-08-22,MLS,FC Cincinnati,Seattle Sounders,0.7267992852440519,0.6920613869774138,0,v1-retired,
LigaMX|2026-08-23|Club Leon|Monterrey,2026-08-23,LigaMX,Club Leon,Monterrey,0.4211213058752864,0.5377980280288579,1,v1,
LigaMX|2026-08-23|Cruz Azul|Atlas,2026-08-23,LigaMX,Cruz Azul,Atlas,0.7757349003340243,0.7439136676991245,1,v1,0.0
LigaMX|2026-08-23|Puebla|Santos Laguna,2026-08-23,LigaMX,Puebla,Santos Laguna,0.6622923790355633,0.6666599688255618,1,v1,1.0
MLS|2026-08-23|San Jose Earthquakes|Minnesota United,2026-08-23,MLS,San Jose Earthquakes,Minnesota United,0.6797539158075774,0.6011809697733752,0,v1-retired,0.0
MLS|2026-08-23|San Diego FC|Colorado Rapids,2026-08-23,MLS,San Diego FC,Colorado Rapids,0.7313125841902327,0.6557415321741611,0,v1-retired,1.0
MLS|2026-08-23|Los Angeles FC|Portland Timbers,2026-08-23,MLS,Los Angeles FC,Portland Timbers,0.7885279783884624,0.7036555801873461,0,v1-retired,-1.0
MLS|2026-08-23|St. Louis City|Houston Dynamo,2026-08-23,MLS,St. Louis City,Houston Dynamo,0.6303554499012832,0.5622523448786463,0,v1-retired,1.0
MLS|2026-08-23|Nashville SC|Columbus Crew,2026-08-23,MLS,Nashville SC,Columbus Crew,0.8090734152990678,0.7389310770254511,0,v1-retired,1.0
MLS|2026-08-23|Austin FC|Philadelphia Union,2026-08-23,MLS,Austin FC,Philadelphia Union,0.557515322261339,0.561221627847819,0,v1-retired,-1.0
MLS|2026-08-23|Vancouver Whitecaps|FC Dallas,2026-08-23,MLS,Vancouver Whitecaps,FC Dallas,0.7819196783212088,0.6825379705972321,0,v1-retired,1.0
Brasileirao|2026-08-23|Palmeiras|Vasco,2026-08-23,Brasileirao,Palmeiras,Vasco,0.871849176273189,0.8173372689725291,1,v1,1.0
Brasileirao|2026-08-23|Bragantino|Gremio,2026-08-23,Brasileirao,Bragantino,Gremio,0.6938370398723864,0.6486229202495511,1,v1,1.0
Brasileirao|2026-08-23|Vitoria|Bahia,2026-08-23,Brasileirao,Vitoria,Bahia,0.5872526063584732,0.579865404562587,1,v1,0.0
Brasileirao|2026-08-23|Chapecoense-SC|Sao Paulo,2026-08-23,Brasileirao,Chapecoense-SC,Sao Paulo,0.4377277535118576,0.4606432408290317,1,v1,1.0
Brasileirao|2026-08-23|Santos|Mirassol,2026-08-23,Brasileirao,Santos,Mirassol,0.6658664999004019,0.6010534749079679,1,v1,-1.0
Brasileirao|2026-08-23|Coritiba|Corinthians,2026-08-23,Brasileirao,Coritiba,Corinthians,0.599291573542888,0.5442998744363043,1,v1,1.0
LigaMX|2026-08-23|Atl. San Luis|Pachuca,2026-08-23,LigaMX,Atl. San Luis,Pachuca,0.4950023107023209,0.5335548048009624,1,v1,
MLS|2026-08-23|New England Revolution|New York City,2026-08-23,MLS,New England Revolution,New York City,0.6096783993741733,0.5752234158620302,0,v1-retired,-1.0
MLS|2026-08-23|Atlanta Utd|Sporting Kansas City,2026-08-23,MLS,Atlanta Utd,Sporting Kansas City,0.7561468827372033,0.671905419455437,0,v1-retired,
LigaMX|2026-08-24|UNAM Pumas|Necaxa,2026-08-24,LigaMX,UNAM Pumas,Necaxa,0.7391580545200439,0.7257110104610625,1,v1,-1.0
Brasileirao|2026-08-24|Botafogo RJ|Athletico-PR,2026-08-24,Brasileirao,Botafogo RJ,Athletico-PR,0.6687085464869238,0.6949571664397969,1,v1,
MLS|2026-08-29|Columbus Crew|New England Revolution,2026-08-29,MLS,Columbus Crew,New England Revolution,0.6608463806192055,0.6342329190497119,0,v1-retired,
LigaMX|2026-08-29|Club Tijuana|UNAM Pumas,2026-08-29,LigaMX,Club Tijuana,UNAM Pumas,0.5684192090169922,0.6049391602728433,1,v1,1.0
LigaMX|2026-08-29|Atlante|Club Leon,2026-08-29,LigaMX,Atlante,Club Leon,0.560489152997466,0.5319746314932866,1,v1,-1.0
LigaMX|2026-08-29|Necaxa|Cruz Azul,2026-08-29,LigaMX,Necaxa,Cruz Azul,0.444497409354746,0.4721228058577823,1,v1,0.0
Brasileirao|2026-08-29|Atletico-MG|Vitoria,2026-08-29,Brasileirao,Atletico-MG,Vitoria,0.7534073923652846,0.6793954794093403,1,v1,1.0
Brasileirao|2026-08-29|Sao Paulo|Bragantino,2026-08-29,Brasileirao,Sao Paulo,Bragantino,0.638550667934267,0.5936556115220635,1,v1,
LigaMX|2026-08-29|Atlas|Queretaro,2026-08-29,LigaMX,Atlas,Queretaro,0.6396389887333045,0.6602082954285233,1,v1,
LigaMX|2026-08-29|Pachuca|Guadalajara Chivas,2026-08-29,LigaMX,Pachuca,Guadalajara Chivas,0.5572236785536995,0.5776084792384059,1,v1,
MLS|2026-08-29|New York Red Bulls|Philadelphia Union,2026-08-29,MLS,New York Red Bulls,Philadelphia Union,0.5806552127026616,0.584897333297829,0,v1-retired,
MLS|2026-08-29|Toronto FC|New York City,2026-08-29,MLS,Toronto FC,New York City,0.5596601062003429,0.5474510881860821,0,v1-retired,
MLS|2026-08-29|Inter Miami|CF Montreal,2026-08-29,MLS,Inter Miami,CF Montreal,0.8709083163224257,0.810097055440453,0,v1-retired,
MLS|2026-08-29|Seattle Sounders|Chicago Fire,2026-08-29,MLS,Seattle Sounders,Chicago Fire,0.6060190569935916,0.5883899403628761,0,v1-retired,-1.0
MLS|2026-08-29|Atlanta Utd|Charlotte,2026-08-29,MLS,Atlanta Utd,Charlotte,0.4889162996780546,0.5097548793602291,0,v1-retired,
MLS|2026-08-29|DC United|Los Angeles FC,2026-08-29,MLS,DC United,Los Angeles FC,0.3799070365859301,0.4785557891554405,0,v1-retired,
Brasileirao|2026-08-30|Vasco|Cruzeiro,2026-08-30,Brasileirao,Vasco,Cruzeiro,0.4902312913340197,0.4607209934582794,1,v1,1.0
LigaMX|2026-08-30|Club America|Puebla,2026-08-30,LigaMX,Club America,Puebla,0.8297773485988331,0.7895854005438656,1,v1,1.0
LigaMX|2026-08-30|Santos Laguna|Tigres UANL,2026-08-30,LigaMX,Santos Laguna,Tigres UANL,0.3347131590932167,0.4336482020788267,1,v1,-1.0
MLS|2026-08-30|San Diego FC|Los Angeles Galaxy,2026-08-30,MLS,San Diego FC,Los Angeles Galaxy,0.7620243264014865,0.6635840478078399,0,v1-retired,1.0
MLS|2026-08-30|Portland Timbers|Austin FC,2026-08-30,MLS,Portland Timbers,Austin FC,0.7685571686752996,0.680503128577481,0,v1-retired,0.0
MLS|2026-08-30|Colorado Rapids|Real Salt Lake,2026-08-30,MLS,Colorado Rapids,Real Salt Lake,0.6508438330020392,0.6052869523310036,0,v1-retired,1.0
MLS|2026-08-30|Nashville SC|FC Cincinnati,2026-08-30,MLS,Nashville SC,FC Cincinnati,0.7503479276678097,0.6696331525075964,0,v1-retired,1.0
MLS|2026-08-30|Minnesota United|Orlando City,2026-08-30,MLS,Minnesota United,Orlando City,0.7313056431411633,0.6450875200141429,0,v1-retired,-1.0
MLS|2026-08-30|Houston Dynamo|San Jose Earthquakes,2026-08-30,MLS,Houston Dynamo,San Jose Earthquakes,0.7042728751570678,0.6990400927931161,0,v1-retired,-1.0
MLS|2026-08-30|Sporting Kansas City|Vancouver Whitecaps,2026-08-30,MLS,Sporting Kansas City,Vancouver Whitecaps,0.2271392148887323,0.3687707455597886,0,v1-retired,0.0
Brasileirao|2026-08-30|Athletico-PR|Fluminense,2026-08-30,Brasileirao,Athletico-PR,Fluminense,0.6725741527929215,0.5449254836841411,1,v1,-1.0
Brasileirao|2026-08-30|Corinthians|Santos,2026-08-30,Brasileirao,Corinthians,Santos,0.7122704561713089,0.6842098776434271,1,v1,0.0
Brasileirao|2026-08-30|Flamengo RJ|Botafogo RJ,2026-08-30,Brasileirao,Flamengo RJ,Botafogo RJ,0.8041228920091373,0.7319411217028249,1,v1,1.0
Brasileirao|2026-08-30|Gremio|Chapecoense-SC,2026-08-30,Brasileirao,Gremio,Chapecoense-SC,0.8089718539657452,0.7453399337876199,1,v1,1.0
Brasileirao|2026-08-30|Mirassol|Palmeiras,2026-08-30,Brasileirao,Mirassol,Palmeiras,0.4198723528354747,0.4273469025587197,1,v1,-1.0
Brasileirao|2026-08-30|Bahia|Internacional,2026-08-30,Brasileirao,Bahia,Internacional,0.7337776566813984,0.6962060527851381,1,v1,1.0
MLS|2026-08-30|St. Louis City|FC Dallas,2026-08-30,MLS,St. Louis City,FC Dallas,0.624291225397232,0.5910774938029248,0,v1-retired,
MLS|2026-08-30|Columbus Crew|New England Revolution,2026-08-30,MLS,Columbus Crew,New England Revolution,0.6608463806192058,0.6342329190497119,0,v1-retired,0.0
LigaMX|2026-08-31|Monterrey|Atl. San Luis,2026-08-31,LigaMX,Monterrey,Atl. San Luis,0.7168666427052803,0.7133026450661692,1,v1,0.0
LigaMX|2026-08-31|Toluca|Juarez,2026-08-31,LigaMX,Toluca,Juarez,0.846919218258775,0.7892736377899999,1,v1,1.0
Brasileirao|2026-08-31|Remo|Coritiba,2026-08-31,Brasileirao,Remo,Coritiba,0.5925864817160912,0.5739416845989107,1,v1,
Brasileirao|2026-09-02|Flamengo RJ|Mirassol,2026-09-02,Brasileirao,Flamengo RJ,Mirassol,0.8667083371269236,0.7886350853542914,1,v1,1.0
MLS|2026-09-04|New York City|Nashville SC,2026-09-04,MLS,New York City,Nashville SC,0.5307723314774291,0.5294658601060732,0,v1-retired,
LigaMX|2026-09-05|Queretaro|Monterrey,2026-09-05,LigaMX,Queretaro,Monterrey,0.5646475013660583,0.6083333978994321,1,v1,
LigaMX|2026-09-05|Puebla|Toluca,2026-09-05,LigaMX,Puebla,Toluca,0.293282952630218,0.4191496148557986,1,v1,
Brasileirao|2026-09-05|Bragantino|Bahia,2026-09-05,Brasileirao,Bragantino,Bahia,0.6305375885242329,0.5746370482681915,1,v1,
Brasileirao|2026-09-05|Sao Paulo|Atletico-MG,2026-09-05,Brasileirao,Sao Paulo,Atletico-MG,0.6263755624151368,0.5756345683646625,1,v1,
LigaMX|2026-09-05|Atl. San Luis|Guadalajara Chivas,2026-09-05,LigaMX,Atl. San Luis,Guadalajara Chivas,0.4562747922389608,0.495418077303749,1,v1,
LigaMX|2026-09-05|Juarez|Pachuca,2026-09-05,LigaMX,Juarez,Pachuca,0.4132130394941847,0.5106257536681194,1,v1,
MLS|2026-09-05|Toronto FC|Chicago Fire,2026-09-05,MLS,Toronto FC,Chicago Fire,0.5524514835947048,0.5219438730511478,0,v1-retired,
MLS|2026-09-05|Orlando City|San Diego FC,2026-09-05,MLS,Orlando City,San Diego FC,0.5352626645771038,0.6131441720543694,0,v1-retired,
MLS|2026-09-05|Inter Miami|Atlanta Utd,2026-09-05,MLS,Inter Miami,Atlanta Utd,0.8919678666517734,0.8197488349500586,0,v1-retired,
MLS|2026-09-05|Philadelphia Union|CF Montreal,2026-09-05,MLS,Philadelphia Union,CF Montreal,0.7926648369330976,0.7260728614925899,0,v1-retired,
MLS|2026-09-05|Columbus Crew|Colorado Rapids,2026-09-05,MLS,Columbus Crew,Colorado Rapids,0.6433917924766429,0.6232258317157433,0,v1-retired,
MLS|2026-09-05|Charlotte|Houston Dynamo,2026-09-05,MLS,Charlotte,Houston Dynamo,0.6929575235254712,0.6305079804324684,0,v1-retired,
MLS|2026-09-05|FC Cincinnati|DC United,2026-09-05,MLS,FC Cincinnati,DC United,0.8008288111416241,0.7493711126014235,0,v1-retired,
LigaMX|2026-09-06|UNAM Pumas|Club Leon,2026-09-06,LigaMX,UNAM Pumas,Club Leon,0.7538890370905519,0.6984882185445938,1,v1,
LigaMX|2026-09-06|Club America|Club Tijuana,2026-09-06,LigaMX,Club America,Club Tijuana,0.7075783984187577,0.6879805559948091,1,v1,
Brasileirao|2026-09-06|Corinthians|Chapecoense-SC,2026-09-06,Brasileirao,Corinthians,Chapecoense-SC,0.8435784639065526,0.7697478476815435,1,v1,
Brasileirao|2026-09-06|Botafogo RJ|Palmeiras,2026-09-06,Brasileirao,Botafogo RJ,Palmeiras,0.4950561219821591,0.4958863681940006,1,v1,
Brasileirao|2026-09-06|Remo|Flamengo RJ,2026-09-06,Brasileirao,Remo,Flamengo RJ,0.2985744756775252,0.3300600987075407,1,v1,
Brasileirao|2026-09-06|Fluminense|Vasco,2026-09-06,Brasileirao,Fluminense,Vasco,0.8069582643160969,0.7559460465096358,1,v1,
Brasileirao|2026-09-06|Cruzeiro|Athletico-PR,2026-09-06,Brasileirao,Cruzeiro,Athletico-PR,0.6514981930167929,0.6959181552368521,1,v1,
Brasileirao|2026-09-06|Coritiba|Mirassol,2026-09-06,Brasileirao,Coritiba,Mirassol,0.673029710030434,0.6119488683815005,1,v1,
Brasileirao|2026-09-06|Internacional|Santos,2026-09-06,Brasileirao,Internacional,Santos,0.6460637103112653,0.6247946426460693,1,v1,
LigaMX|2026-09-06|Atlas|Atlante,2026-09-06,LigaMX,Atlas,Atlante,0.6923694659085884,0.7343268581911341,1,v1,
LigaMX|2026-09-06|Cruz Azul|Santos Laguna,2026-09-06,LigaMX,Cruz Azul,Santos Laguna,0.8657494787865566,0.834105685794308,1,v1,
LigaMX|2026-09-06|Tigres UANL|Necaxa,2026-09-06,LigaMX,Tigres UANL,Necaxa,0.7619168455369978,0.7131371508166695,1,v1,
MLS|2026-09-06|Austin FC|San Jose Earthquakes,2026-09-06,MLS,Austin FC,San Jose Earthquakes,0.5830723577313163,0.6131856734934356,0,v1-retired,
MLS|2026-09-06|FC Dallas|Sporting Kansas City,2026-09-06,MLS,FC Dallas,Sporting Kansas City,0.8714013502973318,0.7875389024448783,0,v1-retired,
MLS|2026-09-06|Seattle Sounders|New York Red Bulls,2026-09-06,MLS,Seattle Sounders,New York Red Bulls,0.742358505529602,0.6796745260270469,0,v1-retired,
MLS|2026-09-06|Los Angeles Galaxy|New England Revolution,2026-09-06,MLS,Los Angeles Galaxy,New England Revolution,0.6173561224075933,0.6009800383764702,0,v1-retired,
MLS|2026-09-06|Real Salt Lake|Los Angeles FC,2026-09-06,MLS,Real Salt Lake,Los Angeles FC,0.5068649487073708,0.5294599152393542,0,v1-retired,
MLS|2026-09-06|Portland Timbers|Minnesota United,2026-09-06,MLS,Portland Timbers,Minnesota United,0.6397466601321361,0.5954719641856332,0,v1-retired,
MLS|2026-09-06|Vancouver Whitecaps|St. Louis City,2026-09-06,MLS,Vancouver Whitecaps,St. Louis City,0.8340691446689203,0.7341834220629392,0,v1-retired,
LigaMX|2026-09-07|Cruz Azul|Santos Laguna,2026-09-07,LigaMX,Cruz Azul,Santos Laguna,0.8657494787865566,0.834105685794308,1,v1,
Brasileirao|2026-09-07|Vitoria|Gremio,2026-09-07,Brasileirao,Vitoria,Gremio,0.615302173962685,0.6163153023746563,1,v1,
MLS|2026-09-09|Philadelphia Union|FC Cincinnati,2026-09-09,MLS,Philadelphia Union,FC Cincinnati,0.6428016060512634,0.582434045350567,0,v1-retired,
MLS|2026-09-09|Atlanta Utd|Orlando City,2026-09-09,MLS,Atlanta Utd,Orlando City,0.5693391948868165,0.5288158700556235,0,v1-retired,
MLS|2026-09-09|CF Montreal|Charlotte,2026-09-09,MLS,CF Montreal,Charlotte,0.4614829296312125,0.493537497790796,0,v1-retired,
MLS|2026-09-09|DC United|Columbus Crew,2026-09-09,MLS,DC United,Columbus Crew,0.5722771323932139,0.5868294833073423,0,v1-retired,
MLS|2026-09-09|Toronto FC|Nashville SC,2026-09-09,MLS,Toronto FC,Nashville SC,0.4247127628094745,0.44560487688218,0,v1-retired,
MLS|2026-09-10|Los Angeles FC|New York Red Bulls,2026-09-10,MLS,Los Angeles FC,New York Red Bulls,0.838807810219133,0.7328409846737749,0,v1-retired,
MLS|2026-09-10|Portland Timbers|St. Louis City,2026-09-10,MLS,Portland Timbers,St. Louis City,0.658068584350422,0.613626469123054,0,v1-retired,
MLS|2026-09-10|Minnesota United|FC Dallas,2026-09-10,MLS,Minnesota United,FC Dallas,0.6436759216647204,0.6052987277463445,0,v1-retired,
MLS|2026-09-10|San Diego FC|San Jose Earthquakes,2026-09-10,MLS,San Diego FC,San Jose Earthquakes,0.7496121276060853,0.6703233672468165,0,v1-retired,
MLS|2026-09-10|Chicago Fire|Inter Miami,2026-09-10,MLS,Chicago Fire,Inter Miami,0.5185175574460367,0.5338429966959174,0,v1-retired,
MLS|2026-09-10|Austin FC|Colorado Rapids,2026-09-10,MLS,Austin FC,Colorado Rapids,0.5837269387099916,0.6114697331446183,0,v1-retired,
MLS|2026-09-10|New York City|New England Revolution,2026-09-10,MLS,New York City,New England Revolution,0.7078493564992052,0.6665851070945532,0,v1-retired,
MLS|2026-09-10|Houston Dynamo|Real Salt Lake,2026-09-10,MLS,Houston Dynamo,Real Salt Lake,0.7055369118760944,0.6858974700926532,0,v1-retired,
MLS|2026-09-10|Vancouver Whitecaps|Los Angeles Galaxy,2026-09-10,MLS,Vancouver Whitecaps,Los Angeles Galaxy,0.8649522499716517,0.7610369317734552,0,v1-retired,
LigaMX|2026-09-11|UNAM Pumas|Club Leon,2026-09-11,LigaMX,UNAM Pumas,Club Leon,0.7538890370905519,0.6984882185445938,1,v1,
Brasileirao|2026-09-12|Coritiba|Athletico-PR,2026-09-12,Brasileirao,Coritiba,Athletico-PR,0.5796163777444295,0.5817465884957619,1,v1,
LigaMX|2026-09-12|Atlante|Pachuca,2026-09-12,LigaMX,Atlante,Pachuca,0.4248499954271608,0.4778241470577669,1,v1,
LigaMX|2026-09-12|Necaxa|Puebla,2026-09-12,LigaMX,Necaxa,Puebla,0.6890774440462951,0.6653854010649706,1,v1,
LigaMX|2026-09-12|Club Tijuana|Queretaro,2026-09-12,LigaMX,Club Tijuana,Queretaro,0.6970690131886356,0.6775875451567029,1,v1,
